T1_B1_O1,T2_B1_O1,T1_B1_O1,T1_B1_O1,T2_B1_O2,T1_B1_O2,T1_B1_O1,T2_B1_O1,T1_B1_O1,T1_B1_O1,T2_B1_O2,T1_B1_O2,T1_B1_O1,T2_B1_O1,T1_B1_O1,T1_B1_O1,T2_B1_O2,T1_B1_O2,T1_B1_O1,T2_B1_O1,T1_B1_O1,T1_B1_O1,T2_B1_O2,T1_B1_O2,T1_B1_O1,T2_B1_O1,T1_B1_O1,T1_B1_O1,T2_B1_O2,T1_B1_O2,T1_B1_O1,T2_B1_O1,T1_B1_O1,T1_B1_O1,T2_B1_O2,T1_B1_O2,T1_B1_O1,T2_B1_O1,T1_B1_O1,T1_B1_O1,T2_B1_O2,T1_B1_O2,T1_B1_O1,T2_B1_O1,T1_B1_O1,T1_B1_O1,T2_B1_O2,T1_B1_O2,T1_B1_O1,T2_B1_O1,T1_B1_O1,T1_B1_O1,T2_B1_O2,T1_B1_O2
0.9616,0.982,0.992,0.9888,0.9887,0.8986,3.2683558161566157,4.138017264299519,4.958486387509844,5.243587750517661,4.695754012293749,4.966772543795597,0.9606,0.9767,0.9838,0.9863,0.9229,14.985547681318463,0.9872,18.97298167896539,21.22386359842433,21.423578422339737,20.01599258634029,21.497136878309902,0.9443,0.9521,0.9555,0.9735,0.9157,2.4725692837789035,0.974,3.130483631211688,3.124807762177068,2.906461969499144,2.895642124392824,3.138642420371526,0.9597,0.9846,0.9923,0.994,0.9445,6.162831158087779,0.994,7.802669955047579,11.93129950624662,11.959883033170478,10.509479855851568,11.925466327776707,0.9668,0.9908,0.9962,0.9934,0.9185,3.917767458860897
0.9623,0.9686,0.9754,0.973,0.9727,0.8971,3.361980306191643,4.256553855147748,4.644688789099203,4.760159980139544,4.525014336506912,4.64668467057313,0.9682,0.9732,0.9778,0.9871,0.9379,15.906045763685782,0.9865,20.13841077262807,21.3915966332574,20.452668579605376,20.06686236413745,21.38526235393395,0.9786,0.9888,0.9901,0.9975,0.9589,3.212599698949158,0.9976,4.06742526374247,5.393140662829686,5.214885799525435,5.158343216076771,5.40855078023854,0.9521,0.9784,0.9851,0.988,0.9338,5.556902188196503,0.9883,7.035512191515636,9.25747133744529,9.320847196046884,8.04055542535114,9.25513386248403,0.979,0.9954,0.9974,0.9971,0.9418,4.336364294543725
0.9707,0.9693,0.9829,0.9774,0.9773,0.9159,3.4340709558564955,4.347826767182927,4.551799455341648,4.712068269098916,4.321015267347025,4.5468898967578735,0.9499,0.965,0.97,0.9715,0.9088,14.439202345610983,0.9724,18.28126187898179,19.08523049057438,18.529444138827564,18.01762789265616,19.17526680695545,0.9706,0.9766,0.9878,0.9973,0.9457,3.085984796263305,0.9973,3.907119996292189,5.150045025862108,5.18822522146248,4.5163520462456965,5.1607219450075545,0.9312,0.9436,0.9482,0.964,0.9063,4.591186673160857,0.9641,5.812833970905426,5.893821905146959,5.838137498244623,5.687323599081511,5.915850989487041,0.9662,0.9704,0.9827,0.9796,0.9166,3.9048655746153305
0.9778,0.9754,0.981,0.9852,0.9852,0.9288,3.5922469924080174,4.548091122371267,4.804893409122913,4.678438664788365,4.488131303881995,4.806591531723736,0.9823,0.9879,0.9922,0.9959,0.9596,17.47434406426615,0.9959,22.124010201947424,24.552328437061192,24.021076114551807,23.492137164514588,24.565664818397074,0.9427,0.9727,0.9826,0.982,0.913,2.449813209110108,0.9822,3.1016724995161504,3.3989034400818725,3.433739213557168,3.233524994185055,3.4069553281083653,0.9516,0.9799,0.9858,0.9924,0.932,5.697679816420737,0.9924,7.213748677622603,10.921901019677186,10.94359937765497,9.104864239547098,10.909462210852588,0.9634,0.9514,0.9549,0.9625,0.9139,3.856217980207932
0.98,0.9595,0.9673,0.9745,0.9746,0.9327,3.644765114230284,4.614583544559461,4.455630497617774,4.233157573142631,4.070389675631707,4.458381294029808,0.9353,0.9653,0.9794,0.9792,0.8834,13.197931761013766,0.9798,16.709707434591305,19.965194280129808,20.298199631708652,18.160974564263974,20.08264231607305,0.9458,0.9707,0.9744,0.9922,0.9148,2.643169862799007,0.9922,3.346478517017858,4.152832076346462,4.12627645913534,3.8026943027947446,4.155085369301498,0.9454,0.9878,0.9935,0.9932,0.922,5.422600887806862,0.9932,6.865475288898429,11.367163912321896,11.3943398334273,9.1406796589928,11.355624289048215,0.9718,0.9771,0.9837,0.9809,0.9272,4.080466261270625
0.9517,0.966,0.9709,0.9709,0.9709,0.8782,3.109937580796795,3.937446264759551,4.364539700067732,4.363319671620861,4.247889007138914,4.368962479232785,0.9851,0.9878,0.9907,0.9963,0.9678,19.03572639445844,0.9962,24.10085342280141,24.57780132563918,23.58840629137025,23.15980910885612,24.54133763295481,0.9597,0.9538,0.9601,0.991,0.9341,2.688498922084896,0.9911,3.4038689727853213,3.9994436653884464,3.982966259225566,3.5444215048457166,4.002760504350282,0.9596,0.9735,0.9825,0.988,0.9442,6.171447736577509,0.9884,7.81357927843686,9.28773295437226,9.202056885764955,9.000506521112767,9.31239516961453,0.9698,0.9809,0.983,0.9829,0.9244,4.093293602603052
0.9766,0.9766,0.9802,0.9801,0.9802,0.9274,3.575780551221274,4.5272432031895535,4.621674740361692,4.6272718704525735,4.522712613016786,4.631459268716039,0.9736,0.9827,0.9852,0.9876,0.9478,16.65941144932878,0.9876,21.092235995117925,21.807412354203684,20.98969913263708,20.608040284095225,21.773064697738835,0.9644,0.9785,0.9829,0.9848,0.9387,2.867152324144004,0.9851,3.6300594194900406,3.545104202580873,3.490314509268675,3.4159989091043568,3.5499264587857864,0.9599,0.9799,0.9821,0.9929,0.9444,6.333664773392165,0.9929,8.01895988466838,11.227612777461736,11.196934081095042,10.26218123912633,11.233964291463742,0.9702,0.9723,0.9736,0.9747,0.9219,4.099722622861903
0.9868,0.978,0.9834,0.9891,0.9892,0.9489,3.859226849953989,4.886110396247204,5.0094894267114505,4.809239231441584,4.63378351916369,5.005706067637656,0.9866,0.9964,0.9973,0.9997,0.9701,19.19649591139851,0.9997,24.3044013453937,33.000351646490174,33.33761116698171,28.2881382073546,33.07815324593909,0.9804,0.9877,0.9881,0.9982,0.9597,3.4960036564345374,0.9982,4.426238849169152,5.570301743492244,5.548810407216331,5.384481222096665,5.586027025280963,0.9454,0.971,0.9727,0.9722,0.9231,5.135880987694151,0.9724,6.5024634372451935,6.707973599159075,6.65193712816205,6.514317657819131,6.723301515844713,0.9635,0.9783,0.9862,0.9837,0.9135,3.855983784647637
0.9766,0.9861,0.9956,0.9903,0.9906,0.9265,3.5650718351061426,4.513685055100584,5.161937017908415,5.507370546671204,4.9308241094541945,5.18338166730198,0.9783,0.9888,0.9921,0.9973,0.9517,16.78753009685986,0.9975,21.254445131816432,26.20380390489733,26.42653699516609,23.31483411798633,26.28192740161962,0.9307,0.9511,0.9563,0.9767,0.8987,2.194233853538992,0.9772,2.7780872336391056,3.170363313348751,3.103280438951445,2.993077415504276,3.1835289552581583,0.9625,0.9349,0.9424,0.997,0.9475,6.577357234330616,0.997,8.327495327950919,15.381068817804,15.326236473511068,10.504805421056126,15.384345392737249,0.9476,0.97,0.9859,0.9801,0.8854,3.520994836924207
0.9747,0.9725,0.9726,0.9789,0.979,0.9228,3.5189708644263007,4.4553172936619045,4.676934943265032,4.490830044356847,4.490807701268678,4.671372321456015,0.9393,0.9662,0.9684,0.9706,0.8906,13.54240055196336,0.9706,17.14583430820631,19.005453483712216,18.361800732696288,18.021600076967808,18.98724132105072,0.9762,0.9781,0.9788,0.9878,0.9557,2.999986349348733,0.9879,3.798238626559957,3.7009332613519503,3.5251334877200176,3.5164339045994555,3.719846035175772,0.9718,0.9868,0.9897,0.996,0.9588,7.534587265103088,0.996,9.539430201645418,14.156169819926085,14.121184962246629,12.172675727053903,14.159328935450624,0.9592,0.9725,0.9773,0.9739,0.904,3.735713760783303
0.9379,0.9639,0.9831,0.9761,0.9765,0.8587,2.968863494198569,3.758834437062278,4.503432084871664,4.761736032634689,4.184436867196075,4.5108162309243,0.9744,0.9859,0.9909,0.9952,0.9423,16.025775641509878,0.9954,20.289999011289066,24.367717628056823,24.649416919384414,22.43438633761381,24.426973861429385,0.9883,0.9841,0.9855,0.9999,0.9782,4.152325780212518,0.9999,5.257198644216408,9.362600676680088,9.35951095634866,7.372496736964863,9.362721582805666,0.9294,0.9783,0.9788,0.9785,0.9037,4.574404347382795,0.9785,5.791586114885152,7.45169805068441,7.336426882635112,7.232227827749218,7.450085204442272,0.9789,0.9919,0.9954,0.9947,0.9412,4.316387715304314
0.9867,0.9827,0.986,0.99,0.9896,0.9478,3.849635509015442,4.873966940447413,5.20662552747838,5.08241556484689,4.894899078305274,5.209568163743045,0.9643,0.9868,0.9949,0.9937,0.9317,15.842109106265262,0.9938,20.05746151033544,23.614219284550902,24.097765599438983,22.02408730945517,23.638359061909146,0.9464,0.9735,0.9798,0.9822,0.9188,2.446988781153971,0.9823,3.09809653279108,3.4593012508558725,3.384517104047803,3.268659995753496,3.457539864925357,0.9531,0.9814,0.9844,0.9899,0.9341,5.924821756874197,0.9899,7.501329750159618,9.936543149918144,9.879526763341625,9.136084498165552,9.948807452197372,0.9731,0.9799,0.9856,0.9865,0.932,4.13875755276137
0.9587,0.9623,0.9699,0.9738,0.974,0.8903,3.272341768000933,4.143063819348673,4.574743749350115,4.667169857087254,4.339210064965516,4.571851200203767,0.9539,0.9776,0.9783,0.9873,0.9112,14.365527898961838,0.987,18.18798374486163,21.52896696458629,20.755777193277112,20.69725596490182,21.47928413121742,0.9577,0.9726,0.9792,0.9852,0.9298,2.7340446321441387,0.9856,3.461533726912843,3.627808221212661,3.552564304313836,3.371331571721693,3.649351672509247,0.9343,0.97,0.9742,0.9756,0.9098,4.791779351157853,0.9757,6.06680141243685,6.994962982337416,6.88253286947643,6.816584471529464,7.010361369908583,0.9721,0.9866,0.9921,0.9896,0.9268,4.093622668450391
0.9786,0.9803,0.9814,0.986,0.9865,0.9305,3.6606544022342407,4.634700738578783,5.201227052827543,5.125518141646467,4.993492927790845,5.2087595229931,0.9812,0.9818,0.9879,0.9959,0.9611,17.6042356710984,0.9957,22.288464056360223,25.88630198587297,26.350288428170437,23.758809317550856,25.877012321965918,0.9387,0.9411,0.9568,0.9697,0.908,2.3930277682869985,0.9697,3.0297772874571365,2.974748429153064,2.9759615217717736,2.6973587670160017,2.972567056974416,0.9667,0.9929,0.9964,0.9986,0.9514,7.206359206309049,0.9986,9.123865480324952,17.704681158862943,17.71642179331863,13.182525329000354,17.70179772969132,0.9578,0.9439,0.9474,0.9613,0.9054,3.745838579392839
0.9599,0.9651,0.9711,0.9713,0.9712,0.8909,3.2104204916495678,4.064666201407941,4.403033736974804,4.403703525363525,4.241835546746048,4.409354998837943,0.976,0.9815,0.9882,0.9933,0.9499,16.64563317392914,0.9933,21.07479152313169,23.245851613467813,23.21720604887684,21.557048466607423,23.336342186138918,0.9773,0.9829,0.9875,0.9959,0.957,3.15450592066294,0.9959,3.993873584849855,4.759596462333929,4.776297636729437,4.2015061895343,4.758552354130513,0.9543,0.9639,0.9758,0.9904,0.9364,5.714351542163855,0.9904,7.234856504564106,10.199093707568288,10.189301725875715,8.119851506231027,10.190776625666658,0.9623,0.9803,0.9888,0.9837,0.9136,3.8765676992122207
0.9589,0.9809,0.9918,0.9859,0.9857,0.8923,3.335512435309913,4.223043272818726,4.891693855798257,5.159524101981276,4.679734716294529,4.8920811346139885,0.9435,0.92,0.9271,0.9453,0.8844,13.090380798731996,0.9462,16.573538741906752,16.291153098458974,15.030626214707974,14.717245057690493,16.33087355694016,0.9765,0.9908,0.9947,0.9953,0.9541,3.2381764354699447,0.9953,4.099807593953968,4.734693416575214,4.736940479626532,4.288902390225366,4.728827569995066,0.9648,0.956,0.9653,0.9909,0.9503,6.741219150307966,0.9909,8.534958491515782,10.267134321821842,10.238482541512765,9.500314445090394,10.258699996646094,0.9473,0.9593,0.9619,0.9625,0.8875,3.5273173319372546
0.9564,0.9669,0.9829,0.9747,0.9742,0.8881,3.2700636316136142,4.140179504350118,4.708870259183204,5.005976849166899,4.487179938739876,4.7371963874477485,0.9472,0.9688,0.9713,0.9763,0.8972,13.689589768126565,0.9766,17.332188411572655,19.437752167040824,18.743730822637044,18.501489157244027,19.446989550283035,0.981,0.9762,0.9793,0.9944,0.9627,3.35401617748426,0.9945,4.246470588838937,4.334570795819658,4.20644174849422,4.177753313309034,4.345460244360842,0.9772,0.9889,0.9947,0.9958,0.9667,8.252129984612106,0.9958,10.447900493197809,13.78268518055386,13.724786687603498,12.389828104278273,13.797002634072722,0.9685,0.9858,0.9888,0.9894,0.9252,4.0018520440795085
0.9761,0.9878,0.9955,0.9923,0.993,0.9255,3.5589614279674158,4.505948758425982,5.241164451151489,5.638745183829967,4.981489894369881,5.259864366373354,0.9401,0.9529,0.9563,0.9612,0.8735,12.724297950714972,0.9601,16.11004662829724,17.5746496895531,17.18018468294381,16.86583092072046,17.486714554442408,0.9596,0.9688,0.9749,0.9792,0.9338,2.6712977881305227,0.9794,3.382090869888181,3.3676335435742395,3.2129439432696563,3.1226207948039613,3.362390263335049,0.9524,0.9837,0.9925,0.9931,0.9331,5.7979371397614665,0.9931,7.34068300123742,11.267623287587645,11.271207363826418,8.511700645176557,11.271079720633551,0.9554,0.9555,0.9677,0.9646,0.8971,3.64864210355363
0.9615,0.979,0.9844,0.9817,0.9818,0.8982,3.2631932016125087,4.131480953899399,4.69072163200754,4.790319288318761,4.585499700990587,4.710221086623667,0.9809,0.9842,0.9937,0.9958,0.9602,17.634254068945708,0.9963,22.326469908698805,26.128060098867827,26.855446512145303,24.224919950114423,26.298645573218597,0.962,0.9545,0.9581,0.9946,0.9347,2.8646800118894573,0.9946,3.626929261279763,4.457666539743721,4.446087968596078,3.93193000348458,4.459509114071575,0.9814,0.9934,0.996,0.9967,0.9721,9.198574134561074,0.9967,11.646179521700144,15.23955152719375,15.224561098428785,13.71565124930441,15.243835991543584,0.9728,0.9731,0.983,0.9794,0.9272,4.112307766281999
0.9615,0.9622,0.9804,0.9763,0.9761,0.894,3.27672547455025,4.148613965784083,4.651801015049077,4.861417643586493,4.372659864407393,4.640217316340075,0.9717,0.9733,0.9824,0.9873,0.9416,15.973601451795767,0.9869,20.22394203648829,21.42961777674145,21.06119325396104,19.93951776009113,21.374005838497677,0.9783,0.9837,0.9852,0.9949,0.9577,3.2853978354058766,0.9949,4.159593914407003,4.558673598781524,4.54854585163986,4.376958920038756,4.569403770046125,0.9491,0.9823,0.9867,0.989,0.9284,5.606485481425612,0.989,7.09828887035477,9.488484234367569,9.47807149156684,8.48863277083388,9.48941923195259,0.9675,0.9596,0.9687,0.9695,0.9224,3.9685141987618415
0.9764,0.9852,0.9914,0.9905,0.9913,0.9263,3.5790969721329025,4.531442074964825,5.475018681858334,5.818180448445489,4.979067519129203,5.4923093623334855,0.9851,0.9647,0.9747,0.9914,0.9678,18.27112210690818,0.9912,23.132799171608823,23.788198312622647,22.45119850339012,22.006145589806437,23.858525215334183,0.951,0.9656,0.9699,0.9734,0.9236,2.509557158697385,0.9738,3.1773134360407145,3.1399997034580807,2.9983794039850684,2.9665484546575938,3.149346626426889,0.9724,0.9918,0.9943,0.9966,0.9598,7.785241050745245,0.9967,9.856779275825774,15.13550259085032,15.095019531142556,13.0654531734537,15.150744856146389,0.9704,0.9741,0.9785,0.9795,0.9279,4.048167948982727
0.9612,0.9751,0.9894,0.9834,0.9827,0.8969,3.2503397334158888,4.115207366721158,4.856673229815424,5.20778050192424,4.483793708040662,4.863023679188107,0.9498,0.9685,0.9734,0.9735,0.9101,14.752132142483628,0.9735,18.67745769571985,19.60577057686404,18.930531112411547,18.33126858199059,19.50943062129104,0.9823,0.9807,0.9837,0.9981,0.9658,3.4844423910132045,0.9981,4.411601300933389,5.423742049109825,5.447542384730098,5.020271968297621,5.434085647263473,0.9531,0.9734,0.9877,0.9898,0.9347,5.839037826020714,0.9898,7.39271997605962,9.80308252870718,9.803969531113092,8.209197247809604,9.809719722243877,0.9629,0.9546,0.9582,0.9687,0.9099,3.902682123192614
0.9554,0.9602,0.9751,0.9716,0.9695,0.8851,3.215007596148543,4.070473866998106,4.480826119352148,4.53662200154308,4.270714581498634,4.4316105855827095,0.9848,0.979,0.9844,0.9943,0.9663,18.2168882873098,0.9938,23.06413452968165,24.5212942224556,24.755638938303328,22.895871311316863,24.632947479190133,0.958,0.961,0.9686,0.9733,0.9313,2.584649899953427,0.9733,3.272387252118207,3.1366410119136283,3.0230460097800256,2.924338493375285,3.1291031108352896,0.9609,0.9707,0.9786,0.9924,0.9448,6.636208794354602,0.9924,8.402006423164718,10.896743634214443,10.915430374137555,10.556412512723828,10.895518080285038,0.9761,0.9744,0.979,0.9792,0.9383,4.265272071559406
0.9541,0.949,0.9583,0.9635,0.9635,0.8825,3.1463499295660617,3.9835474043894794,4.172757452797487,4.082614483044834,3.889674469910045,4.178513887580477,0.9697,0.9678,0.9736,0.9897,0.9392,15.904390146246836,0.9897,20.136314619720984,25.94080848683612,26.08903663840033,21.73294305552572,25.984505529982663,0.9815,0.9846,0.9904,0.9982,0.9626,3.536243901350513,0.9982,4.47718643185241,5.540436232600244,5.558763543378715,4.81515996526021,5.537222577264505,0.9713,0.986,0.9893,0.9949,0.957,7.49857044830878,0.9949,9.493829839235913,12.395047531169054,12.41445030814055,11.569199173390274,12.400618138655084,0.9813,0.9899,0.993,0.9917,0.948,4.482840264412307
0.9739,0.9675,0.98,0.9802,0.9801,0.9205,3.49648959005108,4.4268540825793625,4.658930340382985,4.662184404248487,4.32056251406427,4.656035615097734,0.9751,0.991,0.9914,0.9933,0.9484,16.650763909477117,0.9935,21.08128747200333,23.53770650315715,23.042792096588112,22.92421240147914,23.63241873696159,0.9721,0.9919,0.9974,0.9982,0.9458,3.229778612209736,0.9982,4.089175233345769,5.595047412810882,5.597839957613876,5.012010209830109,5.606363506319248,0.9844,0.9982,0.9995,0.9995,0.9765,10.239168517747748,0.9996,12.963660776792851,25.36174466297971,25.31638574380303,17.150464508875935,25.373593358713865,0.9617,0.9636,0.9685,0.9711,0.9079,3.804920755454892
0.9815,0.9833,0.9949,0.992,0.9921,0.9355,3.735322420579271,4.729236819220733,5.156169061927187,5.400584574290176,4.7254248820387454,5.161457962191001,0.9783,0.9964,0.9978,0.9996,0.9547,18.33964838593856,0.9996,23.219559286368725,35.06519275507139,35.59385833660054,29.270504722365786,35.13215996726321,0.9804,0.9947,0.9988,0.9995,0.96,3.439936900305564,0.9995,4.355253553238985,6.793545212720306,6.85311077273691,5.57252520742606,6.785844221846817,0.9812,0.9803,0.9898,0.9983,0.9717,9.218600649427898,0.9983,11.67153479784634,17.181691556167376,17.207363871947642,15.832029634291697,17.181590595838802,0.9606,0.9754,0.9782,0.978,0.9057,3.765722671799563
0.9845,0.9872,0.9928,0.9928,0.993,0.9412,3.839421380835215,4.861034982873941,5.297584322213011,5.258375069878442,5.004565844537682,5.306471228783135,0.9772,0.9275,0.9311,0.9756,0.9449,16.19555017174145,0.9759,20.504948048864385,20.753176494142878,19.437023711303315,19.35390487716496,20.79898351419556,0.9493,0.9775,0.9888,0.988,0.9208,2.5547588537353203,0.988,3.234542637805696,3.777793308115729,3.8033602017319295,3.3612032880628617,3.7776381555041634,0.9521,0.9791,0.9804,0.9857,0.9321,5.768469495711412,0.9857,7.303374450187202,8.777731749230696,8.708707548617623,8.472127350277846,8.788579602137853,0.9753,0.9929,0.9967,0.9953,0.9339,4.190535098040809
0.9714,0.9754,0.9835,0.9804,0.9799,0.9143,3.437163285507911,4.351741920307077,4.636149610650914,4.743655405734259,4.484939043235013,4.621839788636838,0.9826,0.9888,0.9926,0.9987,0.9643,18.6715406360762,0.9987,23.63976318649725,32.30637236932969,32.85972560583589,27.60913110549704,32.32518868975054,0.941,0.9874,0.9928,0.9922,0.9086,2.588527671269849,0.9921,3.2772968413909043,4.174862507988191,4.181262096587891,3.870929068407427,4.164293367197815,0.9501,0.9729,0.9775,0.9879,0.9295,5.692555912921294,0.988,7.2072613787072,9.279593433496974,9.23236790695337,8.424866426530418,9.288945029525095,0.975,0.9877,0.9934,0.9907,0.9344,4.18276073860925
0.983,0.9747,0.977,0.9858,0.9857,0.9402,3.783346151706093,4.790038959402812,5.045196571136231,4.895245994965426,4.668693933115335,5.039480383034755,0.9766,0.9831,0.9907,0.9914,0.9505,16.706982304719766,0.9912,21.152464755986703,22.73595117583102,23.45249264007507,21.369623409683136,22.73277717665184,0.9357,0.9724,0.9803,0.9858,0.9032,2.3675576849122804,0.9863,2.997529989226411,3.620925253197485,3.556489541112437,3.4281005751979965,3.6300937166158618,0.9188,0.9416,0.9474,0.9641,0.8948,4.199527210837726,0.9641,5.316959681818621,5.93773664181664,5.932288222325437,5.576412452129038,5.939993373430724,0.9636,0.978,0.9798,0.9806,0.9107,3.829758945269334
0.9614,0.9761,0.9888,0.9832,0.9831,0.8967,3.254844815173889,4.1209111845244495,4.753587923346089,5.0040131886603225,4.499263284784362,4.726234611247016,0.9638,0.9873,0.9959,0.9963,0.9295,15.379103663782958,0.9963,19.4712571243303,25.954902102322787,26.77769308607944,22.91458471964976,25.988467256423096,0.941,0.9659,0.9703,0.974,0.9119,2.3888323231039963,0.9741,3.0244654959707686,3.157853258354749,3.009712621156501,2.973749072438018,3.158038915696022,0.9214,0.939,0.9432,0.9427,0.8968,4.251477488546054,0.9436,5.382733164919678,4.859616842087331,4.747384126752226,4.578828550978563,4.896774364393577,0.9731,0.9849,0.9909,0.9884,0.9325,4.139917406284621
0.9742,0.9756,0.9789,0.9827,0.9826,0.92,3.50972628517122,4.443612867733244,4.745348721316308,4.584869973791682,4.486311295592234,4.733292007300445,0.938,0.9576,0.9654,0.9836,0.8833,13.028450870194645,0.9832,16.495130169560504,21.36574131595954,21.43380968859217,19.29133457258815,21.42109453041877,0.9425,0.9689,0.981,0.9813,0.9112,2.514026459321632,0.9816,3.182971951876431,3.34157997267168,3.351387424972451,3.210670191332902,3.3617282468638887,0.9584,0.9389,0.942,0.988,0.9421,6.247055619002433,0.9881,7.909305307177325,9.225209606870854,8.969313234646886,8.955005499385893,9.224502870449022,0.9622,0.9828,0.9878,0.9857,0.9084,3.7944648227881066
0.9665,0.9705,0.9724,0.9792,0.9783,0.9047,3.323680147873141,4.208062587592387,5.545062061912148,5.622279205993324,4.74059576020288,5.550467065218649,0.976,0.956,0.9684,0.981,0.9468,16.405967762232216,0.9813,20.771354667708916,21.40792504335354,21.64865628149369,20.06369127065376,21.5367485805102,0.9613,0.9754,0.9799,0.9973,0.9345,2.812808268851867,0.9973,3.5612552097711148,5.212693695760252,5.215810644414434,4.126016193998716,5.214184949534019,0.9566,0.9682,0.9733,0.994,0.9387,6.305041638608582,0.994,7.9827205543888144,11.965589045963643,11.923799746544738,9.896667503819035,11.973542022415764,0.9344,0.949,0.9565,0.9539,0.8669,3.3861297858014248
0.9829,0.998,0.9999,0.9995,0.9995,0.9385,3.7257779194248895,4.717152666583277,6.7774520895808585,7.203648496492913,5.885120911470457,6.804206115136518,0.9844,0.9876,0.9959,0.9946,0.9666,18.67287547919341,0.995,23.64145321174997,24.0334991492139,24.525569913464704,22.281871462690823,24.16246908526208,0.9813,0.9961,0.9998,0.9998,0.9618,3.575275894131938,0.9998,4.526604264265616,8.085218303285405,8.107225210720207,5.835003293783988,8.084020603580026,0.9819,0.9931,0.9943,0.9985,0.9722,9.741632002139658,0.9985,12.33373710660117,17.59666321387943,17.227662967484715,17.20155559499575,17.599411615429528,0.9486,0.9675,0.9786,0.9728,0.8884,3.557004855182376
0.9857,0.9837,0.9881,0.9879,0.9888,0.943,3.858150937870173,4.884748199770404,5.078167887531902,5.006605964401027,4.857598593964672,5.0880424192465865,0.9775,0.9892,0.9898,0.9904,0.9537,17.193051469640707,0.9906,21.767869782007324,22.846627877582566,22.075525436261056,21.91512489774682,22.90305925432062,0.9699,0.9863,0.9934,0.9949,0.9453,2.967339999065109,0.9949,3.756905562264384,4.5743102551652575,4.6160222164801175,4.119221567445839,4.576460407458894,0.9909,0.9835,0.9945,0.9998,0.9851,12.52697243173941,0.9998,15.860215688785908,30.1001421565573,30.069308138367788,21.379373273690707,30.113527273829124,0.968,0.9849,0.9884,0.987,0.9239,3.988796497170105
0.9485,0.9486,0.966,0.9643,0.9638,0.8745,3.0782563493120416,3.897335123191023,4.226685978320006,4.238407574673095,3.9716398120940304,4.213931888372917,0.9631,0.9706,0.9718,0.9782,0.9284,15.327877416388937,0.9786,19.40640032536922,19.84951911822974,18.780040147614777,18.647045296495858,19.940371213745607,0.9694,0.9529,0.9579,0.988,0.945,2.842443813197175,0.9883,3.5987763369175485,3.745314868138715,3.6779242254286526,3.511101507799437,3.761277250071911,0.9588,0.9857,0.9923,0.9938,0.9426,6.210289593323407,0.9938,7.862756382409886,11.91327543817251,11.88640993998021,9.688602374112063,11.918598186217087,0.974,0.9786,0.9827,0.9849,0.933,4.157432945015412
0.9507,0.938,0.9682,0.9599,0.9589,0.8749,3.078335131993413,3.8974348687860503,4.164904793810964,4.371216146376848,3.800360530504528,4.134053701825279,0.9794,0.9896,0.9932,0.9935,0.9531,16.938170143360303,0.9936,21.445168280756413,23.465860636941034,23.53638862121264,22.287354801815862,23.533750194838724,0.958,0.9705,0.9796,0.9928,0.9307,2.6991985176614293,0.9929,3.4174155734944147,4.2024631306624105,4.194090425650545,3.604497245318104,4.202781648923806,0.9463,0.9534,0.9597,0.9638,0.9246,5.198446162773124,0.964,6.581676285901663,5.922841893785433,5.908275647738226,5.664198743391521,5.932419794904708,0.9737,0.9856,0.9908,0.9893,0.9337,4.153703414187188
0.9679,0.9859,0.9921,0.9884,0.9887,0.9082,3.3700443842893386,4.26676366591069,4.948214524056776,5.158313702564585,4.833878875630107,4.956933058288097,0.9615,0.9631,0.9692,0.9793,0.9168,14.45632002602036,0.9791,18.30293432257212,20.20424049756676,19.62137570056384,19.113032506285947,20.17002147955131,0.9671,0.9863,0.9889,0.9921,0.9411,2.941738597024046,0.9922,3.7244920034001696,4.152566701923219,4.148360033658851,3.966562523730383,4.165139910336358,0.9641,0.9825,0.9868,0.9889,0.9488,6.785116847254383,0.9889,8.590536720461758,9.533109085258763,9.482079386962075,9.09818897131397,9.538569337976144,0.987,0.9982,0.9996,0.999,0.9578,4.690757005800947
0.9761,0.9601,0.964,0.9774,0.9781,0.9257,3.558234458964611,4.505028353655685,4.540059706239228,4.148956697926873,4.076768953864251,4.562176359539139,0.9629,0.9832,0.9894,0.9867,0.9253,15.090492646189386,0.9876,19.10585095662802,21.485640726443933,21.92292789985493,20.61932308506057,21.756477171293536,0.9665,0.9489,0.9546,0.989,0.9403,2.939528739719961,0.9886,3.7216941355454094,4.655553308307551,4.686653685458851,4.427428055014902,4.653223157182167,0.9831,0.9817,0.9828,0.9981,0.9753,9.630368777704504,0.9981,12.19286837336278,16.985356146030554,16.90827087696945,15.692617275143618,16.99382879133958,0.9673,0.9618,0.9695,0.9682,0.9208,3.9499425491118334
0.9726,0.9899,0.9928,0.9925,0.9925,0.9189,3.46603991752368,4.388302199706702,5.661436006423831,5.8703355660716445,5.177521660505834,5.654665697205173,0.972,0.9961,0.9989,0.9993,0.946,16.65830090826259,0.9993,21.090829955395463,29.84814165236151,30.157918139155925,24.703093939495133,29.951468199349023,0.9685,0.9737,0.9928,0.9962,0.944,2.76503849171943,0.9962,3.5007745970090025,4.839518206709481,4.944265771662118,3.983461656452121,4.843981868377869,0.9236,0.9549,0.9642,0.97,0.8981,4.580709826691795,0.9702,5.799569389567591,6.415657504648287,6.401807349084898,5.856444787648362,6.422546333624753,0.9725,0.9739,0.9803,0.9815,0.9295,4.135908195980172
0.9867,0.9821,0.9862,0.9903,0.9897,0.9472,3.834682544040191,4.855035211253737,5.133721157407564,5.011629871161171,4.799256619360236,5.122093271541271,0.8917,0.8576,0.8686,0.8876,0.8089,10.902247373643991,0.8864,13.80317517107236,13.235532806858892,12.497859281849555,12.205462558786962,13.158760376600714,0.9855,0.9851,0.9884,0.9973,0.9721,3.826126632154601,0.9973,4.844202696960348,5.277426282318084,5.245937260314576,4.927094342124397,5.281882628332401,0.9483,0.971,0.9732,0.9921,0.9263,5.604432841324551,0.9921,7.095690052890161,10.763410383714428,10.711085646968534,9.849587764769447,10.764516401774374,0.9616,0.9775,0.9866,0.9814,0.9082,3.78653940136716
0.9562,0.9606,0.9653,0.9717,0.9718,0.8846,3.1591330654133274,3.999731944813867,4.466571872437133,4.454187490773553,4.259532333566455,4.457721963855939,0.9739,0.9941,0.9968,0.9971,0.9483,17.63666546140136,0.9971,22.32952293724703,25.604286393861543,25.927277390094616,24.04507795623971,25.878301643592337,0.9559,0.9547,0.9702,0.9899,0.9272,2.688745534182904,0.9899,3.4041812047381885,3.871691429913186,3.889811732356762,3.419069824906064,3.871208331519846,0.9537,0.9762,0.9865,0.9865,0.935,5.936653338507963,0.9865,7.516309541779144,8.883923399484305,8.941054464998608,7.916148823982263,8.875739028749878,0.963,0.9839,0.9933,0.9903,0.908,3.800651633157049
0.9649,0.975,0.9806,0.9811,0.9806,0.9029,3.3358718058719936,4.223498266605762,4.751782826290098,4.865613655258599,4.562188121558202,4.7605826178992725,0.9705,0.982,0.9858,0.9956,0.9419,16.21626938670439,0.9955,20.531180342421763,24.587987108513182,24.715315709777418,22.38648126344647,24.778329488080185,0.9233,0.9489,0.9617,0.9658,0.8849,2.231363648756198,0.9665,2.825096721672565,2.949238295672953,2.8741760867651323,2.7864085750855003,2.956679978635549,0.9626,0.9865,0.9889,0.9905,0.9475,6.607571703266361,0.9906,8.365749423012938,10.277270803594972,10.24769380578932,9.53012297839555,10.277252261950135,0.9645,0.9863,0.9872,0.9874,0.9129,3.859365039338037
0.9816,0.9831,0.9881,0.9871,0.9875,0.9367,3.718403573985601,4.7078161162022445,4.940621315818063,4.968756997742463,4.794076153434196,4.94814287681748,0.9816,0.987,0.9882,0.9967,0.9623,17.802974655005812,0.9968,22.540084563048296,26.841327577337672,27.167667418114057,25.281588716911077,26.93180057034364,0.9306,0.9793,0.9837,0.9811,0.8946,2.3509301898299766,0.9813,2.976478162074513,3.396991675739905,3.413092189292229,3.232398860343553,3.3972693832594145,0.9717,0.9534,0.9648,0.9991,0.9583,7.722488597638573,0.9991,9.777329317210828,19.52573991648436,19.527845251356823,12.953701684265594,19.528192043401027,0.9694,0.9668,0.9762,0.975,0.92,4.0109689094429655
0.9596,0.9324,0.9359,0.9598,0.9594,0.8905,3.222480404072388,4.079935079283746,4.122625534246682,3.762963070823499,3.7194841809036983,4.126522681995546,0.9573,0.9614,0.9702,0.9823,0.9148,14.486751874440628,0.9829,18.3414636386047,20.55075462479317,20.45546678671977,19.074641587280624,20.78722778730489,0.9715,0.9684,0.9774,0.9947,0.9479,2.963150646499785,0.9948,3.751601484551716,4.544330165408724,4.552465599466143,4.228857123220156,4.546590140125368,0.9545,0.9572,0.9578,0.9846,0.9365,5.924554957060899,0.9846,7.500991958837117,8.510654510016495,8.232461743054047,8.193775156468321,8.532610169345391,0.9627,0.9687,0.9722,0.9721,0.9119,3.836428102993509
0.9665,0.9391,0.9491,0.966,0.9666,0.9047,3.324467205419975,4.209059069585168,4.219188534559525,3.9973133361167994,3.7960310158788806,4.240021113030191,0.9718,0.9939,0.9977,0.9968,0.9441,16.1972955885088,0.9966,20.507157895381404,25.42392429504021,26.248694834987926,24.386965087144144,25.52546797093033,0.978,0.9859,0.9958,0.9962,0.9582,3.1482368706571022,0.9962,3.985936432772754,4.944218820655867,4.960803509768662,4.124047179493653,4.958396329106755,0.9749,0.9818,0.9862,0.9965,0.9628,7.869702056012188,0.9965,9.963714113283492,14.957913700588715,14.93212081451208,12.765213204808065,14.962943114206574,0.9746,0.9899,0.9928,0.9913,0.9342,4.170771693562044
0.9838,0.9809,0.9841,0.9871,0.9867,0.9414,3.768698397610661,4.771493653218435,4.95190676174112,4.864481298029835,4.711336478232933,4.950287091507954,0.9781,0.9694,0.9814,0.9929,0.9434,16.15719401591047,0.9917,20.456385883681463,25.149146772070026,25.64126988395562,21.22898647004872,25.20051539453872,0.9592,0.9623,0.9706,0.9802,0.9317,2.6924031506512804,0.9806,3.408812059193357,3.336144185853684,3.157167620691758,3.1163475104785685,3.347973773603755,0.9648,0.9802,0.9859,0.9909,0.9509,6.557697441351925,0.9909,8.302604352997633,10.392585970630806,10.356074978391062,9.327420240627124,10.408565248470545,0.9864,0.9969,0.9987,0.998,0.9556,4.659414866293678
0.9675,0.9765,0.9784,0.9826,0.9826,0.9091,3.4054333540267985,4.311569120388896,4.693465560683537,4.573012147519949,4.515341059837587,4.697959583921824,0.9617,0.9534,0.9628,0.9751,0.9134,14.336131579863608,0.9757,18.150765497284667,19.63236364519721,19.684509183433462,18.19274635477016,19.791404015165632,0.9581,0.9748,0.9851,0.9864,0.9307,2.7163625607697397,0.9865,3.439146716216473,3.6134557561118967,3.671098666421433,3.347224936441501,3.613242510455661,0.9194,0.9578,0.9621,0.9718,0.8948,4.355679143039979,0.9718,5.514661348238312,6.616238860674882,6.588644683512586,6.236129837652615,6.6230442222978825,0.9553,0.9722,0.9795,0.9748,0.8987,3.6704361842740014
0.9719,0.96,0.9697,0.9713,0.9714,0.9144,3.444648941011786,4.361219398724976,4.434475964683196,4.530964092933395,4.237219722526072,4.433067623473075,0.978,0.9822,0.9904,0.9953,0.947,16.369700305680105,0.9953,20.72543697398566,26.09047352562278,26.84107229913958,23.194529031568376,26.17438018352788,0.931,0.9571,0.9717,0.9748,0.8971,2.3042197873714856,0.9755,2.9173388080176137,3.125988798942999,3.120506897432169,2.945943914802449,3.1495534281511284,0.9545,0.9741,0.9821,0.9857,0.9365,5.914527833258092,0.9857,7.488296764757521,8.78413423373682,8.662141457268131,8.516156361352726,8.79202221387589,0.9859,0.9974,0.9985,0.9982,0.9541,4.618289504129599
0.9718,0.9857,0.9904,0.9885,0.9883,0.9173,3.4558761248700254,4.37543397120365,4.971319257428695,5.161585445083252,4.827442367071535,4.996354270457511,0.9823,0.983,0.9892,0.9946,0.96,17.494870970385854,0.9945,22.149999016104715,24.980856910872006,25.13435582107176,23.734306604160867,25.192800929961265,0.9469,0.9676,0.979,0.9878,0.9182,2.503236487527559,0.9879,3.1693109271665554,3.709136858629887,3.713080765512682,3.188703586165432,3.712945651494632,0.9457,0.9639,0.9698,0.9797,0.9234,5.163563690848989,0.9798,6.537512100860988,7.665176367130799,7.630968273530826,6.9428696463345885,7.668118916454057,0.9826,0.9724,0.9797,0.9824,0.9478,4.459093714787405
0.9921,0.9831,0.9904,0.9913,0.9911,0.9623,4.155326332107203,5.260997598871606,5.292763121645735,5.148251109750509,4.887066160718742,5.273991424869508,0.9768,0.9805,0.9863,0.988,0.9494,16.604249327653203,0.988,21.022396043573924,21.84054690145104,21.174597399859724,20.343728567873946,21.85493558289152,0.9627,0.9754,0.988,0.9878,0.9373,2.790466993557345,0.9878,3.532969249467101,3.68261720711488,3.754298463763507,3.391285322504767,3.6884600024311904,0.9138,0.9321,0.9485,0.9883,0.8884,4.215597759300318,0.9883,5.337306367040664,9.172525676104,9.160431847923295,6.887746243246606,9.174834575984086,0.9769,0.9838,0.9913,0.989,0.9372,4.259145098997578
0.9765,0.9755,0.9804,0.9819,0.9831,0.9255,3.555892840321646,4.502063664706246,4.717155320222499,4.724493227060179,4.491476131484319,4.748749005748328,0.9405,0.9291,0.9468,0.9417,0.8758,12.784494977640794,0.9419,16.186261199381324,15.983048008724442,16.36827684399024,15.18250467098257,15.97814820848554,0.9672,0.9907,0.9954,0.9973,0.9415,2.932947904807373,0.9973,3.713362237180129,5.182160097433443,5.194156309384873,4.713926065737178,5.16792803321684,0.9583,0.982,0.9858,0.9853,0.9425,6.065551757922785,0.9853,7.679505936199467,8.736363938701945,8.709213260531337,8.325693707175322,8.751311085641671,0.9661,0.9835,0.9925,0.9885,0.9186,3.9439926473025047
0.9718,0.9748,0.9841,0.9851,0.9837,0.9169,3.454941709718664,4.374250921913471,5.620443481816702,5.843836458055592,4.841972610806813,5.622889801593528,0.9598,0.9615,0.9814,0.9802,0.9188,14.634116018402914,0.9821,18.52803921548657,20.18636222507429,20.859288804987223,18.50327309218043,20.440606787940357,0.937,0.9663,0.9798,0.9785,0.9066,2.305616747540701,0.979,2.9191074787569438,3.235512115238585,3.265167524019112,3.093270921506367,3.2599943294950573,0.8968,0.9462,0.9573,0.9599,0.8674,3.660600536147508,0.9599,4.634632539518033,5.699780708121801,5.706321889152177,5.141776479187596,5.701172425198816,0.9753,0.9941,0.9972,0.995,0.9357,4.203478134330382
0.9575,0.9586,0.9788,0.9742,0.9744,0.8884,3.1836863241572764,4.03081846485401,4.497106648637871,4.759574213592569,4.090430858620586,4.496050278692016,0.9722,0.9825,0.9889,0.9919,0.9297,15.277522521998492,0.9916,19.342646733639825,23.267292650702316,23.738802006362505,21.94254461987846,23.255128547665212,0.9695,0.9614,0.986,0.9942,0.9443,2.903003236162077,0.9946,3.675449732300633,5.143508169504754,5.239318560898626,4.4607484043225405,5.147901139747466,0.9854,0.9896,0.9956,0.9967,0.9782,10.313742153148077,0.9967,13.058077360575648,15.227504440631126,14.980577890767156,14.88191627921142,15.246037053148855,0.9732,0.9884,0.9912,0.9895,0.9318,4.148951545785326
0.9682,0.9546,0.966,0.9694,0.9679,0.9097,3.3912562604746967,4.293619710601202,4.385874658795501,4.335315910069674,4.115559875490948,4.354578217826649,0.9637,0.9611,0.9679,0.9806,0.9305,16.04011819426893,0.9799,20.308157906546946,20.554377549935403,20.109625421126008,19.362339459935416,20.532664384247997,0.9772,0.9632,0.972,0.9931,0.957,3.09522938042263,0.9931,3.9188244284300406,4.218107409386054,4.120918761754598,4.020303359115079,4.217331797328228,0.982,0.9778,0.9922,0.9995,0.9723,9.822250131234886,0.9995,12.43580653501606,24.875280478295945,24.923065343101072,16.482263887389294,24.867296174558547,0.9657,0.9784,0.9844,0.9811,0.914,3.9212226850098943
0.964,0.9697,0.9831,0.9777,0.9808,0.8971,3.3641625219912936,4.259316726499986,4.609064676466794,4.741388759569313,4.332384093235175,4.69217787636145,0.9674,0.9623,0.973,0.9782,0.9308,15.217119761635434,0.9774,19.26617168647449,20.07145810105107,19.78910443915208,19.06052206054771,20.01994408969643,0.9807,0.9863,0.9933,0.9942,0.962,3.3686461115410653,0.9942,4.264993333334307,4.3434649293836936,4.228039191836352,4.178706289142646,4.349538235069873,0.9545,0.974,0.9779,0.9857,0.937,5.862966569104243,0.9857,7.423015806000517,8.796457641674044,8.79199211259797,8.104500043848473,8.794979380948153,0.9631,0.9778,0.9861,0.9827,0.9114,3.8381370399733865
0.9712,0.9683,0.9803,0.9814,0.981,0.9165,3.441993183732142,4.357856983464484,4.730612203621334,4.727536421161497,4.404559121149337,4.739081805572292,0.9668,0.9745,0.9816,0.9909,0.9361,15.859330629795217,0.9902,20.07926542817456,22.589199806018325,22.75873820143718,20.479038282455985,22.53416506842774,0.9434,0.9818,0.9898,0.9918,0.9146,2.427540329776152,0.9918,3.0734731343326027,4.111166449329647,4.148809717903248,3.577502750608274,4.109144633384723,0.9158,0.9596,0.9617,0.964,0.8905,4.338345038712701,0.9641,5.492714893506283,5.960921743998226,5.822652135092552,5.762684674369176,5.968249888471805,0.9483,0.9801,0.9887,0.9854,0.8875,3.5318279415473484
0.9605,0.9377,0.9414,0.9631,0.9636,0.8923,3.249636572757886,4.114317105346308,4.152858273740267,3.823392439326796,3.749514157219009,4.159259838439187,0.9651,0.986,0.9905,0.993,0.9327,15.649174651637676,0.9928,19.813190032860263,23.02440303664593,23.06230475031012,21.9734106273836,23.078075267086824,0.9755,0.9937,0.997,0.9973,0.9534,3.155930187005243,0.9973,3.995676827533616,5.161998051941373,5.215249092899519,4.894257728237432,5.161358534946633,0.9614,0.9578,0.9588,0.989,0.9472,6.314086061732514,0.9892,7.994171565581491,9.472424232463954,9.236207212494874,9.154756306327656,9.497128363976216,0.9594,0.9832,0.9878,0.9848,0.9051,3.7497015367124606
0.9697,0.9824,0.986,0.985,0.9852,0.9137,3.408023057274677,4.314847905610554,4.923319019897795,5.003272584252947,4.820370866064249,4.948498646438647,0.9634,0.959,0.9669,0.9754,0.9151,14.419410230784337,0.9744,18.25620337328153,19.26407810354165,18.49948220643845,17.921748527308313,19.15783206340952,0.9664,0.9557,0.9625,0.992,0.94,2.94436613373667,0.9921,3.7278186890155087,4.050202387738275,4.065130408551161,3.686598554094034,4.053736190269192,0.9662,0.9779,0.9853,0.998,0.9514,6.971242704667597,0.998,8.826187933068752,16.684394952595774,16.6394628928876,11.582032936701385,16.685431592599134,0.959,0.9707,0.9803,0.9766,0.9019,3.718208027568691
0.9792,0.9776,0.9805,0.9861,0.9857,0.9316,3.638609888306756,4.606790503480116,4.840033231570351,4.668348241445443,4.546568046968361,4.826529293996541,0.9724,0.9852,0.9918,0.9915,0.9447,16.21325150513263,0.9907,20.52735944691711,24.501944793622,25.010453644010692,23.84702523810244,24.501311464362523,0.9687,0.9828,0.9852,0.9891,0.9432,2.9391631352706176,0.9895,3.7212312491253297,3.919700500182784,3.888573977749224,3.717697164212684,3.927488933149284,0.9583,0.9665,0.9818,0.9833,0.9425,6.016975723080629,0.9834,7.618004532400529,8.30369340268398,8.348914098058167,7.286040590761606,8.310434536707591,0.9839,0.993,0.9946,0.9936,0.9548,4.706682172699503
0.9772,0.9899,0.9915,0.9915,0.9919,0.9281,3.6195943696864914,4.582715234823231,5.248898333527768,5.377633594991808,5.110945167465685,5.329992749629415,0.9709,0.9882,0.9892,0.996,0.9429,17.054672716261457,0.996,21.59267047608569,25.704928330297196,24.961581072854276,24.89986805365852,25.69052351688905,0.9598,0.9909,0.9988,0.9991,0.931,2.94772250344368,0.9991,3.7320681393734905,6.418212880188349,6.478832801763939,4.843722983269156,6.415536596332596,0.9718,0.9907,0.995,0.9977,0.9588,7.547382290885341,0.9977,9.55562979574175,16.12145441467175,16.113451774774127,11.91981088357373,16.10775006309922,0.9773,0.9833,0.9877,0.9865,0.9403,4.290105212623331
0.9626,0.9794,0.9875,0.9834,0.9833,0.8963,3.260297561369177,4.127814826344108,4.736092394019337,4.927290988618462,4.598625021891088,4.727168489591124,0.9759,0.9873,0.9915,0.9955,0.9506,17.366502430156114,0.996,21.987473493933063,24.654084988949897,24.00350344255425,22.89363640384545,24.723344980252577,0.9346,0.969,0.9745,0.9726,0.9026,2.34275674864534,0.9735,2.9661298883144878,3.112299052984961,3.080485022887487,2.9592895658809955,3.121152047122053,0.9578,0.9608,0.9685,0.9963,0.9416,6.211775240726932,0.9963,7.864637338753151,14.694104232746133,14.630558866835962,10.573172218610743,14.706931076841151,0.9418,0.9586,0.9631,0.962,0.8773,3.4269390666364288
0.9618,0.9414,0.9623,0.9675,0.9664,0.8982,3.259066882567437,4.126256682000328,4.269725507157402,4.243443446633289,3.847321755550365,4.244434032506582,0.9528,0.9715,0.9779,0.9829,0.9028,13.819568322193938,0.9826,17.496752348601994,21.194731734528315,21.36032228439688,20.358346292039624,21.271433071017945,0.9499,0.9651,0.971,0.9726,0.9222,2.4764571678066787,0.9737,3.135406024039604,3.116060070448938,3.0704539609671664,2.9418177415143067,3.126286843062445,0.9315,0.9367,0.9383,0.9617,0.9065,4.572472904424224,0.9618,5.789140743341433,5.733041015515754,5.5601588459401015,5.537952024492679,5.7432123100860455,0.9684,0.9932,0.9962,0.9941,0.9199,3.94922619404076
0.9843,0.9896,0.9968,0.9941,0.994,0.9425,3.786281039532887,4.793754777746709,5.348880917560451,5.631636579287473,5.05738191626892,5.3448861476881655,0.9513,0.9704,0.972,0.9789,0.9083,14.257956486687831,0.9786,18.05178916074246,19.9014904228653,19.12123772409364,18.829975912321316,19.87405041934774,0.9754,0.9893,0.9937,0.9947,0.9529,3.189698847856019,0.9947,4.038430832743828,4.533262720855002,4.5652380085129325,4.326389654240412,4.537247113261629,0.9819,0.9826,0.9838,0.9991,0.9723,9.706396248113585,0.9991,12.289125636283362,19.62641322361749,19.57505047121136,16.544171445762224,19.634214892418168,0.9668,0.9757,0.9863,0.9839,0.9189,3.92762369851181
0.9496,0.9494,0.9525,0.9616,0.963,0.8739,3.073789031323276,3.891679117540951,4.288089114322556,4.24029398169022,4.11873377549006,4.302122303687292,0.9794,0.9876,0.9935,0.9984,0.9569,17.442922459720982,0.9978,22.084227770231408,33.61639893472863,34.12326147834944,26.13560690210939,33.50711490373172,0.9635,0.967,0.9705,0.989,0.9385,2.7579062707435544,0.989,3.491744596852631,3.8338669185805303,3.8216270833760673,3.621812431800326,3.8390394432980246,0.9597,0.9588,0.9685,0.9853,0.9444,6.121911305865912,0.9854,7.750861931542419,8.689653123296116,8.64277388096783,8.196120130980992,8.710081045854725,0.98,0.9852,0.991,0.9892,0.9434,4.394031893274461
0.9801,0.9599,0.9607,0.9778,0.9783,0.9321,3.646084552202026,4.6162540655839015,4.564161986367752,4.159764625438044,4.141346023438135,4.569729328717985,0.9749,0.9767,0.9805,0.9904,0.9438,16.149294817054844,0.9896,20.44638482410371,26.62430389473323,26.906262482976334,23.01898855915933,26.531476531172306,0.9527,0.9756,0.9786,0.9788,0.924,2.5541308075365805,0.979,3.233747477743772,3.3628953085210034,3.248681850958074,3.1666561939265154,3.365585630279884,0.9434,0.9692,0.9761,0.9784,0.9196,5.163711868680961,0.9784,6.537699706636301,7.373881887995815,7.393676467768255,6.9266140510331695,7.374218171770043,0.9833,0.9913,0.996,0.9939,0.9496,4.5084790247990245
0.9825,0.9696,0.9813,0.9815,0.9796,0.9387,3.835379450955526,4.855917554856906,5.2613928531163285,5.433566618936115,4.980049451611121,5.274544671083605,0.9642,0.9741,0.9832,0.9881,0.9312,15.604695656551486,0.9881,19.756875830882773,21.665039276637863,21.70775380825345,19.814501716125665,21.659848750048923,0.961,0.9845,0.9893,0.9899,0.9344,2.804298449698321,0.9899,3.550481052808349,3.965898573476008,3.901061996780797,3.805540671056432,3.970332361875044,0.9583,0.9612,0.9659,0.9823,0.9425,6.023077742169377,0.9823,7.625730209088332,8.103077400159712,7.877111112379465,7.769402758424874,8.109903348980058,0.9815,0.9857,0.9901,0.9895,0.9466,4.426337506866249
0.955,0.9733,0.98,0.9771,0.9774,0.8824,3.1588452600103527,3.999367558622993,4.579014867869729,4.691786451805173,4.445810603028127,4.584548592172306,0.9643,0.9665,0.9739,0.9773,0.9293,15.313537074584657,0.9776,19.38824422936868,19.685381168528068,19.17888866443206,18.28083989954338,19.765603789890783,0.9697,0.9733,0.9783,0.9824,0.9452,2.8489712334843222,0.9825,3.6070406078105854,3.43761155756648,3.3084869483647728,3.2586428906169047,3.438632445139176,0.9194,0.929,0.9362,0.9515,0.8962,4.087488842421052,0.9521,5.175109550177406,5.1945410105887815,5.12234000141964,4.889934284969881,5.223842679852239,0.9683,0.9886,0.9921,0.9908,0.9184,4.036766535593499
0.9745,0.9723,0.9789,0.9813,0.9803,0.9227,3.5246637166476056,4.462524930192301,4.764862426090109,4.73495250710934,4.460183136189526,4.723967205224058,0.9729,0.9603,0.9656,0.9834,0.9415,15.965479834915651,0.9841,20.213659376718557,21.103644478742797,20.804037719184397,19.569147970939703,21.286154759724084,0.9604,0.9852,0.9875,0.9871,0.9342,2.768359640838685,0.9873,3.50497945509846,3.699030755318717,3.6245038874528688,3.549207314343476,3.704386279153463,0.9236,0.9489,0.9588,0.9617,0.9002,4.216720833456591,0.9622,5.338728274724268,5.891014301888427,5.86589623251688,5.493760978986918,5.903819126929436,0.9445,0.9665,0.9733,0.9687,0.8826,3.46849688660154
0.9576,0.9741,0.9805,0.9814,0.9813,0.8883,3.188685515437486,4.037147867461518,4.775707211093817,4.86285783823835,4.600550302439439,4.799792225187214,0.9692,0.9703,0.971,0.9738,0.9386,15.87076384699602,0.9727,20.09374085644022,19.02428827807305,18.80758303319839,18.696227269274505,18.979474164263703,0.9558,0.9754,0.9855,0.9834,0.9275,2.6312339993147225,0.9838,3.331366695680005,3.5569786116329465,3.560675994990451,3.2297078405885484,3.561671090758878,0.9612,0.9825,0.9849,0.9904,0.9475,6.095503935802848,0.9905,7.717427948410737,10.14782937522068,10.226232885642013,9.267788145433869,10.144612622617256,0.9618,0.9641,0.9785,0.9736,0.9091,3.8028115134253033
0.9718,0.969,0.9851,0.9824,0.9833,0.9158,3.4534647246777497,4.372380932860198,4.702080109151369,4.800355462240383,4.292548813180045,4.71583882274231,0.9487,0.9668,0.9781,0.9786,0.9042,14.192737373358469,0.9786,17.969216199871703,19.837303093101717,20.0338313338505,18.348495686763705,19.85816261799606,0.9728,0.9856,0.9991,0.9995,0.9474,3.2122015453280177,0.9995,4.066921167294348,6.7602165474362605,6.855921915115594,5.204604867275637,6.7508076955795815,0.9379,0.9761,0.9884,0.9884,0.9124,5.127413480524926,0.9884,6.491742850863924,9.289311068750006,9.348321354490004,8.47022136014116,9.281759121214275,0.9584,0.9576,0.964,0.968,0.903,3.728772096940506
0.9795,0.9832,0.9881,0.9868,0.9871,0.931,3.6314103520542473,4.597675276441323,5.480967502265956,5.71981291557756,5.265869614565784,5.494217343307701,0.9646,0.9666,0.9733,0.9847,0.9313,15.46049995561822,0.9846,19.57431177315381,21.09319963053826,20.325843536422656,19.831839065461573,21.13956663795243,0.9434,0.9496,0.9517,0.9806,0.9144,2.429666711216611,0.9807,3.0761653146232577,3.3327443662660774,3.189732982792159,3.114970495778706,3.3317134613097816,0.9752,0.984,0.9868,0.9936,0.9633,7.953563184412793,0.9936,10.069889455457044,11.658517082408508,11.648019194337715,11.161408592367932,11.643992116388,0.9684,0.9826,0.986,0.9853,0.9211,4.004022192865021
0.9626,0.9754,0.9782,0.9801,0.9798,0.9009,3.299651392393121,4.177640133426158,4.621710948450339,4.570192831308482,4.473650607847773,4.607081842155289,0.9767,0.9908,0.996,0.9978,0.9524,17.223927149553283,0.9976,21.80696102656939,26.45681414493773,27.090838742955757,24.8199395852292,26.390217517048384,0.9792,0.9913,0.9934,0.9995,0.9587,3.399561927173129,0.9995,4.304135393140947,6.878510136905036,6.910398026749757,5.944246490305806,6.87805016344147,0.9617,0.9869,0.9908,0.9962,0.946,6.6993843101497,0.9962,8.481992015231787,14.543545928192978,14.548595794682598,10.945361940246835,14.5427418041048,0.9872,0.9928,0.9956,0.9943,0.9549,4.740189962485292
0.97,0.9816,0.9918,0.9866,0.9867,0.9148,3.419474099375784,4.329345901720513,4.930451583445571,5.2079796085895005,4.732316183865751,4.9256882775074375,0.9727,0.9856,0.9899,0.9917,0.9455,16.344665840501975,0.9921,20.69374120555142,22.781284674557437,22.31282756843408,21.688567632797984,22.88996371946667,0.9671,0.9914,0.9975,0.9982,0.94,3.0154109332701484,0.9982,3.817767465570057,5.5778804473283286,5.6145900840488565,4.364848075556419,5.57727329943893,0.9579,0.9853,0.9905,0.9905,0.9416,6.23523985960664,0.9905,7.894345547860757,10.267864834783282,10.283334255716166,9.14645379682548,10.26959068909549,0.9555,0.9714,0.9752,0.9734,0.9004,3.676563544301147
0.9694,0.9815,0.9884,0.9894,0.9891,0.9121,3.392492942380244,4.295185455386487,5.2432790935449765,5.405507565211851,4.701197201959747,5.256290398916628,0.9738,0.9844,0.9908,0.9911,0.9406,15.888661425537704,0.9909,20.11640071759381,22.51922388579179,22.33818649850218,21.535501057536585,22.46741821868597,0.9753,0.9879,0.9902,0.9951,0.9529,3.173382047051054,0.9951,4.017772371050241,4.656993266891961,4.662423543282105,4.286868167257635,4.667946941096691,0.9789,0.9964,0.9994,0.9994,0.9689,8.790132071875043,0.9994,11.12905702894524,21.9753289781853,21.947001935185664,15.174362723133472,21.96940985064916,0.9399,0.9337,0.9428,0.9492,0.8754,3.392574139485764
0.9807,0.9702,0.9749,0.9811,0.9818,0.9333,3.6660222658394095,4.641496911798599,4.707859993137653,4.458572097835816,4.319937708230242,4.721181793953769,0.9582,0.965,0.9785,0.9789,0.9149,14.455217152674784,0.98,18.30153799083805,19.91513260763329,20.175846781163624,18.218659336256383,20.134871925918134,0.9579,0.9723,0.981,0.9948,0.9293,2.7820750510430563,0.9948,3.522344334384883,4.493510560065798,4.525346520070032,4.210037550072622,4.493827926574083,0.9932,0.9693,0.971,0.9999,0.9888,14.375588107414895,0.9999,18.20072082693067,39.23270592379977,39.12440409759464,24.20881969681123,39.23179874534187,0.98,0.9957,0.9972,0.996,0.9433,4.359342954046129
0.981,0.99,0.9926,0.9925,0.9925,0.9335,3.723420731467833,4.714168265554084,5.875807097101426,6.104710891596994,5.400699858427638,5.8926581255837,0.9845,0.9842,0.9896,0.9968,0.9633,17.818496758134987,0.9974,22.55973686969412,25.938312268651515,26.35527731566919,23.712057499545917,26.154449569728847,0.943,0.9716,0.9754,0.9801,0.9133,2.4709032191626394,0.9806,3.128374251286938,3.3651786623199444,3.290173153614199,3.16367652236286,3.383279335798292,0.9797,0.987,0.9977,0.9988,0.9706,8.900918529409418,0.9989,11.26932213461752,18.25947188576139,18.278708760893025,13.785831341903348,18.264075496966655,0.9649,0.9627,0.9674,0.9748,0.9171,3.925414428691876
0.9736,0.9844,0.9907,0.9897,0.9896,0.9212,3.5070095253665503,4.440173218072364,5.350212514037672,5.604418830186384,5.056440930317802,5.35924192265878,0.9727,0.938,0.9521,0.9736,0.9087,14.928367484460138,0.9736,18.900586672091865,20.802954428432948,20.40700753507377,19.73118424299312,20.832548925449863,0.9658,0.962,0.9657,0.9855,0.9403,2.851413036876598,0.9862,3.610132139198728,3.590295861178964,3.4847375185019613,3.3648206202834223,3.605243861616664,0.9617,0.9834,0.987,0.9909,0.9472,6.474955562998,0.9909,8.197846076858735,10.316976611724138,10.331448893124533,9.642110301766149,10.309330250643246,0.9573,0.98,0.9842,0.9818,0.9002,3.688790099727902
0.9858,0.9828,0.9906,0.9914,0.9913,0.9453,3.816737811543219,4.832315649170369,5.1828547653449455,5.097609381072831,4.805553160587508,5.150033934532971,0.9693,0.9736,0.9854,0.9846,0.9368,15.681792223238872,0.9851,19.854486660888973,20.92483255042621,21.069335737951334,19.618273723734937,21.02721147818904,0.9724,0.9876,0.989,0.9926,0.9492,3.0197183674620858,0.9929,3.8232210446947534,4.161779670546534,4.144279502996966,4.022049918235759,4.183567143329931,0.9832,0.9926,0.9945,0.9994,0.9751,9.86529232393093,0.9994,12.490301622603852,21.945211193048443,21.90202022029106,16.39499105043952,21.9545565820868,0.9599,0.9643,0.9692,0.9728,0.9043,3.73965839890616
0.9687,0.9444,0.9523,0.9671,0.9675,0.9047,3.4007866360455696,4.305685979044981,4.447065815561163,4.3074504211425015,4.123424268757442,4.44422641464906,0.9664,0.9834,0.9936,0.9929,0.935,15.701324446334713,0.9925,19.879216121488447,23.191103203480715,23.9180669419044,21.299890830246945,23.224140804093803,0.9735,0.9897,0.993,0.9962,0.95,3.0917584498122617,0.9962,3.9144299341960016,4.874610008791656,4.898801523038017,4.533955796246598,4.8748040155787935,0.9527,0.9894,0.9958,0.997,0.9324,6.179854515892307,0.997,7.824222978174149,15.248332139422743,15.300519378252678,10.54558840174502,15.240094647117584,0.9712,0.9904,0.994,0.992,0.9294,4.068374865225766
0.9769,0.976,0.9837,0.9862,0.9862,0.9267,3.5723297304991406,4.522874169789456,4.918908091747487,4.842531391848468,4.591637880890243,4.900292122093392,0.9718,0.9731,0.9748,0.9926,0.9448,16.617276659314193,0.993,21.038889756729148,23.48250370753362,22.468132996632374,22.075693920414853,23.619673076688272,0.9697,0.9821,0.9895,0.9924,0.9443,2.922257291763353,0.9924,3.6998270091234335,4.199772929166505,4.217493604663008,3.82488664216386,4.195140937550403,0.9791,0.9783,0.9823,0.9976,0.9692,8.649939445386465,0.9976,10.951561204938104,15.968040838651552,15.851910568671322,14.095032232205549,15.991291119042904,0.9394,0.9639,0.9798,0.9722,0.8739,3.442106587879502
0.9699,0.9777,0.9803,0.9844,0.9844,0.9135,3.44814900462338,4.365650777823702,5.13889648420736,5.239166528229701,4.889545008754313,5.156982712638961,0.9579,0.9803,0.986,0.984,0.9154,14.489302037961352,0.9843,18.34469236315892,21.06447970206693,21.42976467895512,20.20993217644939,21.058140334183623,0.9883,0.9589,0.9627,0.9999,0.978,3.981350678986977,0.9999,5.040729581350229,9.33331874775088,9.297503731423877,6.395763197286351,9.336263905906142,0.9902,0.9931,0.9948,0.9995,0.9837,12.596419731912595,0.9996,15.948141894878594,25.32355830867937,25.27330039346042,23.034100513837117,25.32737467706429,0.9646,0.9717,0.9787,0.98,0.9146,3.870592464722696
0.9873,0.9737,0.9809,0.9846,0.9842,0.95,3.870760758690111,4.900713308585878,4.836493560631574,4.781880959288247,4.507779762820079,4.827950084342737,0.9611,0.9692,0.9841,0.9789,0.917,14.503132771386696,0.979,18.362203251480523,19.92912779683696,20.832511823721624,18.65356257477051,19.953280804582253,0.9587,0.9743,0.9855,0.9962,0.9313,2.694197858428465,0.9962,3.4110843123335,4.8603696268402885,4.869461689111613,3.8349837135392697,4.872463029478586,0.9551,0.9665,0.9854,0.9905,0.9379,5.928022021741081,0.9906,7.505381558473766,10.182172438812888,10.228300821219015,8.728721501858619,10.18733913755704,0.9802,0.9917,0.9947,0.9927,0.947,4.481338506912406
0.9841,0.9864,0.993,0.9917,0.9917,0.9429,3.774205903472826,4.778466625447533,5.167318743898608,5.297279266715988,4.848936185693988,5.197046549391871,0.9801,0.9845,0.9856,0.9963,0.9591,18.19450993348807,0.996,23.03580162479928,26.79428370591127,26.33525737267009,25.61175995798412,26.80545687326591,0.9799,0.9937,0.9972,0.9973,0.9605,3.243481490693741,0.9973,4.106524246405213,5.265662856133015,5.279033325696451,4.371856652963893,5.267725437611332,0.9572,0.9755,0.9807,0.9827,0.9419,5.986007421262142,0.9827,7.578796020604642,8.285077927437143,8.223487703695653,7.945463132520863,8.307123763330331,0.9508,0.9544,0.9592,0.9659,0.8918,3.579813554068147
0.978,0.9531,0.9629,0.973,0.9726,0.9293,3.599325978098204,4.557053722114819,4.411047610689817,4.190100459566773,4.0484182560234725,4.404313026041428,0.9705,0.975,0.9772,0.9828,0.9341,15.411173199039354,0.9831,19.51185989159727,20.82956026998063,19.898227572232088,19.56379563218177,20.86454123721902,0.9313,0.9623,0.9692,0.9754,0.8992,2.25470051744125,0.9756,2.8546431881362424,3.122384243929772,3.0291138928718757,2.991679812371204,3.1291327664782576,0.9584,0.9844,0.9907,0.9943,0.9419,6.246362532684879,0.9943,7.908427800776853,12.252212032625534,12.216362597629743,10.234677375267191,12.25446956910108,0.9584,0.9779,0.9827,0.981,0.9047,3.852039108321727
0.976,0.9819,0.9929,0.9881,0.9895,0.9259,3.5605280363067795,4.507932218220242,5.099908562297578,5.2671762511899445,4.8492158710090125,5.127288206673864,0.9692,0.9854,0.9929,0.9915,0.9396,16.12250164229789,0.9917,20.41246237931921,22.65682419527113,22.806752730659426,21.362871671258283,22.716258407641128,0.9604,0.9705,0.9761,0.9921,0.9328,2.870550362330259,0.9921,3.6343616256971982,4.105313806128613,4.091224338506052,3.731716566851589,4.10881546068175,0.9615,0.9518,0.9613,0.9877,0.9466,6.403040994912072,0.9877,8.106796099122786,9.078754560481824,9.055899432927664,8.664658603736621,9.087870701048054,0.9863,0.9911,0.9937,0.9925,0.9548,4.638576796877572
0.9689,0.9836,0.992,0.9878,0.9876,0.9111,3.3858703215619,4.286800652500049,4.932145349118146,5.185168037678222,4.728556783382964,4.9243323520395945,0.9727,0.9754,0.9813,0.9868,0.9467,16.6470609979774,0.9863,21.076599270174672,22.163576663230785,22.490921718569982,21.05711935187314,22.253955957549437,0.954,0.9844,0.9928,0.9959,0.9239,2.7470210703187026,0.9959,3.477963004572888,4.762196453241055,4.800320486101715,3.957693555628167,4.7572733852509606,0.951,0.978,0.9824,0.9872,0.9307,5.634919135139626,0.9873,7.1342883014369285,9.137800686347568,9.092927407303431,8.625428794648759,9.15578076471371,0.9688,0.9803,0.9874,0.983,0.9208,3.961150249046933
0.9754,0.9726,0.984,0.9829,0.9821,0.9246,3.547267955520966,4.491143824818747,4.830423899343902,4.790218105398548,4.501782792063218,4.815009948110705,0.9415,0.9071,0.9249,0.9378,0.8812,12.957661112926832,0.9395,16.4055042982702,15.716186691443149,15.208003123538266,14.418341524472249,15.84561178650338,0.9579,0.9778,0.9871,0.9959,0.9296,2.767962977321627,0.996,3.504477245249217,4.750069922688914,4.768611852753181,4.151301740724803,4.755771759083754,0.9865,0.998,0.9986,0.9993,0.9786,10.96698605309194,0.9993,13.885139861666724,21.38698929736027,21.3571314909689,18.38923822584816,21.380019818814755,0.972,0.9911,0.9944,0.9922,0.927,4.095551190388624
0.9611,0.9712,0.9785,0.9766,0.9763,0.8931,3.256175908204926,4.12259646184817,4.509821764342293,4.564099035707655,4.354265621950301,4.496574332320865,0.9729,0.9648,0.9679,0.9864,0.9355,15.570061788133629,0.9857,19.713026399087703,21.662810752409737,20.791688133002804,20.063424462608893,21.66988244356793,0.9805,0.9883,0.9925,0.9984,0.9613,3.329439113291859,0.9984,4.215353929070373,5.700758852858264,5.707515944920768,4.985740591039998,5.713131782743197,0.965,0.9736,0.9801,0.9899,0.9504,6.8242130277857695,0.9899,8.640035820041831,9.985678179498835,9.97670209564532,9.208456321927343,9.98110447866184,0.9746,0.9926,0.9962,0.9952,0.9329,4.219033357679698
0.965,0.9476,0.9551,0.9683,0.9679,0.9005,3.3095685390808187,4.190196087096632,4.267420846945278,3.992311611311898,3.8657620420538894,4.261541488292627,0.958,0.9758,0.9841,0.982,0.9134,14.357297338689971,0.9819,18.17756315346473,20.455522345896284,20.78945739274837,19.804247743300003,20.474606811503055,0.9697,0.9857,0.9925,0.9947,0.9438,3.000331055799585,0.9947,3.798675054331282,4.52323454545763,4.576306669802398,4.062515716606407,4.518708943197333,0.9454,0.9819,0.9874,0.9879,0.9222,5.371909641547459,0.9879,6.801295847011059,9.343490684539637,9.282539653302972,8.422854675580647,9.347992187683197,0.9847,0.9909,0.9943,0.992,0.952,4.543291902670226
0.9836,0.9979,0.9991,0.9989,0.9988,0.9388,3.790020186261266,4.79848885646583,6.354926298957217,6.568593521134993,5.851016841401537,6.353671349568916,0.9611,0.9644,0.9741,0.9906,0.9192,14.628589460335135,0.9906,18.52104212153996,24.19005099683228,24.40265277487529,21.142927289411084,24.283845925750008,0.9769,0.9871,0.9914,0.9947,0.9569,3.078495883143382,0.9947,3.8976383934544914,4.604523366477322,4.605802944433996,4.0652997345943085,4.602006469545694,0.9419,0.938,0.9467,0.9679,0.9188,4.999133858051896,0.968,6.329329906157236,6.167510761449371,6.152889791709114,5.673937564067254,6.174949240347958,0.9686,0.96,0.9662,0.9721,0.9181,4.023997957540004
0.9751,0.9368,0.9495,0.9668,0.966,0.9219,3.531976793346516,4.471783909121597,4.239927212986603,3.883817445235133,3.7226212946203816,4.225029006945476,0.9603,0.9614,0.9655,0.9825,0.9156,14.425046763263758,0.9827,18.263339704214445,22.046042989742126,21.57379467558271,21.15227758140236,22.162664464748232,0.9806,0.9854,0.9876,0.9997,0.9601,3.536358593631601,0.9997,4.4773316420638825,7.145381958824551,7.151941843814883,6.197953847542064,7.148442609935466,0.953,0.9772,0.9813,0.9826,0.9344,5.7680841874530975,0.9827,7.302886617064169,8.186453351594936,8.178376029262273,7.482591330964272,8.188965792119514,0.9588,0.9663,0.9677,0.9725,0.903,3.7276106209564017
0.9626,0.9672,0.974,0.9765,0.9758,0.8987,3.289239624663905,4.16445794732439,4.657167904528329,4.636533805347264,4.455434231136684,4.66099982532562,0.9598,0.9712,0.9791,0.979,0.9188,14.625000050570009,0.9792,18.51649762258935,19.93541418773813,19.95743714982001,18.88408066697418,20.006346097564755,0.9541,0.9754,0.9803,0.9875,0.9268,2.509269410450878,0.9873,3.1769491222148045,3.689626452264286,3.6834258807972553,3.426065159054504,3.672943863529621,0.9932,0.9888,0.9951,0.9999,0.9888,14.65524447527282,0.9999,18.554789644207798,39.282780408494304,39.20337655754414,24.79017353855171,39.27232398679416,0.9424,0.9624,0.9701,0.9666,0.8795,3.4463586276561013
0.9865,0.9799,0.9878,0.9907,0.9911,0.9479,3.842850073359951,4.865376000088529,5.080680670275477,4.937158474728276,4.653929717963937,5.094747340429698,0.9638,0.9573,0.9688,0.9812,0.9258,15.003990811760596,0.9817,18.996332255362248,20.529415839904217,20.64879033157585,18.798066250746,20.631877167404745,0.9773,0.9766,0.9795,0.9919,0.9572,3.104616471610671,0.9919,3.930709286622545,4.102561524229242,3.959793806691203,3.9308853767909535,4.096315489769588,0.9717,0.9734,0.9777,0.9933,0.9586,7.537905153909445,0.9933,9.543630931900632,11.351650323645982,11.303206966274228,11.04815684095839,11.361482736852828,0.9603,0.9723,0.9791,0.9795,0.9095,3.802519851760436
0.9598,0.9649,0.9777,0.973,0.9732,0.895,3.228675841779711,4.087779031911566,4.40497299856753,4.555097686705103,4.230927458284205,4.4083887347959205,0.9826,0.9901,0.9927,0.9971,0.9643,18.76136816528585,0.9972,23.753492501047845,26.014044384268768,25.13415869751161,24.77225915320746,26.02937706517134,0.9765,0.9807,0.9843,0.9908,0.9561,2.9582482602724767,0.991,3.7453946453989584,4.01988728147581,4.046790828665654,3.76853132153928,4.023424780855076,0.9591,0.9687,0.9756,0.9857,0.944,6.108441128492204,0.9857,7.733807537938747,8.797012936303624,8.793762250233982,8.123190772254947,8.80561978443063,0.9328,0.973,0.9842,0.9802,0.8626,3.262100847650594
0.9687,0.9355,0.949,0.962,0.9621,0.9085,3.403446780664504,4.309053949051266,4.242456585462918,4.086330919405825,3.807873393459696,4.23181662659597,0.9692,0.9614,0.9686,0.9755,0.9391,15.969093513830902,0.9757,20.21823460248346,19.271120500337563,19.04559090302772,17.900406586601797,19.343386887691008,0.9748,0.982,0.9941,0.9962,0.9523,3.078241705516179,0.9962,3.8973165828962992,4.865393233555054,4.9106474256486985,4.277379225749222,4.864521735503624,0.9013,0.9337,0.9365,0.9385,0.8736,3.6710337672331335,0.9388,4.647841900059906,4.688881665046716,4.481739595791892,4.431270150159868,4.697758212847646,0.9668,0.9717,0.9807,0.9768,0.9225,3.979620419935647
0.9791,0.9827,0.9852,0.9881,0.9883,0.9319,3.630020416311381,4.595915499224957,4.91592789772773,4.802725501857688,4.717567197416665,4.931196464196045,0.9775,0.9775,0.9835,0.9868,0.941,15.959646264976854,0.9872,20.20627357955415,21.622123416900248,20.82779414759074,19.96571342645627,21.696374240060987,0.9403,0.9559,0.9681,0.9691,0.9104,2.4000208219408226,0.9691,3.038631089912382,3.0531757532682238,2.9661685652892222,2.852469225737547,3.0508633096451807,0.9536,0.9605,0.9653,0.9879,0.9356,5.723503912828781,0.9879,7.246444186551946,9.216089875013727,9.168838243962837,8.288664062202667,9.22836605595279,0.986,0.9954,0.996,0.9961,0.9542,4.621072293411702
0.9864,0.9841,0.9909,0.9905,0.9901,0.9463,3.8234212100226928,4.840777401760323,5.369586649299052,5.484095627728795,5.102994614254031,5.380175998311744,0.9819,0.9638,0.9739,0.9876,0.9579,17.288786972290804,0.9854,21.889079094902257,21.67327325390612,20.893148567977256,19.8514220295761,21.52409187077025,0.9611,0.9535,0.973,0.9899,0.9355,2.736297324058837,0.9899,3.4643858270385666,3.876104251336749,3.9056242612281538,3.529452499284432,3.878093762322012,0.9286,0.9303,0.9361,0.9617,0.9034,4.522712098934996,0.9621,5.726139318838634,5.79557749043569,5.732795763231562,5.467882724045354,5.8102692095459325,0.9772,0.9853,0.9856,0.9872,0.9355,4.308973264743862
0.972,0.967,0.9759,0.9781,0.978,0.919,3.4715080881519182,4.39522537017423,4.561253922452703,4.494701603387285,4.238058552562947,4.552793341154527,0.9563,0.9732,0.9862,0.9874,0.9174,14.821402185576892,0.9881,18.76515947922877,21.54271252984435,21.979156476537536,19.517116171452432,21.63949454396231,0.9737,0.9804,0.9907,0.9913,0.9507,3.046163130797157,0.9913,3.856702370898559,4.056244205956457,4.089959133004018,3.7480050361202735,4.0590636562395535,0.9721,0.9415,0.9557,0.9907,0.9597,7.489998253218269,0.9908,9.482976709016084,10.207422388601303,10.153088748628358,9.760759491608423,10.22011391405345,0.9574,0.9695,0.9775,0.9738,0.9058,3.745950775148369
0.9655,0.9766,0.9879,0.9858,0.9854,0.9052,3.3398406178946205,4.228523121178573,4.85494271944909,5.101355145416081,4.524119741775137,4.857826380584099,0.9874,0.9717,0.9722,0.9861,0.9708,18.84399989687668,0.9856,23.8581113219888,33.55746044935329,34.036656198498505,29.868045210122897,33.50117246869836,0.9697,0.9836,0.9926,0.9982,0.9433,3.0976531342020346,0.9982,3.9218931074685983,5.563710357685636,5.586130376976465,4.519637324804634,5.562312589725315,0.9771,0.9756,0.9796,0.9962,0.9663,8.291522320503292,0.9962,10.497774550726373,14.612853114428894,14.514987382382769,12.728054553936254,14.636228575649708,0.969,0.9766,0.98,0.9804,0.9225,3.984396892246515
0.9686,0.9624,0.9657,0.9744,0.9744,0.9102,3.374669898474215,4.2726199614396725,4.648217454047026,4.565600535764135,4.433949635542245,4.647724582368179,0.9492,0.9565,0.9685,0.9734,0.9042,14.035501984760476,0.9739,17.77014278523276,19.547899498497877,19.913178025266905,18.34154509926833,19.64529607565864,0.9618,0.9756,0.986,0.9951,0.9342,2.9167854793119656,0.9951,3.6928992277971417,4.577366382957962,4.626437880335525,4.143759174408787,4.579899290591486,0.9688,0.9879,0.993,0.9963,0.953,7.209505752643465,0.9963,9.127849276394636,14.726198300466343,14.712814854598678,12.023956144094898,14.72731246617164,0.9459,0.9452,0.9631,0.9612,0.8844,3.477164681838838
0.9668,0.9462,0.9488,0.9658,0.9648,0.9071,3.3591769137997343,4.25300452124139,4.216553835004363,3.8589462991325223,3.8194084836523183,4.210666918350708,0.9701,0.9819,0.9951,0.9942,0.9379,15.811395787546155,0.9927,20.018575828894228,25.92030314831986,26.93449939559453,22.518350474215463,25.97378303047319,0.9714,0.9877,0.9918,0.9986,0.9461,3.074995878056102,0.9986,3.893207088452536,5.788372714678473,5.787435734226621,4.640874311627317,5.792836227624589,0.9482,0.9858,0.987,0.9879,0.9268,5.489725013910547,0.9879,6.9504601584450665,9.25637899912085,9.16795036620783,9.004064227924452,9.284909931386007,0.9416,0.9654,0.9806,0.9726,0.8784,3.412293176775698
0.9812,0.975,0.9777,0.9836,0.9833,0.937,3.6917539111655455,4.674075369771879,4.78670245192904,4.550383668032984,4.490257608611684,4.776768962775809,0.9734,0.9697,0.9788,0.9785,0.9441,16.239202575694073,0.9798,20.560215715955955,19.884040857296164,20.184784284019496,18.83365010225906,20.0826592690234,0.9497,0.9455,0.9509,0.9701,0.9226,2.453252574062438,0.9707,3.106027028934463,3.002504802858491,2.941066529138316,2.8356299408871237,3.011320000328775,0.8891,0.9296,0.9416,0.9466,0.8575,3.4733691849750565,0.9466,4.397581677509743,4.877898077950604,4.890369161391994,4.5734379512501375,4.87867272592329,0.949,0.9635,0.9695,0.9695,0.8895,3.5519204821904173
0.9724,0.9694,0.9804,0.9809,0.9816,0.9178,3.467489672795573,4.390137713549611,4.647107982327233,4.631205170126265,4.295965129555011,4.669169274637219,0.9702,0.9745,0.9849,0.9909,0.9396,15.919424732099705,0.9909,20.15534968790824,22.689464130478523,23.15810749820554,20.436039810914487,22.68835037136408,0.9646,0.9824,0.995,0.9974,0.938,2.9443199165988188,0.9974,3.7277601741765216,5.222625165777503,5.281567361845448,5.039812746981608,5.225720097698654,0.9667,0.9879,0.9903,0.9918,0.9521,6.872216902032363,0.9918,8.700812819719687,10.612400615615686,10.35453813997691,10.317129216673312,10.61636760811544,0.9827,0.9871,0.9893,0.9908,0.9473,4.442004642196623
0.9866,0.986,0.9869,0.9907,0.9909,0.9479,3.839981661732496,4.861744346283625,5.433524346619544,5.305633765424004,5.258257746639602,5.430391590758077,0.9777,0.9961,0.9986,0.9996,0.9535,18.165582111004287,0.9995,22.99917653390044,35.05425992212496,35.71901469315202,29.172370212243163,34.961259796530406,0.9497,0.9635,0.9737,0.9833,0.9216,2.5187887169362773,0.9834,3.1890013762521456,3.442035352487673,3.455076841716004,3.133789237392244,3.4460933551652406,0.9308,0.9684,0.9727,0.9722,0.9043,4.771937563945375,0.9724,6.0416800172589085,6.716260729632791,6.65193712816205,6.485736877009446,6.730146240707873,0.9529,0.9582,0.9696,0.9691,0.8935,3.6789405314777057
0.9644,0.973,0.9831,0.983,0.9835,0.9044,3.318835583828119,4.201928956254818,4.748165556112834,4.907061423258366,4.4055398738630736,4.765523213216402,0.9783,0.9901,0.9974,0.9966,0.9559,17.576320880545936,0.9967,22.25312155030125,25.909865257901817,27.026570375735037,23.357914833149675,25.90380142611633,0.9834,0.9844,0.9958,0.9991,0.9687,3.5939364064602257,0.9991,4.550230064673703,6.397235977225174,6.471261767320824,5.673901513944008,6.395718599674131,0.9491,0.9829,0.9901,0.9909,0.9284,5.620425082965589,0.9909,7.1159375949963,10.336025374821018,10.379784127463427,8.907671970881191,10.330716189895698,0.9906,0.9972,0.9985,0.9976,0.9661,4.990161893138603
0.9824,0.972,0.9785,0.9838,0.9825,0.9388,3.7178013078533994,4.707053595903678,4.823389848193463,4.743541334194182,4.427209646758802,4.771996472079805,0.9631,0.9709,0.9823,0.9842,0.9277,15.28786456548602,0.9834,19.35574064290393,22.3747019960044,22.75970356862205,21.594925162636773,22.493389051659687,0.9572,0.9514,0.957,0.9777,0.9298,2.653967561634529,0.9782,3.3601493248213488,3.2125750359199428,3.110696278579857,3.0155641742711503,3.224922705467137,0.9692,0.9616,0.9666,0.9986,0.9541,7.507674835976818,0.9986,9.505356770656592,17.933507883151062,17.87485438387806,13.514263640653946,17.941138868419607,0.9545,0.9782,0.9825,0.9799,0.8963,3.643084615098043
0.9805,0.9629,0.9641,0.978,0.9782,0.935,3.6663813042433695,4.641951485045119,5.5041847614919295,5.524105152148669,5.063530846608296,5.551821911680398,0.9708,0.9933,0.9973,0.9959,0.9427,16.324812897442833,0.9957,20.66860568611998,25.20502888504455,26.13786368054531,24.430636563447493,25.1737446145735,0.988,0.9819,0.989,0.9982,0.9772,3.835224052664591,0.9982,4.8557208073646185,5.540431982631625,5.464923183358619,5.337063485488567,5.54656558278484,0.9588,0.9914,0.9952,0.9948,0.9419,6.456079525058335,0.9948,8.173947402641632,12.4410848101614,12.476659357815798,11.76578766403609,12.436921116082711,0.9662,0.9651,0.9721,0.9754,0.9202,3.93621997399284
0.9754,0.9775,0.9828,0.9861,0.9858,0.9241,3.591243225075484,4.546820267303765,4.838371533461491,4.734137101379488,4.545126254181474,4.834971277366478,0.9662,0.9773,0.9918,0.988,0.9311,15.33424008305632,0.988,19.41445600412564,21.755307591419754,22.71630708485249,19.97035379907878,21.721071188469203,0.9737,0.9857,0.9901,0.9928,0.9503,3.0657593605866644,0.9929,3.881512869432196,4.210177458923596,4.240257573812392,3.9277175566404665,4.217904705994446,0.9673,0.9644,0.9699,0.9963,0.9524,7.060130408622868,0.9963,8.938727348677237,14.6323339057978,14.63297963068718,11.19966777887552,14.6394815466596,0.9527,0.9563,0.9605,0.9607,0.8939,3.605751199223136
0.9557,0.9389,0.9424,0.9596,0.9593,0.8842,3.152818376500862,3.991737009987832,4.213079275802816,3.961479191639385,3.925099296892828,4.210470805028768,0.972,0.9688,0.9759,0.9801,0.9328,15.366617552509515,0.9802,19.455448642353502,20.179262042309237,19.78526617948279,18.92063361875603,20.1960141447784,0.9674,0.9795,0.98,0.9931,0.9425,2.8926111649265587,0.9931,3.662292483640059,4.258520227774865,4.100557681171413,4.079754459776673,4.253443693619666,0.9216,0.9326,0.9415,0.949,0.899,4.037807927486544,0.9493,5.112209273931796,5.112534372953047,5.002150551005187,4.811059717620114,5.138830583007023,0.9622,0.9754,0.9844,0.9799,0.9098,3.808167697050779
0.9893,0.9932,0.9969,0.9963,0.9964,0.9542,3.949632968200289,5.000572253873654,5.54146649416402,5.690212505603331,5.229937101974471,5.593743889804008,0.9822,0.9725,0.9771,0.9916,0.9636,18.370200279744047,0.9915,23.25824059009924,24.740851331258614,24.312421992344,23.432071844407524,24.80236627609636,0.9686,0.994,0.9982,0.9982,0.9415,3.060606673697613,0.9982,3.874989128290237,5.635813078519763,5.622963013877533,4.500655612462999,5.647683856590092,0.9583,0.946,0.9536,0.9879,0.9419,6.249798016286547,0.9879,7.912777416074138,9.08995831984121,9.056571159964893,8.0778430717466,9.08178199816978,0.9509,0.9762,0.985,0.9791,0.8922,3.582555777159799
0.9683,0.9923,0.9967,0.9944,0.9944,0.9116,3.433772368977837,4.347448730724143,5.346520307060013,5.625631410019636,5.187405628817566,5.365378902728274,0.9567,0.9633,0.9681,0.98,0.9112,14.24958724930288,0.9798,18.0411929922908,20.524827810695434,20.436767012463346,19.434092329310594,20.53984352112617,0.9509,0.9752,0.9795,0.9845,0.9222,2.6073246668313974,0.9851,3.3010954412147493,3.5789181030838426,3.5025933423698548,3.3663800752575668,3.6018547754757955,0.9477,0.9819,0.9864,0.9854,0.9268,5.325500881511061,0.9853,6.742538397991577,8.729569804612458,8.759241678255481,8.158501989617513,8.706525837401486,0.9711,0.9782,0.9808,0.9823,0.9294,4.06745195157984
0.971,0.948,0.9588,0.9699,0.9694,0.9161,3.4935443563520754,4.423125165478711,4.423182403806176,4.147530427830679,3.974257407401201,4.42025568371939,0.9558,0.9628,0.9684,0.9723,0.9138,14.493084038196455,0.9726,18.349480698073087,18.924253945219537,18.42323910807307,17.72810653572475,18.946051692035407,0.9721,0.9899,0.9947,0.9973,0.9475,3.07063317018153,0.9973,3.887683528130606,5.260285066535487,5.2614443400490565,4.251774441629359,5.261737780029572,0.9792,0.9774,0.9837,0.9984,0.9694,8.706127728756522,0.9984,11.02270036472214,17.195280154778004,17.18383808993504,13.242643661526705,17.196415860278897,0.9547,0.9647,0.971,0.9707,0.8966,3.639394627326144
0.9719,0.9662,0.9797,0.9794,0.9797,0.9183,3.462939400854445,4.384376681119614,4.608744686322337,4.614279953002743,4.219269635807318,4.6273391171015685,0.9591,0.9616,0.974,0.9752,0.9196,14.75199801707808,0.9746,18.677287881515102,19.20598534882297,19.6452677019199,17.88370929330632,19.25017529061477,0.9578,0.9586,0.9716,0.9809,0.9309,2.620616156264531,0.9813,3.3179236006430086,3.3183147694568995,3.3076115058007,3.1429164785469963,3.3350342054735616,0.9193,0.9621,0.9755,0.9794,0.8949,4.306684053895017,0.9795,5.452629385945369,7.595378992516172,7.621442341426346,6.694184044126448,7.606686462499781,0.9552,0.9705,0.9785,0.9748,0.8966,3.654026791815401
0.9825,0.9751,0.9769,0.985,0.9844,0.9402,3.739938321021664,4.735080942931648,5.0685646170413206,4.9984087060522775,4.784324622154803,5.096454440724872,0.9776,0.9955,0.9968,0.997,0.9543,17.293262615639883,0.9971,21.89474564116866,25.747898298622964,25.77765477038344,24.356522229969418,25.951561137694625,0.9753,0.9877,0.989,0.9947,0.9534,3.086839457008705,0.9947,3.90820206970112,4.566107011115156,4.557868053113867,4.265059074037697,4.564627190967503,0.9235,0.9654,0.9781,0.9821,0.899,4.458392731953035,0.982,5.644705513594886,8.05778598888344,8.051692491764413,6.458051521026793,8.044778907571057,0.9794,0.9832,0.9888,0.9879,0.9424,4.337431914972437
0.9825,0.9938,0.9965,0.9946,0.9946,0.9379,3.7244446653998593,4.71546465325682,5.391638926327089,5.558880190974767,5.301159777541397,5.39335813426926,0.9484,0.9566,0.9656,0.9692,0.9055,14.338888316055066,0.9689,18.15425576046133,18.41466698118279,18.12133165873308,17.245324660841355,18.417745402593926,0.9612,0.9754,0.991,0.9897,0.9356,2.738761527023044,0.9897,3.4675057181955258,3.8942504753371434,3.964168466473003,3.419553539386889,3.899775016915821,0.9308,0.9526,0.9583,0.9639,0.9058,4.560872652106949,0.964,5.774453834369703,5.9626951652732885,5.782288170766598,5.703056278428256,5.9671605203502525,0.9649,0.9703,0.9724,0.9738,0.9137,3.863763405991299
0.9665,0.9688,0.9787,0.9778,0.9773,0.9038,3.345722481492644,4.235970062235161,4.6102033890248215,4.679863542025851,4.31348106129702,4.583628520184289,0.9809,0.9896,0.9924,0.9955,0.9605,17.65369312443808,0.9957,22.35108141116481,24.35538611062286,23.79011558133776,23.253363163693265,24.433219166558462,0.9581,0.9684,0.9735,0.9868,0.9306,2.743647073859639,0.9871,3.4736912372431887,3.627981247020605,3.619358352693572,3.413422186130041,3.639361674799349,0.9877,0.9932,0.9963,0.9995,0.9794,11.328077084311737,0.9995,14.342311909393253,25.049493117654947,24.94529435052678,21.61675547708092,25.088869413828583,0.9796,0.9891,0.9952,0.9929,0.9423,4.354575998569897
0.9607,0.9743,0.9775,0.9805,0.9806,0.8916,3.231573892165923,4.091448210913337,4.774524180932529,4.866511485773836,4.571635994458102,4.774814905332594,0.9529,0.956,0.9647,0.9726,0.9035,13.853313806782984,0.9721,17.539477010687847,18.894436746047266,18.447360455607075,17.53130735562855,18.908439255497573,0.9456,0.9432,0.9601,0.9793,0.9172,2.4842682713996878,0.9796,3.1452955475000914,3.258432111854299,3.289617484824734,2.9407511878989365,3.263258559586652,0.9425,0.9792,0.9839,0.9827,0.9187,5.21873640757642,0.9827,6.607365466644427,8.240041787395146,8.261133174204371,7.512142315624916,8.236293979842845,0.9678,0.9796,0.9843,0.9834,0.9194,3.9601611355987303
0.9687,0.9777,0.9857,0.9841,0.985,0.9108,3.4022683233549227,4.307561921571216,4.7501843205967,4.82935636934592,4.565026511559052,4.798994907914458,0.9481,0.9539,0.9635,0.9643,0.8958,13.49612399079819,0.9643,17.08724423423478,17.871343302319044,17.808664725908955,16.968981714625205,17.882771323686704,0.9805,0.9981,0.9994,0.9991,0.9605,3.419768723080858,0.9991,4.329718920463467,6.451148349047937,6.499164137483111,5.924277563614488,6.430269837531634,0.961,0.9809,0.9846,0.9928,0.9449,6.6510011868783,0.9928,8.420734853937391,11.08768550778223,11.038097930529863,10.126923775275635,11.10286617269692,0.9534,0.9562,0.9627,0.9678,0.8951,3.616091362000729
0.9566,0.9565,0.96,0.9675,0.9692,0.8864,3.1702731618203672,4.01383625715049,4.331666091485525,4.339587674727321,4.174138728540499,4.349824591354049,0.9729,0.9774,0.9805,0.9793,0.9475,16.8388996788331,0.9797,21.31948340458169,20.37390982145565,20.247573867311708,19.562528460993697,20.47283384698362,0.9724,0.9667,0.9728,0.9846,0.9491,3.028131264605244,0.9847,3.833872490124616,3.50713784546885,3.3675101105198384,3.3307436691982013,3.5214731829332653,0.965,0.9786,0.9817,0.9859,0.9513,6.514878812654175,0.9862,8.248392316502391,8.933321581315859,8.862940853010338,8.546158085383718,8.972469895503856,0.9552,0.9685,0.9867,0.9834,0.8981,3.730294965372664
0.9862,0.9879,0.9907,0.9931,0.9927,0.9455,3.8421296917561496,4.864463935527296,5.196788266552272,5.051326279348888,4.944453672771127,5.190606045156374,0.9777,0.9811,0.9864,0.9915,0.9547,17.211867668821505,0.9913,21.791692695251268,22.92442882097552,23.054702677545546,21.750671985984223,23.04651627003864,0.9707,0.9548,0.9734,0.988,0.9497,2.775254930333827,0.9879,3.513709479789222,3.765958295551547,3.829181149791875,3.5234993665670338,3.767210950885821,0.9648,0.9385,0.958,0.9938,0.9496,6.687425832215446,0.9938,8.46685156207119,11.543020746618312,11.560346575201397,10.215254741663063,11.54719238157394,0.9622,0.9602,0.9766,0.971,0.9096,3.804752847076996
0.98,0.9837,0.9851,0.9886,0.9884,0.9343,3.649059992845504,4.620021227253003,5.092511162792153,5.04576179313307,4.903823774063572,5.109873992552844,0.9535,0.9636,0.9762,0.9779,0.9059,13.9982781709213,0.9784,17.723014261603804,19.70474836373706,20.03005744394926,18.31592849647101,19.837487411274207,0.9798,0.9668,0.9695,0.9989,0.9597,3.315093958366104,0.9989,4.197191739247471,6.016735351772528,5.990359979660956,5.040504117267604,6.020173234093446,0.9699,0.9898,0.9915,0.994,0.9553,7.241279022528463,0.994,9.168076946429036,12.080495877328415,11.995742566608753,11.686707187159822,12.102816633207498,0.9628,0.9653,0.9754,0.9737,0.91,3.810397593148126
0.9875,0.9955,0.9979,0.9961,0.9965,0.9485,3.870150315886285,4.899940435923541,5.662632416282954,5.917346494166404,5.4657152170934005,5.663370391050224,0.9747,0.9622,0.9786,0.9868,0.9446,16.268010264786568,0.9862,20.596688707733662,22.22746073283361,22.33412327581058,20.611343991873987,22.40248349038601,0.9471,0.9834,0.9923,0.9973,0.9175,2.581742486471115,0.9973,3.268706218638073,5.137529269428486,5.179501136675306,4.06733589836228,5.141093599729079,0.9105,0.9242,0.9496,0.9639,0.8858,3.950743318449728,0.964,5.001978052005816,5.892236731158586,5.906746029596095,5.1117726548072575,5.908135789796437,0.9678,0.9706,0.9732,0.978,0.9187,3.934981389860214
0.9788,0.9823,0.9907,0.9893,0.9898,0.9311,3.638931268517553,4.60719739824173,5.009683976059401,5.155356384305959,4.72276360119066,5.034301547904713,0.9746,0.9907,0.9948,0.9981,0.9484,16.659058691011026,0.9981,21.09178937299625,26.959969410694036,27.244272382479966,23.69807216398145,27.02206551080353,0.9837,0.99,0.9983,0.9984,0.9692,3.5113439981039773,0.9984,4.445661030302124,5.692171490742277,5.751462070451989,4.913108719336289,5.699353793035898,0.9799,0.9478,0.9715,0.9976,0.9707,8.969903720682069,0.9976,11.356663271422793,15.879802826822168,15.894177797303206,14.976412013290988,15.883872993287628,0.9383,0.9369,0.9479,0.9497,0.8727,3.366161820066325
0.9427,0.9317,0.9352,0.9513,0.952,0.8605,2.976302731030722,3.7682531454821167,3.999229010874972,3.8323703207651856,3.7596871456514585,4.001304119721611,0.9563,0.9727,0.979,0.9857,0.9124,14.353525411188684,0.9848,18.17278757149081,22.43982324609285,22.610510217704057,20.975805245935085,22.4297010993278,0.9597,0.9811,0.9866,0.9836,0.9337,2.712151462673951,0.9837,3.433815106807274,3.5056131742555947,3.5539921979913736,3.3186378661425304,3.514899242990877,0.9447,0.9623,0.97,0.9724,0.9226,5.0170332259615975,0.9726,6.351992032803378,6.736692617140365,6.6541925323357,6.501334214500373,6.74694509597531,0.9732,0.9775,0.9791,0.9814,0.9292,4.165398709681812
0.9677,0.9842,0.9923,0.9881,0.9879,0.9087,3.403381866100968,4.308971761676412,4.944535584243766,5.1424193260599775,4.811401702284135,4.942606296726309,0.9559,0.9809,0.9842,0.9937,0.9189,15.137760054017829,0.9934,19.16569552699759,26.20191853081564,26.43182696296125,22.96769628829721,26.21079323255585,0.9662,0.9633,0.9669,0.9961,0.9414,2.8304168495332283,0.9961,3.583549174981111,4.865367778845307,4.799259585876293,4.1332250974362434,4.886932421068307,0.9495,0.9642,0.9763,0.9876,0.9301,5.544527493852193,0.9876,7.019844772875338,9.105094824873632,9.096406394640605,7.942555118693527,9.096878610258669,0.9575,0.9577,0.9603,0.9672,0.9012,3.700909535175741
0.9789,0.9588,0.9679,0.9776,0.9774,0.9294,3.620899382880856,4.584367492849033,4.774745356747733,4.637984379931432,4.450438085746306,4.762867403228356,0.981,0.9841,0.9904,0.9977,0.9616,17.823798035414264,0.9973,22.56644873894533,29.116265649883136,29.648121471937337,25.828658861798143,29.045684987431624,0.9622,0.9844,0.9862,0.9921,0.9344,2.9430189878565947,0.9921,3.726113087415548,4.165005522870151,4.00781449025805,3.9713409844366976,4.164105793125103,0.957,0.9694,0.9724,0.9785,0.9419,5.761671876770674,0.9785,7.294768084749922,7.505459495877457,7.330362838363333,7.19608625133896,7.512693948776182,0.9702,0.9737,0.9813,0.9809,0.9279,4.054690165503904
0.9825,0.99,0.993,0.9916,0.9913,0.9385,3.714012072726116,4.702256100998847,5.252868119418048,5.297279266715988,5.121438012630671,5.2299717506591925,0.9504,0.9708,0.976,0.9761,0.8972,13.590553111558656,0.9764,17.206799556218947,19.32811328179316,19.321829435346693,18.71646913113014,19.396900468249655,0.9419,0.9652,0.9697,0.9906,0.9111,2.4935851871763703,0.9906,3.157091557635633,3.9320838584336855,3.9287560433422586,3.5213550384586525,3.93705959785192,0.9657,0.9882,0.9936,0.9933,0.951,6.938887406194723,0.9933,8.785223365193227,11.41798022588737,11.454660717875091,10.054661526192897,11.414789894881633,0.9641,0.9672,0.9797,0.9748,0.9122,3.851556294448738
0.9781,0.9887,0.9906,0.9923,0.9922,0.9302,3.6157876674739806,4.577895625098504,5.243753979427208,5.305094431281968,5.080345204796614,5.246358310847862,0.9718,0.9773,0.9851,0.9908,0.9445,16.310480400571706,0.9916,20.650459522473994,22.519809063930293,22.44488305545838,20.31258964463628,22.778737534709556,0.9561,0.9629,0.9722,0.9883,0.9275,2.725577284429752,0.9886,3.4508133424150014,3.799639130657976,3.743222038522057,3.588380440179556,3.8223279208283727,0.9801,0.9882,0.9916,0.9956,0.9709,9.013637264616664,0.9956,11.41203366865303,13.44738378411501,13.288955492091588,13.161289630000892,13.448372871351342,0.9604,0.9638,0.9709,0.9724,0.911,3.852141366242252
0.9715,0.9836,0.986,0.986,0.986,0.9127,3.465588452681357,4.387730606704949,4.834829460604537,4.827153574524006,4.734030222925547,4.826315130439717,0.9739,0.9781,0.9875,0.9942,0.9485,17.213313313454186,0.994,21.793523004674284,24.578911323468297,25.02168700433094,22.386262501959287,24.53502039687249,0.9594,0.9906,0.9926,0.9913,0.9309,2.8853845416725434,0.9918,3.653142962146752,4.1263974263348215,4.100519475659118,3.951888315644292,4.1343818214033945,0.9816,0.9869,0.9907,0.9977,0.9719,9.495415651251788,0.9977,12.022006203346905,16.1272040430279,15.954072914450762,15.834347505944336,16.12783489595165,0.9691,0.9833,0.9893,0.9866,0.9234,3.98863934521965
0.9548,0.9441,0.9513,0.9597,0.96,0.8812,3.1322553810883065,3.965702503707262,4.085944140899096,3.9805606256388737,3.7932519581044346,4.094485646213966,0.9704,0.982,0.9865,0.9928,0.9352,15.498771891281988,0.9925,19.62276730842079,26.19859138445679,26.567687260715932,22.492366749180057,26.2357751446404,0.9555,0.9661,0.9805,0.9918,0.9272,2.628347645756481,0.9918,3.3277123258602224,4.068313923305911,4.132779320094355,3.575096122207011,4.069359795796693,0.9688,0.9873,0.99,0.996,0.9534,7.189011641848469,0.996,9.10190198391597,14.448440507516723,14.38987264969466,12.285792926216924,14.44344461316454,0.9464,0.9637,0.9703,0.968,0.8854,3.494301175715095
0.9619,0.9824,0.994,0.9902,0.9903,0.8932,3.2527158351626437,4.118215714221512,5.082494399666487,5.359457179417772,4.741053553185579,5.101460476863203,0.9643,0.9645,0.9684,0.9802,0.9317,15.887632999741475,0.9805,20.115098642807823,20.23790142291208,19.04404061138435,18.52182307053905,20.25078681172105,0.9313,0.9684,0.974,0.9764,0.8973,2.3320481245234124,0.9768,2.9525718566967614,3.171166212617599,3.1520496834088223,3.04331270876809,3.190630663594281,0.9604,0.9809,0.991,0.9909,0.9456,6.137348270406576,0.9909,7.770406445472593,10.442127408979951,10.450964552225392,8.35991442664557,10.43255179027794,0.9723,0.9832,0.9907,0.9867,0.9286,4.103718661865491
0.9721,0.9763,0.9806,0.9816,0.9816,0.9167,3.4632491573403468,4.3847688592539695,4.70585453632086,4.667188881499701,4.507700542177913,4.6869054418955765,0.9494,0.9408,0.9449,0.9575,0.904,14.023178785842418,0.9572,17.754540564194826,17.39350727869999,16.16699435061435,15.917798788436114,17.293201814062652,0.9384,0.9527,0.96,0.9762,0.9072,2.388055437307385,0.9765,3.023481892281453,3.1473992503257997,3.0725181265680592,2.9776446037671382,3.1541586864834263,0.9715,0.9827,0.9901,0.9913,0.9583,7.438302708764915,0.9913,9.417525739945376,10.550514523185948,10.28924304183906,10.243074676495327,10.550154788579563,0.973,0.9875,0.9957,0.9917,0.931,4.131794684191249
0.9671,0.9853,0.9919,0.9888,0.9882,0.908,3.388812188382333,4.290525306845223,5.118056620368223,5.423054653962659,4.972279257691021,5.15145192920442,0.9655,0.973,0.9812,0.9877,0.9332,15.545869563820212,0.9879,19.68239697943398,21.562131774192324,20.86107897590565,20.008056288997143,21.602864379501536,0.9852,0.9894,0.9922,0.9982,0.9724,3.608833536330651,0.9982,4.56909110186176,5.582344937233068,5.585054109614757,5.093005684504089,5.5718891057171325,0.9596,0.9475,0.9766,0.994,0.9449,5.911066130708283,0.994,7.483913954035333,11.923769053316972,12.013407532175648,10.176681954852752,11.914356873939417,0.9502,0.9669,0.9753,0.9715,0.8906,3.572403511907774
0.9819,0.9891,0.9916,0.9919,0.9921,0.937,3.7246688509384502,4.715748491272409,5.1658451543120325,5.134550506114151,4.994874264340209,5.1667723101062055,0.9556,0.9546,0.9762,0.9718,0.9074,14.026508121827574,0.9717,17.758755787554875,19.00877911654697,19.829629257944035,17.65545816337264,19.102785808936645,0.9833,0.9809,0.9956,0.9991,0.9697,3.3868508171417684,0.9991,4.288042043543523,6.261894559812414,6.337012635810022,5.077737236268304,6.265479204334833,0.9599,0.9676,0.9728,0.9953,0.9439,6.416748994001272,0.9953,8.124151595305213,12.98537570654858,12.985944009339876,10.626765661035355,12.976808013589942,0.9629,0.9754,0.9781,0.9784,0.9144,3.870191763397498
0.9767,0.9732,0.9848,0.9819,0.9818,0.9262,3.574546640561291,4.525680967037549,4.868689364286377,5.0631613861877245,4.61468871797749,4.891747869957769,0.9671,0.9843,0.988,0.9882,0.9303,15.20753879439964,0.9882,19.25404136466729,21.815703708389755,21.81079984034724,20.817812484782397,21.81263642818384,0.9691,0.9728,0.9738,0.9935,0.9433,3.004021439500562,0.9935,3.8033473948980703,4.244976035461432,4.156744740556978,4.082663237916115,4.240146797510572,0.978,0.992,0.9932,0.9974,0.9666,8.639698128809668,0.9974,10.938594824535318,15.638012841548909,15.456724525208337,15.369665052289596,15.650199974510713,0.9369,0.9529,0.96,0.9589,0.8711,3.345497289597406
0.9846,0.9953,0.9993,0.9981,0.9984,0.9429,3.926523215138583,4.971313335162811,6.000744840419356,6.542777475215703,5.458473335701122,6.043150632122806,0.9729,0.986,0.9938,0.9911,0.9462,16.460941914297656,0.9916,20.840956633692077,23.088993797886072,23.63241252722297,21.176331456420225,23.18679738265159,0.9748,0.9909,0.9943,0.9991,0.9512,3.1864139682711947,0.9991,4.034271894978865,6.422716498094144,6.418424997565857,4.975527568709658,6.413027784093872,0.9545,0.9769,0.9806,0.9909,0.9365,5.89519056699434,0.9909,7.463814136137895,10.374462177620348,10.332877379876637,9.250997932973169,10.379169313353616,0.9683,0.9806,0.985,0.9817,0.9192,3.9752497215810823
0.9702,0.9834,0.9892,0.986,0.9861,0.9071,3.481669136807886,4.408090124542139,5.035838442692854,5.133367572060079,4.934778723697797,5.039775902540674,0.9574,0.9664,0.9694,0.984,0.9172,14.702188004176922,0.9836,18.61422415623126,21.21337932395008,20.822442107621644,20.096943248989064,21.27063077172584,0.9841,0.9849,0.9917,0.9989,0.9697,3.6118346695184846,0.9989,4.572890792483671,5.978988905142134,6.008871047649709,5.555206320586486,5.978337096306967,0.9034,0.9522,0.9535,0.9598,0.875,3.98561257168792,0.9599,5.046125501062495,5.703690995198448,5.519218464545081,5.48837986047052,5.715555088862494,0.9583,0.9628,0.9738,0.9699,0.9032,3.725480499350432
0.9768,0.9676,0.9685,0.9789,0.9792,0.927,3.569662819860256,4.519497633424751,4.598890430677845,4.296490909528684,4.272986855356487,4.60261779780817,0.973,0.9816,0.987,0.9891,0.9464,16.467882267815213,0.9891,20.849743713279317,22.116519295641744,21.4506324967144,20.59205842160017,22.13835036436079,0.9594,0.9581,0.9777,0.9925,0.9327,2.726473534894555,0.9928,3.451948071956429,4.147934182962713,4.165419815909326,3.5348338807791384,4.157474908115432,0.9503,0.9737,0.9797,0.9853,0.9298,5.67209686845182,0.9853,7.181358483187915,8.678283415167945,8.65202865157997,7.890731660446437,8.675064976175447,0.9607,0.984,0.9866,0.9855,0.9054,3.753805343878318
0.9782,0.9827,0.9935,0.99,0.99,0.9296,3.6079948903770753,4.568029304545392,5.048586091657372,5.327170311768748,4.737328609065825,5.062471325376318,0.9701,0.9856,0.9943,0.993,0.9367,15.626774633899004,0.993,19.78482969961104,22.983333441013546,23.792386417218683,21.139302094038428,22.951369891864584,0.9858,0.9847,0.9934,0.9997,0.9729,3.7459180434870394,0.9997,4.742651781661973,7.135139775990118,7.177118541324526,6.192193771855774,7.151218023584312,0.9609,0.9869,0.9884,0.9897,0.9462,6.287368394107058,0.9897,7.960344719266464,9.80097596619027,9.799983513627154,9.248720274324867,9.800386669431512,0.9836,0.9784,0.9798,0.9835,0.949,4.48395505528973
0.9697,0.9748,0.9905,0.984,0.9856,0.9126,3.40937018827297,4.31655348836891,4.788567036534737,5.041690564081916,4.464300670887763,4.808846717033873,0.9619,0.9579,0.9689,0.9773,0.9204,14.723398748382142,0.977,18.64107876773836,19.596427434525104,18.90288316555155,18.30395151793219,19.61117940402515,0.9347,0.9741,0.9764,0.9764,0.9026,2.357704419863815,0.9766,2.9850549151605112,3.23198120123526,3.1273180461385786,3.070117346105224,3.239161983584999,0.9714,0.9866,0.991,0.9941,0.9579,7.403302869693893,0.9941,9.37321295808495,12.119686241863745,12.12361848913394,10.851894300258625,12.111354570024387,0.9563,0.971,0.9806,0.9745,0.8983,3.669263992526817
0.9816,0.9813,0.9852,0.988,0.9876,0.9374,3.715030703273677,4.703545774164453,4.935874957265344,4.81220137812425,4.664711269631797,4.913719907084859,0.931,0.9284,0.9536,0.9525,0.8666,12.42363935276223,0.9524,15.7293871961637,16.83154350674574,17.057881707917137,15.691428811929727,16.800778995308164,0.9486,0.9702,0.981,0.9929,0.9208,2.4854406262317976,0.9929,3.146779848723103,4.213604433045898,4.213095580747334,3.4047056282136365,4.207489718575727,0.9648,0.9808,0.9928,0.9962,0.9491,7.067814965245616,0.9962,8.94845665287852,14.33984491350716,14.403811519693807,12.748580231267466,14.347020519921545,0.946,0.9698,0.9795,0.9721,0.885,3.4878427412835644
0.9858,0.9883,0.9908,0.9913,0.9914,0.9474,3.925302978023526,4.969768410885079,5.287453324223961,5.244787445008719,5.110948427953441,5.30089128650245,0.9606,0.969,0.9822,0.9845,0.9162,14.451707051545965,0.9852,18.297093903386283,20.886682012877134,21.290968486702617,19.169764403165075,20.9643667104451,0.9583,0.9483,0.9568,0.9879,0.9323,2.5979384449408407,0.9876,3.2892116836270144,3.775350312599538,3.796073171439209,3.368972183716873,3.7745873030477233,0.9608,0.9722,0.9832,0.9857,0.9454,6.387471924263503,0.9858,8.087084327590937,8.85442486774674,8.831232737694874,8.105696757404495,8.86374533804152,0.9684,0.9776,0.9799,0.9825,0.9235,3.9869936750685366
0.9681,0.9701,0.9718,0.9758,0.9761,0.9086,3.3616749400021004,4.256167235503089,4.510431258587722,4.397774586378188,4.341249371389406,4.509668153908622,0.9488,0.9574,0.9628,0.9682,0.895,13.474520180813624,0.9685,17.05989196792128,18.38994244893889,17.77477564896098,17.22838680390536,18.41706714421806,0.9293,0.939,0.9524,0.9815,0.8944,2.285215348657237,0.981,2.893277567466896,3.335607686114722,3.3458095075392094,3.075637806291317,3.338712485580181,0.9378,0.9696,0.9781,0.9806,0.9138,4.89521363321794,0.9806,6.197758036794959,7.819950988459624,7.836587728245087,6.913076864889305,7.817221140950686,0.9686,0.9699,0.9738,0.979,0.9238,3.9970555231766607
0.9737,0.9626,0.9744,0.9787,0.9778,0.9214,3.5089618897134973,4.442645077878427,4.6088930292566594,4.462253207670631,4.230069854135237,4.602185222220445,0.9643,0.9638,0.975,0.9896,0.9269,15.049182491599607,0.9893,19.05354877703106,24.294881547706783,24.33455133474992,19.833142758678783,24.29729592944502,0.9737,0.977,0.9859,0.9982,0.9507,3.028254447205284,0.9982,3.8340284498041295,5.506270791450169,5.540920731724983,4.31440578266321,5.502925554050776,0.9504,0.9791,0.9854,0.9933,0.9304,5.561645777957344,0.9933,7.0415179807960095,11.40597213626783,11.41850972373067,9.486348557461648,11.404994489656422,0.9692,0.9583,0.9646,0.9732,0.9256,4.016853607651152
0.9813,0.9885,0.989,0.9915,0.9915,0.9346,3.690571941688984,4.672578895588833,5.144589445801215,5.001463066852018,4.99369192684739,5.148818278481293,0.9358,0.96,0.9798,0.9783,0.8848,13.275196398888864,0.9786,16.807531057058142,19.77784630315577,20.30543137134368,17.523056652782042,19.84309899890105,0.9527,0.9697,0.9714,0.988,0.9239,2.576705978997164,0.9881,3.2623295705460995,3.79530087065465,3.708829067865448,3.541958329410453,3.803366389414868,0.9708,0.9819,0.9832,0.9944,0.9561,7.538021739765312,0.9945,9.5437785395393,12.314727645701396,12.03744626300008,11.993817992649916,12.325724314619803,0.9648,0.9804,0.9869,0.9832,0.9148,3.8669985504535247
0.9708,0.9817,0.9916,0.9895,0.9902,0.913,3.4252436704028524,4.336650670803362,5.015257656939223,5.189277284287403,4.741659261987286,5.0533376915746615,0.9671,0.9585,0.9731,0.9805,0.9342,15.555101227659367,0.9811,19.694085053344363,20.79806409474992,20.22223705770211,19.574173390690277,20.865306670554745,0.9231,0.9084,0.9269,0.9471,0.8876,2.07253462881613,0.9488,2.6240056338127853,2.6190041158625954,2.55381243055394,2.3972809787038374,2.636058157230468,0.9895,0.9976,0.9985,0.9998,0.9819,12.023761276950935,0.9998,15.223107441327262,30.18554742943064,30.098288787814603,20.684224405788854,30.196301042490564,0.9767,0.9789,0.9814,0.9811,0.9392,4.269120146791449
0.9748,0.9751,0.9823,0.9838,0.9838,0.9227,3.5234174990669604,4.46094711242892,4.821499404216824,4.772452718730252,4.54083512423615,4.814026361647279,0.9624,0.9606,0.9692,0.9741,0.9215,14.772798602972683,0.9751,18.70362319761317,19.58968023476973,19.826678426997045,18.54853354239288,19.732846777767957,0.9786,0.9912,0.9953,0.9973,0.9587,3.274222995781436,0.9973,4.145445614193444,5.161250827962211,5.201732378020441,4.390140295792469,5.162302616862676,0.9822,0.9849,0.997,0.9993,0.973,9.444717101930877,0.9993,11.957817515160688,21.306549469798917,21.340490596902743,15.617939021160648,21.304442083403263,0.9924,0.9909,0.9936,0.994,0.973,5.234514624038105
0.9904,0.9954,0.9968,0.9969,0.9972,0.9558,4.004426681150426,5.069945768544822,5.667123470366237,5.631636579287473,5.491647292045121,5.687869130382715,0.9303,0.9595,0.9794,0.9746,0.8756,12.95665050947146,0.9757,16.404224788088037,19.344025960914376,20.038221357715063,17.388168193744878,19.43989960089509,0.96,0.9481,0.9604,0.9925,0.9342,2.7369040016887656,0.9925,3.465153932669568,4.115787801907107,4.129715145098866,3.598914546254119,4.109742833962725,0.9263,0.9539,0.9588,0.9615,0.9012,4.462351077635808,0.9617,5.649717116888629,5.842297160781127,5.806416617535821,5.534658691831334,5.858210790618252,0.9749,0.9743,0.9769,0.9788,0.9339,4.16694605514203
0.9787,0.9777,0.9868,0.983,0.9851,0.9331,3.635325977727269,4.602632792558571,4.740448808823095,4.872867374958428,4.551335079661918,4.812885079297105,0.9642,0.9838,0.9873,0.99,0.9273,15.134066442954689,0.99,19.161019100314995,22.11537186087259,21.968379244059392,21.19659343194892,22.10135371528821,0.9792,0.9556,0.9761,0.9982,0.9597,3.2571233791471346,0.9982,4.123796040883262,5.4344500313063255,5.455960526515683,5.0042117519566025,5.438284384156328,0.9857,0.986,0.9885,0.998,0.9784,10.420962995790443,0.998,13.19382809363647,16.676402069373164,16.543817190837643,16.249063613870288,16.698106870613614,0.9547,0.9723,0.9804,0.9763,0.8977,3.650906282913672
0.9889,0.9866,0.9918,0.9917,0.9914,0.9536,3.961260623811168,5.015293857752672,5.299233076033605,5.423217536237589,5.057980039577522,5.33667628986146,0.978,0.9859,0.9937,0.9924,0.9549,17.187828298337806,0.9934,21.761256801584885,23.107532410209156,23.649988414843136,21.458774620518103,23.201512296114817,0.9773,0.9751,0.9767,0.9964,0.9564,3.159396936255549,0.9965,4.000066027809133,4.911594287012012,4.892077078324723,4.66079319917765,4.921395896477036,0.9525,0.986,0.9927,0.9948,0.933,5.9021253073675375,0.9949,7.472594109005557,12.44379926894856,12.4343200197533,10.126304801918137,12.449696242117046,0.9832,0.9859,0.9916,0.9897,0.9491,4.488032826918859
0.9754,0.996,0.9974,0.9966,0.9969,0.9204,3.5736463842554955,4.5245411657597145,5.662030065684557,5.870482911106782,5.554059713494853,5.706020846092206,0.9783,0.9806,0.985,0.9901,0.9556,17.413286967837873,0.99,22.04670670950659,22.295837475587067,21.00009933811261,20.479157971804188,22.262385917662545,0.9597,0.9868,0.9912,0.9973,0.932,2.798516260187859,0.9973,3.543160307649127,5.130028032910069,5.171717266248301,4.372337621283974,5.117013687857951,0.943,0.947,0.9553,0.9758,0.9203,5.0493500575651,0.9761,6.392907898340933,7.001730191386355,6.966106106742932,6.725541656284151,7.015017229251423,0.9632,0.9574,0.9711,0.9694,0.9119,3.828579058991452
0.9609,0.9716,0.9752,0.9774,0.9776,0.8955,3.2424513075726504,4.105219946696048,4.553298662889754,4.549037523319345,4.414892527955562,4.555613909712349,0.9652,0.9822,0.9853,0.9886,0.9308,15.427099928666248,0.9884,19.532024489905112,21.770654073798077,21.472996002053943,21.06362158366615,21.750750093783424,0.9416,0.957,0.9584,0.9736,0.914,2.29914118274772,0.9739,2.910908861342956,3.041880592011732,2.9436679424303933,2.931919055938093,3.043024408259357,0.9514,0.9622,0.9701,0.9732,0.9333,5.274068441212453,0.9733,6.6774205412243886,6.888119952767759,6.861706658444142,6.101870058789003,6.906401675500776,0.9675,0.9458,0.9471,0.9636,0.9187,3.944634916871197
0.9752,0.976,0.9923,0.9851,0.987,0.9239,3.535760964731337,4.476574992896519,4.854763051084806,5.1424193260599775,4.534008479112105,4.904152766328636,0.953,0.9747,0.9872,0.9891,0.9061,13.999319069542643,0.9889,17.724332128050357,22.26804996978363,22.887362043908343,20.24202690203159,22.29124350991263,0.9636,0.9762,0.9805,0.9896,0.9388,2.7507135676525163,0.9897,3.482638021179149,3.934674944484585,3.937587133736436,3.640753705165127,3.9469462769427626,0.9827,0.9968,0.9991,0.9997,0.9742,9.991804740659758,0.9997,12.650477134090163,25.80256925722971,25.778952232915284,17.02610715143847,25.810170141995687,0.9631,0.978,0.9884,0.984,0.9106,3.831228957520127
0.9824,0.9772,0.9802,0.9873,0.9873,0.9365,3.705180581037786,4.691074679167364,4.978910372283696,4.734126140709222,4.639135969366892,4.976349121715977,0.9646,0.9756,0.9883,0.9849,0.9252,14.899371783170585,0.9845,18.86387564083464,21.584740859581306,22.19379637918442,20.71684497289387,21.5964761981225,0.9553,0.9751,0.9809,0.9852,0.9275,2.5839572248132168,0.9855,3.271510266303329,3.590891670773817,3.5450387691289444,3.407288161652525,3.609775109385348,0.9896,0.9835,0.9954,0.9996,0.9821,12.117783609293776,0.9996,15.342147734474382,25.309665545509148,25.27453942138533,22.540847037970757,25.31758747518827,0.9582,0.9524,0.9567,0.9617,0.9019,3.864622103211152
0.9625,0.9765,0.9868,0.9827,0.9821,0.8992,3.270743948034509,4.141040842972103,4.799882920224924,5.102648947155827,4.587121522332459,4.806172936880532,0.983,0.9823,0.9962,0.9941,0.9639,17.929745408998848,0.9927,22.70058715154808,25.577967433782124,25.855500879781168,24.68443345784737,25.50381053679573,0.9765,0.9654,0.9692,0.9937,0.9555,3.117620843212536,0.9937,3.9471739303843623,4.22147947991061,4.11284888585785,4.095003998617462,4.230232352181216,0.9587,0.9803,0.9909,0.994,0.9419,6.311768972937303,0.994,7.991237933511782,12.074140891659662,12.072551499921309,11.04104859591738,12.094661599057927,0.9647,0.98,0.985,0.9831,0.9128,3.858810213081242
0.9712,0.9815,0.9868,0.9831,0.983,0.909,3.498873053472676,4.42987175058804,4.760503842610182,4.881684903347484,4.671698092693196,4.750270299624503,0.9545,0.9494,0.9636,0.9677,0.8982,13.695896581939635,0.9686,17.340173375851087,18.35535813254161,18.45377079880813,16.83695068382187,18.42140823854486,0.9582,0.9779,0.982,0.9989,0.9307,2.745616220275364,0.9989,3.476184344579888,5.96666107829548,5.970163830803763,4.440693707236447,5.964234736066651,0.9769,0.9884,0.9957,0.9983,0.9654,8.420216158427316,0.9983,10.660711927527895,17.20256985818094,17.190709026688793,13.880135234577734,17.196982892131665,0.9658,0.9831,0.9917,0.9881,0.9191,3.9216778029754544
0.9844,0.986,0.9883,0.9886,0.9885,0.9416,3.7547976243049073,4.753894088433606,5.030880963831298,4.925808532188752,4.837095552744276,5.029063567544755,0.9568,0.9732,0.9765,0.976,0.9187,14.901012843699132,0.9759,18.865953363451418,19.470873613252024,19.629281836813178,18.89706295735689,19.452504558519728,0.9573,0.9868,0.9926,0.9922,0.9307,2.6238008254805725,0.9924,3.321955663532832,4.165100557977422,4.100519475659118,4.025906569432145,4.174992503123759,0.973,0.9852,0.9874,0.9924,0.9612,7.612419591457317,0.9924,9.637972566152454,10.986586826121409,10.9527783675402,10.244007444798354,10.984115641787287,0.9783,0.989,0.991,0.9914,0.9432,4.377522091117958
0.9648,0.9637,0.9659,0.974,0.974,0.9045,3.3307255461480607,4.216982662803099,4.554063313999245,4.378017604302787,4.33899865256217,4.5681882990592975,0.9778,0.9656,0.9772,0.9873,0.9503,16.652029683087065,0.9873,21.082890049368004,22.09907061037559,22.36218177442377,20.235855338264194,22.08930571578233,0.9736,0.9717,0.9768,0.9995,0.9493,3.15372407646775,0.9995,3.992883703404973,6.757375147500057,6.759681762490122,4.876428431690155,6.754084097199121,0.9601,0.9843,0.9898,0.9899,0.9444,6.381923490571124,0.9899,8.080059537237515,9.996299952809943,10.021372482021466,9.345136440861229,9.994165707024742,0.9725,0.976,0.9787,0.9812,0.9297,4.109855471913661
0.9772,0.975,0.9852,0.9853,0.9857,0.9275,3.5894458794100155,4.544544674372036,5.0098377037643615,5.230232531329674,4.5500363830483295,5.019106163073321,0.9718,0.9844,0.9895,0.9934,0.9399,15.783107851613488,0.9936,19.98276088895344,23.419049075099547,23.58507641284055,21.81048022075101,23.558006100524462,0.9649,0.9639,0.974,0.9883,0.9393,2.846221986530633,0.9883,3.603559826647792,3.801414204197776,3.785539784568992,3.357146653762282,3.800776749668327,0.978,0.9768,0.987,0.9971,0.9663,8.648668107259127,0.9971,10.949951582419748,15.395177878233651,15.430155554034124,14.967958432735507,15.401619876235012,0.9524,0.9373,0.9416,0.9561,0.894,3.60546287407894
0.9767,0.9872,0.9894,0.9886,0.9885,0.9268,3.568986033180877,4.518640763756622,4.973149556585167,5.043266852463058,4.882653011913405,4.980148480157963,0.9776,0.9887,0.9918,0.9923,0.9542,17.179485520079204,0.9925,21.750694132644234,23.101665397356296,22.68959892410746,21.879961452482508,23.13520022756516,0.9837,0.9846,0.9902,0.9927,0.9704,3.284804055184286,0.9927,4.158842137995145,4.2547287512553424,4.07265997749111,3.967668448434022,4.251945575747398,0.9587,0.965,0.9665,0.9892,0.9427,6.103278371599158,0.9892,7.727271047312728,9.501277700608526,9.436592512116524,9.06119822125632,9.510634684063264,0.9587,0.9692,0.9812,0.9756,0.9035,3.7409943042853264
0.9575,0.9376,0.9432,0.9566,0.9555,0.8905,3.1849966538164063,4.032477453977716,4.170122352189194,4.126024703911545,3.904049287927071,4.147582885924335,0.9764,0.9692,0.9742,0.9882,0.9478,16.480522408813183,0.9878,20.865747210026584,22.417428070336143,22.418358006775662,20.826689556367267,22.43478195837401,0.9512,0.9601,0.9611,0.9796,0.9236,2.530462477579713,0.9797,3.203781353035286,3.300564523814157,3.072529501079021,3.0558207315743613,3.3056103313131144,0.9386,0.9591,0.9678,0.9872,0.9145,4.917361739827211,0.9873,6.225799429065548,9.02962317770766,9.002349486997204,7.415538518221747,9.041328802003958,0.9811,0.9753,0.9768,0.9816,0.9444,4.381546772374797
0.962,0.9693,0.9759,0.9736,0.9737,0.8951,3.274904726509119,4.1463087434484684,4.435095398788711,4.494555359066336,4.326487912091534,4.427409964589307,0.9793,0.9926,0.9966,0.998,0.9566,17.37797396335975,0.998,22.001997433526785,27.28156856787614,27.94900519261877,25.487335877905085,27.412584143973127,0.9345,0.9657,0.968,0.9687,0.8998,2.480058560016724,0.969,3.13996569378762,3.023590083636193,2.9230845140256267,2.888878668603006,3.032048237405092,0.9447,0.9828,0.9894,0.9892,0.9208,5.421214004896032,0.9892,6.863719376827836,9.51119180287694,9.511118257543666,8.270724615470757,9.509635685425703,0.959,0.9822,0.9864,0.9838,0.9029,3.7162402001662738
0.9743,0.9754,0.9778,0.9806,0.9798,0.9226,3.5213042161668104,4.458271516007643,4.783754583031847,4.841600245704159,4.623590245040935,4.778366071817709,0.9653,0.9739,0.9782,0.991,0.9327,15.53833826620028,0.9904,19.672861714203748,24.031408810189816,24.12285442041723,21.73254745634582,24.03874116023278,0.9425,0.9783,0.9793,0.9881,0.9102,2.5656066908459847,0.9883,3.248276924942469,3.7941075644819646,3.705513509064984,3.600580934723057,3.800711616564781,0.9641,0.9887,0.9955,0.996,0.9488,6.86986256525363,0.996,8.697832028525468,14.181792744703356,14.193094077068247,11.886082504621369,14.17432251332201,0.973,0.9873,0.9909,0.9891,0.9329,4.133008281515036
0.9779,0.9454,0.9547,0.9693,0.9695,0.9298,3.647234771675316,4.61771034155443,4.632182663655359,4.47688292041154,4.198226935096036,4.611908730858338,0.9732,0.9799,0.9855,0.9933,0.9451,16.29219723774819,0.9931,20.62731147872806,23.073004157351782,23.00217433634601,21.2684308837488,23.08196870988248,0.9878,0.9942,0.9962,0.9999,0.9756,4.010903234011476,0.9999,5.078145636937268,9.368102983389909,9.405630175567133,6.780142584759851,9.356705586992703,0.9662,0.9861,0.9885,0.9899,0.9517,6.83346491389038,0.9899,8.651749497065293,9.995279994800136,10.01753367129922,9.171031291310166,9.987137558633846,0.9618,0.9775,0.9813,0.98,0.9089,3.7971537405101823
0.9716,0.9879,0.9909,0.9893,0.9895,0.9174,3.450639554442888,4.368804026346943,5.071547754045229,5.2096647662213735,4.957435138602417,5.093813335702885,0.9447,0.9632,0.9712,0.9707,0.8979,13.882114674879528,0.9713,17.575941366502835,18.91268959156062,18.639381434481667,17.811792137006698,18.98520673956653,0.9828,0.9801,0.9874,0.9991,0.9673,3.4488759533965503,0.9991,4.366571156981556,6.356153971185375,6.384426873429642,5.02330479630954,6.3614499851244375,0.9342,0.9727,0.9833,0.9827,0.9098,4.770903633705192,0.9827,6.040370973377331,8.21995049029497,8.249451505746451,7.367218869044485,8.218436583742601,0.9612,0.9774,0.9791,0.9793,0.9062,3.7738061603397104
0.9321,0.938,0.9441,0.9475,0.9484,0.8504,2.8885460419108155,3.657145691134332,3.8652611633304543,3.8541719211433785,3.73446113354198,3.877410667531894,0.9577,0.9536,0.9619,0.9663,0.9207,14.995861469296798,0.9666,18.986039814344565,18.58955552387332,17.669722319920364,16.94939929801494,18.60452554851469,0.9791,0.9957,0.9973,0.9991,0.9587,3.3901071736773947,0.9991,4.292164868695094,6.318923427431423,6.344861981156737,5.496040608447465,6.312608854896016,0.9436,0.9701,0.9733,0.9722,0.92,5.273548138344131,0.9725,6.676761793409619,6.747592494184201,6.687300845794624,6.483649758238983,6.779417601031797,0.9695,0.9857,0.9945,0.9916,0.9253,4.043364781552359
0.9667,0.9648,0.9703,0.9761,0.9758,0.907,3.380078132662932,4.279467247261999,4.551368543840768,4.383442222795493,4.260349032589934,4.55896423107902,0.9729,0.9754,0.9792,0.983,0.9433,16.1168186425635,0.9837,20.40526721687769,20.855572162181964,20.40526235938935,20.05110050719284,20.927603207347648,0.9507,0.9599,0.964,0.9842,0.9222,2.601322878950401,0.9843,3.293496665785999,3.493806062022094,3.453371985281472,3.274831587349964,3.492535870087116,0.9857,0.9829,0.9889,0.9993,0.9782,10.59465508994653,0.9993,13.413737101320772,21.328829192463814,21.300300510927094,17.987123020200574,21.336432059346805,0.9678,0.9867,0.9931,0.9896,0.9213,3.955539388318921
0.9789,0.9595,0.9633,0.9757,0.9752,0.9306,3.6188720022793466,4.581800656065571,4.769535348045766,4.532142527807577,4.461920037600335,4.75673993803692,0.9539,0.9612,0.9661,0.9681,0.9099,14.227095473329427,0.969,18.012716485289083,18.34854587493894,18.23535645953161,17.65619299495405,18.411182292333937,0.9475,0.9563,0.9733,0.9783,0.9179,2.5868586129902997,0.9784,3.2751836712330658,3.189017249314185,3.238860170750442,2.937538144219576,3.194488683550017,0.9607,0.9668,0.9732,0.985,0.9463,6.115599630235634,0.985,7.742870811788675,8.535269389266194,8.355168255659454,8.311058299820951,8.530524333850344,0.9629,0.982,0.9908,0.9853,0.9143,3.8856294662621753
0.9654,0.9714,0.9726,0.9783,0.9783,0.9061,3.325921537121819,4.210900377578777,4.611101640808169,4.450229317143842,4.405450135420565,4.603967333218225,0.9692,0.9823,0.9842,0.9861,0.9383,15.82873196528556,0.9864,20.04052490874288,21.968252579979232,20.849320922731533,20.555149150330937,21.93114413304022,0.9548,0.9632,0.9868,0.9899,0.9277,2.5228389171165464,0.9899,3.194129275175197,3.8579832348923326,3.9648214625023512,3.5015090511220013,3.853098437856772,0.9419,0.9701,0.9799,0.9835,0.9174,5.1643329460121,0.9835,6.538486043517374,8.330714070324888,8.317839633864594,6.975113082721432,8.338473373779872,0.9653,0.9865,0.9892,0.9886,0.9147,3.881488739280272
0.982,0.9961,0.9988,0.9974,0.9978,0.9358,3.699338626438189,4.683678266307148,6.053378428396547,6.464962979567439,5.913446253579702,6.104181415696788,0.9808,0.9735,0.9763,0.9853,0.9594,17.522897722519392,0.9862,22.18548327507601,21.121666833690917,19.855300890583173,19.571304169943478,21.18694250859917,0.9471,0.9737,0.9784,0.9801,0.9175,2.547875682664545,0.9806,3.225827956073922,3.3473846808317336,3.3032268753581397,3.1706327499537563,3.368734238527816,0.9543,0.9772,0.9852,0.9909,0.9353,5.951898957214366,0.9909,7.535611795560742,10.27684412621916,10.270065278255665,9.473557903663076,10.293820132591966,0.977,0.9797,0.9823,0.9843,0.939,4.265142693029877
0.9598,0.9671,0.9745,0.9741,0.9742,0.8949,3.231120782239216,4.090874535094422,4.435998793634914,4.456009290609654,4.24990942057854,4.436469294975602,0.968,0.9497,0.9688,0.9804,0.9262,14.948201473385026,0.9797,18.925698193972487,22.057973754163505,21.89110591861188,20.988704199666515,22.100222493598928,0.9722,0.9772,0.9875,0.9982,0.9489,3.007069562889261,0.9982,3.807206579122689,5.514615458051967,5.563419990331409,4.255393053908175,5.524428917300088,0.9633,0.9823,0.9848,0.9899,0.9483,6.648133354435857,0.9899,8.417103933430118,9.93650023249934,9.881339889661234,9.36262710678906,9.928677430870922,0.9381,0.9583,0.9774,0.97,0.8717,3.359546543304573
0.9731,0.9807,0.9885,0.9857,0.9866,0.9158,3.52030753982484,4.457009638739076,4.873757303983886,4.958842139921561,4.647689672444017,4.8864337981039085,0.9763,0.9856,0.9875,0.999,0.9514,17.292129179223828,0.9988,21.89331061398024,32.515520817307234,32.45639155745786,25.563441214323905,32.569625544568304,0.9722,0.9694,0.9847,0.9931,0.9488,3.0037305129916447,0.9934,3.802979057120835,4.208945390394619,4.190297675191057,4.04003332186644,4.22589834760485,0.9794,0.9953,0.9982,0.998,0.9699,8.893677343183112,0.998,11.260154175159023,16.731974702304438,16.73251635667051,14.437982639136822,16.733628078721686,0.9424,0.9721,0.9829,0.9772,0.88,3.429941428015062
0.9707,0.9641,0.9696,0.9768,0.9763,0.9161,3.474255390282978,4.398703689025676,4.934410669531662,5.037566281831575,4.621895702951324,4.958327384462896,0.9749,0.9794,0.9881,0.9895,0.9494,17.041579170037416,0.9902,21.576092929645316,22.17356742885957,22.589439370408478,20.90857355487706,22.31100780276981,0.9618,0.9748,0.9762,0.9785,0.9357,2.7864525466592,0.9786,3.527886617249084,3.284395555608396,3.175989385450184,3.134784412980257,3.29391217293378,0.9761,0.9766,0.9813,0.9982,0.9636,8.460918703039408,0.9982,10.71224482106206,16.960956607601783,16.902625884333407,15.299651591348972,16.97093675954362,0.9595,0.9698,0.9777,0.9737,0.9036,3.72828598358696
0.9883,0.9918,0.9939,0.996,0.9958,0.9503,3.912192447429767,4.953169360783828,5.884602069320741,6.025292133014831,5.319767168400437,5.911848805957495,0.9704,0.9697,0.9772,0.9799,0.9409,16.02287952472502,0.9802,20.286332280391548,20.513166782848334,19.54431371677864,18.56119943497672,20.557445508737736,0.9582,0.9773,0.9859,0.9927,0.931,2.6898994218426417,0.9927,3.405642124945668,4.154443987540254,4.200914945106307,3.680239927708696,4.156149854751562,0.9747,0.9806,0.9835,0.994,0.9627,7.711933512194415,0.994,9.76396567865649,11.96157527984808,11.9163468131982,10.932568832413576,11.97616449428566,0.9649,0.9579,0.9676,0.9716,0.9176,3.9200878777000905
0.9814,0.9849,0.9892,0.9904,0.9905,0.937,3.691944062513401,4.674316117598773,5.065770846578321,5.00058003608315,4.835305306050703,5.069751449093517,0.9497,0.9375,0.9418,0.9537,0.8955,13.534116675167107,0.9543,17.13534621354147,17.234586697068547,16.014254820913628,15.724078070552892,17.210800217691098,0.9735,0.9908,0.9926,0.9965,0.9492,3.1483438802881265,0.9965,3.986071916093889,4.992986733289018,4.95737062172268,4.769500351940426,5.002806900669106,0.9598,0.9859,0.9876,0.9941,0.9428,6.592213592120897,0.9941,8.346304744207528,12.069832821939189,12.05429953382419,11.737885711148335,12.088261648304742,0.9669,0.9891,0.9955,0.9921,0.9165,3.946083880834011
0.9251,0.9183,0.9323,0.9404,0.9379,0.8375,2.804193603120759,3.550348308097412,3.746524438504104,3.695029515741979,3.4868855908311893,3.725000680210261,0.96,0.9777,0.9802,0.9846,0.9206,14.77004571058468,0.9849,18.70013780101956,20.96330666532508,20.3792961552353,19.993706210337205,20.967211878245536,0.928,0.9365,0.9524,0.9587,0.8944,2.15238364936818,0.9594,2.725101305204629,2.8381902829652788,2.825754003563409,2.5803613732762325,2.849206998950839,0.9732,0.9569,0.9657,0.9943,0.9612,7.714322179626169,0.9943,9.766989935385949,12.193746223365284,12.11262286323418,11.07762425327694,12.21773649229746,0.9799,0.9904,0.9933,0.9913,0.9433,4.342979251504787
0.9768,0.9782,0.9826,0.9809,0.9811,0.9261,3.577817016374442,4.529821541790356,4.6631463856724285,4.731822475616189,4.565921800813971,4.673111395780312,0.9885,0.9735,0.9777,0.9941,0.9706,18.547808681320586,0.9942,23.483107977051198,24.00565472168177,22.826337284772485,22.5302329021681,24.072161320192283,0.9639,0.9693,0.973,0.9883,0.9388,2.783791414737442,0.9883,3.5245173972332045,3.7842656355855273,3.780755857055171,3.532873624006437,3.783969267337482,0.9338,0.9479,0.9504,0.9624,0.9096,4.67081328575558,0.9625,5.913648054851194,5.754273953601959,5.658322213240769,5.6207742850330655,5.771999431518747,0.9458,0.9508,0.9715,0.9648,0.8846,3.4828187313030323
0.9621,0.9659,0.974,0.9716,0.9709,0.8974,3.275569286579835,4.147150133187062,4.611858120904166,4.790133873928124,4.426719709563898,4.630699772250388,0.9824,0.9749,0.9871,0.9922,0.9639,18.111950609675965,0.9914,22.9312744782828,31.58403628299861,32.43087463821008,29.03922362068661,31.48973318028037,0.9794,0.93,0.9418,0.9941,0.9593,3.3276229530044974,0.9921,4.213054515222381,6.665828409299631,6.685771679281471,5.745998634505949,6.65249809334314,0.9727,0.9759,0.9803,0.9987,0.9598,8.117602205308724,0.9987,10.277576848956436,17.997993897367017,17.949745549745316,13.81968292922828,18.005790072104837,0.9659,0.9672,0.978,0.9755,0.9192,3.9260003741357057
0.9685,0.9804,0.9947,0.9916,0.991,0.9102,3.3717774132126697,4.2689578283604535,5.096410649750852,5.340632199953857,4.664789647693297,5.085609992727891,0.964,0.9928,0.994,0.9951,0.9307,16.32783694038976,0.9953,20.672434382451165,24.21802423131073,23.975527260833463,23.66666527458959,24.17039139616236,0.9756,0.9852,0.9971,0.9991,0.9544,3.0786533949156363,0.9991,3.8978378167944143,6.368730839241454,6.430588024302987,4.703923642722808,6.364468174784079,0.9658,0.9797,0.9843,0.994,0.9514,6.8296154535161495,0.994,8.646875751860422,12.068934196160816,12.042113093865831,10.745314122318126,12.073511040887166,0.9808,0.9802,0.9846,0.9848,0.9438,4.367263413249008
0.9809,0.9828,0.9842,0.9865,0.9866,0.9333,3.8374897119664952,4.858589325308704,5.23530788014146,5.149987296668304,5.024987247337219,5.250609702508414,0.9369,0.9493,0.9664,0.9591,0.8833,13.114129541562416,0.9603,16.603606676172628,17.69623993274979,18.041391368424964,16.59966880724651,17.729442577648083,0.9347,0.9645,0.9809,0.9904,0.9026,2.345426625501513,0.9904,2.9695101801633075,3.9111733624543006,3.942305535368821,3.2949807754867817,3.909150389673308,0.9736,0.988,0.9936,0.9986,0.9612,7.779204620783125,0.9986,9.849136640567242,17.694142411721987,17.700969651854205,12.8881069662855,17.687793261426105,0.9658,0.9804,0.9898,0.9845,0.9153,3.88348517639703
0.982,0.9862,0.995,0.992,0.9914,0.9383,3.72439601160241,4.715403053398927,5.218382506705252,5.452903870396394,4.923131498213805,5.214521149588631,0.9717,0.9558,0.9753,0.9778,0.939,15.70397002204228,0.9774,19.88256564601017,20.609454871280168,20.635675113386835,19.426466730615644,20.614780255671317,0.9552,0.9582,0.9627,0.9786,0.9253,2.736907593879156,0.9788,3.465158480689028,3.221361065676197,3.098038023458769,3.081281160688853,3.2323216727997,0.9689,0.9834,0.998,0.9987,0.953,7.602717277281386,0.9987,9.625688608767769,17.95092924969825,18.034291893217528,12.242905173994796,17.953010769484337,0.9895,0.9971,0.9988,0.9981,0.962,4.860345903471257
0.979,0.9724,0.9733,0.9809,0.9801,0.93,3.625355523014121,4.590009346380535,4.647874174917935,4.414855566378193,4.389538622980964,4.618587274643327,0.9671,0.9691,0.9715,0.9827,0.934,15.570877766921177,0.9823,19.714059497838303,20.849164963426077,20.043018109101585,19.712984087911817,20.806930594777125,0.9721,0.9876,0.9966,0.9981,0.948,3.027675718828804,0.9981,3.8332957303121535,5.468086415810325,5.505294811713389,4.255169124933184,5.4807610677254015,0.9722,0.9873,0.9909,0.9983,0.9589,7.795799223266407,0.9983,9.870146822882932,17.217482852053966,17.165358520792985,12.881109073316702,17.22408176184386,0.9763,0.9906,0.9952,0.9922,0.9371,4.227681133943494
0.983,0.9851,0.9899,0.9925,0.9927,0.9411,3.748177259051345,4.745512141284587,5.63390205393452,5.781001810334969,4.951055233214165,5.606096582196187,0.9659,0.9708,0.9801,0.9881,0.9274,15.039873704734491,0.9878,19.041763058790988,22.210628553737383,21.56808153284212,21.14960000290621,22.178026009832195,0.9537,0.9711,0.9818,0.9875,0.9246,2.649873417530604,0.9877,3.3549657891423923,3.68384329901594,3.7124045782447608,3.32871547165916,3.694739273116819,0.9719,0.9842,0.9929,0.998,0.9588,7.705919445045918,0.998,9.756351356627624,16.62052356222436,16.67483622067443,13.598946124600788,16.625124360803234,0.9593,0.9565,0.963,0.9693,0.9046,3.739639358293224
0.9745,0.9895,0.9952,0.9921,0.9922,0.9219,3.512369307260536,4.446959159156427,5.174800157939271,5.408397077208129,5.025720794247927,5.181961532684701,0.9718,0.9875,0.9893,0.9943,0.9453,16.713119961067854,0.9947,21.160235552484803,24.98817123858403,25.14422130803732,24.12818400743367,25.1652285251908,0.9786,0.977,0.9804,0.9946,0.9593,3.192345347244688,0.9947,4.041781526724616,4.517767184543391,4.427818447042825,4.296737786507856,4.531631997843252,0.9857,0.9915,0.9982,0.9993,0.9782,10.331655087230748,0.9993,13.080756663154002,21.382104938546448,21.35135752643558,16.618819149161602,21.40663759610796,0.9794,0.984,0.9894,0.9882,0.9426,4.336545786037296
0.9737,0.9672,0.98,0.9781,0.9761,0.9211,3.505519779750694,4.438287073042697,4.651877330079127,4.651995803736774,4.367308174004758,4.621565938603387,0.9788,0.9703,0.9749,0.9858,0.9565,17.60447761727901,0.986,22.28877038086365,21.23350708436007,20.44295915491447,19.682052984719896,21.300584210748507,0.9636,0.9822,0.9909,0.9901,0.9377,2.858121792257071,0.9904,3.61862599578837,3.9391277397715054,3.956577251091978,3.782826485209103,3.967614003772257,0.9491,0.9859,0.9892,0.992,0.9281,5.679636960266965,0.992,7.190904882619469,10.632383260327751,10.630929282254858,9.756790014346144,10.640072982874493,0.934,0.9389,0.9509,0.9489,0.8638,3.3006244313408084
0.9785,0.9886,0.9921,0.9916,0.9917,0.9304,3.652704718870154,4.62463576130682,5.1546793641084205,5.131189726675888,4.974717843721825,5.154913239379233,0.9729,0.9779,0.9843,0.9888,0.9432,16.11552004440886,0.9883,20.4036230808394,23.29399909555438,23.1268836836811,22.430662858210628,23.242143650804707,0.9458,0.9735,0.9827,0.9899,0.9173,2.509619539431242,0.9899,3.17739241537105,3.937450234087491,3.9441195736087127,3.481775372208536,3.934712129629042,0.97,0.9861,0.9903,0.9961,0.9558,7.150090928330275,0.9961,9.05262504054249,14.395337060412794,14.39155934037781,11.657112120368769,14.393151023910267,0.9675,0.9737,0.9819,0.9809,0.9221,3.967182369036077
0.9815,0.9795,0.988,0.9883,0.9885,0.9356,3.7381057458306177,4.732760746415349,4.984003085316146,5.004654660317838,4.697565738589295,4.9757923041249565,0.9853,0.9763,0.9833,0.9912,0.9648,17.92084001048696,0.991,22.68931215737348,23.007272713203022,22.646376786641184,21.54892233776223,23.0068953162412,0.9697,0.974,0.9873,0.9935,0.9448,2.940770014630158,0.9935,3.7232656954663774,4.211021674569097,4.1466037014111,4.094060455397038,4.2085661234655465,0.9636,0.9795,0.9855,0.9906,0.9488,6.45042914801089,0.9907,8.166793543304607,10.275949920355767,10.282180258036323,9.689704835175108,10.281069692031926,0.9672,0.977,0.9825,0.983,0.9165,3.9403619446784406
0.9323,0.9511,0.9673,0.9624,0.9621,0.8472,2.874236357721765,3.639028410289862,4.21403125825711,4.362359839024108,4.058744982159945,4.210290570958007,0.9507,0.9596,0.9707,0.9784,0.9048,13.99761071252898,0.9786,17.722169202342826,20.1249882581805,20.289155329523854,18.47059733502525,20.20796763402182,0.9528,0.9846,0.9906,0.9924,0.9236,2.6574797543708617,0.9925,3.3645960604266483,4.194569396082417,4.223006295405954,3.673192774136068,4.1962216802444425,0.9714,0.9662,0.9683,0.9963,0.9566,7.791746098615388,0.9963,9.865015221330443,14.686250013256483,14.629705793038136,14.147242408552522,14.686428729749082,0.9685,0.9797,0.9872,0.9833,0.9182,3.9752400029075727
0.949,0.9593,0.9784,0.9705,0.9712,0.8739,3.072499767280147,3.890046799284066,4.379478275549991,4.618209246486384,4.070523923558301,4.407645215898165,0.9721,0.9833,0.9907,0.9897,0.9435,16.131314082602472,0.9892,20.42361968047372,22.64253921309061,23.47602565776737,21.471287816672127,22.60017586573025,0.9848,0.9952,0.9965,0.9991,0.9707,3.652360671808189,0.9991,4.624200168378074,6.461285451242937,6.474533148065861,5.399259876431125,6.465180563008946,0.9553,0.9901,0.9928,0.9938,0.9365,6.239886881124631,0.9938,7.900229073508107,11.703436203674924,11.686882077382524,10.538977497164089,11.710505044262304,0.9739,0.9822,0.9879,0.9856,0.9337,4.159780117824683
0.9763,0.9842,0.9892,0.9883,0.9879,0.9261,3.5651417299562715,4.5137735479430985,4.951087997785967,4.993115184046348,4.751146625816613,4.93112575939107,0.9727,0.9604,0.9749,0.9834,0.9411,15.915880237163467,0.9811,20.150862054962385,26.01502654901305,26.710457144880024,23.932757543119298,26.020120299793994,0.9546,0.968,0.9703,0.9846,0.9265,2.60102829104089,0.9851,3.293123692363281,3.577172138264936,3.4198355018707867,3.371050131600869,3.594431792123676,0.9624,0.9784,0.9819,0.9895,0.9477,6.395591820862977,0.9895,8.097364809338625,9.670069684688087,9.6321060208113,9.171183697825835,9.67592885499288,0.974,0.982,0.987,0.9857,0.9339,4.164464862244024
0.9729,0.989,0.9915,0.9903,0.9902,0.9193,3.4841963066075947,4.411289737084114,5.062375476915257,5.201470378138124,4.978047553814946,5.081999347153047,0.9768,0.9904,0.996,0.9979,0.9525,17.037229508876443,0.9979,21.57058588757574,26.712876590886733,27.428249018035583,24.47830423468486,26.78317990554192,0.9148,0.935,0.9383,0.9435,0.8773,2.10213991380892,0.944,2.6614884500377127,2.6849688314893307,2.491418298336644,2.458132947150505,2.6836685544004304,0.9673,0.9843,0.9925,0.9976,0.9521,7.185590338062838,0.9976,9.09757032147537,15.905449510781994,15.895098282986844,12.038791170300078,15.904190366182547,0.9856,0.9985,0.9997,0.9994,0.954,4.603678716811835
0.9665,0.9693,0.9706,0.9774,0.9771,0.9072,3.3387147705622207,4.227097702417431,4.632944861782919,4.472785674890051,4.450975732918536,4.616312261125797,0.9701,0.9819,0.9891,0.9849,0.9408,16.206961273024135,0.9867,20.519395476491148,21.31609218309704,22.26902010952864,20.49486161494509,21.43618783248294,0.9706,0.9632,0.9688,0.9878,0.9463,2.986711183081174,0.9878,3.781431133651732,3.652390297314316,3.536182740825669,3.494525118630039,3.6566462314436343,0.9273,0.9609,0.9637,0.966,0.9028,4.490654242667676,0.9662,5.685551338168098,6.123634619365316,5.937888019560418,5.908490406425712,6.126440873973732,0.9662,0.9586,0.9629,0.9703,0.9186,3.947007290518016
0.9593,0.9657,0.9741,0.9717,0.9721,0.8939,3.216020481441637,4.071756266181469,4.417950526710163,4.524906039947709,4.253641072133933,4.439896572639114,0.9704,0.9681,0.9717,0.9796,0.9402,15.93803778689746,0.9795,20.1789154030344,20.085127399551148,19.0955004865126,18.736426274011254,20.11181885417057,0.9461,0.969,0.9803,0.9843,0.9175,2.504533438631653,0.9846,3.1709529778983527,3.5341470304413347,3.507210742786095,3.3358111737461678,3.557779332878311,0.9569,0.9859,0.9902,0.9953,0.9391,6.3334522672581,0.9953,8.018690833775212,13.113850279764272,13.049265183086325,10.440861663603709,13.106728085183027,0.9544,0.9704,0.9808,0.9748,0.897,3.662879447530963
0.9582,0.9705,0.9762,0.9763,0.9776,0.8905,3.194833211558616,4.044931375168711,4.523396674643411,4.573988737850156,4.394784319556006,4.564202975045612,0.9799,0.9834,0.9895,0.9925,0.9534,16.91809080585491,0.9922,21.41974612664385,23.51209581809876,23.17182013513945,22.669706142101763,23.517974028548124,0.9474,0.9682,0.973,0.9774,0.92,2.4349403651854447,0.9777,3.082842210407096,3.2538536390364445,3.178576645942922,3.0725984220086837,3.2567336948775782,0.9792,0.9719,0.9793,0.9962,0.9695,8.588032760926556,0.9962,10.87318206157669,14.548126544538732,14.34792399221206,14.201264006307346,14.555139628349057,0.9682,0.9911,0.9951,0.994,0.9182,3.965303023710233
0.9606,0.9545,0.9653,0.9688,0.9689,0.8914,3.222969105280226,4.080553816700621,4.310709560080184,4.224114192753651,4.073467062756318,4.312855946043668,0.981,0.9952,0.997,0.9977,0.9618,18.043216030629548,0.9976,22.84425063793396,27.128821383439817,27.598868785489955,25.891070247595472,27.08211068910612,0.9655,0.9686,0.973,0.9773,0.9412,2.741479048097037,0.9776,3.470946331688308,3.316570125538829,3.0809550427361807,3.0401489899867924,3.327882144811267,0.9835,0.9767,0.9794,0.9969,0.9759,9.62960475486952,0.9969,12.191901055280136,15.278703827991889,15.223575365834538,14.13260291505564,15.291666461257549,0.9692,0.9881,0.9936,0.9906,0.923,3.992958857065179
0.9655,0.9825,0.9924,0.9871,0.9872,0.905,3.3578298447497974,4.251299016914937,4.873836040012924,5.25686823190442,4.7149124966249225,4.898734127105834,0.9671,0.9632,0.9661,0.9709,0.9376,16.21986806899138,0.9717,20.535736581176028,19.90658831464852,18.224526655585247,17.910795621895502,19.928767170148824,0.942,0.9788,0.9816,0.9863,0.9102,2.547005043651802,0.9863,3.22472565281554,3.627884158184637,3.5167283227573365,3.476475496696551,3.635873698713496,0.9457,0.9748,0.99,0.9924,0.9227,5.328984807027324,0.9924,6.746949344884986,10.942477676910505,10.966543264273808,8.533598756392184,10.93348391390454,0.9878,0.9881,0.9923,0.991,0.9591,4.747046200892053
0.9684,0.969,0.9736,0.9785,0.9785,0.9091,3.3653617278037835,4.26083502335463,4.582587936259788,4.423190785642708,4.305288655150448,4.589500749816114,0.9642,0.9803,0.9939,0.9935,0.9279,15.225111289682594,0.9937,19.27628964268471,23.34598872226625,23.813759068249254,20.42173282896576,23.53445206006064,0.9072,0.9639,0.9702,0.9658,0.8689,1.977061066968541,0.9671,2.503127960318205,3.019426110536294,2.974902968127605,2.861728407303721,3.028173825207282,0.9444,0.9665,0.9788,0.9942,0.9208,5.338758348943783,0.9942,6.759323482665131,12.1829964256033,12.117423799129208,8.717975290780556,12.19117803320386,0.977,0.9904,0.9932,0.9912,0.9383,4.25958773295219
0.9682,0.9512,0.9653,0.9729,0.9729,0.9097,3.388980703263193,4.290738661059241,4.728043650167978,4.809495793768876,4.37420566722583,4.800317116796531,0.9729,0.9729,0.9742,0.9816,0.9459,16.433926367772038,0.9819,20.80675264727943,20.76439052344477,20.154061347363932,19.95747068401085,20.840847694905307,0.9397,0.949,0.9619,0.9756,0.9112,2.309954731480294,0.9762,2.924599736468161,3.130173023752772,3.0234339131554155,2.9364144184478875,3.135406033083452,0.9751,0.9948,0.9968,0.9969,0.9627,8.09610497102829,0.9967,10.250359516575614,15.3833353469654,15.315638006284535,13.169910790962698,15.363070524731294,0.9734,0.9809,0.9864,0.9852,0.9331,4.148060441911762
0.9534,0.9739,0.9825,0.9788,0.9786,0.8826,3.120329565247162,3.95060340354272,4.5897936237659644,4.763062306051709,4.4354367685097,4.583643157426627,0.9627,0.9565,0.9614,0.9689,0.926,15.207894545865956,0.9703,19.254491776370365,18.483969174976355,17.68525172840607,17.28011452690362,18.60794192102208,0.9366,0.9349,0.9398,0.9435,0.9055,2.31521509151331,0.9441,2.931259800995238,2.6833822539530785,2.499822148525126,2.4618202695989795,2.6920649684999143,0.9662,0.9713,0.9773,0.9987,0.9511,7.085288198828164,0.9987,8.970579257115883,17.909554339713086,17.89755728092447,11.821242838529814,17.906510131067627,0.9824,0.991,0.9949,0.9929,0.9465,4.432002029855725
0.9845,0.9926,0.9996,0.9983,0.998,0.9444,3.840263408311311,4.862101061486275,6.265643955791068,6.801687159230007,5.701362390282348,6.321097342643015,0.981,0.9955,0.9982,0.9979,0.9614,18.000942786937472,0.9981,22.79072910537895,26.58520478056005,27.404267560233496,24.90142461405901,26.666351807902856,0.9864,0.9965,0.9979,0.9982,0.9748,3.6020812214799287,0.9982,4.560542095267021,5.681607768389558,5.603677448065462,5.448328714524187,5.706520430359816,0.953,0.9718,0.9833,0.9943,0.9344,5.764760660280133,0.9943,7.298678748155859,12.148654267089384,12.161322551973992,8.874707253071703,12.14935171922979,0.9622,0.9401,0.9438,0.9632,0.9085,3.790630297754196
0.976,0.9824,0.9842,0.9852,0.9851,0.9255,3.550886589423844,4.4957253240206585,4.836060747671379,4.800766608289671,4.696758639480688,4.825445650732681,0.9627,0.9676,0.9754,0.981,0.9217,14.769974685701628,0.9816,18.70004787745897,20.332040074300828,19.777978740894916,19.16345163462904,20.43224579646414,0.9866,0.9901,0.9967,0.9962,0.9744,3.762988247030365,0.9962,4.764264115489951,4.917928365653266,4.970537197964408,4.569317700100263,4.920646117118954,0.9624,0.9706,0.979,0.9857,0.9475,6.494929026032168,0.9857,8.223134184859298,8.818483504579234,8.795572904775753,8.147189730473686,8.81752817446528,0.978,0.9885,0.994,0.9915,0.9392,4.268986234188434
0.9702,0.9758,0.9777,0.9811,0.9802,0.9145,3.462059430157304,4.383262563152761,4.809205647719137,4.798892003783123,4.609387823529502,4.805639570289275,0.981,0.9591,0.9646,0.9846,0.9579,17.295770794621824,0.9847,21.897921209715363,22.34849741223968,21.798790950646847,21.16658391393044,22.405034205192244,0.9283,0.9406,0.9529,0.9704,0.8944,2.2073937636725627,0.9706,2.794748802449989,3.0130645463014805,3.023197911103474,2.7718433319140217,3.012588486542227,0.9166,0.9487,0.9637,0.9779,0.8924,4.2332642149848265,0.978,5.359673606941564,7.20612549390659,7.23695896688672,6.402033227395433,7.206848816494218,0.9769,0.9925,0.9972,0.9949,0.9381,4.243234222717717
0.9589,0.9802,0.9839,0.9817,0.9821,0.8923,3.205132546629597,4.057971211934293,4.71130314734059,4.773934952632455,4.646710543831299,4.714728407832399,0.9499,0.9455,0.9612,0.9656,0.8848,13.229829403235158,0.9639,16.750092570612935,18.57364212153867,19.068518961013638,17.181486069872083,18.566613370320106,0.9496,0.9774,0.9822,0.9824,0.9207,2.578349724134672,0.9829,3.264410692106822,3.4831086376514784,3.4274661804508004,3.2873364746177187,3.514432606606796,0.9628,0.9807,0.983,0.9933,0.9475,6.770608127412714,0.9933,8.572167443502705,11.437285216198434,11.38370785754034,10.832680924736744,11.452108257102028,0.9628,0.956,0.96,0.9692,0.9091,3.868338877340508
0.9503,0.963,0.9703,0.9682,0.9672,0.8756,3.0798005071202192,3.8992901586977,4.262482571928479,4.344764075183366,4.137470067218658,4.233989570540975,0.9621,0.9823,0.9867,0.9923,0.9277,15.348218809918269,0.9923,19.43215426476229,23.03550042507864,23.06932671675188,21.83316697911993,23.125095589288424,0.9578,0.968,0.976,0.989,0.9306,2.7116483322313867,0.989,3.433178100748376,3.855497575897113,3.840597335769608,3.392758322094448,3.852404218315056,0.9284,0.9413,0.956,0.9571,0.9034,4.473166788315544,0.9572,5.663410729223362,5.514643941051293,5.54954859744945,5.1626863503607945,5.522235016175004,0.9789,0.9899,0.9929,0.9911,0.9411,4.3123098349573326
0.9811,0.9917,0.9961,0.9936,0.9935,0.9347,3.674040397878146,4.651648550931557,5.298867382344867,5.51809601234569,5.166494762825158,5.321737152337153,0.9799,0.9938,0.9965,0.9982,0.9574,18.97107010902966,0.9983,24.01899305006379,28.68475617405833,29.296691246819144,26.286228515421666,28.702078399922573,0.9434,0.9772,0.9833,0.9884,0.9138,2.4844168674732114,0.9883,3.145483682804886,3.77488334351477,3.818494370038368,3.4651695805866627,3.771893413882857,0.9483,0.9502,0.9553,0.9821,0.9271,5.3605357855310976,0.9821,6.786895575068603,8.028208349783418,8.007050791060243,7.415855197069404,8.027265865980327,0.9633,0.9826,0.9892,0.9861,0.9111,3.846420159299872
0.9783,0.9784,0.9888,0.9876,0.9874,0.9306,3.606630333832587,4.566301659559098,4.9822468471089305,5.000832497772048,4.645712201240023,4.965036779365723,0.9651,0.9682,0.9791,0.9843,0.9298,15.317582792288237,0.9858,19.39336645309388,20.8385484252521,20.71360631130229,19.103184318793865,21.05634581418876,0.9561,0.9831,0.9904,0.9911,0.928,2.7085656933484663,0.9911,3.429275216963793,4.028736561983272,4.079611018574791,3.80986212100146,4.024722313579543,0.9477,0.9844,0.9921,0.994,0.9246,5.620169423569204,0.994,7.11561390839192,12.022761618893073,12.063632171511935,9.849683244127924,12.025309112976164,0.9721,0.9751,0.9787,0.9774,0.9278,4.094719412667103
0.972,0.9705,0.9774,0.9788,0.9783,0.917,3.451690074586909,4.370134074461952,4.656808891743681,4.653129823773244,4.386084266877174,4.646355989480896,0.9676,0.9774,0.9844,0.9882,0.9385,16.125324032423705,0.9878,20.416035765977256,22.365807079985466,22.537709940885943,21.425274113913176,22.449873983734346,0.9614,0.9709,0.9801,0.9924,0.9344,2.839977520914489,0.9925,3.5956538005051693,4.172465109213854,4.08264349100956,3.97702988159912,4.173006910899198,0.9364,0.9466,0.9525,0.9772,0.9129,4.7261771324521655,0.9772,5.98374340747957,7.204841117022818,7.198933419936223,6.627572939337309,7.212062796667605,0.9241,0.9254,0.9402,0.941,0.8501,3.172176639536567
0.9831,0.9819,0.9889,0.991,0.9911,0.9385,3.7686702256112743,4.771457985064052,5.087802079455424,5.003230711847967,4.675264083280716,5.08507152578786,0.9795,0.9961,0.9988,0.9993,0.9563,18.6884755049372,0.9993,23.66120417507294,29.230865044251285,29.832660167994923,26.11112841960574,29.238846273555044,0.9678,0.9779,0.9858,0.9981,0.9416,2.981292924079823,0.9981,3.774571155561463,5.443355694907361,5.453489477923952,4.400414500542363,5.43306916059299,0.9692,0.977,0.9791,0.9899,0.9545,7.297250934210842,0.9899,9.238942161199288,9.962646346283892,9.875107952556236,9.501366394977657,9.971607659954987,0.9811,0.9761,0.9816,0.9843,0.9438,4.371695773503063
0.9798,0.9796,0.99,0.9888,0.9879,0.9322,3.663625211578922,4.638462036628543,5.005529921667577,5.22293012522263,4.611608577389983,4.989927239253574,0.9895,0.9756,0.9803,0.9963,0.9746,20.02947279813565,0.9961,25.359021139554933,29.12279577484555,29.109690277667973,27.41865024570384,29.17646644620393,0.9799,0.9668,0.9689,0.9973,0.9601,3.267132756413523,0.9973,4.136468766333915,5.135035592936475,5.132989064949652,4.658093988011258,5.141926653622895,0.9717,0.9824,0.9898,0.9965,0.9583,7.706708648959603,0.9965,9.757350556103928,14.849971400968382,14.815546196485917,11.98691385724426,14.845382644076018,0.9501,0.9732,0.9833,0.9767,0.8912,3.559061110382896
0.9761,0.9893,0.9954,0.9918,0.9921,0.9253,3.55830312704659,4.505115293305074,5.191624313485678,5.497878435161184,5.030217750323269,5.212483798367895,0.9609,0.9733,0.9785,0.9806,0.927,15.65833093754852,0.9807,19.82478267188341,20.264238376761867,20.20165841864824,19.37843242709536,20.29089967906592,0.9243,0.938,0.9481,0.9493,0.8898,2.1688789759019222,0.9501,2.745985795699654,2.753712457586474,2.622479302657596,2.5162525592393696,2.76612861763201,0.9872,0.9888,0.9952,0.9996,0.9794,10.988962797211208,0.9996,13.912964294407208,25.253010239887704,25.27417367563413,20.229279587858255,25.254868935570823,0.9795,0.9868,0.9924,0.9897,0.9414,4.357331130800412
0.9796,0.9743,0.9851,0.985,0.9843,0.9327,3.632970102636747,4.599650053730405,5.113132360099649,5.308914666595024,4.782486892370725,5.170566469960569,0.9752,0.9817,0.9887,0.9938,0.9498,16.97324513431372,0.9938,21.48957621131064,23.79538016784865,23.371443856053737,22.64074300309578,23.83055300145311,0.9533,0.9629,0.9657,0.9751,0.9236,2.705530671612915,0.9751,3.425432620549672,3.137766840046774,3.017851005809509,2.955226113382755,3.139585640024641,0.9719,0.9638,0.9671,0.9958,0.9588,7.775400146219156,0.9958,9.844319851235593,13.546088482719153,13.522070467609543,11.70417211227223,13.54927136382338,0.9645,0.9606,0.9667,0.9726,0.9128,3.860520136824841
0.9816,0.9846,0.9867,0.9887,0.9886,0.9359,3.7010681113125954,4.685867941688652,4.997282110850145,4.904787775712978,4.807751653268744,4.984405395927945,0.9502,0.9683,0.9777,0.9755,0.8978,13.603033060018666,0.9756,17.222600235548235,19.29681466178716,19.69886866008956,18.488022996698028,19.29893024147285,0.9434,0.9808,0.9892,0.989,0.913,2.5438225586174803,0.989,3.2206963552860914,3.896872379104243,3.85249393971516,3.70596910906438,3.913151681666097,0.9633,0.9906,0.9924,0.9921,0.9487,6.479092240613365,0.9921,8.203083463591417,10.860289844117531,10.861092579112151,10.351406823943249,10.84965227118844,0.9114,0.9435,0.962,0.9489,0.8342,3.0223257152919456
0.9736,0.9758,0.9853,0.9831,0.9826,0.9166,3.520653615389767,4.45744779992561,4.759592027475435,4.858126387448058,4.506781336437006,4.716501147845424,0.9774,0.9956,0.9987,0.9993,0.9533,17.526286806803448,0.9993,22.18977414487918,29.51749462691572,30.07556797301141,24.44662853424819,29.437208913431352,0.9783,0.9887,0.9937,0.9951,0.9571,3.370778824030791,0.9951,4.267693529273393,4.664458044423437,4.681222565720113,4.290724281852596,4.662156453564581,0.9663,0.9784,0.9938,0.996,0.9516,6.976166441461105,0.996,8.83242180385959,14.104488250205394,14.144515847002786,11.165999756418808,14.1073198727626,0.9658,0.984,0.9876,0.9859,0.9189,3.9285413653708687
0.945,0.9685,0.9834,0.9776,0.978,0.8691,3.0369224235393006,3.845002847248678,4.548041724006707,4.730897916910547,4.301460965241889,4.550692533504018,0.9563,0.9756,0.9863,0.991,0.9155,14.64075149958866,0.9912,18.536440300695176,22.526325335301397,23.055543848669963,20.47811814289912,22.540680067120245,0.9673,0.986,0.9895,0.9962,0.941,2.976977461975838,0.9962,3.769107412415308,4.862340124082419,4.880040354029832,4.335279146203281,4.875191263070923,0.9513,0.9732,0.9821,0.9924,0.9316,5.645185170661593,0.9924,7.147285978132903,10.919750568277475,10.929151528423938,9.300148206639491,10.91084593994993,0.9695,0.9756,0.978,0.9771,0.9206,4.013643763514255
0.9719,0.9711,0.9823,0.9826,0.9825,0.9161,3.455771892742038,4.375302004438289,4.734474639110057,4.771387260815081,4.360385270189219,4.711251432907387,0.9655,0.9665,0.9723,0.9771,0.927,15.010572545418174,0.9772,19.00466529161535,19.66813625422552,18.861474514828945,18.240739457682903,19.6760446707165,0.9832,0.9933,0.9962,0.9989,0.9687,3.458947735875105,0.9989,4.379322892754175,6.069446696202761,6.084970503040305,5.433233387961127,6.078937208371107,0.9475,0.9829,0.9923,0.994,0.9243,5.548804528195387,0.994,7.02525986319832,11.974827345305568,11.959883033170478,9.151690212320512,11.986049856556818,0.9677,0.972,0.9789,0.9783,0.9233,4.000046445798624
0.9786,0.9671,0.9805,0.9809,0.9802,0.9296,3.616710331236877,4.579063796128456,4.696452701594744,4.727314309669836,4.254405654294888,4.641748693820585,0.9757,0.9945,0.996,0.9979,0.9502,17.72741307298064,0.9978,22.444417154563496,26.438583086292944,26.788519862911716,25.48679887979001,26.458994461352493,0.9655,0.9844,0.9867,0.9913,0.94,2.8356363936101308,0.9913,3.5901575630260187,4.111668135156053,4.011446813558875,3.918314921269643,4.112668076526554,0.9444,0.9804,0.9849,0.9846,0.9203,5.3799288031890296,0.9846,6.811448789709033,8.571472853191597,8.564263159944872,7.868543648787294,8.580324722467337,0.9603,0.9796,0.9819,0.9824,0.9117,3.8476898873168097
0.9691,0.9814,0.9905,0.9871,0.9858,0.9118,3.4261844491984976,4.337841777010043,4.8841731819705,5.100957305800058,4.6978079632400505,4.868641972729073,0.9753,0.9728,0.9792,0.9934,0.9391,15.81792443795174,0.9924,20.026841657222143,25.99282114285976,26.24133314031734,22.27581742664685,25.97271668777351,0.9506,0.9792,0.9908,0.991,0.9211,2.656782774669789,0.991,3.3637136246705266,4.038441106042285,4.075382294852407,3.478389656218112,4.0376928948158985,0.9346,0.945,0.9547,0.9845,0.9101,4.784839055742195,0.9845,6.058014406411568,8.46454974928388,8.429872395766472,7.20856596830972,8.474721595357634,0.9728,0.9709,0.982,0.9787,0.9316,4.11715847397221
0.9713,0.9772,0.9855,0.9844,0.9852,0.9141,3.4386574520699487,4.35363366263173,4.784076271191449,4.892497273010798,4.537049509182375,4.823395368933344,0.9777,0.9865,0.9907,0.9925,0.9545,17.154054334858053,0.9926,21.71849608279405,23.116068171934742,23.466461263001733,22.012391783785827,23.231069515367157,0.988,0.9936,0.9946,0.9999,0.9765,4.095051565700586,0.9999,5.184684602973412,9.378562246079964,9.397347888591831,6.733867419157224,9.378913839099177,0.9715,0.9848,0.9934,0.9969,0.9574,7.619186005001966,0.9969,9.646539422896366,15.201903875499674,15.202922999309244,12.341925945974328,15.211716611926343,0.9775,0.9841,0.988,0.9875,0.9384,4.2518515818542255
0.9582,0.9487,0.9543,0.9609,0.9611,0.8876,3.194111859599328,4.0440180820546585,4.13603112882064,4.084506411550054,3.978655984363882,4.138317210886099,0.9447,0.9512,0.9602,0.9689,0.8946,13.57471374173214,0.9693,17.186745562870442,18.49088976024354,18.157945259172227,17.31896311117897,18.53893188028223,0.9865,0.9879,0.9967,0.9991,0.974,3.776156159509815,0.9991,4.780935815953344,6.405892154628699,6.428201927438399,5.843187912777581,6.406426052189459,0.9434,0.9622,0.9676,0.9852,0.9209,5.057846553742321,0.9852,6.40366518727918,8.622608217351784,8.605868622170018,7.849453182353725,8.614653717807126,0.9572,0.969,0.9796,0.9738,0.9025,3.7197106589514446
0.9485,0.9462,0.9601,0.9589,0.9588,0.876,3.097128397477663,3.921228746013849,4.075798468710723,4.108154429660086,3.902673258425988,4.072638633414507,0.9439,0.9664,0.9785,0.9827,0.889,13.254067762373012,0.9819,16.78078040088983,21.68365003131266,22.27022544901063,20.04040536292332,21.63696284342963,0.9558,0.9847,0.9922,0.9947,0.9262,2.749816586711092,0.9947,3.481502366792005,4.517937619041383,4.559028627656227,4.160591815494733,4.5181520280035965,0.9688,0.9865,0.9918,0.9953,0.9535,7.049546149137155,0.9953,8.925326773297654,12.949484297763696,12.877154850246557,10.659522176851231,12.95143101772194,0.9625,0.9622,0.972,0.9713,0.9091,3.8048917788415646
0.9541,0.9514,0.9664,0.9644,0.9643,0.8818,3.1735627349045514,4.018001137286012,4.433670927284504,4.583731984936336,4.031602619529974,4.437877887273167,0.9692,0.9683,0.9789,0.9797,0.9355,15.564600303213034,0.9802,19.706111693296364,20.08321947588913,19.998317432810914,18.950349839829357,20.21380481317551,0.9309,0.9598,0.9631,0.9663,0.8957,2.36174190051492,0.9671,2.990166710074626,2.930447301467992,2.88473194209688,2.847625576977601,2.9377846549158635,0.9726,0.9829,0.9907,0.9976,0.9601,7.659020575124956,0.9976,9.696973386686366,15.713199442244896,15.731523814625689,12.408042797841944,15.711891315060516,0.9783,0.9946,0.9957,0.9956,0.9427,4.528324570799176
0.9738,0.9797,0.9909,0.9862,0.987,0.9212,3.511886733503112,4.446348179614467,4.8976491985341095,5.079851334748079,4.61553847618781,4.898617887370553,0.9728,0.9774,0.9811,0.9816,0.9463,16.46156464927479,0.9815,20.84174506929439,21.01088679360325,20.38278490474837,19.56970983307392,20.8402152702353,0.9825,0.9932,0.9969,0.9986,0.9659,3.4910951604407057,0.9986,4.4200242745307925,5.841273706246595,5.814562809222794,5.509862918924424,5.8557347818923065,0.9574,0.9762,0.9837,0.9943,0.9414,6.266674736795384,0.9944,7.934144783875741,12.183072102548914,12.163162082256392,10.407258868836148,12.183448900618274,0.9589,0.9841,0.9898,0.9863,0.9041,3.749811096970007
0.9794,0.989,0.9911,0.992,0.9914,0.9317,3.634097221410975,4.601077082245358,5.164371546750429,5.111263837602648,4.977567653284569,5.147820710736296,0.9638,0.9703,0.9739,0.9909,0.9241,14.88300339878667,0.9906,18.84315186992985,22.477254538451337,22.15438330271312,20.76429883806976,22.413554763285592,0.9146,0.9621,0.9718,0.9697,0.8757,2.140216103478699,0.9705,2.7096961541785585,3.054334813478896,3.051866404867209,2.8642173345578064,3.0617610137456768,0.9749,0.9778,0.9822,0.9947,0.9633,7.649650239365996,0.9947,9.68510974229637,12.417749788190848,12.383496685512066,10.814735473746778,12.429070564026278,0.9638,0.982,0.9901,0.986,0.9144,3.8639182374762058
0.9598,0.9275,0.933,0.9593,0.9597,0.8931,3.2201402012560534,4.076972182891596,4.368552987507755,4.242059712133216,4.011813262521891,4.407834366760897,0.9625,0.9699,0.9744,0.9812,0.9284,15.482545387862992,0.981,19.60222317092049,20.34161085428807,20.17768357232004,19.399156050415165,20.41638906673873,0.9699,0.9809,0.983,0.9973,0.9448,3.024764097166111,0.9973,3.829609368916686,5.242153095635998,5.227704679222102,4.776502363659594,5.240679235522715,0.9529,0.9727,0.9865,0.9865,0.9345,5.718639121439905,0.9865,7.240284945671599,8.913149961618567,8.978788535577605,8.127911396084311,8.918458873830902,0.9663,0.9641,0.9679,0.9717,0.9165,3.900821694940248
0.9504,0.9567,0.9784,0.9705,0.9688,0.8775,3.08585214140387,3.9069520439242673,4.540480630081327,4.808059194737403,4.301150743223912,4.536149500705678,0.976,0.984,0.9941,0.9888,0.9508,16.949972403358565,0.9882,21.460110948684168,22.73398231849097,24.016770217262525,21.797586159692223,22.698024017914392,0.9366,0.9573,0.963,0.9697,0.903,2.475372024213168,0.9699,3.134032139684053,2.999482010880525,2.9288843837029845,2.875728515549463,3.0132997697146062,0.9724,0.9912,0.9931,0.996,0.9588,8.115529872870855,0.996,10.274953099313612,14.179315557406742,14.13924817686088,12.96030552800682,14.172254238159953,0.9695,0.9927,0.9955,0.9942,0.9221,3.993451415286261
0.9783,0.9571,0.9607,0.9765,0.9751,0.9304,3.6104809739373542,4.571176898403463,4.505921392248492,4.118227374762354,4.04960481110501,4.480772821912986,0.9652,0.9827,0.9847,0.9846,0.934,15.87240857492522,0.9849,20.09582322229905,21.334573618611685,21.06023772016624,20.543573792518437,21.28047394375186,0.9744,0.9831,0.9884,0.9991,0.9507,3.1743273424504777,0.9991,4.018969195662587,6.449005935330366,6.434764811108828,5.150139093410662,6.446332646652404,0.9721,0.9723,0.9757,0.9982,0.9588,7.793878993828381,0.9982,9.867715648612773,16.96636764057838,16.885799071472817,13.28886739385142,16.979443721604706,0.966,0.9646,0.9706,0.9737,0.917,3.9046091844973567
0.9731,0.962,0.9676,0.9762,0.9754,0.919,3.4805727208114465,4.406701968362908,4.510129197369144,4.284161291514563,4.165173799576803,4.48485384852592,0.9768,0.9863,0.9902,0.9899,0.9468,16.316362757649223,0.9899,20.657907088317724,22.164934304514592,22.15805969909823,21.25107956733158,22.14229520027503,0.9627,0.9602,0.9642,0.9931,0.9373,2.7943506443385733,0.9934,3.537886282643779,4.202285194648383,4.140126548035172,4.00405649938699,4.226427371486941,0.9747,0.9909,0.9965,0.9988,0.9623,7.984280250815449,0.9988,10.10877988178532,18.28536786070578,18.266770263160996,13.059542167327043,18.281420539330025,0.9661,0.9729,0.9841,0.9798,0.9145,3.928845776874091
0.9891,0.9849,0.9868,0.9913,0.9913,0.9537,3.975249431957084,5.033004882154798,5.312751608680339,5.169303368116184,5.035530607023066,5.308461998829672,0.9574,0.9659,0.9764,0.9871,0.9211,15.263970243954343,0.9872,19.32548839358393,22.854105189800887,23.03690199010237,21.12453507047688,22.85571694782043,0.9769,0.9726,0.9751,0.9995,0.9555,3.266191192599101,0.9995,4.135276666226499,6.861538429293868,6.844838173443825,5.113358976830916,6.861672122012818,0.9754,0.9797,0.9835,0.9909,0.9641,7.633889703908108,0.9909,9.66515555998337,10.422690825294582,10.217780536336202,10.10192808050863,10.430061597549845,0.9624,0.9688,0.9735,0.9749,0.9096,3.802900036444428
0.9334,0.9591,0.9758,0.9664,0.9669,0.8512,2.913003531549246,3.6881109593174832,4.207586306187491,4.497830664150379,4.0522807987015925,4.217581866014379,0.9774,0.9692,0.9765,0.9913,0.9525,16.890916484488738,0.9905,21.38534111773908,23.384858628870937,23.01749433385284,21.96323521232117,23.491228481773703,0.9267,0.9505,0.967,0.9647,0.8907,2.2977995696025038,0.9658,2.9092102646572853,2.9461025847582056,2.958052952435436,2.7551743294517106,2.9564587815492662,0.9752,0.9821,0.9852,0.9965,0.9633,7.936753609695264,0.9965,10.048607099954983,14.989653435911707,14.926901104393306,12.575094286656135,15.000051776870103,0.9433,0.96,0.9677,0.9649,0.8807,3.439411822959757
0.9822,0.9736,0.9802,0.9856,0.9855,0.9388,3.707543920636859,4.694066868700102,4.867567681978692,4.65630049778998,4.481088225706045,4.8808354193330725,0.9799,0.9955,0.9985,0.9976,0.9591,17.707557587731408,0.9976,22.41927841650253,26.453092176182636,27.68251714343726,24.897033426876284,26.457531545159775,0.9642,0.9731,0.981,0.9906,0.9385,2.85760075605428,0.9906,3.617966319509608,3.968787510235102,3.984973687859999,3.5876942707094197,3.96775985396064,0.9902,0.9591,0.9608,0.9998,0.9835,12.267982813955392,0.9998,15.532312740041217,30.11095027086452,29.973807534423056,20.457441995861917,30.13400807989841,0.9468,0.9457,0.9542,0.9564,0.8827,3.500979663744942
0.9591,0.9796,0.9864,0.9848,0.9844,0.8898,3.200372519816016,4.0519446119430205,4.7643551264023625,4.881562686813299,4.624528238568696,4.755321138324211,0.9492,0.9772,0.984,0.9879,0.9039,14.014603939707804,0.9883,17.743684077527014,21.625212903308636,21.60689250277669,20.266845679401012,21.63248928553959,0.9773,0.9799,0.9844,0.9947,0.9564,3.1515641922942823,0.9947,3.99014910579644,4.53004809664454,4.523167816752433,4.293549741911594,4.539782114318679,0.9727,0.9508,0.9542,0.9909,0.9616,7.2015815764445135,0.9909,9.117816593369575,10.337229616849902,10.193041056090916,10.059187021580918,10.34171774756817,0.9271,0.9318,0.9601,0.9499,0.8586,3.274541195835131
0.9937,0.997,0.9986,0.9982,0.9984,0.9647,4.18648934142854,5.300452626975265,5.952846602299299,6.08349965511481,5.738479200284752,5.9986074794486335,0.9799,0.9919,0.9947,0.994,0.9565,17.260226051849784,0.9941,21.852918533287458,23.872567984216232,24.064299466671883,22.95500570968034,23.947508812419017,0.9357,0.955,0.9716,0.9643,0.9047,2.2878599520992715,0.9656,2.8966258610175157,2.962727355288468,2.999696421116596,2.76446284855736,2.974835611026407,0.9748,0.9847,0.9921,0.9983,0.9624,8.049157340974578,0.9983,10.190919812146904,17.164226271671563,17.17171842532814,13.168180530250469,17.162462769052933,0.9594,0.9819,0.9894,0.9858,0.9024,3.725453472189756
0.971,0.9895,0.9961,0.992,0.992,0.9155,3.431861702056355,4.345029663415641,5.209259946382915,5.538803110756224,5.075635718040878,5.227322961929733,0.9424,0.9708,0.9753,0.975,0.8926,13.552720271354715,0.9758,17.15889995326033,19.63236414904532,19.23257941230052,18.60661651894365,19.68818341266232,0.9098,0.9329,0.9412,0.9532,0.8704,2.044251175124974,0.9534,2.5881963687720995,2.682504154151632,2.6177031803889053,2.554971149046507,2.683965915207456,0.9625,0.9729,0.977,0.988,0.9477,6.490686648415759,0.988,8.217762972908751,9.256295583115612,9.230849954226157,8.796616085805928,9.263948961106314,0.9769,0.9642,0.967,0.9754,0.9393,4.266400720861193
0.9714,0.9727,0.9837,0.9807,0.9796,0.9169,3.4863505792732075,4.414017230045022,4.800644920231164,4.960801213865603,4.588731381106171,4.794825461323843,0.9777,0.9764,0.9837,0.9851,0.9485,16.445122917383916,0.9853,20.82092843418901,20.955314606892536,20.706149278084247,19.7740288895512,20.97031762739833,0.976,0.9686,0.972,0.9951,0.9544,3.1194390410886816,0.9953,3.949475923993569,4.679040560177202,4.648104883586168,4.198272567182086,4.68930460345653,0.9708,0.9802,0.9853,0.9953,0.9569,7.224693141748617,0.9953,9.147077806533884,12.858266531123135,12.84690923734013,10.89842018938996,12.855799707390792,0.9794,0.9783,0.9809,0.9811,0.9412,4.319174988676789
0.9831,0.9835,0.9905,0.9908,0.9911,0.9391,3.7335777644026873,4.727027935676511,5.072431526870865,5.091077086263615,4.767839090404074,5.086149553152776,0.9732,0.9929,0.9966,0.9982,0.9475,16.58439905806238,0.9983,20.997263908981424,27.61585717365773,28.073109129858235,23.95573769425545,27.683101712933304,0.9514,0.9761,0.9924,0.9946,0.9238,2.470792733695358,0.9946,3.128234367260601,4.484089931022976,4.559345943235142,3.591198600267992,4.47632165705322,0.9693,0.9886,0.993,0.9925,0.955,7.036285944563018,0.9925,8.90853822316958,11.044265335147786,11.05935987089622,9.921705726424443,11.050923274687284,0.9741,0.9897,0.9913,0.9906,0.9327,4.170603713954896
0.9679,0.9657,0.9723,0.9748,0.975,0.9107,3.3708469024784224,4.2677797223954,4.465328441968655,4.372039956048267,4.193401048313353,4.469992609724322,0.9662,0.9846,0.9939,0.9959,0.936,15.932283040329589,0.9954,20.17162940298146,24.572428222108357,25.19889063767351,23.03978502876062,24.530793108218816,0.9665,0.9789,0.9831,0.9973,0.9409,2.8864122296237005,0.9973,3.6544441027579353,5.114233905632075,5.147049695955153,4.321596058368726,5.109514789839926,0.9709,0.9881,0.9921,0.9969,0.9568,7.38439332630715,0.9969,9.349271863113726,15.305815316429907,15.272048269797615,12.126300636291752,15.297628349001,0.9747,0.9809,0.9894,0.9858,0.9343,4.2223130682193215
0.9811,0.9844,0.9905,0.9916,0.9914,0.937,3.6930143774757855,4.67567122764239,5.089376061579588,5.1359673358250335,4.789372286919328,5.135886188738633,0.9882,0.9857,0.9878,0.9984,0.972,18.924517021358323,0.9982,23.960052869946868,29.174034836018,29.462123612061745,27.181983427309763,29.24750017266139,0.9658,0.9923,0.9924,0.9929,0.9393,2.92686996724864,0.9929,3.705667049763554,4.295977527431854,4.1095577671304895,4.109145532338023,4.289524212157511,0.9721,0.9914,0.9954,0.9986,0.9588,7.765026130099502,0.9986,9.83118546189186,17.998230300454736,17.968154858816053,13.308082025963682,17.99159054092498,0.9528,0.9353,0.9397,0.9594,0.8939,3.610204693626014
0.9758,0.9613,0.9758,0.9773,0.9774,0.9246,3.5605087342902277,4.507907780220764,4.78437657910802,4.984289864536996,4.34691817674538,4.7868505136322135,0.9573,0.952,0.9649,0.9711,0.9115,14.276325136791236,0.9699,18.07504543867708,18.890534672858635,18.64376214969742,17.775428393529243,18.82089210298774,0.9559,0.9746,0.979,0.9827,0.9261,2.7896498768741385,0.983,3.5319347100435343,3.459946525286832,3.4279724068866404,3.29038051679592,3.4762790215342703,0.9531,0.967,0.9677,0.9844,0.9348,5.815358764925286,0.9845,7.362740264814314,8.504476739196553,8.28917341151997,8.234823860850879,8.517741219827993,0.9747,0.9855,0.9867,0.9881,0.9351,4.186688212456795
0.9697,0.9695,0.9821,0.9822,0.984,0.91,3.421969725367559,4.332505577110857,4.681621411597449,4.710876831876978,4.307641756099095,4.743400662094636,0.9633,0.9391,0.948,0.9658,0.9078,14.206604345891265,0.9658,17.986772969994654,18.096274845476955,17.246320420679133,16.456454367666222,18.12011784837725,0.9875,0.9816,0.9915,0.9991,0.9756,3.7505251442420535,0.9991,4.748484764218027,6.408660567655473,6.433942659472719,5.797920738940625,6.424351116315325,0.964,0.985,0.9857,0.9909,0.9488,6.703127190721066,0.9909,8.48673082131464,10.393237772596546,10.24171458825853,10.11621090633822,10.39340762089846,0.9705,0.975,0.9828,0.9822,0.9283,4.046451905608845
0.9669,0.9582,0.969,0.9745,0.9745,0.9063,3.3382404350496264,4.226497153196174,4.548314282421183,4.625741586860584,4.178675284292541,4.539684298694313,0.989,0.9908,0.9969,0.9994,0.9729,20.733819434462013,0.9993,26.250784064130627,34.72643151614795,35.4282001387899,32.41972763145183,34.68511160693389,0.9637,0.9627,0.9722,0.9888,0.9385,2.810958793552789,0.9889,3.558913616276413,3.794127678559654,3.808585406511931,3.509168136122737,3.796869614780212,0.9723,0.9895,0.9935,0.9976,0.9598,7.616548711449112,0.9976,9.643200384289006,15.941314367973805,15.897347835920026,11.485900746586502,15.94430403794897,0.9662,0.9733,0.9771,0.9751,0.915,3.914028371862753
0.9769,0.9761,0.9881,0.984,0.9825,0.9267,3.5734975834068727,4.524352771192176,4.877739593415621,5.173374436483799,4.564746722931096,4.8758968780184215,0.949,0.9742,0.9807,0.9802,0.8986,13.652181930617711,0.9802,17.284826898280084,20.208756064693578,20.26061885725625,19.5401118233923,20.20067602265129,0.9582,0.9846,0.9898,0.9904,0.9311,2.68566373712448,0.9904,3.400279386775228,4.015968483425871,4.00049586442128,3.5561081680447946,4.005532319431342,0.9706,0.9688,0.9691,0.9938,0.9554,7.4340307605623694,0.9938,9.412117089110316,11.687111053554156,11.366889038117977,11.36563129592928,11.680271251975324,0.9658,0.974,0.9798,0.9788,0.9189,3.9196367002052135
0.9909,0.9963,0.9985,0.9972,0.9975,0.9566,4.012302145454478,5.079916778155662,5.815752675493987,6.127985524083167,5.611305757998128,5.922554272659683,0.9742,0.9817,0.9879,0.9912,0.9431,16.104837405249445,0.9912,20.39009794840081,22.46698304903379,22.090937753469444,21.301644362992363,22.46641864033072,0.9559,0.9829,0.99,0.9962,0.9272,2.6828759383868084,0.9962,3.3967497957653223,4.921097278935534,4.928311900804099,3.844398870562371,4.912710938743548,0.9631,0.9772,0.9831,0.994,0.9483,6.5739718914927145,0.994,8.32320919513773,12.083006137647567,12.036783843299224,10.478023770925176,12.089425347379516,0.974,0.9918,0.9946,0.9933,0.9321,4.192333208758733
0.9622,0.9608,0.9634,0.9788,0.9782,0.8978,3.287611778450085,4.162396955157285,4.837872135399139,4.74874619865027,4.557504508191339,4.8247916840805125,0.9718,0.9664,0.9864,0.9892,0.9346,15.460123354600649,0.9892,19.57383496414031,25.308127143080537,26.127352699597346,22.13140275427522,25.354516173896968,0.9493,0.9779,0.989,0.993,0.9209,2.5519448246439813,0.993,3.2309798369305165,4.2552636310043335,4.269879250222915,3.5088804102740854,4.244097853572064,0.9493,0.9704,0.9737,0.9769,0.9303,5.391851590794859,0.9769,6.826544055869348,7.309120381458019,7.118313315204085,6.989231280497091,7.307126348781295,0.9714,0.9631,0.9679,0.9738,0.9259,4.111239365350199
0.9892,0.9889,0.9929,0.9939,0.9941,0.9539,3.9631780073900864,5.017721428922442,5.31530398779715,5.255485334888515,4.987558501615623,5.322717854579256,0.9704,0.9799,0.9866,0.991,0.9409,16.148277914710683,0.9902,20.44509733899102,23.492712554768755,23.192217042589217,22.61022625052259,23.474680749128453,0.9826,0.9865,0.993,0.9976,0.9671,3.4730442685907885,0.9976,4.397170305650869,5.394251465248978,5.3478851087588914,5.11687235369533,5.407926615968474,0.9549,0.9727,0.9858,0.9895,0.9385,5.764871732873234,0.9895,7.298819375533568,9.67218764977846,9.652373690090078,8.390500080924278,9.6692274059257,0.9476,0.9329,0.9476,0.9482,0.8852,3.551051630799003
0.9605,0.9205,0.9237,0.9541,0.9541,0.8921,3.2484003966830417,4.112752000985842,3.974168152576753,3.5343159402799733,3.4858345592586795,3.975263281922623,0.9507,0.9597,0.9666,0.9735,0.9039,13.9818728504208,0.9736,17.70224372642467,18.97341894984628,18.256118463343995,17.74203876322582,18.99712829097444,0.9878,0.9772,0.9807,0.9997,0.9765,3.857893709084804,0.9997,4.884422526185702,7.129683801103164,7.126706298960102,6.02227951854856,7.1251776964365945,0.9612,0.9911,0.9944,0.9969,0.9454,6.617154000748766,0.9969,8.377881429025818,15.32008553136994,15.28710784261214,12.200330520670551,15.313150997607089,0.9823,0.9831,0.9852,0.9874,0.9471,4.4318266287381
0.9694,0.9802,0.9843,0.9848,0.9854,0.9126,3.3985042448386213,4.302796277081826,4.77969500651154,4.776566954890804,4.635574881967246,4.793388021466711,0.9799,0.9833,0.9894,0.9968,0.9469,16.451993671038295,0.9972,20.829627394412388,25.87425580477347,26.34213368848245,22.540071261004574,26.090321210301195,0.9777,0.9589,0.9638,0.9915,0.9572,3.2307149821695527,0.9917,4.090360757590204,4.008238575891485,3.9158563010799554,3.856593739028136,4.018442326790353,0.9627,0.9854,0.9928,0.9958,0.948,6.527828898491757,0.9958,8.264788229855881,13.592241650094737,13.609418975595764,10.36980242085563,13.57724820383288,0.9665,0.9696,0.9843,0.9797,0.9219,3.967219024884122
0.9721,0.9946,0.9974,0.9956,0.9957,0.9168,3.462714965546401,4.384092526874592,5.490876212400124,5.820735681361674,5.402531404368961,5.509934673330976,0.947,0.9675,0.9771,0.9765,0.8954,13.574297515058598,0.9767,17.186218584396293,19.45441237647677,19.81228877055608,18.33354854491099,19.469465729439,0.9451,0.9596,0.9738,0.9838,0.9159,2.51859571229339,0.9838,3.188757015910346,3.468301353421646,3.478982123073391,3.096694146857617,3.469351362371756,0.9521,0.9797,0.9849,0.9879,0.9338,5.590102645810041,0.9879,7.077546802957979,9.26426528601841,9.265302018344473,8.224586417688656,9.262862477424308,0.9637,0.9554,0.9612,0.9665,0.912,3.840593068206503
0.981,0.9781,0.98,0.9858,0.9852,0.9361,3.6842939011822633,4.664630360770695,5.055391378088825,4.917880789781368,4.818591999817232,5.046372941166288,0.9717,0.9833,0.9881,0.9938,0.9442,17.245410685732367,0.9937,21.834161015985416,23.698208036747687,23.65543428438781,21.83707872886811,23.78944257436708,0.9382,0.923,0.9355,0.9563,0.9098,2.25877604316437,0.9551,2.859803151356893,2.764058673762304,2.6820528239685326,2.609360845398484,2.7628865295241165,0.9757,0.9614,0.9659,0.9987,0.9634,8.314215416022316,0.9987,10.526505945445978,17.921442982195856,17.872978897935386,14.628419933542569,17.92320314369231,0.9846,0.9972,0.9976,0.9974,0.9531,4.573303909089903
0.9774,0.9591,0.964,0.9777,0.9778,0.9288,3.5895349471372957,4.54465744171253,4.56001517007351,4.17587276074564,4.051477672946006,4.5598663027534965,0.9717,0.9934,0.9958,0.9974,0.9441,16.223448807837485,0.9974,20.540270102003497,26.77972684782242,27.343814179432407,23.962850292491,26.79537680780676,0.9575,0.9732,0.9769,0.9816,0.9293,2.740377213241846,0.9819,3.469551314771653,3.3835521494429144,3.346319472360094,3.234882127525388,3.4033233307279795,0.9662,0.9871,0.9897,0.9929,0.9515,6.944561699517683,0.993,8.792407504575186,11.173442911126092,11.231930347054462,10.812220193735776,11.157090491102023,0.9471,0.9774,0.9888,0.9818,0.8852,3.507827950166856
0.9774,0.9691,0.9751,0.9791,0.9791,0.9287,3.588910616912551,4.543866986390669,4.596423991149779,4.479485710115649,4.343683718572551,4.592271837418067,0.9662,0.975,0.98,0.9799,0.9324,15.461706056050694,0.9798,19.575838799185483,20.526757265814684,20.12703392507045,19.288585844356927,20.53786839960948,0.9594,0.9831,0.9858,0.9922,0.9313,2.8399290478384285,0.9924,3.5955924294559694,4.158432270876736,4.123250282667,3.985008080409715,4.175742558345292,0.9741,0.972,0.9755,0.9938,0.9621,7.610384456161495,0.9938,9.635395911264492,11.869194526431688,11.81404399906885,10.814290214577362,11.879436617495374,0.9903,0.9948,0.9962,0.9954,0.9661,4.958402578084119
0.9743,0.9608,0.9622,0.973,0.9731,0.9227,3.5600995266937114,4.507389688496878,4.930743193369475,4.93322935070982,4.672441731474343,4.950948972357255,0.9592,0.9738,0.9818,0.9876,0.9202,14.764803787915133,0.988,18.6935010797674,22.79728628388836,23.00237689148801,21.72047683138065,22.960477461168267,0.9593,0.9765,0.9851,0.9871,0.9311,2.7961839033223868,0.9873,3.540207344900052,3.673004259616391,3.712156102544619,3.3532162907233447,3.680868059672427,0.9853,0.9875,0.9906,0.9997,0.9772,10.669074519755307,0.9997,13.507958447670438,25.7750238841454,25.720199220255097,19.262045794230627,25.77256429508116,0.9844,0.9954,0.9978,0.9965,0.9529,4.592303668186536
0.9821,0.991,0.9947,0.9934,0.9928,0.938,3.696363460963378,4.679911453025051,5.795678314192463,6.056897274553697,5.250605738211119,5.793285140450651,0.9643,0.9582,0.9675,0.9718,0.9258,14.961217050602276,0.9722,18.942177024999268,20.12086041742037,20.676301911384765,19.285682031438306,20.25530951685299,0.9667,0.976,0.9814,0.9872,0.9416,2.866630186060643,0.9874,3.6293983481364815,3.72764840303876,3.548333454071557,3.5032274892125668,3.734301724602708,0.9749,0.9888,0.9923,0.9987,0.9622,8.163978635112008,0.9987,10.336293365142923,18.000743855751768,18.021985115319914,15.143400220923876,17.993084294260054,0.972,0.981,0.9923,0.99,0.9305,4.096829577766452
0.968,0.9816,0.9858,0.9831,0.984,0.9085,3.358367535795416,4.25197977964543,4.910362145953694,5.094239849814915,4.826159120495731,4.952260149974837,0.9717,0.965,0.9713,0.9819,0.9336,15.367918994288392,0.982,19.457096378662644,20.947961096203247,19.998526461300685,19.684334778386013,20.975841760232612,0.9515,0.9473,0.9599,0.9724,0.9239,2.4830945439318706,0.9735,3.143809508403186,3.055427259390104,3.028685888753118,2.870207621842708,3.073458090497154,0.9662,0.9838,0.9912,0.998,0.9513,7.055587305800667,0.998,8.93297539296335,16.70274975029479,16.663445775341863,11.52923687946461,16.681943719084806,0.9593,0.9833,0.9839,0.9846,0.9071,3.770653946170377
0.9794,0.9807,0.9905,0.99,0.9902,0.933,3.650853061771352,4.622291405467553,5.043051402969772,5.166316194805307,4.701598930473399,5.051787222170794,0.9664,0.9821,0.9932,0.9949,0.9336,15.572455566423631,0.9937,19.71605712659968,26.2164108666763,27.19644111641452,22.873658215957903,26.23975493759687,0.9843,0.9852,0.9867,0.9998,0.9695,3.706438307204429,0.9998,4.692667067782338,8.043871655653197,8.034981130082933,5.876708675156179,8.04047879482888,0.9676,0.9882,0.9897,0.9899,0.9528,6.858473386367261,0.9899,8.683412356522494,9.944686149694393,9.94217395704672,9.61182146550491,9.951815972179988,0.9756,0.989,0.9923,0.9908,0.9348,4.204274938466596
0.9744,0.9905,0.9921,0.992,0.9921,0.9221,3.5079636358744537,4.441381203364002,5.285130120541854,5.361733128268252,5.177106372459423,5.314708450233137,0.9573,0.9684,0.9697,0.9733,0.9176,14.821746341202251,0.9736,18.76559520960804,19.4939413694936,18.4771441487929,18.302789651725263,19.37964374456004,0.9597,0.9876,0.9948,0.9951,0.9315,2.8558987091201224,0.9951,3.615811382901,4.654335364234548,4.688419882686732,3.8577471496249633,4.648277828670784,0.9385,0.9578,0.9756,0.9749,0.9149,4.776621408555222,0.9749,6.047610164081672,6.914869268062675,6.976372030704838,6.610804420665066,6.920549892641635,0.9512,0.9585,0.9646,0.9665,0.892,3.608572465437261
0.9812,0.9817,0.9879,0.9877,0.9879,0.9348,3.68001683751401,4.659215233319684,4.9363741647273365,4.942382124528028,4.676306640132184,4.939542647596872,0.9778,0.9654,0.9673,0.9906,0.9506,16.674415795397113,0.99,21.11123277715841,24.216504595441677,23.75824245726924,22.73456360961921,24.33881017126697,0.977,0.9873,0.9908,0.9962,0.956,3.1706533731923825,0.9964,4.014317637180689,4.916583231648167,4.946140586047652,4.421182208824467,4.917530631096231,0.9529,0.981,0.9827,0.9895,0.9338,6.008545294173919,0.9895,7.607330890262496,9.610328058145353,9.45963983225546,9.411203683551738,9.627976177954109,0.9672,0.9805,0.9844,0.9821,0.9167,3.9529673684794018
0.9713,0.9819,0.9905,0.9887,0.9886,0.9178,3.4532147341036827,4.372064423468446,4.975900061306193,5.16946675256846,4.673575907930184,4.9907363301095256,0.9643,0.9885,0.9942,0.9941,0.9291,15.324826585597794,0.9944,19.402537713342163,23.788767279922435,24.054823413717696,22.906593480055395,23.86438543625412,0.9377,0.9589,0.9661,0.9816,0.9059,2.39414310100482,0.9817,3.031189393819294,3.376115569397417,3.255136618054695,3.2070439524914085,3.3916240798788,0.9418,0.9731,0.9769,0.9764,0.917,5.1631638488013545,0.9767,6.537005866720897,7.143463421165201,7.127583827659403,6.877723254783806,7.150865379817944,0.9827,0.9896,0.9938,0.9923,0.9464,4.512862075244973
0.9769,0.9738,0.9788,0.9809,0.9813,0.9274,3.572123305071424,4.522612817589227,4.708997210500477,4.634229154119753,4.452845397235161,4.718547856511761,0.9552,0.9751,0.982,0.9799,0.917,14.979001655973436,0.9816,18.964693852482007,20.49554200866554,20.42223863765892,19.202482268981782,20.76736904174042,0.9545,0.9705,0.9785,0.9799,0.9265,2.595983286360741,0.9799,3.286736286083424,3.2963101961889225,3.328021905111391,3.0614793664223616,3.294064704645506,0.9516,0.9536,0.9732,0.9902,0.9324,5.610677553805802,0.9902,7.10359639158507,10.023274653329914,9.990910315113004,8.133304861370691,10.031022489489,0.9687,0.9689,0.9769,0.9751,0.9246,4.001092814522339
0.9675,0.96,0.9642,0.9743,0.9742,0.9101,3.3685257585787864,4.264840956217575,4.449506561089054,4.20291654488222,4.141932885576038,4.445475721257996,0.9665,0.947,0.9577,0.9713,0.9293,15.145444631334897,0.9728,19.175424857399648,19.43474676237131,19.227409860130045,18.255200922188024,19.58654182217569,0.9701,0.9764,0.9846,0.9878,0.9463,2.8865056714803226,0.9879,3.654562408119304,3.68874924715909,3.6042430075237935,3.515807649427472,3.699804530438096,0.9068,0.9687,0.9824,0.9835,0.8803,4.014129415597778,0.9835,5.082230258028979,8.319209962931028,8.321523379011829,6.369602192713212,8.322551189289772,0.9721,0.9859,0.9923,0.991,0.9274,4.089180881686811
0.9941,0.9853,0.9862,0.9925,0.9925,0.9654,4.227256246094429,5.35206700582765,5.692753966228734,5.549532444875028,5.277256238770101,5.718136825137878,0.9745,0.9847,0.9943,0.9925,0.9477,16.583048380251306,0.9935,20.995553835655528,23.37222531199434,24.08863360662551,22.167948355418048,23.70509108899084,0.9785,0.9766,0.9858,0.9995,0.9572,3.381766203543684,0.9995,4.281604488994794,6.766644068260806,6.788323779631551,5.798085974045807,6.76936840362136,0.9463,0.9735,0.9791,0.9824,0.9251,5.036865994757204,0.9823,6.37710200989626,8.153320688255175,8.164303930082239,7.155983870387319,8.140986367187462,0.9698,0.9425,0.9485,0.9564,0.9211,4.029478834452657
0.9737,0.9821,0.9869,0.9858,0.9861,0.918,3.492458426978,4.421750286257937,4.855844842604244,4.883211691561794,4.701651023665213,4.85258158631961,0.9491,0.9546,0.9729,0.9718,0.9039,14.00399687022658,0.9729,17.730254622747353,18.752680203045013,19.21097123516052,17.044313681663706,18.853130103605128,0.9348,0.9455,0.9488,0.9722,0.9016,2.443969914301744,0.9724,3.0942743898373104,3.0722432061348366,2.9181761244047983,2.8657788476242376,3.069102132782973,0.9416,0.9762,0.987,0.9883,0.917,5.106217778274764,0.9883,6.464907283755058,9.399637467399351,9.373542438428142,7.552981422529096,9.39827018864559,0.962,0.9816,0.9903,0.9855,0.9076,3.7825546486648
0.9693,0.947,0.9513,0.9704,0.9708,0.912,3.40523881025188,4.311322811374652,4.326904916104647,3.9387300374681296,3.858435786189188,4.338731119993237,0.9618,0.9878,0.9959,0.9933,0.9283,15.635821241347502,0.9938,19.796283476344957,23.599349129663675,24.374532406257234,22.787996208226996,23.75567901868756,0.9817,0.9801,0.9903,0.9973,0.9658,3.280886823054951,0.9974,4.153882587967169,5.2923617782769705,5.255197271633123,4.382558638084856,5.312023512263693,0.9419,0.9702,0.9788,0.9879,0.9181,5.128970926481208,0.988,6.493714710299622,9.27116339877344,9.23866061705098,7.605002718529892,9.273343518589574,0.9723,0.9872,0.9903,0.9878,0.9282,4.101991101430148
0.9578,0.9415,0.9584,0.9598,0.9588,0.8898,3.278353322339664,4.150674959946024,4.226217724297484,4.180379721027807,3.96082902913031,4.210558964922095,0.9693,0.9827,0.987,0.9932,0.9367,15.715932403997718,0.9935,19.89771104199461,23.7981012475719,23.572467841027738,22.82535133316884,23.880281652386277,0.9817,0.9905,0.994,0.9973,0.9646,3.3649788337476108,0.9973,4.260350246817447,5.19050013452128,5.195081298416634,4.659041536169443,5.192007919236892,0.9694,0.9886,0.9897,0.9931,0.9548,7.23628305445659,0.9931,9.161751624678235,11.29676918014783,11.145723303610506,10.988163532201126,11.324871814600366,0.9779,0.9734,0.9834,0.9823,0.9395,4.279783990395078
0.9657,0.9854,0.9881,0.9872,0.9875,0.9035,3.3189519820856623,4.202076326378005,5.155352599428547,5.400287399186613,5.005153250112684,5.194808472541913,0.9574,0.9693,0.9712,0.9793,0.9187,14.87895863534682,0.9787,18.838030854383952,20.08722904059927,19.448917555611832,19.312597575343595,20.04607290096472,0.9747,0.9849,0.9886,0.9961,0.9529,2.994000735118778,0.9961,3.790660328353087,4.8691428680531175,4.8568712800670495,4.190416372730505,4.874950267075861,0.9364,0.964,0.9751,0.9763,0.9121,4.921693694317129,0.9763,6.231284052979147,7.076001074146086,7.091163229492948,6.263961169207972,7.084690164133812,0.9609,0.977,0.9913,0.9838,0.9075,3.783357501925287
0.9643,0.9737,0.981,0.9792,0.9791,0.8978,3.33908758946478,4.227569722950697,4.678246975877173,4.711695463281975,4.515771164673932,4.675881962182927,0.9552,0.9696,0.9798,0.9868,0.9172,15.004040210801614,0.9871,18.99639479876208,21.41503420719932,21.28769783160556,19.237461045128786,21.45113613825983,0.9517,0.9617,0.9701,0.9824,0.9237,2.5374622811563685,0.9826,3.2126437014686235,3.4325818682433944,3.407533538181234,3.194892875656162,3.443367539164816,0.9816,0.9664,0.9794,0.9992,0.9722,9.18641789345605,0.9992,11.63078868349553,20.536891917115447,20.5178790462034,14.748573786180666,20.54878551339736,0.9629,0.9812,0.984,0.9828,0.9106,3.836946773607302
0.9715,0.9708,0.9847,0.9816,0.9807,0.915,3.446174300883217,4.363150634440208,4.723099838861024,4.857313430874605,4.370376971936523,4.681957858118292,0.9664,0.9711,0.9799,0.9793,0.9314,15.368417674543936,0.9797,19.45772775040516,20.005146618824465,20.317263086850808,19.18065772592994,20.092207050510734,0.9726,0.9943,0.998,0.9995,0.9478,3.1278508133544207,0.9995,3.960125945232664,6.8460809702547145,6.844569324328033,5.1122777634619005,6.837864834463491,0.9763,0.9731,0.9771,0.9955,0.9648,8.060356938158382,0.9956,10.205099457542511,13.213864180718334,13.23181706252755,12.633785841570486,13.215221859125972,0.9571,0.9809,0.9854,0.9841,0.9036,3.717684031805744
0.9802,0.98,0.9857,0.9866,0.9862,0.9343,3.656096158069397,4.628929612633507,4.877476231453823,4.840877525928548,4.621375823249085,4.864675745765617,0.9835,0.9925,0.9948,0.9986,0.9598,17.507117069629473,0.9986,22.165503622377976,29.36386286240532,30.053171749873503,26.512346280897987,29.335730907101148,0.9816,0.979,0.9827,0.9995,0.9637,3.446128539343241,0.9995,4.363092696426994,6.755231236650984,6.776088500947498,5.491792584652537,6.748484013725212,0.9612,0.9731,0.9906,0.994,0.9463,6.390359844835724,0.994,8.090740681384089,11.89211805842164,11.908601149957445,8.986089585921324,11.89621755198271,0.982,0.9548,0.9566,0.9729,0.9459,4.44207633772418
0.971,0.9663,0.98,0.9778,0.9764,0.9138,3.4335427446260978,4.347158006707161,4.765359109471035,4.949570709132177,4.460631980059701,4.758053026269364,0.9826,0.9781,0.9797,0.9966,0.9639,18.279828960621085,0.9963,23.143822791131413,31.921971632303077,32.09506250981782,26.806959496977917,31.958470898923327,0.9597,0.9855,0.9913,0.9975,0.9313,2.8877039022921758,0.9975,3.656079470539972,5.325062617372101,5.336396913882108,4.4597500672897255,5.3178628101436205,0.9457,0.9645,0.9821,0.9846,0.9231,5.19952620242897,0.9846,6.583043708236751,8.500138148981126,8.53263916777097,6.866150123009325,8.503282183832463,0.9708,0.9685,0.9807,0.9769,0.9265,4.069279062557599
0.9794,0.9767,0.9824,0.9849,0.9851,0.9329,3.6435009829358833,4.612983046506369,4.846398193378782,4.722832930522516,4.5326672718466,4.842850122370413,0.9669,0.9776,0.9817,0.9856,0.9349,15.652756006908527,0.9859,19.817724334134045,21.02113499793085,20.583047822674384,20.041897038892557,21.067999707101624,0.9748,0.9942,0.996,0.9973,0.9507,3.2599121435850846,0.9973,4.127326854552097,5.289838779302437,5.286243826270402,4.900426901949949,5.285551676076663,0.9804,0.9933,0.9973,0.9994,0.9709,9.517572576157892,0.9994,12.050058760333512,21.90663853493337,21.91790748628068,16.91829109565017,21.89627367138315,0.9588,0.9705,0.9872,0.9802,0.9019,3.7106843314163376
0.9728,0.9782,0.9884,0.9839,0.9835,0.9185,3.475270181872914,4.3999885017434535,4.790581748249647,4.944428063613245,4.590474267766194,4.787628417105896,0.9417,0.9631,0.9747,0.9706,0.8889,13.286646108390045,0.9716,16.822027365982926,18.76060163413874,19.30871478533825,17.750040173603544,18.815712340984696,0.9715,0.9661,0.9734,0.9973,0.9472,3.0421617935707124,0.9973,3.851636336643211,5.148098582227027,5.158241744470935,4.421607592396568,5.154498166393152,0.9641,0.9857,0.9925,0.9937,0.9491,6.688530157665951,0.9937,8.468249732293968,11.686870227013678,11.68576997973769,9.670731050328502,11.675074933615925,0.9708,0.9733,0.9823,0.9803,0.9222,4.080129764474609
0.9874,0.9941,0.9969,0.9951,0.9951,0.9495,3.863681708075488,4.891750626642452,5.465190477126768,5.65920108517639,5.308630610282437,5.4750625805204045,0.9556,0.9624,0.9751,0.9761,0.9079,14.070145154385848,0.9774,17.814003993149974,19.564674167259845,19.93999250421535,18.269638114958838,19.828971246256412,0.9765,0.9826,0.9867,0.9982,0.9545,3.193964285419982,0.9982,4.043831240555064,5.509338063345344,5.491095400576268,4.448456278987584,5.506756010163366,0.9633,0.9775,0.9816,0.9924,0.9487,6.495063065042787,0.9924,8.223303889680691,11.034849890673984,10.98496572304308,9.797874058145885,11.037682963352555,0.9871,0.9918,0.9955,0.9938,0.96,4.750427817352045
0.9792,0.9937,0.9967,0.9944,0.9948,0.9303,3.636395018937008,4.603986289922682,5.384026155202315,5.590669882686663,5.279600575738535,5.43040771998662,0.948,0.9147,0.9219,0.95,0.886,13.20492978753252,0.9519,16.71856753311775,16.63153507575296,15.579565426127216,15.345192023993429,16.75866614113533,0.9637,0.9883,0.9961,0.9982,0.9373,2.8933108164474124,0.9982,3.663178302147938,5.533061397101049,5.589281882280188,4.5544506167831615,5.522396762854476,0.9633,0.9798,0.9884,0.9969,0.9477,6.852009118747903,0.9969,8.675228042293998,15.266780270679815,15.253494962296134,11.08280893291479,15.26313734313286,0.9811,0.9897,0.9919,0.9921,0.9451,4.3897159445321305
0.98,0.9724,0.9778,0.9834,0.9833,0.9327,3.670453437658057,4.647107153313919,4.954258303323801,4.772395657531131,4.630761045492147,4.947401204306924,0.9818,0.9928,0.9963,0.9994,0.962,18.92514604518289,0.9994,23.960849267766484,32.660089440673545,33.16573030397479,28.380164339254737,32.65953589541755,0.9306,0.9387,0.9465,0.9511,0.8987,2.094589433217629,0.9512,2.6519288975293627,2.700636446374864,2.590459664987997,2.5477463098413327,2.682593396050324,0.9709,0.994,0.9947,0.9951,0.9566,7.508134116102267,0.9951,9.505938258473453,12.688573329620423,12.458786987168963,12.340440637759531,12.710082948567448,0.9637,0.9621,0.9739,0.9709,0.9119,3.841079322436871
0.9819,0.9818,0.987,0.9912,0.9907,0.9373,3.8073126110881104,4.820382541394916,5.094552178504193,5.056413574100351,4.725624028418753,5.068875183050889,0.9607,0.9729,0.9781,0.9837,0.9227,14.946571487427589,0.9837,18.92363449270744,20.707579721174387,20.15717174574741,19.732574304923208,20.69608541552579,0.9515,0.9698,0.9776,0.9801,0.9233,2.606515360113935,0.9802,3.300070789874031,3.289993926185153,3.3355537250569283,3.0926492928876117,3.2934700132684256,0.9631,0.9791,0.9807,0.9899,0.9481,6.602690529520421,0.9899,8.359569440671082,9.929848085556404,9.881651523561215,9.171707439670984,9.916461907359889,0.9637,0.9809,0.9872,0.9864,0.9112,3.8326310539238135
0.9754,0.9749,0.9851,0.9828,0.9821,0.9246,3.5460171570961285,4.489560207315857,4.709858846973168,4.787080846359732,4.466472602043854,4.685004095814183,0.9558,0.9728,0.9831,0.9833,0.9171,14.796267228366808,0.9841,18.73333647930979,20.680002908667877,20.788353267281767,19.36040512988377,20.83486572292174,0.9597,0.9809,0.9874,0.9855,0.9334,2.7404348507420107,0.9863,3.469624288763521,3.683595985029808,3.605069844667719,3.448431199012531,3.696366085655695,0.9658,0.9855,0.9881,0.9899,0.952,6.592656828527759,0.9899,8.346865919308076,9.971838177780556,9.900449240111412,9.59201457339278,9.997801867114925,0.9513,0.9794,0.9835,0.9825,0.8924,3.580726007441195
0.9597,0.9688,0.9815,0.9762,0.9771,0.8911,3.25833471589047,4.125329696531164,4.53378805758447,4.671860908785625,4.309180173261924,4.564999201761018,0.9471,0.9148,0.9231,0.9457,0.8839,13.105674503733937,0.9475,16.59290187704042,16.287056943413756,14.93463189743192,14.59103543522525,16.388462462160064,0.984,0.9882,0.9971,0.9991,0.9697,3.5717691058045675,0.9991,4.522164371103076,6.2786567520686365,6.344547016062501,5.457058313706757,6.278382771724817,0.9472,0.9631,0.9687,0.9853,0.9246,5.376215449893506,0.9853,6.806747367676167,8.634721132972954,8.619154482315736,7.712664585291035,8.639874897855501,0.9772,0.9793,0.9818,0.9856,0.938,4.2482054510952665
0.9604,0.9645,0.9679,0.9736,0.9738,0.8919,3.2473365406043717,4.111405068439971,4.436695050570751,4.254535617508388,4.168335500904696,4.451757316379192,0.978,0.9456,0.9542,0.9772,0.9486,16.453121023504835,0.976,20.831054718801745,30.923522126836385,31.361284187099443,25.21078352767305,30.80795743619566,0.9844,0.9675,0.9749,0.9995,0.9699,3.6421792594784583,0.9995,4.611309631862095,6.814124122429646,6.844305076391541,5.428711212346936,6.802196175730556,0.9105,0.9649,0.9735,0.9846,0.8835,4.261197585522715,0.9846,5.395039636847017,8.503089412519424,8.47963153214568,7.126323366785868,8.505146662130239,0.988,0.9947,0.9954,0.995,0.9628,4.815797233023447
0.9746,0.9831,0.9917,0.9873,0.9877,0.92,3.520320319795076,4.457025819271568,4.97138064009008,5.2043427910679885,4.793770678876572,4.974517317090964,0.9478,0.9605,0.9683,0.968,0.8963,13.577895470123682,0.9684,17.190773902425594,18.259390280655623,18.301470473241263,17.557402021288226,18.3229197278098,0.9615,0.9768,0.9863,0.9913,0.9357,2.7618930972892293,0.9913,3.4967922593483167,4.0547626761506885,4.0089170995587455,3.871985215072991,4.0698362516091,0.9414,0.9616,0.9709,0.9767,0.9171,5.006022658275066,0.9767,6.338051714876126,7.187754067085835,7.174600905496205,6.462913825443398,7.179580171155693,0.9654,0.9727,0.9772,0.9772,0.92,3.930265520711567
0.9791,0.988,0.9918,0.9911,0.9912,0.9302,3.630020683149557,4.595915837064851,5.09788664293208,5.116894360613931,4.945065071566087,5.0947870604459045,0.9791,0.9722,0.9769,0.9895,0.9562,17.30840496012106,0.9887,21.913917140971503,22.116732883685323,21.37259162458937,20.49048404289925,21.99792405253181,0.9637,0.9595,0.9602,0.9911,0.9363,3.019552993233069,0.9912,3.8230116668138754,3.987009561048016,3.864637758675284,3.8213815931572497,3.99595540126295,0.9331,0.9489,0.9541,0.9722,0.9082,4.629337512849987,0.9722,5.861136188338651,6.673297349398485,6.632734222612388,6.217653378635627,6.679211299757338,0.9766,0.9725,0.9747,0.9821,0.9374,4.24419407825561
0.9794,0.9909,0.9968,0.9952,0.9957,0.9321,3.633647569982765,4.600507785180562,5.5509668884910734,5.999615209300933,5.096707409797444,5.590247746064417,0.9537,0.9842,0.9901,0.9871,0.9117,14.41167571829879,0.9877,18.246410820696557,21.4502608393592,22.198142227518503,20.77475721264866,21.55945975752504,0.9581,0.9767,0.982,0.9837,0.9307,2.724311408909407,0.9838,3.4492106360230745,3.543619728968673,3.5242487401728484,3.3024579719180918,3.5474364109575336,0.9816,0.9849,0.9953,0.9995,0.9719,9.714560193739944,0.9995,12.299461887856609,24.942728452637365,24.93858742107989,16.932022558333298,24.93530234384045,0.9709,0.9859,0.9898,0.9875,0.9244,4.065404422890437
0.9694,0.955,0.9614,0.9717,0.9708,0.9119,3.396819214920476,4.300662885467094,4.36332843264025,4.138452184260223,3.980184931890385,4.337256648871497,0.9727,0.973,0.978,0.9824,0.9343,15.470076936857016,0.982,19.586437048348785,21.71878793708003,21.432136389999144,21.198590625382995,21.72728781563561,0.966,0.9769,0.9779,0.9807,0.9416,2.8053635272721245,0.9809,3.551829531871256,3.371357221664867,3.2578806078920217,3.2384832000587576,3.3780279112771896,0.9552,0.9864,0.9899,0.9905,0.938,5.986765541212876,0.9905,7.579755865132291,10.328864665308124,10.297742407610876,9.716999889751808,10.32789415734119,0.9872,0.9949,0.998,0.997,0.9569,4.703570444272156
0.9752,0.9763,0.9845,0.9822,0.9836,0.922,3.5391216299416026,4.4808298817280425,4.872814510821581,4.978625601769931,4.608429065500584,4.878279697287351,0.9783,0.9857,0.9966,0.9944,0.9542,17.011724299942998,0.9934,21.53829411739133,25.80028328484859,27.184102303620666,23.9816008159119,25.779541286798107,0.9775,0.9794,0.9914,0.9947,0.9572,3.1830991759172003,0.9947,4.03007508509648,4.483783996493321,4.55351488038439,4.199286235919361,4.481579951235969,0.9215,0.9678,0.9808,0.9861,0.896,4.448494476923558,0.9861,5.632173478375236,8.841735652147854,8.846591045671463,7.406676182029707,8.839142849605562,0.9574,0.9762,0.9788,0.9794,0.902,3.7136591127627248
0.987,0.9867,0.9896,0.9918,0.9912,0.9479,3.869093373834677,4.898602257125718,5.140782388231164,5.010641524421741,4.870277665090377,5.099946757237426,0.9647,0.9854,0.9887,0.9896,0.9248,14.873108337451608,0.9898,18.830623878199773,22.06248018265274,21.965625356827093,21.24935274230737,22.067096620517543,0.9582,0.9732,0.9816,0.9805,0.9315,2.614192284455983,0.9807,3.3097904309568884,3.3187023570173624,3.370667186257453,3.158527325871118,3.3386239129178907,0.9513,0.9381,0.9528,0.9861,0.9324,5.456478091487057,0.9861,6.908366718589729,8.762200257085704,8.763748593665724,7.382706782628187,8.769726602808861,0.9767,0.9668,0.9745,0.9791,0.9369,4.23744193017986
0.9795,0.9898,0.9961,0.9938,0.9938,0.9322,3.661569326390203,4.635859110606143,5.29650702447581,5.530543373939476,5.067280634697468,5.295356802107808,0.9826,0.9715,0.9769,0.9938,0.9628,17.764160563003124,0.9939,22.49094261160859,23.982099417697064,22.774938367755468,22.541130693234493,23.999572628045662,0.9545,0.9656,0.9799,0.9838,0.9263,2.5996094016635998,0.9839,3.291327257375899,3.477501068575599,3.5183456092255208,3.1792691777329223,3.4804619145679148,0.9612,0.9704,0.9786,0.994,0.9459,6.431608629400791,0.994,8.142965161294704,11.934103565164625,11.899130127362763,9.454798546998548,11.94410655099256,0.9542,0.9776,0.9893,0.9836,0.8955,3.632476137679797
0.9807,0.9938,0.9965,0.9947,0.9947,0.9342,3.69740393269643,4.68122877899461,5.414675001088939,5.614987583044787,5.351923156435448,5.424773891747941,0.9498,0.959,0.9685,0.973,0.8977,13.6262768001699,0.9737,17.252028793343943,19.25178673416266,19.214461158878187,18.2474613153312,19.31465421537721,0.974,0.9791,0.9824,0.9949,0.9507,3.11123263098646,0.9949,3.939085908771527,4.536372109221428,4.428298150654685,4.380928441884663,4.54576054050441,0.9827,0.991,0.9931,0.9992,0.9745,9.774552925355035,0.9992,12.375417803650276,20.588530028580887,20.568017580775614,15.69951743557106,20.58417885360312,0.9447,0.951,0.9596,0.9622,0.8827,3.472659135669705
0.9719,0.9465,0.9521,0.9675,0.9673,0.9167,3.452690501529073,4.3714007003103,4.829189383180512,4.647445628461001,4.564725346712697,4.836730784129398,0.959,0.9721,0.98,0.9779,0.9234,15.376554681022816,0.9781,19.468029894719702,20.020950213637104,20.344826667201566,19.410689271193625,20.05242531875356,0.9699,0.9706,0.9819,0.992,0.9448,2.968964754385631,0.9921,3.758962641096913,4.073355424239559,4.089538788714552,3.8917833522497456,4.081858129649975,0.9419,0.9759,0.9858,0.9853,0.9173,5.186401490158228,0.9853,6.566426702922696,8.645788750701865,8.700452823970476,7.627500170589979,8.647787400950287,0.9797,0.9771,0.9842,0.9846,0.9432,4.357925103075786
0.9631,0.9631,0.9676,0.9692,0.9694,0.9011,3.276373131111535,4.148167868934665,4.318649977280308,4.385864691572842,4.207103817957163,4.322440769279017,0.9709,0.9845,0.9871,0.9923,0.9418,16.100468873444385,0.9923,20.384567014486088,22.802948959723704,22.08114174115522,21.78108041013045,22.738291961008212,0.9578,0.9678,0.9779,0.9829,0.9306,2.6863193747745013,0.9833,3.4011094799681114,3.469041330339482,3.425582218585257,3.27364874132814,3.48838505509305,0.9717,0.9757,0.9874,0.9933,0.9587,7.510877610894477,0.9933,9.509411756909136,11.400946201139268,11.428394078538986,10.828159956976805,11.391775498987148,0.9905,0.9986,0.9997,0.9992,0.968,5.015652503044611
0.962,0.9693,0.9812,0.9769,0.9767,0.8933,3.2511265204760256,4.116203506254705,4.521202657823591,4.66045694852762,4.302417895225519,4.5145985108587805,0.9819,0.9868,0.9883,0.9938,0.9588,17.402715701272175,0.9938,22.033322584272085,23.70963996348464,23.20969971175353,22.58782055038325,23.77547670117873,0.9495,0.9629,0.9825,0.988,0.9215,2.5107644842046386,0.988,3.1788420131215656,3.688753464472036,3.722838748834615,3.129776571806368,3.691321834839677,0.9719,0.991,0.9956,0.9982,0.9588,7.670097274639236,0.9982,9.710997433148805,16.998881268669997,16.963293957618003,12.181197087781024,16.99769885452097,0.9795,0.9959,0.9986,0.9977,0.9441,4.380799445209983
0.981,0.9924,0.9957,0.9951,0.995,0.936,3.679660591083924,4.658764194950253,5.435285283004673,5.616386437629522,5.262392644891689,5.443291158438584,0.9476,0.9561,0.9646,0.9629,0.8895,13.268367244449136,0.9634,16.798884764989065,17.994524313062126,17.981571321837343,17.179308911229796,18.03051163722797,0.9597,0.979,0.9878,0.9927,0.9321,2.815441554448596,0.9928,3.564589173964129,4.207984135995459,4.228102167325681,3.9446895368613726,4.212643391545955,0.9466,0.9657,0.9762,0.9883,0.9246,5.244165361900603,0.9884,6.639560691988738,9.265535209861358,9.28184593708337,8.139443633869325,9.271617426739596,0.9775,0.9886,0.9905,0.9891,0.9405,4.304986153702285
0.9651,0.9707,0.9806,0.9793,0.9798,0.9038,3.3662433063271413,4.261951176966626,4.609587687196498,4.6318777592194325,4.336702356036026,4.622291678193855,0.9656,0.9479,0.9535,0.9692,0.9141,14.481348784971429,0.9691,18.33462286643613,18.48334691729463,17.340441851308405,16.97659864226582,18.53007441513048,0.9558,0.9777,0.9885,0.9945,0.9268,2.6818390551442013,0.9945,3.3954370131307754,4.448293368591552,4.455377003094633,3.7708494054201793,4.449034063499582,0.9723,0.9644,0.9716,0.9962,0.9591,7.860857752472621,0.9962,9.952516470555452,14.387057733910494,14.327624233756936,13.230847528581334,14.40069737638512,0.9288,0.9214,0.9384,0.9382,0.8564,3.2439969710060894
0.9688,0.9567,0.9647,0.9691,0.9692,0.9108,3.395303959188965,4.298744442454915,4.3618695990574645,4.34841278128181,4.083496959322399,4.3754544708704985,0.9717,0.976,0.9848,0.9931,0.9442,16.25349827328415,0.993,20.578315288573023,23.57510580950719,23.221563145365405,22.013949234667635,23.62759062991432,0.962,0.9734,0.9767,0.9899,0.9358,2.7992730300349784,0.9899,3.544118442830431,3.882734557216157,3.785707753643395,3.7558006379949407,3.888880967079488,0.9488,0.9756,0.9854,0.996,0.9269,5.748282268223609,0.996,7.277815698153557,14.101166834722612,14.103095092301624,10.045015150675288,14.092090097032935,0.9603,0.9655,0.9742,0.974,0.9049,3.7539520556882167
0.9691,0.9641,0.9701,0.9745,0.9748,0.9133,3.4491253540067413,4.366886919428715,4.768586177422758,4.647261966672374,4.551033133558023,4.776059959526758,0.9614,0.9788,0.9902,0.9864,0.9261,15.208576132244746,0.9864,19.25535472286738,21.26093347024224,22.10716997945448,20.20667133700278,21.264023829371546,0.9702,0.9862,0.9934,0.9945,0.9474,2.850455332801101,0.9945,3.608919604143975,4.493507062328758,4.480523770610663,3.7237948881424527,4.497605303508414,0.9735,0.9758,0.9821,0.998,0.961,7.896980260554674,0.998,9.998250647151044,16.539565533109837,16.519135646092593,13.03994924897533,16.538714395685457,0.9634,0.9536,0.9561,0.9638,0.9106,3.8254190411263007
0.9878,0.9931,0.9953,0.9947,0.9947,0.9499,3.9088702698225646,4.948963200540895,5.403627414656436,5.432449561101546,5.230940716243192,5.399745037049904,0.9753,0.9775,0.9854,0.985,0.95,16.943411754066332,0.9853,21.451804607036152,21.524207555072586,20.920411960219045,19.990822246931096,21.578993664467905,0.9545,0.9848,0.9949,0.9949,0.9245,2.7297711120351544,0.9949,3.4561230859101437,4.635741461559145,4.636688440434176,3.761672249802813,4.6359428500140725,0.9688,0.9855,0.9904,0.9939,0.9536,6.97834741852942,0.994,8.83518310687229,11.874077023998828,11.907400121948877,10.339920018173318,11.866052795462728,0.965,0.9735,0.9806,0.9795,0.913,3.863777689237764
0.9678,0.9527,0.9725,0.9719,0.971,0.9105,3.36858775527276,4.264919449320659,4.417861971208389,4.510600543714439,4.060074565164076,4.376645558090022,0.973,0.9667,0.9737,0.9756,0.9453,16.281367153021694,0.9762,20.613599667623973,19.62623648055984,19.297167992317195,18.788003048322093,19.67990979475988,0.934,0.9731,0.9833,0.9838,0.9006,2.3668541173340114,0.9843,2.996639212655792,3.5295769648150284,3.5492912661661986,3.2564228803556823,3.5447378025691862,0.9551,0.9743,0.9787,0.9909,0.9384,5.838473443299315,0.9909,7.392005419390704,10.293802778551674,10.294287802473072,9.259800494461643,10.306519649478908,0.9723,0.9793,0.9857,0.982,0.9285,4.1083864750097225
0.9683,0.9752,0.9862,0.9842,0.9834,0.9104,3.399371287637602,4.303894027226817,4.744911453465865,4.884425817857563,4.489773667318261,4.726010335129937,0.9569,0.9541,0.9638,0.9685,0.9156,14.60386226830246,0.9677,18.489735387119232,18.42314110391592,17.995993844618155,17.229720666845836,18.3606981890255,0.9434,0.9365,0.9434,0.9611,0.9149,2.4028686077250256,0.9611,3.0422366296402785,2.9109135853148533,2.737011072018274,2.6624031979832323,2.910744602067205,0.9353,0.9718,0.9798,0.9803,0.9108,4.892375544520897,0.9804,6.194164774406598,7.818403818095673,7.811235293855256,7.084154022512212,7.830709925274198,0.9476,0.9663,0.978,0.9721,0.8864,3.546329771271068
0.9736,0.9652,0.9819,0.9784,0.9784,0.9169,3.523137852891269,4.460593056515794,4.889057858774827,5.121255142998144,4.565384454907039,4.86119984634308,0.9579,0.9784,0.9895,0.9896,0.9173,14.636208802849758,0.9897,18.53068885911739,22.022695138922128,22.26726028927653,20.589902905373656,22.046986857456417,0.9701,0.9711,0.979,0.9902,0.9469,2.881171746497544,0.9904,3.647809204090505,3.965657974254941,3.9772593493500015,3.644484176916057,3.968524464511556,0.9324,0.9625,0.973,0.9857,0.907,4.695957572114412,0.9857,5.945482866268296,8.802333234016473,8.771294378891506,6.936487071759054,8.797967919489734,0.9529,0.9863,0.9946,0.9918,0.894,3.606822411578579
0.9581,0.9707,0.9831,0.9783,0.9777,0.8908,3.18976197686061,4.038510759448743,4.581446259265781,4.738946289556223,4.356500786976984,4.567391469714741,0.9788,0.9648,0.9675,0.9803,0.9477,16.434303290295226,0.9803,20.807229863346468,20.309597312980888,18.674980025867686,18.31468271060292,20.264086115938102,0.9561,0.9716,0.9751,0.9911,0.9288,2.593493280152667,0.9913,3.2835837258186285,4.048248585778623,3.9883978201401575,3.820972601272503,4.057058786609164,0.978,0.9799,0.9876,0.9993,0.9662,8.772132733768753,0.9993,11.106268331502443,21.359625319856143,21.29348175896392,14.980442868062124,21.35355967021337,0.9669,0.9666,0.9741,0.9775,0.9195,3.940204767492035
0.9679,0.9846,0.9875,0.9866,0.9867,0.9086,3.3651674723894387,4.260589079429471,4.876754431410159,4.931640483205092,4.801353737932587,4.881281115979269,0.9738,0.9828,0.9889,0.9912,0.9386,15.759540994393642,0.9914,19.952923237385964,22.62632594587694,23.12173823669421,21.55150329966326,22.952162373589047,0.9571,0.989,0.9942,0.9945,0.929,2.6818111653457724,0.9945,3.395401702266877,4.474234614405143,4.48906521901954,3.879495601075423,4.464746165613487,0.9522,0.9561,0.9667,0.992,0.9338,5.455931310322972,0.992,6.907674446993843,10.555724932541724,10.549465459816965,8.211972919209446,10.564430846003267,0.9504,0.9815,0.9893,0.9842,0.8912,3.5631405203587816
0.9907,0.9947,0.9968,0.9961,0.9961,0.9561,4.009380600208404,5.076217852657121,5.842044823646734,5.999615209300933,5.668590166787496,5.8438335660717495,0.9791,0.9766,0.979,0.9982,0.9564,17.376749439791244,0.9981,22.00044708223334,28.91891304989903,28.7025425536835,24.171076854554727,28.82656359349539,0.9279,0.9572,0.97,0.9733,0.8919,2.2949171360457585,0.9738,2.9055608578937853,3.1299410667021474,3.123138247165975,2.8297325274117684,3.1403999226089203,0.9653,0.9834,0.9913,0.9958,0.9503,6.991820899735764,0.9958,8.852241683409904,13.62456027736231,13.600910901902068,10.792677866569631,13.622685145334357,0.9573,0.963,0.9775,0.971,0.9053,3.741684916369591
0.9605,0.9683,0.9835,0.9767,0.9768,0.8928,3.2231890807547154,4.080832324415925,4.572086472681147,4.870708263361438,4.2894157945905,4.575023835786308,0.9715,0.964,0.9661,0.9812,0.9398,15.808729032397975,0.9815,20.01519948939402,20.34525818933469,18.89091200314886,18.6469317441712,20.384587371040283,0.9428,0.931,0.9336,0.9699,0.9141,2.369910786005221,0.9701,3.000509215937009,2.997770838964739,2.8107118989710607,2.7769679605749293,3.002312917914198,0.9506,0.9609,0.9681,0.9784,0.9307,5.558620451471185,0.9785,7.037687659394655,7.4402067275877,7.2893377289362995,7.067169290104831,7.466520277015272,0.9592,0.9837,0.9886,0.988,0.9036,3.731086270231552
0.9662,0.9753,0.9806,0.9814,0.9812,0.9061,3.3596402247457053,4.253591112420873,4.665049712522069,4.690606204307814,4.473807266004396,4.657744522106086,0.9747,0.9853,0.989,0.9901,0.9452,16.34484743022613,0.9901,20.69397111363237,22.249457810248344,21.96607403139894,21.245783224493145,22.18903357384501,0.9839,0.9801,0.9938,0.9997,0.9693,3.6145451874281056,0.9997,4.576322539372965,7.116472243917284,7.178194808686234,6.145988188389024,7.111678432379726,0.9816,0.9744,0.9824,0.9986,0.9721,9.385114434463093,0.9986,11.882355453851217,17.969833441357903,17.91193114854221,14.90233859453913,17.975332774459275,0.9603,0.9474,0.9555,0.9634,0.9057,3.762419606821512
0.9744,0.9927,0.9966,0.9949,0.9954,0.9223,3.52177438432515,4.458866789002925,5.3944397940861055,5.755210906686488,5.210498778206235,5.441952087124154,0.9461,0.9599,0.9753,0.9766,0.8954,13.590548458731234,0.9757,17.20679366534253,19.556517609080093,19.956153549964924,17.805335207714993,19.478727119075074,0.9622,0.9871,0.9907,0.9949,0.9353,2.855699308317269,0.9949,3.615558924475072,4.604620253726685,4.614177065634167,4.202924614360565,4.6077963404900935,0.9712,0.9572,0.9637,0.9977,0.957,7.408761425780852,0.9977,9.380123955723068,16.07838870935373,16.01278617832317,11.590670557154514,16.081314619544518,0.9688,0.9745,0.9797,0.9773,0.9206,3.9921564780665024
0.9554,0.9494,0.9599,0.9591,0.9588,0.8851,3.1511887541991843,3.9896737691419935,4.092150560275811,4.106252892928069,3.931033860814773,4.099250706957807,0.9479,0.9392,0.9469,0.965,0.8875,13.2205277497172,0.9644,16.738315883798855,19.41086413376109,18.909628556756463,18.60597259718378,19.419331214333116,0.939,0.9738,0.9854,0.988,0.9079,2.423738250404462,0.988,3.0686593775186983,3.783886993206594,3.780605317189261,3.23209760546737,3.7882210655045214,0.9679,0.9789,0.9912,0.9984,0.9525,7.273677766795325,0.9984,9.209096520385817,17.197586239179625,17.212140889505893,11.846237942730712,17.189002189878842,0.9704,0.981,0.9888,0.9832,0.922,4.090768923150055
0.9605,0.961,0.9688,0.9725,0.9713,0.8974,3.251400956333472,4.116550965460474,4.398760946846652,4.329943388024134,4.127860892711854,4.394529206955806,0.9662,0.981,0.9866,0.9919,0.9357,16.579124518499235,0.9927,20.99058589195964,23.633029435627783,23.56113043707252,22.72452331683316,23.739970313983186,0.9526,0.9824,0.99,0.9899,0.9238,2.595298097449327,0.9899,3.2858687784728007,3.931030657354388,3.971881020587852,3.5778962458660386,3.937129394051997,0.9628,0.9759,0.9803,0.9921,0.9478,6.611753164384756,0.9921,8.371043509480629,10.835711799020247,10.78859114866622,9.544231376974851,10.845214264343053,0.9752,0.9841,0.988,0.9851,0.9335,4.257759517181579
0.9812,0.9933,0.9985,0.9962,0.9965,0.9355,3.717003151686748,4.706043062111464,6.005594471432876,6.524494873938659,5.587418012257289,6.036146509630706,0.9516,0.9644,0.9726,0.9789,0.9055,13.991970605662877,0.9793,17.715028345931454,19.93269408574251,19.98112864883363,18.555685936365663,20.019730128497944,0.9397,0.9816,0.991,0.9951,0.9076,2.531443458719824,0.9951,3.2050233588394472,4.551113021296481,4.615911906161707,3.8195738883301686,4.551818803134326,0.9656,0.9862,0.9902,0.9942,0.951,6.866402085702136,0.9942,8.69345076622347,12.175727071535391,12.165066714312983,10.694419403053548,12.170034542679414,0.9734,0.9714,0.9736,0.9811,0.9298,4.145322867150894
0.9627,0.9747,0.9859,0.9809,0.9816,0.8968,3.265427162276272,4.134309338663604,4.675617369572027,4.876660107984806,4.462466137622656,4.688155134065892,0.9541,0.9805,0.9857,0.9847,0.9156,14.857169027509578,0.9854,18.810443352139828,21.16734369516916,21.15879852254083,20.244018721346485,21.20794545526279,0.9748,0.9093,0.9141,0.9899,0.9537,2.9145576949885155,0.99,3.690078662806634,3.959712120406777,3.911501326844762,3.697584741214891,3.972880074137707,0.9589,0.9573,0.9677,0.9826,0.9442,6.040643922143016,0.9827,7.647970491385436,8.198261252315993,8.116775267742792,7.831907386678355,8.217940954503748,0.9533,0.9754,0.9829,0.9815,0.895,3.61554967833731
0.9676,0.9677,0.9729,0.9761,0.9753,0.9072,3.349280572434846,4.240474908884353,4.508530012665765,4.422436142051026,4.282237597874907,4.48332908062696,0.9695,0.9742,0.9772,0.9886,0.9374,15.766611524045846,0.9885,19.961875131064108,21.85648048657912,20.86156171226459,20.572153938250768,21.84930422828078,0.9125,0.9464,0.9562,0.9592,0.8729,2.0855423408199862,0.9593,2.6404745068084705,2.820918960709408,2.819180440777447,2.652778159373233,2.815682127124281,0.9527,0.974,0.9793,0.9804,0.9338,5.691538219171396,0.9805,7.205972891607348,7.81656575990779,7.677875021117617,7.561229471418704,7.822077314551998,0.959,0.9811,0.9891,0.9843,0.9033,3.720944869111572
0.9773,0.9699,0.9742,0.9838,0.9832,0.928,3.5905350694560023,4.545923681881597,4.796429557250653,4.554552035099186,4.364827970684613,4.775775269747527,0.9731,0.9829,0.9875,0.9922,0.9394,15.804809213222589,0.9915,20.01023666394505,24.45237561670116,24.946143188906397,22.348366931923824,24.52291942889285,0.9673,0.9647,0.9821,0.9906,0.9425,2.8587211875161183,0.9906,3.619384881316628,3.9242586070198846,3.968143333838588,3.720896604656904,3.923242319527024,0.9324,0.9719,0.98,0.9843,0.907,4.728927203129495,0.9843,5.987225231546759,8.417835492174069,8.422491873113705,7.636717771752745,8.43422971951201,0.9222,0.9199,0.9311,0.9351,0.8479,3.133694360083573
0.9712,0.9569,0.9619,0.9745,0.975,0.9162,3.446354113227808,4.3633782922070194,4.443663033399195,4.13872858299457,4.028251757059509,4.45605754871044,0.9752,0.9599,0.9656,0.9856,0.9499,17.06053315634873,0.9855,21.60009029315017,22.0500097744036,21.99171700480324,20.656209026424424,22.124942089111,0.9564,0.9862,0.9901,0.9913,0.9269,2.8002497619452718,0.9913,3.5453550687471704,4.056418589975345,3.984194037273964,3.929630166517235,4.061836194667873,0.9754,0.978,0.9817,0.9991,0.9628,8.312573395172898,0.9991,10.524427006981064,19.625595249298204,19.567973737764586,13.215805525792652,19.612386166191875,0.9812,0.9888,0.9941,0.9915,0.948,4.481533505241566
0.9682,0.9669,0.9721,0.9747,0.9753,0.9093,3.3667277000021394,4.262564460679481,4.540532950558434,4.475837574340144,4.337506005801476,4.551215894941244,0.9611,0.9612,0.9688,0.9743,0.9196,14.675095616957488,0.9735,18.57992288294549,19.35443857180272,18.879302777893383,18.18974071656008,19.302708240720484,0.9561,0.9857,0.9917,0.9973,0.9261,2.843221623104555,0.9973,3.599761110609926,5.091339116143474,5.115071534378193,4.350093110282398,5.089637350956373,0.9547,0.9509,0.9628,0.9853,0.9374,5.811314730625996,0.9854,7.35762017242255,8.616926919135382,8.57217954380805,8.322954141731143,8.646680569529593,0.9833,0.9965,0.9974,0.9967,0.9494,4.499234453230002
0.9694,0.975,0.9778,0.9806,0.9804,0.9119,3.388753698316674,4.290451253432711,4.639866778100941,4.544244519739491,4.470589162547455,4.6276988300920685,0.9273,0.915,0.9279,0.9492,0.8558,12.13558833289142,0.9507,15.364690033348,16.63848431590136,16.271600114605373,15.479869296858745,16.806268775131432,0.9883,0.9958,0.9992,0.9999,0.978,4.132108551596474,0.9999,5.231601908195219,9.366054654760854,9.425720705317405,6.731595415269936,9.351165345029036,0.9606,0.9618,0.965,0.9827,0.9463,6.09992295314378,0.9828,7.723022801320456,8.242507025040837,8.171886104538803,7.920928058142561,8.269908969169492,0.9603,0.9736,0.979,0.9772,0.9045,3.744292077686282
0.9784,0.9829,0.9902,0.9872,0.9864,0.9311,3.619798228206759,4.582973337099665,5.139417408834979,5.339166174406171,4.945157031657638,5.150419291962485,0.9704,0.9604,0.9689,0.9818,0.9377,15.761057424044004,0.9821,19.954843166679552,20.77775624218638,20.22652461285434,19.320460662725,20.87904077798193,0.9593,0.9708,0.9797,0.9893,0.9313,2.783983263903021,0.9895,3.524760294642165,3.8785399877424513,3.8924160358132833,3.382688792140918,3.884601754992285,0.9493,0.9572,0.9656,0.9876,0.9298,5.432974949914792,0.9877,6.87860973646724,9.069892045634177,9.031915425240213,7.685442206900462,9.071342743534164,0.9485,0.9595,0.9694,0.9663,0.8879,3.5361490118462724
0.9884,0.9959,0.9972,0.9966,0.9964,0.951,3.901503109358441,4.939635746951322,5.649299421821143,5.771446789358141,5.53188751839099,5.635365482498013,0.9799,0.9702,0.978,0.9927,0.9591,17.722949378146883,0.9928,22.438765736136723,23.62755395531087,22.729136127937835,22.27161294104376,23.7153071408282,0.9768,0.9741,0.9797,0.9973,0.9558,3.1852176516155115,0.9973,4.032757256043192,5.195906879722014,5.215345963793035,4.586943744611478,5.183693351499875,0.9696,0.9867,0.9913,0.9938,0.9554,7.027639852699712,0.9939,8.897591533331768,11.954116296761208,11.953377675894126,10.520392247224876,11.954358028076328,0.9607,0.9733,0.9812,0.9782,0.9065,3.775596299805016
0.9892,0.9951,0.9966,0.9969,0.9969,0.9537,3.974621126633714,5.032209394018988,5.656927935235209,5.550158086837577,5.434437088655018,5.638338607729387,0.9662,0.9772,0.9814,0.9877,0.9352,15.73684088670482,0.9868,19.924182964661235,21.542000897019893,20.9128297113543,20.371920799925736,21.389907111556155,0.9922,0.9975,0.998,0.9999,0.9851,4.494538360373252,0.9999,5.690468962510829,9.400861880817722,9.41514757050598,7.072907670446544,9.389039559254018,0.9572,0.9583,0.9669,0.9898,0.9414,6.178829919462416,0.9898,7.822925751692605,9.721502658791184,9.70929918961312,8.534141427293827,9.717447603672523,0.9559,0.9654,0.9726,0.9744,0.8991,3.723614149448797
0.9657,0.9651,0.97,0.9701,0.9695,0.9034,3.414111501114673,4.322556394875425,5.454831382963068,5.613084802643389,4.896777990749351,5.456099765271313,0.9799,0.9848,0.9914,0.9917,0.9576,17.296879439220632,0.9917,21.89932484834833,22.66385480792783,22.526710891182365,21.322868094941683,22.677165410317144,0.9561,0.947,0.9526,0.9673,0.9283,2.668283370045123,0.9678,3.378274359452708,2.980912319831534,2.836107156284497,2.7758452940116256,2.990743230044964,0.9782,0.987,0.9933,0.9943,0.9687,8.042433799066593,0.9943,10.182407234552096,12.28431314445298,12.235631537531257,10.86673449281209,12.28639868835204,0.9653,0.97,0.9733,0.9748,0.914,3.8741470683238473
0.977,0.9713,0.978,0.9817,0.9807,0.9262,3.569013556300692,4.5186756103741175,4.678640905965027,4.549870682455493,4.341580632995684,4.652910593149208,0.959,0.9445,0.946,0.9649,0.9194,14.790080134958377,0.965,18.725503091276167,18.074503036762305,17.192134716426864,17.01050099377317,18.095568629564216,0.9211,0.9664,0.9716,0.969,0.8819,2.2338611945823974,0.9692,2.8282588277370597,3.047634311568853,2.992108862584804,2.901914456488576,3.0495331213519945,0.9454,0.98,0.9841,0.9844,0.9228,5.231800385830919,0.9845,6.6239055775131135,8.533293177887291,8.537692108567636,8.033340204713367,8.548785448140801,0.9674,0.9875,0.9946,0.9916,0.9219,3.962239198629879
0.9715,0.9714,0.9753,0.9788,0.9792,0.9163,3.45296817184014,4.371752254610263,4.666645437516597,4.554490607722438,4.46417281517089,4.684382165304017,0.9755,0.9681,0.9786,0.9855,0.9405,15.901524712277258,0.9838,20.132686735884956,21.159298516111765,20.57591600495526,19.822989774653237,21.039141226532912,0.9593,0.99,0.9957,0.9962,0.9308,2.83072586631493,0.9962,3.5839404165868505,4.861889416837826,4.897851451820023,4.205305156931665,4.856027633480472,0.9662,0.9814,0.9885,0.9938,0.9514,6.923959992662587,0.9938,8.766323986306153,11.860929127185274,11.8647187277518,10.65990443409281,11.856078754437052,0.983,0.99,0.9912,0.9922,0.949,4.472147438346496
0.9811,0.9715,0.9741,0.9749,0.9747,0.9365,3.684759821428509,4.665220255546908,4.457902568334992,4.44623025443727,4.353807975318189,4.455843679941303,0.9744,0.9814,0.9821,0.992,0.9487,16.854118530707645,0.9918,21.338751769270857,23.34832113991041,22.45506401239949,22.25339418213749,23.33845023422652,0.975,0.9481,0.9566,0.9897,0.953,3.052612512576772,0.9897,3.864867838384129,3.82755236125172,3.824221945408537,3.5900339456887447,3.8370636844219694,0.9612,0.9925,0.9959,0.9962,0.9451,6.689004545744124,0.9962,8.46885034806773,14.56537151993078,14.602407408833088,11.699552387914776,14.56227884421062,0.9631,0.9625,0.9771,0.9736,0.9117,3.83649481626386
0.9806,0.9821,0.9876,0.9863,0.9861,0.935,3.687156535584505,4.668254700115664,5.313986108265338,5.578333968481587,4.914454543737239,5.334072111337021,0.9777,0.9795,0.9849,0.9919,0.9522,16.805146132342884,0.992,21.276748535441243,22.732971191222333,21.621387232644533,21.03921917795096,22.7902033448495,0.9724,0.9912,0.9942,0.9991,0.9471,3.1957576677465345,0.9991,4.04610181556164,6.482960999733811,6.464149921311705,4.898475948966358,6.4733007043368165,0.9717,0.9825,0.9919,0.9933,0.9585,7.441092172877223,0.9933,9.42105743946163,11.405369882381036,11.427885736042647,10.73770967921191,11.418921090638644,0.9709,0.9884,0.995,0.9917,0.9278,4.079513593210558
0.9575,0.975,0.9879,0.9798,0.982,0.8871,3.1796205501883694,4.025670848186049,4.708517324988026,4.961639388703688,4.549424335948714,4.751583772000181,0.9759,0.9791,0.9855,0.9968,0.9506,17.04255657275933,0.9973,21.577330404866792,25.95533309210811,25.862072106216527,22.19899967789179,26.12318051782385,0.953,0.9764,0.9789,0.9809,0.9252,2.5092524196405943,0.981,3.176927610399616,3.4545631937052885,3.3159811290536974,3.231232285724684,3.4601069237336013,0.9451,0.9682,0.976,0.9838,0.923,5.044916823262042,0.9838,6.387295045544414,8.38020106764552,8.401773898212133,7.705578597038041,8.377764194437033,0.9619,0.9703,0.9732,0.9742,0.9091,3.807438821457553
0.9872,0.9946,0.9976,0.9964,0.9962,0.9489,3.8887707273694607,4.923515465240988,5.617173787362855,5.81917416181032,5.49086872716415,5.619350305329027,0.9671,0.9846,0.9918,0.9963,0.9378,16.190899439660978,0.9963,20.499059825328416,24.748121002017648,25.010453644010692,21.676146538776894,24.71713831043891,0.9593,0.9787,0.9886,0.9906,0.9313,2.762485812328057,0.9908,3.4975426871479325,3.95178054199924,3.91776930883938,3.834468841381379,3.966916388185302,0.9641,0.9465,0.9705,0.9873,0.9493,6.569891050044916,0.9873,8.318042501756187,9.021579475174171,9.026999744058548,8.660301005436953,9.023455693134157,0.9627,0.981,0.9928,0.9882,0.9102,3.8137720234107246
0.9717,0.9566,0.9638,0.9728,0.9741,0.9156,3.443659937358653,4.359967235734982,4.692863431217101,4.634294766440712,4.426973809903453,4.694935144272046,0.9705,0.9892,0.9971,0.9981,0.9411,16.039616682248315,0.9981,20.307522949548293,27.404722483725227,28.021533773163767,23.14093547797039,27.47467122164523,0.9561,0.9391,0.9402,0.979,0.9283,2.660986503290044,0.9792,3.3690359036950617,3.2215501461935045,3.08270728371543,3.074379346055652,3.228399966520386,0.9689,0.9728,0.9855,0.9981,0.9531,7.336081525216868,0.9981,9.288105001784633,16.891860519652663,16.862443999601105,12.443898819618058,16.90290658220448,0.964,0.9754,0.9827,0.9798,0.912,3.838272277343307
0.9755,0.974,0.9791,0.9799,0.9802,0.9241,3.541199289047145,4.483460375386525,4.727210737520156,4.690866579447483,4.551810142723787,4.740721275484086,0.986,0.9663,0.9683,0.9903,0.9584,17.48045675701428,0.9898,22.131749392398497,24.39639138904021,23.50170055999733,23.149872892416568,24.43917993112428,0.9629,0.9742,0.9862,0.9939,0.9365,2.9014985180465525,0.9939,3.673544630809184,4.275936608716142,4.197268120865109,4.140323325417878,4.285361283103657,0.9568,0.9764,0.9849,0.9941,0.9395,6.149106435128733,0.9941,7.785293285019328,12.107347210148935,12.095092271909335,9.690548459033712,12.100754037972363,0.9709,0.9837,0.9946,0.9897,0.9229,4.08852030845221
0.9754,0.9774,0.9854,0.9838,0.9832,0.9237,3.5363542385166857,4.477326128116893,4.779955993911646,4.876916815809544,4.551956667735673,4.758801133449966,0.9653,0.9841,0.9879,0.9876,0.9266,14.975915888635814,0.9872,18.960787007806903,21.62652049771404,21.673432769459577,21.307924573999344,21.581670572840643,0.9569,0.9648,0.9684,0.9842,0.9279,2.780684443122787,0.9846,3.5205837061345866,3.519634409402576,3.4343165803046944,3.3166670916292054,3.539647178508269,0.9561,0.989,0.9909,0.9923,0.9384,6.251645097698239,0.9923,7.9151159787032,10.867257278626482,10.685077658785827,10.666798592215295,10.864690828937553,0.9748,0.975,0.9797,0.9827,0.9355,4.19359057018873
0.9583,0.9631,0.9659,0.9725,0.9718,0.8914,3.1958567567536784,4.046227270697289,4.399642677415957,4.266660204025088,4.18476557684885,4.388547380549723,0.973,0.9288,0.9362,0.9793,0.9332,15.447626236243414,0.979,19.558012546256485,23.4129202628643,23.471338349205936,20.251328044556335,23.442238902521087,0.9588,0.9577,0.9632,0.9769,0.9313,2.711989178654859,0.9773,3.433609641395765,3.173431685077979,3.097400453719834,2.969509371976323,3.185102107904778,0.9418,0.9782,0.9891,0.9884,0.9174,5.1131873649476125,0.9884,6.473731375010579,9.34829954672504,9.361523797116863,7.637899334010841,9.344052513848906,0.9851,0.9837,0.9862,0.9882,0.9533,4.589062172346721
0.9814,0.9861,0.9924,0.9905,0.99,0.936,3.686960460469085,4.668006452293718,5.094956149748681,5.175189776517506,4.838234022817423,5.08639157029129,0.9797,0.9862,0.9926,0.9933,0.9533,16.91865054846257,0.9935,21.420454808532963,23.497284292202657,23.733399828776307,22.39580762849296,23.589034968484476,0.9697,0.9726,0.9766,0.988,0.9458,2.8296531249341856,0.988,3.5825822344906086,3.74883133022368,3.666489140762508,3.5494065603493272,3.756600499229686,0.9416,0.94,0.9505,0.9633,0.9193,4.719266014422296,0.9636,5.974993342513619,5.889940623812254,5.871719536300134,5.607199251117423,5.90470516361237,0.9458,0.9545,0.9584,0.9623,0.8844,3.4856723617175067
0.9824,0.985,0.9861,0.9877,0.9875,0.9394,3.735068310466899,4.728915094142077,5.023205381478496,4.917664342736755,4.831783552679232,5.006611637213819,0.9676,0.9813,0.9858,0.9885,0.9333,15.413674451803416,0.9884,19.5150266909613,21.885340067174205,21.694110172966628,21.11639792257965,21.89492694314883,0.9774,0.9934,0.9969,0.9982,0.956,3.2879056223824867,0.9982,4.162768986641519,5.558004788900775,5.593146351680961,5.414787384984948,5.572670454412198,0.9565,0.9788,0.9862,0.9901,0.9396,6.021601686408279,0.9901,7.623861396582576,10.02374826111475,10.026268243976538,9.54776178390408,10.015976286841555,0.9749,0.9794,0.9807,0.9832,0.9331,4.202947771431309
0.9619,0.9886,0.9955,0.992,0.9933,0.8962,3.264092118971972,4.132619059956961,5.197044320164851,5.465154246510583,5.061312992026823,5.2432865696495154,0.9791,0.9816,0.9825,0.9955,0.9569,17.950876351291367,0.9955,22.72734072702633,24.92569126961457,24.51755862535794,23.441555690134557,25.110593028834675,0.9704,0.9773,0.9943,0.9986,0.9461,2.971223499556241,0.9986,3.7618224051609808,5.722331812579907,5.802982162799181,4.409090444896019,5.735086215721931,0.9813,0.9949,0.9997,0.9996,0.9714,9.726707679689897,0.9996,12.31484164128806,25.337485149988503,25.32997000444823,17.009185212419343,25.356101902267977,0.9646,0.9659,0.9675,0.9728,0.9151,3.874831108178789
0.9678,0.9749,0.981,0.9785,0.9785,0.9074,3.3786073209451475,4.277605074162412,4.6473052507329005,4.712180794596342,4.546732409892064,4.640169927999567,0.9587,0.9803,0.9904,0.9901,0.9205,14.949371974021522,0.9902,18.92718014762569,22.19839039355909,22.90113546072881,20.46873024781424,22.184479366942902,0.9765,0.9657,0.9784,0.9948,0.9555,3.10621226581769,0.9949,3.932729698214904,4.517118562411143,4.548433139805796,4.139061607237293,4.522444360428851,0.9721,0.978,0.9973,0.9987,0.9588,7.688587953946964,0.9987,9.73440821046557,17.983407378915878,18.053411668971744,12.785151721799789,17.972088259053066,0.9677,0.9712,0.9752,0.9786,0.9216,3.9923676321138166
0.9746,0.982,0.9856,0.9849,0.9846,0.9233,3.5539415248645057,4.499593132884152,4.961144835260884,5.067224355674615,4.824523127181713,4.958555909053718,0.9729,0.9855,0.989,0.9889,0.9429,16.09447169345593,0.9889,20.37697407304236,22.225849218725905,21.930903364221493,21.134735696422087,22.264368638730836,0.9714,0.9777,0.9801,0.9864,0.9476,2.964350470683252,0.9866,3.753120564316767,3.681319705353965,3.5191041312918725,3.473677705467659,3.68800234086927,0.9307,0.9466,0.9611,0.9627,0.9048,4.645368569048408,0.9627,5.881432872985437,5.866413916276101,5.878453620771555,5.404201761202384,5.867460010867075,0.9468,0.9747,0.9851,0.9787,0.8862,3.5174467585124622
0.9684,0.9737,0.9798,0.9819,0.9817,0.9095,3.36900050879874,4.265442030493726,4.706178625804999,4.713384207305449,4.490028139021836,4.708969525562328,0.962,0.9634,0.9673,0.9741,0.9242,15.032252089374394,0.9749,19.032113443597304,19.16114422933776,18.29271212293789,17.85338278100276,19.2204247083672,0.988,0.992,0.994,0.9999,0.9768,4.163400272170223,0.9999,5.271219895723908,9.400316494660265,9.393413155769048,7.45868756783234,9.394818038373996,0.916,0.9393,0.9506,0.9747,0.8917,4.2635518783642645,0.9746,5.398020372413014,6.852474929785752,6.827951946168724,5.987203219990724,6.84340782839052,0.9758,0.9938,0.9974,0.9955,0.9368,4.265689468419165
0.9629,0.9622,0.9737,0.9735,0.9732,0.9007,3.2844135703814725,4.1583477509252,4.495365109837276,4.590478334650388,4.233309523900989,4.480939980351419,0.9637,0.9767,0.9824,0.9873,0.9265,15.127226364365496,0.9881,19.152358977340835,21.454990813934952,21.634971647825356,20.14866542200001,21.618897557278185,0.9659,0.9881,0.9887,0.9895,0.9407,2.852755364773073,0.9895,3.611831640820463,3.9157159976515055,3.807414785080336,3.794964007276652,3.919511885524364,0.9692,0.9662,0.9705,0.998,0.9545,7.254019100618603,0.998,9.184206972059943,16.642800141026147,16.601011558822123,11.818933217987109,16.643640955926408,0.9763,0.9887,0.9939,0.9924,0.9388,4.275276016852184
0.9641,0.9624,0.9723,0.9716,0.973,0.9032,3.298110291784208,4.175688968594538,4.381132967108125,4.41110108812261,4.13696398971984,4.396055518912171,0.9777,0.9619,0.9698,0.991,0.952,16.77723848510052,0.9909,21.241415073422203,25.75055047322036,25.921015725911367,23.850552829681305,25.808426284354667,0.9769,0.9925,0.9971,0.9995,0.9553,3.270033696470114,0.9995,4.140141603904884,6.837175331995947,6.840055889899715,5.043297301747249,6.824034148542997,0.9584,0.977,0.9837,0.9902,0.9423,6.191759386179174,0.9902,7.839295559480255,10.025731011547228,10.006049496309478,8.217956872675495,10.035247154508031,0.9542,0.9441,0.9478,0.9598,0.899,3.6832990828543615
0.9659,0.9638,0.9704,0.9774,0.9775,0.9062,3.368247182236689,4.264488254805041,4.633115224637715,4.612293606448771,4.342789885464176,4.635772945150854,0.9791,0.9925,0.998,0.9991,0.9567,17.55962015182388,0.999,22.231977003114363,29.454824526138133,30.06898903052257,25.64337616099684,29.44165938388952,0.9664,0.9658,0.9711,0.9874,0.9423,2.7841850211220844,0.9875,3.5250157364920254,3.7187157548361167,3.675515761264201,3.3265610051509604,3.72093296575068,0.9606,0.9881,0.9907,0.9928,0.9444,6.596627187125303,0.9928,8.351892731976658,11.194677928195446,11.029645171727411,10.92195429344363,11.195555870051098,0.953,0.9713,0.9849,0.9772,0.8933,3.6022692456068737
0.9769,0.9724,0.9749,0.9834,0.9835,0.926,3.5728766745328557,4.523566647592188,4.756905351570747,4.472511765086701,4.435414836383454,4.7617371797435375,0.9724,0.9818,0.9919,0.9887,0.9405,15.845221533883928,0.9885,20.061402109200543,21.738936198157816,22.71371438773325,20.9151959692202,21.82297522997952,0.9756,0.9783,0.9884,0.9973,0.9542,3.0866849118163726,0.9973,3.9080064023044345,5.206977671180685,5.245937260314576,4.3775691400842645,5.201139988000782,0.9904,0.986,0.9966,0.9995,0.9846,12.348818096823129,0.9995,15.634657103656004,24.92623146467337,24.947026104366824,22.37269709195776,24.936443897400466,0.9901,0.9962,0.9975,0.9969,0.9646,4.956712194359786
0.9733,0.9609,0.9702,0.9767,0.9748,0.9202,3.4955551401799982,4.425670989331056,4.517173715763194,4.364595772171295,4.085524983193412,4.461713309238549,0.9647,0.984,0.9911,0.9959,0.9301,15.35321201660612,0.9959,19.43847609036537,26.073775778780927,26.72079590368319,22.075605541634918,26.11990581888693,0.9534,0.9744,0.983,0.982,0.9248,2.581982483468156,0.9823,3.269010075308826,3.415341037900192,3.405014464351252,3.253564800001432,3.4194164650073566,0.9664,0.9799,0.9849,0.9958,0.9513,7.198806068067697,0.9958,9.114302563004918,13.573292306443548,13.571696201281146,12.749902852062151,13.57745169232374,0.9623,0.9807,0.9853,0.9823,0.9134,3.849930417686928
0.9491,0.9608,0.9695,0.9698,0.969,0.8741,3.086762553732994,3.9081047035939775,4.312728219671241,4.2915561062945855,4.101107731635418,4.299325041152635,0.9826,0.993,0.996,0.9996,0.9637,18.962037567787423,0.9995,24.007557082346903,34.847328518916264,35.334865609533054,30.396116188329884,34.816259356633424,0.9555,0.9775,0.9882,0.9886,0.9261,2.749208867840218,0.9886,3.4807329428611458,3.8502044099352335,3.877667126476152,3.4895769933333383,3.857258335320053,0.9857,0.9905,0.9967,0.9976,0.9785,10.273154020325578,0.9976,13.006689322126796,16.00059735914825,15.992935797495573,14.83678649883332,16.003821883641695,0.9679,0.9612,0.9791,0.9735,0.9169,3.975305259511484
0.9591,0.9474,0.9577,0.9644,0.9641,0.892,3.250382795234377,4.115261886656673,4.24507424101062,4.168981787799535,3.951698287956777,4.24526727172689,0.948,0.9069,0.9209,0.9452,0.8898,13.290028418366372,0.9445,16.826309658934647,17.491709353774937,17.12647280602498,16.584154415218855,17.47703810584126,0.9357,0.9596,0.9703,0.9791,0.9033,2.3760283657634536,0.9792,3.0082545937597525,3.250340089600554,3.2676469023762413,3.020367528634252,3.246498361349617,0.9658,0.9873,0.9899,0.9953,0.9508,7.037929987794588,0.9953,8.910619722142814,12.963983050765547,12.867250672428224,11.139400596618644,12.9698889560039,0.9479,0.9724,0.9804,0.9747,0.8856,3.519906997236089
0.9744,0.9839,0.9929,0.9884,0.988,0.9218,3.527786919620338,4.46647917157483,5.329711756951674,5.485424196026015,5.152296908659787,5.318453247965147,0.9656,0.9805,0.9913,0.9902,0.9341,15.701382575386951,0.9901,19.879289717827177,22.586430208440635,23.46400611153752,21.43006793621111,22.76260999517265,0.9614,0.9853,0.9899,0.9918,0.9347,2.806389837480141,0.9919,3.553128928142097,4.126708697867637,4.054459080880738,3.93178556995279,4.140031191793216,0.9595,0.9801,0.9855,0.9899,0.9436,6.211552893897721,0.9899,7.864355828700486,10.020784888955832,10.024384458523391,9.292837435751457,10.019712857188244,0.9665,0.9805,0.9872,0.9851,0.9197,3.968850989873385
0.9762,0.9623,0.9629,0.9772,0.977,0.9245,3.5805322105136512,4.533259209185207,4.597709048227964,4.25309355188789,4.241172144413428,4.587208931191048,0.9742,0.9698,0.9816,0.9839,0.9414,15.95321474143006,0.9848,20.198130722114698,20.80204113387001,20.68773592290078,19.408103916283302,20.883005877027337,0.9731,0.9907,0.9945,0.9995,0.9483,3.18255211985449,0.9995,4.029382465455484,6.821170566667808,6.828073803257407,5.267217794580801,6.817908020158106,0.9819,0.985,0.9864,0.9965,0.9724,9.562246618938769,0.9965,12.106619909330655,14.99800959104384,14.92961990279698,13.257944948050527,15.009718702010687,0.9539,0.9512,0.9623,0.9612,0.8964,3.644604795128165
0.9765,0.9862,0.9889,0.9884,0.9884,0.9247,3.5670482708206617,4.516187391311357,4.968106823273807,4.979521248120811,4.832167932431412,4.968437910989383,0.9856,0.9967,0.9988,0.9995,0.9692,18.630938800042323,0.9994,23.58835779861388,34.048549469469606,34.75214611477174,29.190183637257253,33.97294740938282,0.9737,0.9836,0.9913,0.9965,0.95,3.1294141650428475,0.9965,3.962105281829034,4.946987112093659,4.980583473431363,4.543549566565133,4.95692386453238,0.9722,0.9657,0.9739,0.9977,0.9597,7.578646973416712,0.9977,9.595213550802358,16.05466751339731,16.035058741005336,12.81977805605097,16.051137171457405,0.9654,0.9669,0.9755,0.9711,0.9175,3.907533215701994
0.9837,0.9843,0.9882,0.9898,0.9897,0.9418,3.783244275568106,4.7899099755217645,5.027534239799628,4.944303491488782,4.817627047288644,5.013029880566275,0.9536,0.9657,0.9717,0.9771,0.9135,14.630411588139754,0.9773,18.523349090773845,19.58971001362093,19.097706274501075,18.71522624031836,19.60219770604477,0.9645,0.9878,0.9899,0.9915,0.9391,2.8153965538397907,0.9918,3.5645321993546872,4.085614200597821,4.054336709978728,3.951535926901689,4.094884761783474,0.9352,0.9576,0.9646,0.9727,0.9112,4.695812898528465,0.9727,5.945299697167376,6.824314524655476,6.793732985052452,6.082513658381676,6.830511198010811,0.9801,0.9849,0.9873,0.9887,0.9419,4.332995236416503
0.9724,0.9816,0.987,0.9867,0.987,0.9177,3.4672859689287496,4.38987980707763,4.979471736507855,5.083887831174927,4.800949231736245,4.978976487433524,0.9558,0.9598,0.9746,0.98,0.9137,14.46306755673561,0.9807,18.31147727204325,20.1500144537998,20.19701786421558,18.28590633187952,20.294541738140147,0.9572,0.9389,0.9523,0.9886,0.9296,2.669063982260885,0.9887,3.3792626811065443,3.845281564947921,3.779509287331109,3.686351609483329,3.8461607351813383,0.9494,0.9536,0.9562,0.9761,0.9304,5.479339578995256,0.9761,6.937311311931999,7.06592175432571,6.813420985615156,6.763903061364975,7.0805978942828895,0.9821,0.9938,0.9958,0.9947,0.9462,4.418165683221636
0.9777,0.976,0.9808,0.9864,0.9865,0.9277,3.5927859216223794,4.548773452729009,4.845700586747463,4.646647618703566,4.502347806542932,4.853421804134831,0.9234,0.9318,0.9427,0.952,0.8669,12.793342716009182,0.9531,16.197463190895654,16.80086552523076,16.170930114809135,15.37794796908178,16.887341105917628,0.98,0.976,0.9814,0.9917,0.96,3.33174325982985,0.9918,4.218271175138427,4.104608583315466,3.9577087859895066,3.9102755861054175,4.105141792056969,0.9543,0.9697,0.9726,0.9895,0.9365,5.727863137621943,0.9895,7.251963336995695,9.594600201555494,9.597829799964387,8.845924192674074,9.593695839308014,0.9667,0.9872,0.9909,0.9892,0.9205,3.9436293775160634
0.9649,0.9789,0.9894,0.9835,0.9841,0.9027,3.332933607847133,4.219778257268742,4.759895487848796,5.0084116802774,4.5904763679848415,4.764529900949107,0.9735,0.9861,0.994,0.9936,0.9444,16.257063659723272,0.9931,20.58282937194365,26.685611182558027,27.821549934806654,24.60771232192889,26.84948574283014,0.9697,0.971,0.9745,0.9928,0.9449,2.8995388318777517,0.9929,3.671063500952081,4.184606418678407,4.09563361249224,3.99422530105164,4.190495712116361,0.9597,0.987,0.9915,0.9953,0.943,6.505896042139177,0.9953,8.23701936277179,12.865355724040846,12.875750968436313,10.66277540156888,12.86502001369702,0.9421,0.9576,0.9698,0.9736,0.879,3.435806147548746
0.9686,0.9774,0.9851,0.9836,0.984,0.9102,3.378936599075796,4.278021968364274,4.731731659041787,4.796527688772516,4.539698567572353,4.744880193046175,0.9544,0.9806,0.9828,0.9875,0.9154,14.724596102546304,0.987,18.642594720248265,21.57006235965316,21.497378357858715,20.86746373735005,21.572908301790697,0.9646,0.9674,0.9709,0.9801,0.9398,2.77007955452864,0.9805,3.5071570125439977,3.3023729907388297,3.251314306755858,3.1277945242162857,3.3085248367502023,0.9663,0.9426,0.9475,0.9944,0.9516,6.96014748312882,0.9944,8.812140436143318,12.153033063798048,12.10220744398194,11.181113194761792,12.15443718674517,0.9479,0.9764,0.9798,0.9785,0.8878,3.5354243513956005
0.9658,0.9458,0.9593,0.9694,0.9695,0.9005,3.352314949733522,4.244316689386418,4.334635158374783,4.177952149833905,3.9322601668685215,4.324347443047424,0.9637,0.9744,0.9772,0.9841,0.9277,15.29982817954217,0.9831,19.37088759883297,21.280043511858278,20.63083091124476,20.43588869587977,21.203468502275,0.9878,0.9784,0.9938,0.9998,0.9756,3.990579651591679,0.9998,5.052414247928213,8.012878201893107,8.065428305322607,6.498931530808433,8.017765760964448,0.9561,0.9758,0.9815,0.9814,0.9395,5.946566654366156,0.9813,7.528860645292681,7.977918085806303,7.982824034985177,7.480672217839548,7.971560455617651,0.9574,0.9467,0.9572,0.9611,0.9011,3.690519178148998
0.9742,0.9636,0.973,0.9769,0.9791,0.9199,3.5178256853907066,4.453867399315463,4.517672778639863,4.439165397566346,4.162860764678084,4.591771321611273,0.9701,0.985,0.9948,0.9939,0.9404,16.07013937352729,0.9938,20.34616728038917,23.683420376377388,24.333993094238732,21.55367690679588,23.7083638518378,0.9701,0.9775,0.9819,0.9878,0.9456,2.963419713645345,0.9878,3.7519421465102702,3.736614541330638,3.7278201511294218,3.485225710265152,3.745256906941974,0.9631,0.9746,0.9813,0.9908,0.9483,6.56406604751117,0.9908,8.310667551657401,10.289352935888225,10.239832325601052,8.653143306982662,10.290621293286195,0.9334,0.939,0.9456,0.947,0.8663,3.36777800232406
0.9764,0.9856,0.9923,0.9876,0.9894,0.9243,3.595920098884439,4.552741588497969,5.670377168589914,5.9915625744421614,5.254907874919483,5.7114320132549965,0.9556,0.9498,0.9636,0.9668,0.9071,14.011014217242977,0.9669,17.739139182671913,18.26572129747477,18.182707624277118,17.223112765347725,18.278790746026807,0.9766,0.9877,0.9927,0.9951,0.9545,3.215279174383955,0.9951,4.070817708210616,4.672998788765091,4.677160725847733,4.27772269302601,4.66527014801578,0.977,0.9744,0.9831,0.9953,0.9663,8.147908655571198,0.9953,10.315947400224392,12.960189758506491,12.952028299885336,12.450021662330409,12.962398026255329,0.9598,0.9841,0.991,0.9875,0.9063,3.76481222273298
0.9872,0.9934,0.9965,0.9954,0.9956,0.9494,3.920303243392812,4.963438320349484,5.565203964629367,5.77556168836419,5.375593172191415,5.6244990797487135,0.9737,0.9437,0.9554,0.9708,0.9442,16.244584745050275,0.9709,20.56703000147691,19.395044251625748,18.692893361128945,18.272851866132196,19.421507183859458,0.9645,0.9669,0.988,0.989,0.9391,2.819592303728305,0.989,3.5698443766242267,3.8308093298309807,3.9017776508375377,3.516137055845177,3.8335080371599473,0.9736,0.9921,0.994,0.998,0.9602,8.250903501611628,0.998,10.446347661096338,16.575605920088346,16.569946922365588,15.406784991309062,16.576689811924922,0.9808,0.9966,0.9987,0.9981,0.9453,4.422460843904555
0.9724,0.9773,0.9819,0.9816,0.9814,0.9169,3.462205277000479,4.383447217697416,4.728216513029484,4.740364958645476,4.582766604645145,4.721210042803398,0.9703,0.9858,0.9933,0.9911,0.94,15.952459041200775,0.9916,20.197173941160813,22.92771869151101,23.358039112978023,21.193419668702877,23.093719164797875,0.9522,0.9615,0.9649,0.9951,0.9236,2.6194113145718605,0.9951,3.316398168283297,4.5803272631500365,4.564575688596317,4.036695999518292,4.573745541518506,0.9727,0.975,0.9763,0.9898,0.9611,7.480754747873337,0.9898,9.47127364274928,9.794612549006793,9.737063339450009,9.39620562772182,9.802181142334325,0.954,0.9582,0.9715,0.9656,0.8975,3.645315629201024
0.9741,0.9742,0.983,0.9846,0.9835,0.9213,3.5088109768468225,4.442454009315874,4.7547288582133564,4.785510260625738,4.441803616466789,4.7265028657966255,0.987,0.9903,0.998,0.9986,0.9704,19.281164019021794,0.9985,24.411598392101038,28.956119801380677,29.883822823876027,26.415239240667223,28.92552756980572,0.9342,0.9541,0.9634,0.9706,0.9022,2.3091226441381454,0.9715,2.923546242913329,3.017586106035385,2.959109204574468,2.8561529596124213,3.017489090374858,0.9722,0.9865,0.9933,0.9987,0.9592,7.805112106469505,0.9987,9.881937727436323,18.077988522229493,18.000420278428262,13.211623300623524,18.09457142976687,0.971,0.9756,0.9861,0.9822,0.9269,4.063047991932428
0.9723,0.9881,0.9917,0.9903,0.9904,0.9181,3.4688238480617604,4.391826893245955,5.324955987305926,5.544533447033622,5.146630405025217,5.354843946722495,0.9664,0.9676,0.9906,0.9886,0.9298,15.191589816836714,0.9871,19.23384859857461,23.69603903473942,24.941180485765564,20.33553974069748,23.58768957235552,0.9555,0.9772,0.9842,0.988,0.9284,2.5142937112072943,0.988,3.1833103155611067,3.746476350837557,3.767692718707057,3.3262411507418097,3.746447991960837,0.9483,0.9708,0.9773,0.9862,0.9269,5.464100401982513,0.9862,6.91801721388407,8.933410756376073,8.890096477028434,8.01123089857415,8.921853959740346,0.9901,0.9956,0.9979,0.9971,0.9672,4.991215048169874
0.9797,0.9868,0.9879,0.9903,0.9904,0.9329,3.646070156189711,4.616235839004285,5.158956585666796,5.045437877348384,5.018125812133834,5.169408877278398,0.9697,0.9823,0.9867,0.9938,0.9371,15.75091449990952,0.9935,19.94200135950192,24.34093888090237,24.82792128986056,22.84623284394881,24.450283819632887,0.9848,0.9841,0.9887,0.9998,0.9715,3.560219350969959,0.9998,4.507541396251996,8.015640592275824,8.04269546859293,5.5857406278756905,7.998929102254951,0.9718,0.9765,0.9783,0.9965,0.9583,7.7772137762324896,0.9965,9.846616061540823,14.992817144837115,14.903932752103032,13.030061757420569,14.997142227029352,0.9795,0.9831,0.9872,0.9877,0.9419,4.333839695546256
0.958,0.9601,0.9632,0.965,0.9646,0.8867,3.1938096743538336,4.043635489756509,4.1961140894277165,4.136806327895579,4.06958611993947,4.181795721034396,0.9468,0.9655,0.9697,0.9761,0.904,14.626983891107889,0.9767,18.519009333938158,19.396209713973217,18.77405968264047,18.222662014775963,19.502329109066284,0.9711,0.9803,0.9849,0.988,0.9473,2.995281182276904,0.988,3.7922814836814496,3.711935350411331,3.735725205441228,3.532836984079249,3.732005463347577,0.943,0.9571,0.9734,0.983,0.9201,5.063406292815521,0.983,6.410704291209105,8.279776322761961,8.288491228372378,7.664600988994024,8.263235528819477,0.9781,0.9902,0.9935,0.9925,0.9414,4.325828152466886
0.9678,0.9664,0.9726,0.978,0.9771,0.9085,3.3590455853958274,4.252838248279318,4.628408915970874,4.6298333049462,4.3435588905155935,4.602398325844378,0.9714,0.9787,0.9826,0.9864,0.9438,16.427756021232042,0.9865,20.798940462209806,21.30546730874285,20.646540017139905,20.240015801728862,21.324822280148368,0.9617,0.9801,0.983,0.9883,0.9357,2.7768757312408665,0.9884,3.515761551996956,3.810341591926909,3.764959732418477,3.631641218962771,3.829172704741979,0.9642,0.9636,0.967,0.9937,0.9491,6.727115989232322,0.9937,8.517102686549958,11.628982555529545,11.579249097662338,10.2632719062943,11.629876702744216,0.9501,0.965,0.9679,0.9703,0.8894,3.5750368859765564
0.9715,0.9476,0.9656,0.9732,0.9732,0.9102,3.474669309518369,4.399227746086296,4.575684467638737,4.43120231597133,4.148956372105842,4.57374596490766,0.959,0.9835,0.9921,0.9927,0.9208,14.976066891726454,0.9925,18.96097819060069,23.25197033521206,23.77701167936837,21.27853434472451,23.23659131046308,0.9796,0.98,0.9984,0.9986,0.9601,3.225819650256314,0.9986,4.084162849800814,5.750606900903129,5.8279470864129,4.419209618920103,5.75794466936061,0.9456,0.969,0.9793,0.9909,0.9225,5.345979667369623,0.9909,6.768466287793448,10.306673162882603,10.296520387997717,8.116040952272,10.301213210769662,0.9792,0.9936,0.9962,0.9944,0.9418,4.329851283395403
0.9723,0.9723,0.9756,0.9827,0.9829,0.9199,3.481493247748709,4.407867433989329,4.753437165519872,4.553520739624387,4.46925504022596,4.763968255207233,0.9449,0.937,0.9445,0.9548,0.8949,13.56583554741637,0.9554,17.17550501152874,17.061973996932885,16.221234940001406,15.67762050717381,17.10589478097619,0.95,0.9559,0.9681,0.9765,0.9222,2.485184522023409,0.9767,3.146455598948786,3.1394567469055072,3.1117145358659792,3.0007120621324925,3.1475511390038804,0.9715,0.9793,0.9836,0.996,0.9581,7.593947308076448,0.996,9.614585079648322,14.212528602306072,14.120244837654086,11.88826836868152,14.225306387999533,0.9847,0.9943,0.9977,0.9955,0.9536,4.595329813917133
0.9712,0.9786,0.985,0.9822,0.9824,0.9169,3.446324331178274,4.363340585591806,4.805698567748632,4.92456248311472,4.678137015597255,4.798282610903062,0.9656,0.9789,0.9847,0.9895,0.9304,15.2937443920632,0.9895,19.36318500491836,21.940828671737727,21.44599663276473,20.701313790850328,21.941041848030185,0.9574,0.9824,0.9906,0.9913,0.9306,2.658140629217921,0.9913,3.3654327843577314,4.090602669133607,4.131632257823762,3.5840033218390914,4.086844992542546,0.9449,0.9535,0.9562,0.964,0.922,5.284281407069209,0.9641,6.690351027197196,5.950782981460292,5.791857940252347,5.721970897316215,5.955759609029134,0.9779,0.987,0.9888,0.9895,0.9397,4.270930029745522
0.9807,0.9848,0.9931,0.9897,0.991,0.9341,3.692538763926939,4.675069060318215,5.144654724704036,5.273628856321508,4.9084199307026655,5.1787793787924,0.9776,0.9723,0.9742,0.993,0.9537,17.80620019395136,0.9932,22.544168370501986,24.794158807077277,24.23852882973561,23.398608836739577,24.899279775881933,0.9722,0.9811,0.9839,0.9913,0.949,3.001838844173572,0.9913,3.800584043031845,4.1099638412041966,4.04212659757564,3.863977596404285,4.13125366978882,0.9235,0.9573,0.9711,0.9792,0.8993,4.409105742672833,0.9793,5.582303980830728,7.5345119268242655,7.527848390089668,6.254921897013622,7.552827588394689,0.9654,0.9752,0.9839,0.9785,0.9148,3.8774245866298296
0.961,0.9708,0.9861,0.9796,0.9804,0.8928,3.260917865791483,4.128600184656669,4.603022778475172,4.834820592750031,4.349664083052309,4.637487611132659,0.9559,0.9606,0.9691,0.9741,0.9083,14.059710111657292,0.974,17.800792338913606,19.011805575885266,18.705719424134763,17.87643619009397,18.99292404487187,0.9769,0.986,0.992,0.9995,0.9559,3.2033224650339065,0.9995,4.055679494228488,6.896711170405608,6.9018611466924105,5.2334662092932245,6.892415621702419,0.9607,0.9924,0.9953,0.9962,0.9444,6.671243050155312,0.9962,8.44636277954078,14.588190162181965,14.58007359663194,12.081941056353994,14.584304544372236,0.9718,0.9643,0.9719,0.9743,0.928,4.097559574868963
0.9572,0.9795,0.9885,0.9823,0.9843,0.8863,3.1743367548797194,4.018981112600917,4.739539070559706,4.9714113747023845,4.636465476122483,4.809685241056552,0.9708,0.9709,0.9849,0.9811,0.9323,15.301602184239297,0.9812,19.373133640107717,20.257558858851432,20.88991494064344,19.37112021684713,20.29419859783541,0.9458,0.935,0.9435,0.978,0.918,2.4530962802653606,0.9786,3.10582914765501,3.20959519060945,3.1397381142899263,2.99155752319211,3.227934832529384,0.9733,0.982,0.9864,0.9928,0.961,7.819747835338039,0.9929,9.90046780865766,11.196006644981129,11.002747456209852,10.902753561848142,11.204167635238916,0.9833,0.9865,0.9878,0.9906,0.9504,4.521962616768198
0.9327,0.9228,0.9388,0.9447,0.9456,0.8488,2.894337947097297,3.664478737168172,3.983952190858594,3.9706972108074328,3.781158750467108,3.9967525703385984,0.9709,0.9867,0.9944,0.9911,0.9423,16.21753430335981,0.9907,20.532781834808898,23.205532976974823,24.00756774537151,22.70507154201657,23.290838025283247,0.9648,0.9811,0.9848,0.9937,0.9379,2.9871921550287777,0.9938,3.782040085165821,4.33166689296,4.201821191456164,4.139788874115358,4.345240747662915,0.9427,0.96,0.9656,0.968,0.9198,5.03826482525109,0.9688,6.378873048626167,6.30642525727638,6.208366242194844,5.950764809534509,6.347463706956168,0.9847,0.9947,0.997,0.996,0.9527,4.55756552856595
0.9661,0.9467,0.954,0.9658,0.9656,0.9055,3.358437280620175,4.252068082543028,4.238803152518207,3.950155946542981,3.830789798778856,4.229216162225855,0.973,0.9839,0.9908,0.9885,0.9464,16.479214342616714,0.9892,20.86409108663968,22.185431587239016,22.33818649850218,20.78293181727447,22.39807005961217,0.9753,0.9757,0.9788,0.9973,0.9538,3.0523292197772864,0.9973,3.864509165534213,5.094246705651576,5.1223624373175936,4.52540261878154,5.089376588820523,0.9289,0.9463,0.9507,0.9673,0.9036,4.474142445572838,0.9673,5.664645994537733,6.155829566936699,6.100406283815077,5.851069154497814,6.160920756520941,0.9716,0.9903,0.9939,0.993,0.9272,4.076772126531108
0.9399,0.9608,0.9721,0.9714,0.9715,0.8559,2.9434998049072263,3.726721842816856,4.428516762817862,4.600806234558425,4.168692856047473,4.425600222172651,0.966,0.9886,0.9953,0.9964,0.9287,15.129335375083848,0.9963,19.15502916481552,25.010923398631768,25.707642161817457,22.197213589991588,25.048030237261276,0.9434,0.9627,0.9655,0.9786,0.9148,2.418853850920164,0.9789,3.062475311116917,3.2348711738859226,3.1503175466485724,3.1003158534856854,3.2464605644207194,0.9641,0.9834,0.9883,0.9971,0.9488,6.947391390333762,0.9971,8.795990134529882,15.472007771707728,15.43401285822147,12.201250320280735,15.483477545581575,0.9695,0.9713,0.9802,0.9773,0.9264,4.034074988543734
0.9797,0.9887,0.9932,0.9917,0.9913,0.9339,3.6605003376976697,4.6345056797332935,5.1913760248540815,5.280343572029861,4.994966441213933,5.184671990285189,0.9747,0.9757,0.9809,0.9922,0.9493,17.02366103592077,0.9914,21.55340704338037,22.70439766667667,22.17463116401406,21.175625845981347,22.72227734363961,0.9782,0.9586,0.9596,0.9911,0.9587,3.1313810003334317,0.9911,3.964595463084158,3.997428729235777,3.83303901244797,3.804252773555154,4.000347367320731,0.9338,0.9572,0.9627,0.9707,0.9089,4.893889376540969,0.9709,6.196081414878648,6.444877289553549,6.369266679365399,6.204169682570644,6.478761461818409,0.9558,0.9631,0.9789,0.9725,0.9018,3.699629169219526
0.9801,0.9679,0.9706,0.9816,0.9823,0.9345,3.657130401248781,4.630239052722807,4.70706790673661,4.388071866796379,4.324506607328651,4.719763195629379,0.9651,0.9734,0.98,0.9851,0.9325,15.557608029205914,0.9854,19.69725887794036,21.30477525075132,21.347525590639684,20.28087331739359,21.535647591617387,0.9572,0.9806,0.9911,0.991,0.9293,2.7039695681934406,0.991,3.4234561304535776,4.010824397132738,4.062276401052043,3.6249258818281738,4.015579507608235,0.9583,0.9771,0.98,0.9938,0.9416,6.448887430777837,0.9938,8.164841597774226,11.64150273567588,11.613115527641314,11.021464424462517,11.653032949536676,0.9693,0.981,0.9885,0.9844,0.9251,4.008187591146495
0.9721,0.9218,0.9375,0.9546,0.9538,0.917,3.4592011672801384,4.379643758531444,4.070674123376643,3.891522939487128,3.638368632314176,4.04373421558077,0.9642,0.9686,0.9705,0.9772,0.931,15.70674041577481,0.9778,19.88607320079887,19.719548090679574,18.65646940347781,18.47556082379667,19.804696283991923,0.9653,0.9804,0.9883,0.9945,0.9387,2.9290389586235097,0.9945,3.708413177865936,4.4255440221675295,4.454937607758962,4.100173701892428,4.423444524117707,0.97,0.9877,0.9882,0.9921,0.9554,7.211161664758645,0.9921,9.129945802386972,10.883112276813817,10.768152899015709,10.541299727992822,10.90613773150637,0.9604,0.9841,0.9886,0.9885,0.905,3.750366882129938
0.9697,0.9427,0.9464,0.9696,0.9689,0.9121,3.4033191761656503,4.308892390870652,4.342332341650565,4.050759332498602,3.943667468869399,4.310587292421793,0.9669,0.9719,0.9852,0.9845,0.9323,15.396707478506988,0.9846,19.493545055431767,20.835602762715077,21.45244521308387,19.213901949255703,20.86779249368714,0.9807,0.9827,0.9843,0.9984,0.9618,3.417763726016269,0.9984,4.327180423147133,5.704382250593632,5.6745148375083545,5.132638850975705,5.701600463614295,0.9574,0.9848,0.9922,0.994,0.9419,6.051626905433548,0.994,7.661875885114319,11.970537701457925,11.959104242179077,9.911430077286942,11.964892265056042,0.9797,0.9845,0.99,0.988,0.9459,4.424648240334149
0.9621,0.9745,0.9803,0.98,0.9802,0.8989,3.277892359375172,4.150091341511385,4.647556924114953,4.659476093438068,4.478477320592087,4.660314854157689,0.9718,0.9696,0.9754,0.9851,0.9457,16.49375523586287,0.9848,20.88250109787332,22.68560511741808,22.6521468658432,21.823353652192747,22.77111667881032,0.9614,0.9786,0.9915,0.9991,0.9343,2.8565144037821213,0.9991,3.616590904863784,6.251411949445542,6.313571092868583,4.508369585103649,6.242519275393163,0.9736,0.9753,0.9876,0.9951,0.9611,7.884725499789179,0.9951,9.982735074652236,12.540832700563351,12.405244338890414,12.26561375108243,12.54415621724742,0.9536,0.9679,0.9759,0.9722,0.8965,3.635124438984419
0.9763,0.9877,0.9902,0.9905,0.9907,0.9259,3.556253820372118,4.502520696242879,5.0946939024182125,5.14731467775381,4.950044748158373,5.100584849713979,0.983,0.9808,0.985,0.9917,0.9644,18.003281879416306,0.9922,22.793690595989112,22.653810495589955,21.677971650613596,21.177703861777637,22.70018392159561,0.953,0.9626,0.9784,0.9838,0.925,2.5203682513554884,0.9838,3.191001201566128,3.4650985452822294,3.515802097938738,3.1252298468677657,3.4547519063044043,0.9414,0.9405,0.9586,0.9727,0.9192,4.696581269192601,0.9727,5.9462725199726085,6.697204486497006,6.719766905958871,5.993324620915488,6.706080925974337,0.9689,0.9788,0.9883,0.9865,0.9249,4.004060846126923
0.9684,0.9725,0.9871,0.9829,0.9826,0.9083,3.433232965250124,4.3467657995920215,4.739587524803184,4.90386610936846,4.422609651365029,4.734407424784368,0.9869,0.9925,0.9965,0.9996,0.9695,20.00526532233205,0.9996,25.32837241021365,34.86196704776594,35.372605337923034,30.260299070273025,34.82666900269377,0.9603,0.9627,0.9707,0.9832,0.9342,2.745081190594406,0.9834,3.4755069513640784,3.507972995886776,3.4430928483385457,3.232875236726024,3.5195033289376507,0.9292,0.9792,0.9828,0.9823,0.9031,4.743463887503351,0.9823,6.005629913989024,8.130409909178677,8.131707348553473,7.4906678130707585,8.13360008215782,0.9827,0.9897,0.9912,0.9918,0.9477,4.492894049587468
0.9689,0.9818,0.9865,0.985,0.9849,0.9111,3.384852554421069,4.285512072481014,4.803824509894934,4.85933295617651,4.685922151092223,4.804568095261903,0.962,0.9494,0.9549,0.9707,0.912,14.297742049275373,0.9697,18.102161076812084,19.469823160114597,19.07380980058036,18.311089577185918,19.4346022430367,0.975,0.9679,0.9762,0.9945,0.9529,3.064155361957149,0.9945,3.879482070341096,4.393364345404144,4.3762231970089145,4.143370805244358,4.405677107544687,0.9558,0.9874,0.9904,0.9921,0.9387,6.011006516784277,0.9921,7.61044700803725,10.688357389459924,10.67189004768173,9.354823105970672,10.684103341922784,0.982,0.9783,0.9797,0.9865,0.9483,4.473757676835361
0.9541,0.9745,0.9814,0.9778,0.9789,0.8827,3.143606951616136,3.9800745603202135,4.5571482947104895,4.668579033930548,4.457818904001629,4.583921799270788,0.97,0.9896,0.9934,0.9925,0.9384,15.838019628198984,0.9938,20.052283882258173,23.29412858027374,23.470283253307606,22.08687400773179,23.510147331812703,0.9753,0.9843,0.9921,0.9982,0.9534,3.0943563762625765,0.9982,3.917719130693409,5.5000873232213365,5.514525563804867,4.548949458971913,5.50139930407866,0.9605,0.9811,0.9834,0.994,0.9447,6.4551047722817225,0.994,8.172713282476957,12.062329978911926,12.037878314957313,11.053002584545746,12.07733529161002,0.9458,0.96,0.9685,0.9645,0.8827,3.4952087642877605
0.9754,0.9916,0.9938,0.9925,0.9925,0.925,3.58055270644737,4.533285158785662,5.501883784985592,5.755177374087568,5.370904661857685,5.542069793218786,0.9671,0.9797,0.9805,0.9908,0.934,15.579587538662576,0.9906,19.72508681183388,22.84391467906155,22.30774004716424,21.74320240947472,22.879014912510897,0.9748,0.9819,0.9882,0.9921,0.9529,3.023830600112218,0.9922,3.8284274820162185,4.112127486348888,4.121123042224148,3.941233606877952,4.128208684843619,0.9725,0.9916,0.9973,0.9969,0.9597,7.936986059284528,0.9969,10.048901400963675,15.298509946818198,15.333510376931368,13.67537656283266,15.295965504129285,0.9609,0.9897,0.9936,0.991,0.907,3.778441248108006
0.9725,0.9581,0.9674,0.9739,0.9723,0.9199,3.477026501808957,4.4022121526021065,4.427206916178394,4.293326670187803,4.063114658959808,4.399964006162364,0.95,0.938,0.9547,0.965,0.895,13.50515233797298,0.9641,17.098674891904516,18.240988014664737,18.492231670517462,16.806856325880826,18.19513758232265,0.9618,0.9941,0.9959,0.9962,0.9345,2.8824982550085627,0.9962,3.649488677020808,4.976538026771667,4.961545883875359,4.619003806499497,4.980954912962366,0.9659,0.9834,0.9884,0.994,0.9516,6.728543656758582,0.994,8.518910235422739,11.901578240867767,11.938160525994851,10.142520101156055,11.89360122478467,0.9629,0.9859,0.9914,0.9912,0.9132,3.848900721789016
0.9664,0.9767,0.9904,0.989,0.9883,0.9061,3.390950245856635,4.2932322699907255,4.988364475558994,5.164948104481108,4.53092118962115,4.96059701199577,0.9605,0.9713,0.9767,0.979,0.9259,15.307975906863362,0.9792,19.381203316648403,19.989196077466,19.54365532131006,18.960729733483756,20.02230565026999,0.9699,0.9742,0.9767,0.9951,0.9438,3.029700531358404,0.9951,3.8358593156975127,4.636910149635295,4.594503265710473,4.139573910843634,4.646226339829595,0.9513,0.9533,0.9627,0.9763,0.9317,5.528848108419604,0.9763,6.999993333416716,7.068612526872371,7.056604945078859,6.753139400403923,7.076639823414604,0.9794,0.9817,0.9885,0.9877,0.9419,4.322946175979162
0.9773,0.979,0.9831,0.9851,0.9853,0.9264,3.5824392580761413,4.535673694076484,4.848402944326663,4.772108966845085,4.6381992623712085,4.8633683906986285,0.9717,0.9695,0.9781,0.9865,0.9385,15.678095643661074,0.9862,19.849806475813597,22.82420558189442,22.832768235817102,21.70672221428917,22.883655395790047,0.9571,0.9404,0.9444,0.9949,0.9287,2.7046741675632875,0.9949,3.42434821336035,4.492839245015368,4.47212759996945,3.9818308653155934,4.494129628071993,0.9527,0.9572,0.9693,0.9939,0.9338,5.881983346041567,0.994,7.44709266779414,11.880676831134226,11.798477067461114,9.005313761943665,11.898253944234895,0.9723,0.9884,0.9916,0.9892,0.9315,4.10685317732158
0.9754,0.9814,0.9834,0.9833,0.9833,0.9224,3.542016752035836,4.484495353262376,4.966589860357091,4.880305679714779,4.80463042955598,4.973757380613334,0.9724,0.9756,0.9792,0.9855,0.9452,16.310578542548377,0.9854,20.650583778588285,21.52405393715002,20.9666158348578,20.59972461090591,21.546155646856,0.9618,0.9758,0.9819,0.9823,0.9367,2.716244738509917,0.9829,3.438997543184928,3.5223497163601887,3.4759123739865943,3.243352819202992,3.549431098963564,0.9643,0.956,0.9734,0.989,0.9503,6.479736809966402,0.989,8.203899543376158,9.365319351804324,9.423613861244943,8.871936392546148,9.35864185461859,0.9613,0.9713,0.9752,0.9747,0.9071,3.775655727051781
0.966,0.9796,0.9911,0.9849,0.9862,0.9065,3.3288035694349856,4.214549276333679,4.8201792102789325,5.083290739273599,4.60929320187092,4.850297119599772,0.9793,0.9802,0.9875,0.9933,0.9557,17.228194435437324,0.9931,21.81236377451151,23.048118193933973,23.15269443872657,21.147399715102956,23.108840188527235,0.9593,0.987,0.9937,0.993,0.9313,2.801472207980371,0.993,3.5469027897061043,4.18267056280279,4.253859576980708,3.878575832010586,4.181457410176198,0.9601,0.9801,0.9842,0.9929,0.9447,6.340470583750786,0.9929,8.027576621139453,11.166802502671496,11.20524707292534,9.843226280784032,11.161612200101455,0.9857,0.9892,0.9948,0.9925,0.9524,4.614084593139832
0.9912,0.9964,0.9997,0.9989,0.9988,0.957,4.019252157285731,5.088716085991926,6.345447383563885,6.823010214025352,5.677695064321045,6.333776070654953,0.975,0.9797,0.9884,0.9933,0.9484,16.69007835682161,0.9934,21.13106291598764,23.139265309072535,23.2318791108273,21.116621744049244,23.2746339993968,0.9722,0.9917,0.9935,0.9935,0.9474,3.1083161077540407,0.9937,3.9353933415706654,4.350884191585937,4.295766912306103,4.145048849901557,4.377142531142602,0.9816,0.9807,0.9856,0.9994,0.9722,9.328412338515047,0.9994,11.810565763513615,21.8848243330295,21.86241773874457,16.679304571987778,21.873079508558348,0.9696,0.9767,0.9882,0.9813,0.9205,4.017930104242254
0.9666,0.9677,0.9702,0.9721,0.9726,0.9069,3.356221021975545,4.249262110045084,4.494756488172575,4.468452953443369,4.42289596552272,4.497479321976959,0.9724,0.96,0.9621,0.9807,0.9391,15.74194309232151,0.981,19.93064279220617,20.22156273231756,18.73476143668432,18.47261558004447,20.26593160445645,0.9287,0.972,0.9814,0.9926,0.8913,2.409166697839506,0.9927,3.0502105489721347,4.183605287595406,4.165439460529134,3.494985621078249,4.191073286480312,0.9507,0.9392,0.9469,0.9833,0.9315,5.424628669916888,0.9833,6.868042634025922,8.298534876871322,8.24171656015624,7.63337216770123,8.315449257027554,0.9576,0.963,0.9768,0.9703,0.9061,3.76637818803018
0.9863,0.9935,0.998,0.9964,0.9965,0.9466,3.8562007453743066,4.882279089713077,5.600147833776572,5.9442447285348,5.322448293539775,5.622361467525497,0.9795,0.9871,0.9902,0.9935,0.9568,17.329835588971683,0.9937,21.94105014519654,23.606384881312373,23.186659738997164,22.52864182966545,23.62924762934548,0.9807,0.9708,0.976,0.9971,0.9626,3.269798437588374,0.9972,4.139843746092279,5.062082803226436,5.054836857245597,4.800495097168722,5.064814836237279,0.9713,0.9476,0.9647,0.9958,0.957,7.522668562351243,0.9958,9.524340107258698,13.634239802872482,13.615719435478292,12.215271060961054,13.643105147957453,0.9769,0.961,0.9617,0.9769,0.9386,4.303607197850592
0.9613,0.9528,0.9732,0.973,0.9715,0.897,3.2485120926523576,4.112893417611014,4.424505365212186,4.501067505924627,4.066479341722275,4.391244948226349,0.9515,0.9833,0.9946,0.9968,0.9117,14.636405079230794,0.9968,18.53093736175877,25.12978694916777,25.487078359302963,21.06219505972433,25.135242492616573,0.9434,0.9683,0.9729,0.9748,0.913,2.535277283819745,0.975,3.2098773084533034,3.172256083993341,3.056676611100852,2.994106268224004,3.1705778745769324,0.9504,0.9565,0.9757,0.9899,0.9304,5.5929670173816985,0.9899,7.081173341707615,9.827330534326968,9.843122889140826,8.275443123700011,9.829623893413538,0.9742,0.98,0.9835,0.9835,0.9307,4.19618063666419
0.973,0.9661,0.9756,0.9737,0.9737,0.915,3.5107870762533424,4.444955919732032,4.527956560286498,4.539503584161007,4.35977461984967,4.519718033382068,0.9729,0.9786,0.9843,0.9865,0.9391,15.78092916923108,0.9868,19.98000249120884,21.24463402783772,21.17639849992016,20.21830505339167,21.32747659153418,0.9458,0.9745,0.979,0.9807,0.9169,2.538867684781645,0.9812,3.21442306234358,3.3597317087841154,3.323570447849069,3.2092911699682576,3.3721521514946398,0.9688,0.9688,0.9713,0.9969,0.9531,7.298280635521979,0.9969,9.240245850895953,15.28551984767734,15.204891709284883,12.37381914564419,15.286976228203349,0.9694,0.9783,0.984,0.9834,0.926,4.030006385644585
0.9719,0.9692,0.9792,0.9794,0.9794,0.9187,3.457945869073101,4.378054443920443,4.612792354892488,4.592748415956716,4.289474213552979,4.60471223311297,0.95,0.9235,0.9371,0.9546,0.8942,13.479758006275391,0.9532,17.066523501758894,16.975693100130492,15.89422657387508,15.416125850120247,16.907676349678145,0.9597,0.9698,0.9779,0.995,0.9313,2.8634175843618097,0.9951,3.625330920340716,4.555632651722219,4.55319468095343,3.983398843715407,4.562479812743071,0.9513,0.9803,0.9874,0.9904,0.9316,5.62246396438972,0.9905,7.118518992802255,10.269835475930174,10.251211829534135,8.718809345536627,10.27480650495167,0.9735,0.9847,0.9887,0.9869,0.9329,4.14435576084321
0.9739,0.9535,0.9602,0.9756,0.975,0.9197,3.5059272265080668,4.438802935394023,4.5612880838682734,4.183496338614709,4.087003236053325,4.544632006758692,0.9651,0.9772,0.9832,0.9819,0.9304,15.365407456963036,0.9825,19.4539165581667,20.646693471466687,20.64269479187126,19.62238070377898,20.77728149142693,0.9686,0.9865,0.9932,0.9931,0.9427,2.96735585796536,0.9931,3.756925640984916,4.282119281922294,4.293345875627413,4.032998654086873,4.2810135265877385,0.9617,0.9831,0.9881,0.9969,0.9463,6.618417357944679,0.9969,8.379480947004192,15.277922511710342,15.255701631490457,10.89830866304646,15.260878186615404,0.9715,0.975,0.976,0.9791,0.9301,4.082920278294955
0.9819,0.9892,0.9912,0.9909,0.9909,0.9371,3.705773744206877,4.69182567433812,5.220066114906898,5.299660504597616,5.078809764122127,5.247136958910147,0.9594,0.9742,0.9797,0.9862,0.924,15.761000106040925,0.9865,19.954770597198245,21.134466070714893,20.746921991365284,19.836273358360653,21.2750656839695,0.9657,0.9898,0.9947,0.9962,0.9385,2.998932077609489,0.9962,3.7969038286053736,4.917612557295211,4.935305020725759,4.699562716091904,4.927786230333169,0.967,0.977,0.9893,0.9921,0.9522,6.921933240210208,0.9921,8.763757944813074,10.632696270202551,10.669941373217869,9.958040519878647,10.629590151947044,0.9627,0.9763,0.986,0.9815,0.911,3.825983131554692
0.9843,0.9865,0.9922,0.9913,0.9913,0.9421,3.758570771286383,4.758671214373476,5.72944872708222,5.986412148940597,5.224308728311014,5.699221047540821,0.96,0.9653,0.9705,0.9711,0.9185,14.609837691990794,0.9713,18.49730078323112,19.139230814585652,19.44342604736161,18.63526396334598,19.22117991663045,0.9706,0.9487,0.9627,0.9886,0.9475,2.898115573540183,0.9888,3.6692615344883,3.788476934232005,3.784304299933956,3.5251177126350104,3.799836060447636,0.9444,0.9654,0.9747,0.9902,0.9203,5.2919476043592,0.9902,6.7000570869171,10.018020045762167,9.977056398099808,7.817487099920169,10.006659532350268,0.9588,0.9884,0.9946,0.9923,0.9032,3.727690172352245
0.967,0.9792,0.9892,0.9849,0.986,0.9065,3.339643063265668,4.228273000166287,4.782659627709805,4.99256771458009,4.595485759551647,4.820535968584357,0.9777,0.985,0.9895,0.9893,0.9529,16.89599695490368,0.9899,21.39177342666453,22.08563867534307,22.136225302186496,21.017663325188003,22.196791393833845,0.949,0.9753,0.9866,0.9895,0.9192,2.572831142251036,0.9896,3.257423696689722,3.8850727673264167,3.926432714794612,3.675024165758141,3.879609922480317,0.9625,0.9803,0.9896,0.9889,0.9483,6.2502316736336905,0.989,7.913326463267959,9.488947530442548,9.547598080494351,8.741432738269888,9.49104916545497,0.9651,0.9575,0.9655,0.9687,0.9142,3.875232835050108
0.9723,0.9863,0.9923,0.9897,0.991,0.9137,3.493189707723068,4.422676150061744,5.025347706587167,5.238279417467073,4.861262512130139,5.092326581220924,0.9702,0.9833,0.9871,0.9929,0.9316,15.27186097731926,0.9928,19.33547873512833,22.852506973411653,22.92766534862488,21.46089439265953,22.86594885109277,0.9753,0.966,0.9709,0.9829,0.9545,2.977686405136309,0.983,3.7700049949315497,3.4553214503226224,3.3003329691060004,3.2318604825440564,3.466168643072636,0.9625,0.9902,0.9959,0.9967,0.9477,6.470695271367883,0.9967,8.192452184238713,15.333389633972525,15.301947751106832,11.011852105773272,15.327197642889764,0.9711,0.9875,0.9919,0.9891,0.9289,4.0672135301142935
0.9746,0.9638,0.9665,0.9764,0.9755,0.9218,3.522440931695039,4.459710694831794,4.878011859478487,4.744809855269594,4.568566941045388,4.85994997603662,0.9484,0.9708,0.9808,0.9793,0.9061,14.53702800758748,0.9798,18.405117511881123,20.013572767925965,20.28674645556802,18.907046864013456,20.10011442601232,0.9537,0.978,0.9896,0.989,0.9252,2.5942116988493664,0.9891,3.2844933051720284,3.85751495896147,3.922456790054846,3.453939968225489,3.857866998737357,0.9663,0.9782,0.9853,0.9899,0.9521,6.737695915546785,0.9901,8.530497775765106,9.959674322131065,9.90374646264869,9.667819018643597,10.002616633646916,0.9746,0.9779,0.9829,0.9867,0.9348,4.185462964431901
0.9476,0.9411,0.9459,0.9571,0.9559,0.871,3.053145131010111,3.865542178754767,4.205262852548117,4.118545885242022,3.9914004476956624,4.206305801244962,0.9701,0.9758,0.9836,0.9885,0.9321,15.283507177923424,0.9879,19.350223818550795,22.368445878193658,22.830048329753065,20.758154582666027,22.34386408592432,0.9566,0.9529,0.9687,0.9845,0.929,2.6409019861423086,0.9846,3.343607191713456,3.463536122654069,3.492708134725966,3.17862979311387,3.472645776114628,0.9583,0.9512,0.9547,0.9892,0.9426,5.997026905765337,0.9892,7.592747627982422,9.431905706386036,9.412425149861608,8.938994001555804,9.428154301314382,0.9789,0.9962,0.9977,0.9972,0.9446,4.446588722030324
0.966,0.9802,0.9935,0.9927,0.9922,0.9063,3.368976108988244,4.265411138252257,5.15534687397699,5.3507430782908845,4.637931472153404,5.1457594981973305,0.9783,0.9817,0.987,0.991,0.9553,17.237051256867517,0.9912,21.8235772659569,22.490703350347214,22.82139277162017,20.92587047057673,22.61607053692682,0.9693,0.9924,0.9929,0.9946,0.9441,2.9019365505088364,0.9946,3.674099217271984,4.539790025524745,4.4480877005195545,4.349018692429585,4.536015414887936,0.983,0.9891,0.9926,0.9963,0.9752,9.67868900939717,0.9963,12.254045908553652,14.77590562120358,14.557561339198053,14.351003430977457,14.799796335805702,0.9786,0.9796,0.9861,0.9863,0.9407,4.2904575768165785
0.973,0.9756,0.9848,0.9834,0.9834,0.9196,3.5185173184030534,4.454743065707569,4.88233632027764,5.0631613861877245,4.620374492133914,4.926802278393174,0.986,0.9758,0.9798,0.9958,0.9697,18.65200236982257,0.996,23.615026074744502,24.51260392764157,24.38674082129171,22.0717182349162,24.562606195716945,0.9039,0.9559,0.9722,0.9751,0.8639,2.0279003027807034,0.9751,2.5674947696033428,3.1209835980906604,3.171394151896201,2.877269630594744,3.1174143741425056,0.9682,0.9733,0.9803,0.9899,0.953,6.992364068964063,0.9899,8.852929381986977,9.875923944650635,9.880185475303453,9.257792311178784,9.87743719322217,0.9753,0.9884,0.9948,0.9915,0.9354,4.193061578523537
0.974,0.9773,0.9859,0.985,0.9842,0.9217,3.508189751176477,4.44166748462471,4.775524820614548,4.843695436472362,4.540586912655558,4.745312955613387,0.9773,0.9795,0.983,0.9957,0.9531,17.681171608893813,0.9959,22.38587151648704,33.23360945218829,33.381694193165046,27.26745294068968,33.24050355462298,0.9807,0.9866,0.9928,0.9961,0.9625,3.2951695895172604,0.9962,4.171965788673417,4.8751483392164126,4.89839469248484,4.558416810535048,4.897448897092551,0.9562,0.9734,0.982,0.9853,0.9391,6.054822928228143,0.9854,7.665922322603086,8.678523953775176,8.635094067647492,8.377934293363337,8.703168884869145,0.9782,0.9875,0.9894,0.9896,0.9425,4.359496947276808
0.9879,0.9817,0.9847,0.9912,0.991,0.9487,3.902102214320511,4.940394264938844,5.178592854462402,4.931493888079195,4.704414974458437,5.16920521929605,0.9848,0.9865,0.9917,0.9956,0.9669,18.19641157431816,0.9953,23.03820926430612,24.344139728987265,23.489642096649906,22.902753031986705,24.23192882101877,0.941,0.9431,0.9488,0.957,0.9105,2.452238088643335,0.958,3.104742603855076,2.781908808319088,2.7252986322783244,2.616637373738223,2.807647380708256,0.9719,0.9909,0.9961,0.9966,0.9587,7.900804810535376,0.9967,10.003092853672772,15.1303486898743,15.113376610013368,12.379415491874592,15.128078849358255,0.9701,0.979,0.9821,0.9804,0.9258,4.068546880952103
0.9779,0.9794,0.9863,0.9848,0.9845,0.9291,3.60502213515096,4.564265542843746,5.868300887497607,5.911590346395967,5.758506218370975,5.860422933350302,0.9618,0.985,0.9916,0.9918,0.9177,14.52666236819995,0.991,18.391993728194823,26.133585687847805,27.03232957387829,23.05200782103052,26.025888922085105,0.9582,0.981,0.9865,0.9911,0.9309,2.705392143903947,0.9912,3.4252572326532684,4.097076380384698,4.086369447890864,3.7621776022856586,4.109992165649528,0.9514,0.9773,0.9802,0.9827,0.9318,5.637862945812927,0.9827,7.138015416865652,8.280587162750994,8.230119102918716,7.730244499690443,8.279442244974348,0.9632,0.9511,0.9707,0.9672,0.9102,3.829601052948446
0.9614,0.9641,0.9743,0.9725,0.9719,0.8966,3.248439933278801,4.112802057688669,4.407388190263706,4.453846926022988,4.157063756184384,4.390215979590142,0.9765,0.9713,0.9717,0.9789,0.9507,16.77594832092843,0.9792,21.239781615525267,20.25378840102408,18.829858630007624,18.72445218984969,20.30193589856672,0.9607,0.9871,0.9941,0.9924,0.9347,2.737969731221425,0.9924,3.4665032371680007,4.171689711633612,4.257754485602753,3.6609828504849498,4.168084452523593,0.9556,0.9754,0.9866,0.9868,0.9404,5.579670509596835,0.987,7.064338828617984,9.12996046523344,9.140353400823525,8.05103944182483,9.144153694147647,0.9731,0.9879,0.9905,0.9903,0.93,4.127894177517891
0.966,0.973,0.9849,0.9812,0.9817,0.9081,3.3499956562446958,4.241380265986524,4.649369913548511,4.790068397396506,4.415413544499244,4.682278050476564,0.9713,0.9458,0.9589,0.9765,0.9372,15.58495386584442,0.9764,19.73188103981069,19.86353248320229,19.18166194753543,18.190643867629813,19.896539245954497,0.9146,0.9518,0.9665,0.9806,0.8749,2.174671946950764,0.9807,2.753320191206164,3.274331984280252,3.283559467451472,2.961143741680888,3.2798754309080147,0.9691,0.9905,0.9942,0.9948,0.9545,7.180678024698831,0.9949,9.091350913720737,12.516691441177429,12.24652725158952,12.17080204968108,12.546542608892649,0.9401,0.9643,0.9853,0.9749,0.8755,3.398724295592583
0.9771,0.9854,0.9896,0.9893,0.9895,0.926,3.569778412490111,4.5196439835545625,5.028088930812281,5.105442712844463,4.81754726968887,5.075174933530118,0.9647,0.9769,0.987,0.9858,0.933,15.807859385990344,0.9866,20.014098442858376,21.1617072942695,21.467309542597256,19.963730772173477,21.31091099672809,0.9611,0.9852,0.9892,0.993,0.9345,2.772731810560487,0.993,3.5105149949261087,4.230002982740511,4.167857251903289,4.063945648235941,4.22792031708509,0.9463,0.9701,0.9812,0.9929,0.9234,5.382427884299121,0.9929,6.814612839573897,11.251131989390784,11.208116636994628,8.458141370582739,11.252237515464596,0.9759,0.9809,0.984,0.9888,0.9358,4.203919097459951
0.9721,0.9682,0.9752,0.9792,0.9789,0.9169,3.458393835755387,4.378621607953186,4.601255212165539,4.474150275469439,4.275125577622429,4.589948787268842,0.9701,0.9638,0.9706,0.9787,0.9335,15.38733521195888,0.9784,19.481678966498,20.347235411488885,20.203466422368525,19.433566573348635,20.349660928319924,0.9557,0.9606,0.9696,0.9797,0.9288,2.483013158897712,0.9797,3.143706468007541,3.2798166077608126,3.168084784976023,3.1314330552698517,3.277072815714718,0.9411,0.9611,0.9635,0.9788,0.9169,4.988022105348654,0.9788,6.315261479367429,7.432184476115004,7.427742110172967,7.042608666083241,7.434834630695839,0.9725,0.9856,0.9876,0.9862,0.9319,4.1134313253921295
0.9874,0.9924,0.9946,0.9956,0.9958,0.9504,3.877728518051312,4.909535086308979,5.75149875392124,5.942215739175914,5.267856477836196,5.72179716574867,0.97,0.9802,0.9849,0.9823,0.9399,16.046539268088786,0.9829,20.316287533740702,20.856168360685597,21.02829337917549,20.26758542796752,20.91150104833938,0.9478,0.9804,0.9903,0.9904,0.9188,2.534484289201304,0.9906,3.2088733096214184,4.00557524140191,4.0297932386458575,3.727583265616713,4.015091116512687,0.9722,0.9565,0.9616,0.9943,0.9598,7.497040025647844,0.9943,9.491892193597296,12.222487735526324,12.129340036434304,10.057318802357052,12.240292994001171,0.9728,0.9854,0.9878,0.9869,0.9321,4.124105559615873
0.9325,0.9349,0.9467,0.9517,0.951,0.8466,2.871780297590692,3.6359188286542574,3.9002944166432023,3.829327168242146,3.660477285594843,3.887121224398939,0.9646,0.9877,0.9908,0.9975,0.9329,15.86494787367135,0.9975,20.086377338090337,26.72197949332454,26.893813234889443,23.91834912672853,26.90096036483039,0.9735,0.9232,0.9609,0.9886,0.952,2.874604300928985,0.9866,3.639494257776918,4.052022227436596,4.107099741616906,3.63941026567661,4.046148314032828,0.9491,0.9691,0.9806,0.9899,0.9292,5.494690880731819,0.9899,6.956747369444877,9.933674118625628,9.881578001291054,8.687646235008307,9.951093988294485,0.9399,0.9368,0.9543,0.9448,0.8742,3.38197335627652
0.9791,0.9764,0.9816,0.984,0.9842,0.9306,3.631612159993704,4.597930782507527,4.825406585709352,4.771831082499905,4.544703885692928,4.822001690129822,0.9808,0.9852,0.9888,0.9964,0.96,17.63668069731643,0.9961,22.32954222721517,28.767521511389567,28.61409887303347,27.736594926327385,28.81753128926181,0.9569,0.9742,0.9812,0.9833,0.9287,2.676471862333348,0.9834,3.388641689193784,3.508297235714442,3.5112305564335555,3.263446408011948,3.516693411606384,0.9688,0.966,0.9718,0.9969,0.9534,7.186923416147796,0.9969,9.099258112046687,15.31244627733924,15.205480818913353,12.134672040086716,15.34180560918942,0.9693,0.9878,0.9919,0.9899,0.9262,4.015598853843625
0.9798,0.9882,0.9917,0.9898,0.9902,0.9315,3.642284802652634,4.611443258523767,5.205012671112469,5.344929154062996,5.08577000730376,5.220125967037248,0.9299,0.9335,0.9476,0.9562,0.8716,12.706286572667086,0.9594,16.08724268726134,17.12968271304932,16.950544631079453,15.791856946949393,17.45629208524977,0.9785,0.9806,0.9948,0.9983,0.9587,3.2058914781145127,0.9983,4.058932083933443,5.658834250986648,5.720041582073447,5.134783259349506,5.651198874909901,0.9511,0.9464,0.9475,0.9891,0.9311,5.608169677525087,0.9891,7.100421206283937,9.42282147198589,9.158489828171852,9.156058855371834,9.41540744385847,0.9605,0.9738,0.9838,0.9774,0.907,3.7717985774805975
0.9865,0.9802,0.9909,0.9884,0.9875,0.9471,3.8299392728452566,4.849029825304978,5.739636651051695,6.074297011716332,5.160389340272811,5.731054458601664,0.9459,0.9694,0.9771,0.9739,0.8985,13.840981442373874,0.9763,17.52386318535639,19.336903254180765,19.51608069902926,18.420522928592177,19.60928006806379,0.9841,0.9782,0.9819,0.9989,0.9694,3.635475237086178,0.9989,4.602821767639242,6.01820466979116,6.021398037608713,5.59148388031631,6.023361004152338,0.9791,0.9788,0.9855,0.9937,0.9693,8.514623793795355,0.9938,10.780240047172482,11.698694518712069,11.63495237888434,11.307221097343666,11.714275697755458,0.9347,0.9698,0.9787,0.9757,0.8688,3.3053908442246422
0.966,0.9819,0.9903,0.986,0.9861,0.9022,3.334993270368764,4.2223859657168274,4.904789888805267,5.155608049754322,4.676140530706219,4.887010864541471,0.9717,0.9486,0.9522,0.9826,0.9378,15.618645098971925,0.9819,19.774537014918423,21.245578643808955,20.547216755959678,19.7580790558201,21.28226012311232,0.9315,0.9423,0.9426,0.9735,0.8992,2.293319346196413,0.9735,2.903537919648008,3.0643570489354035,2.9076817210016537,2.9059719822625856,3.0584583920645594,0.9478,0.9742,0.9824,0.9908,0.9259,5.469235215984403,0.9908,6.92451832642627,10.275616925600822,10.24439262504299,8.32999814047793,10.266894852335431,0.9691,0.9713,0.9756,0.9749,0.9196,4.001335615857266
0.9781,0.991,0.9959,0.9938,0.9941,0.9282,3.602785431194753,4.561433684837295,5.297185750036643,5.520156571681733,5.099438016726831,5.322651082623137,0.9714,0.9796,0.9842,0.9863,0.9388,15.733540959308796,0.9864,19.92000497508367,21.458534127266628,21.801076938757195,20.678957160627174,21.658508350618803,0.9682,0.9804,0.9882,0.9973,0.9426,2.944365300329018,0.9973,3.7278176338503286,5.243756722568757,5.244690442400256,4.339401069420788,5.241100880361705,0.9689,0.981,0.9873,0.996,0.9543,7.095350917816638,0.996,8.983319517736915,14.125712426449796,14.136081989829446,11.015083955301266,14.111567673183051,0.9841,0.9938,0.9956,0.9945,0.9499,4.516725064253101
0.9562,0.9669,0.9757,0.9737,0.9736,0.8877,3.185805666632884,4.033501733214719,4.445269240599439,4.488085188481844,4.252747424600383,4.443504133509818,0.9745,0.9688,0.9699,0.9928,0.9491,17.43277171865009,0.9927,22.071376066145472,26.057119597029825,25.92222329698222,24.277934076707005,26.081643704136795,0.9473,0.945,0.9595,0.9762,0.9204,2.398313739785962,0.9769,3.036469778284843,3.1452784035593355,3.1111912110194115,2.937025753091344,3.180781632839829,0.9706,0.9606,0.9643,0.9943,0.9559,7.347937674065383,0.9943,9.30311589759369,12.128126335756404,12.132755585057708,11.233018966989937,12.124444714740452,0.94,0.9563,0.9633,0.9614,0.8754,3.396292346752571
0.9582,0.9548,0.9672,0.9688,0.9683,0.8904,3.1975246852523016,4.0483390104561,4.297925199029086,4.2877281970133225,3.9960369336392247,4.277910928298153,0.9692,0.9854,0.9877,0.993,0.9394,16.050813283601954,0.9929,20.32169880196736,23.20735168168065,22.90304648801371,22.00000865410261,23.18856193960517,0.9846,0.9774,0.9957,0.9984,0.9701,3.651201790237418,0.9984,4.622732925453231,5.648738689574588,5.72498146120348,5.156414943243824,5.647775604414482,0.9905,0.9891,0.9917,0.9998,0.9844,12.755178940367298,0.9998,16.149144595442763,30.1872148221101,30.055170448479156,24.43377237307521,30.193530035145965,0.9528,0.9593,0.9634,0.9656,0.8967,3.6618536048987016
0.9775,0.9689,0.9756,0.9778,0.9779,0.9272,3.5841029666204856,4.537780091013202,4.663893886468978,4.579874879106669,4.45049372037168,4.6541503407513005,0.9638,0.9703,0.9785,0.9778,0.927,15.175324467121452,0.9787,19.21325527834953,20.15647484281256,19.802019229810355,18.54969611420749,20.278644392522263,0.9611,0.9799,0.9852,0.9973,0.9342,2.856309033093227,0.9973,3.6163308880528775,5.198076846655174,5.179875694315095,4.081569671792297,5.195754841546953,0.9513,0.952,0.9601,0.9879,0.9324,5.404747335703427,0.9879,6.842871168971253,9.202641240757282,9.158739538864385,8.026039586660398,9.210734036041751,0.9719,0.9865,0.9919,0.9886,0.9295,4.1014648055370175
0.9569,0.9729,0.9809,0.9764,0.9768,0.8858,3.1646200918781107,4.006678988378922,4.516730965075597,4.674167374460582,4.4097416494489785,4.527523320711604,0.9738,0.9795,0.9878,0.9924,0.9469,16.51858775250796,0.9924,20.91394118223788,22.709397596935688,22.984854642217407,21.29193692851602,22.82431850327831,0.968,0.9868,0.9917,0.9982,0.9427,2.936700445107167,0.9982,3.718113273303175,5.561003252594041,5.581650792683687,4.7773935992189696,5.551594848088737,0.9671,0.9652,0.9692,0.9868,0.9527,6.771917978616266,0.9868,8.573825826860835,8.98493662577786,8.739609330821402,8.727204073760557,8.989173050498147,0.933,0.9339,0.9491,0.9456,0.8659,3.2942554435022955
0.9699,0.9595,0.9682,0.9732,0.9732,0.9137,3.4551425665014617,4.374505223734209,4.618831672681113,4.478317269760406,4.319596622483953,4.624515098640217,0.9741,0.972,0.9747,0.986,0.9394,15.817401246747863,0.9858,20.026179252528173,21.090053932389115,19.94812982411632,19.73352667479725,21.064248601944463,0.9809,0.9688,0.9753,0.9984,0.9619,3.416729678826351,0.9985,4.325871231197214,5.639799272270747,5.652691566879276,4.8689246029446105,5.648164055852396,0.9843,0.9925,0.997,0.9996,0.9758,10.53754366425522,0.9996,13.341429164611082,25.302198627568764,25.284826222305355,17.609276885849198,25.30412736061228,0.9668,0.9804,0.9874,0.9836,0.921,3.946397106396175
0.975,0.9774,0.9839,0.9851,0.9843,0.9233,3.530695818753093,4.470162086015156,4.848340089092289,4.765540094931395,4.566818164558228,4.847841659631461,0.9729,0.9767,0.9791,0.9886,0.9473,16.668142041694434,0.989,21.103289669799864,21.854221285075702,20.71955363528246,20.344391933119923,21.846707159055164,0.9799,0.9886,0.9979,0.9974,0.9599,3.309527071400852,0.9974,4.190143585476469,5.2386021696505205,5.30651495015637,4.191371632350928,5.242281876431079,0.9712,0.9689,0.9755,0.9984,0.9568,7.632886841239534,0.9984,9.66388585029761,17.15500896907029,17.158828862398153,13.3156500790295,17.162188271686368,0.9729,0.9888,0.9904,0.9906,0.9294,4.120597742833285
0.9759,0.9709,0.9759,0.9798,0.9794,0.9251,3.5550693236697564,4.501021022376389,4.625901001975602,4.497607659201783,4.3537524414616495,4.613494968207448,0.9494,0.925,0.9276,0.95,0.8847,13.226365306474603,0.9516,16.7457067286157,16.669761939616397,15.02498698910249,14.89073382849836,16.775430411582704,0.9635,0.9834,0.9894,0.9962,0.9371,2.8949343652399904,0.9962,3.665233853413168,4.878987299666943,4.870241452153,4.03568274772456,4.882918416121297,0.9488,0.9722,0.9849,0.9852,0.9292,5.316863588914144,0.9853,6.731602848775617,8.694787312816759,8.721241502748388,7.921871690827229,8.71199743248567,0.9855,0.9967,0.9989,0.9982,0.9552,4.65674501619705
0.967,0.9783,0.987,0.9834,0.9847,0.9069,3.3431861515075694,4.232758852117121,4.732431812528724,4.8675390852277,4.568349002727457,4.776010224424269,0.9665,0.9899,0.9976,0.9953,0.9238,14.82265580563976,0.9947,18.766746669166103,24.849214459665184,26.431691717889127,24.062596255563378,24.95871643281697,0.9533,0.9725,0.9834,0.9823,0.9244,2.5949144733691814,0.9826,3.285383077662994,3.453065262392513,3.493762051993333,3.173269675035613,3.457853780499833,0.9657,0.9768,0.9809,0.9967,0.9513,6.888801263037728,0.9967,8.721810035450707,15.042748589648475,15.03515511686576,11.967040138622531,15.039048367058609,0.9789,0.9934,0.9967,0.9948,0.9412,4.315333376350119
0.9659,0.975,0.982,0.9809,0.9815,0.9034,3.330707857483664,4.216960267445074,5.37790771669217,5.688748849123728,4.921434984384913,5.3890679595923245,0.9745,0.9755,0.9792,0.985,0.9427,16.058496712030912,0.985,20.331426677779067,21.478987788293157,21.12774136952372,20.64101278127485,21.565193138448222,0.9809,0.9775,0.9937,0.9995,0.9615,3.461113924331716,0.9995,4.3820654721229415,6.77922630557235,6.821905832489252,5.343693906578477,6.768400407366563,0.9466,0.9767,0.9819,0.9854,0.9235,5.384398190178796,0.9854,6.817107414890863,8.702772273928751,8.715637451713018,7.938192146080408,8.700237856423973,0.971,0.9801,0.9886,0.9847,0.9296,4.07605010460418
0.9798,0.9822,0.9842,0.9892,0.9896,0.9311,3.644698251058293,4.614498890080082,5.153393368089926,5.1959230068688775,4.869131455445608,5.1486592485297695,0.9704,0.9663,0.9697,0.9876,0.9354,15.515250021967626,0.9878,19.64363002750526,22.65109655753678,22.521317804715213,21.1429257082348,22.9223003562091,0.9722,0.9809,0.9892,0.9911,0.9493,2.9530544155408784,0.9911,3.73881879491744,4.087651708072998,4.071772869018529,3.611334184078412,4.0826940600960455,0.9535,0.9832,0.9851,0.9871,0.9347,5.91946306009191,0.9873,7.494545182919528,9.056367084543975,8.965434699177154,8.82563864265448,9.06965643937977,0.9798,0.9841,0.9853,0.9873,0.9437,4.3632057367703005
0.9592,0.9281,0.9304,0.9559,0.9567,0.8939,3.220331956832735,4.077214961809029,4.047427362258569,3.684101512443585,3.63764229109552,4.069701587523364,0.9757,0.9696,0.9734,0.9899,0.948,16.486115694966635,0.9885,20.872828787421778,22.39048341640081,21.218601739223576,20.89372789480118,22.35004484295069,0.938,0.9485,0.9587,0.9658,0.9079,2.3298178370635885,0.9663,2.949748122522079,2.936831715237046,2.8415196824973536,2.7695432942820823,2.945429283655868,0.9535,0.9807,0.9867,0.9877,0.935,5.870623072835358,0.9879,7.432709592847994,9.159823966948316,9.166606563315002,8.839446100439826,9.170284159084996,0.9536,0.9775,0.9804,0.979,0.895,3.620647989116337
0.9713,0.9843,0.9936,0.9894,0.9893,0.9168,3.500935374849913,4.432482825374132,5.071306795464547,5.293226136883569,4.84199131529474,5.067652429954654,0.9807,0.9976,0.9992,0.9997,0.96,17.879451353092065,0.9997,22.636910586528717,33.14273807768709,33.78570358963164,27.31331898133327,33.04589720032389,0.9807,0.9834,0.9887,0.9908,0.9626,3.2494078972309266,0.991,4.114027582622434,4.097353248695972,3.942389411863099,3.8496472706399936,4.111034139227842,0.953,0.9644,0.9717,0.9826,0.9348,5.738944435643191,0.9826,7.265993205560217,8.195923336498891,8.148836357928062,7.828770953384405,8.201326282374211,0.9681,0.9917,0.998,0.9966,0.9236,3.993076302412621
0.9536,0.9618,0.9698,0.9703,0.9722,0.8789,3.1145639478649123,3.94330364011147,4.386000309244121,4.435178302477666,4.180358882670385,4.445792839533485,0.9701,0.9736,0.9825,0.9847,0.9349,15.47468013335608,0.9853,19.59226508778376,22.34148881489534,22.480406531995914,21.62754185481049,22.43632633470637,0.9781,0.9834,0.9874,0.9951,0.9585,3.132946595901465,0.9951,3.966577640623522,4.673804056710562,4.698959878730298,4.315364527528423,4.671818181360395,0.9282,0.9554,0.9627,0.964,0.9034,4.445781863089469,0.9641,5.628739077866778,5.990530799043824,5.8886773849040095,5.7234396975267865,6.010381384729014,0.9592,0.9681,0.9737,0.974,0.9046,3.7435368183587374
0.9714,0.9758,0.9893,0.9865,0.9865,0.9164,3.4404093809020733,4.355851753978248,4.856973494337762,5.095853111224258,4.497173041864643,4.882112378962274,0.9429,0.9569,0.9694,0.9638,0.8931,13.510275506088316,0.9648,17.105161259760905,18.144537964396005,18.48323769540732,17.27932933811552,18.199359533489066,0.9649,0.9829,0.994,0.9958,0.9397,2.8115436035351795,0.9959,3.559654035600253,4.765952446501169,4.806009543241554,3.966873030899265,4.761343619614932,0.9624,0.9515,0.967,0.9873,0.9483,6.2079031811099785,0.9873,7.859734980979208,9.059432616561988,8.827850115958588,8.78524211327352,9.055754933238156,0.9597,0.9855,0.9919,0.988,0.9043,3.7437948926796896
0.9687,0.9798,0.9846,0.9817,0.982,0.9083,3.400302383202801,4.305072873637744,4.8306144903242085,4.970650241640994,4.733576665112876,4.835870515728587,0.96,0.9798,0.9865,0.9832,0.9205,14.766214914637152,0.9848,18.695287686571035,21.03710386417575,21.25086643818588,20.080125304931293,21.279474181927405,0.9747,0.9935,0.9994,0.9995,0.9506,3.2261519541159807,0.9995,4.084583574833716,6.812551240049529,6.862207660935216,4.997370973554444,6.806797457832386,0.943,0.9464,0.9551,0.9777,0.9194,5.197683209068897,0.9777,6.58071032142976,7.211443434175824,7.211281822263682,6.73969410824234,7.200764344460451,0.9639,0.9548,0.9593,0.9668,0.9112,3.88122579413293
0.9855,0.9905,0.9917,0.9921,0.9923,0.9451,3.808479478983476,4.821859895687957,5.216704062820815,5.206022938316938,5.108479335070699,5.208053224825029,0.9653,0.9847,0.9878,0.9901,0.9342,15.947165519486344,0.9902,20.190471891116267,22.385330111078677,21.6669659184603,21.06035089670101,22.32818998961286,0.9755,0.9802,0.9876,0.9973,0.9537,3.1061247769994798,0.9973,3.932618929907976,5.176019663808536,5.187911572997492,4.385802708293014,5.182812678821794,0.9689,0.9916,0.9979,0.998,0.953,7.546508619052887,0.998,9.554523652674904,16.69160994109281,16.71649709511842,13.631442105642645,16.69034479868272,0.9705,0.9846,0.99,0.9874,0.928,4.050656092857312
0.974,0.9843,0.9858,0.9882,0.9881,0.9203,3.502749084103342,4.434779136004084,4.957713596794048,4.874124149401107,4.820694530707877,4.941466436420266,0.9573,0.9809,0.9858,0.9857,0.9197,15.111705420057913,0.9859,19.132708137862,21.495100041911005,21.53143063138228,20.32645090264326,21.47033912748528,0.9697,0.9799,0.9829,0.9929,0.9445,2.93887272408735,0.993,3.7208635637943246,4.223710049189603,4.171137717826083,4.0154657172901445,4.242437661490924,0.9491,0.9634,0.9667,0.9785,0.929,5.4673563834680925,0.9786,6.92213956419029,7.474563492867446,7.428357388346065,6.983830455795369,7.486621193100673,0.9564,0.985,0.9886,0.9872,0.8997,3.737864559160753
0.9705,0.9761,0.9871,0.9862,0.9851,0.9161,3.4352562158784803,4.349327407477172,5.494545675392609,5.752846959286694,4.808799827048069,5.517961957819539,0.9767,0.9869,0.9914,0.9947,0.9524,17.489400163377752,0.9945,22.14307250775539,28.96496219439114,29.384947677350247,28.131414583283323,29.13175651048039,0.9799,0.9895,0.9951,0.9989,0.9599,3.311156279269086,0.9989,4.192206301614217,6.0557014224179095,6.079540691950092,4.801611761574313,6.05144090481595,0.9717,0.9708,0.9815,0.997,0.9584,7.620350194565274,0.997,9.64801338619255,15.43283261631247,15.407402772699456,12.29814105852164,15.43568535954545,0.9711,0.991,0.9952,0.9922,0.9293,4.065601873378957
0.9748,0.9666,0.9777,0.9788,0.9786,0.9225,3.519283363113759,4.455712943657349,4.619561334386532,4.545666928633974,4.299280234937141,4.621063789039356,0.9756,0.9782,0.9829,0.9891,0.9489,16.653641375048075,0.9896,21.08493058887304,21.842800077009013,21.72124488955297,20.521939502343155,21.96924365451532,0.9557,0.9828,0.9858,0.9904,0.9265,2.707347019910492,0.9906,3.427732272434634,4.033792474859828,3.9876887745037086,3.781977059003014,4.0434474241466845,0.965,0.9824,0.9908,0.9953,0.9503,6.85205005991219,0.9953,8.675279877300396,13.06331759500409,13.053357984487908,10.7078696574922,13.059363029198758,0.977,0.9776,0.9824,0.9832,0.9372,4.233118681344012
0.9792,0.9753,0.9775,0.9824,0.9825,0.9303,3.63624734871618,4.603799326826379,4.896123284138415,4.672452658299928,4.59568465758092,4.895508449388543,0.986,0.8958,0.926,0.9494,0.965,17.988251161092084,0.9492,22.77466042442304,24.485890348410383,24.253362898908858,23.30689626705868,24.54619816436557,0.9575,0.9625,0.9751,0.9879,0.9311,2.587918171517951,0.988,3.276525162712753,3.706828911819549,3.73287783788938,3.404255550296584,3.706091308829765,0.9777,0.9637,0.9747,0.9987,0.9667,8.346260885850704,0.9987,10.567078243828226,18.030738516134416,17.965042250933408,13.617086291820952,18.04437773091212,0.9556,0.9669,0.9768,0.9739,0.9011,3.682221736953721
0.9604,0.9759,0.987,0.9834,0.9833,0.8943,3.23512423437202,4.095943247001628,4.742066127944078,4.949145685696544,4.488382637981715,4.729207512619813,0.9719,0.9761,0.9801,0.9841,0.9401,15.82110711250259,0.9845,20.03087119469568,21.085140165734668,20.16308826863802,19.784613849781028,21.155016379414427,0.9671,0.9691,0.9812,0.9862,0.9416,2.870864128651992,0.9863,3.634758880625768,3.584705840462602,3.525918773520612,3.4321659490998493,3.603489840203861,0.9609,0.966,0.9687,0.9852,0.9464,6.1374874521722775,0.9852,7.770582661460616,8.620871436105165,8.609720360624333,8.112474649335333,8.612372765112973,0.952,0.9553,0.9709,0.9656,0.892,3.594804490150855
0.9774,0.9868,0.9902,0.9901,0.9901,0.9291,3.593463897334362,4.549631827813843,5.056030783656919,5.062194001269464,4.938450380775098,5.053788061242591,0.9464,0.9452,0.9662,0.971,0.8904,13.31214805708984,0.9705,16.854315008433407,18.889345698780676,19.203355735825145,17.0798369308122,18.89731353136134,0.9837,0.9808,0.9855,0.9984,0.969,3.5779070615337853,0.9984,4.5299355466432205,5.73390188241335,5.685625606100737,5.010331721348825,5.743812365484145,0.9705,0.9861,0.9902,0.9981,0.9552,7.533612403307331,0.9981,9.538195943453209,16.92749157592514,16.880412428022144,12.95353366733214,16.926783731513993,0.982,0.9909,0.9941,0.9925,0.9466,4.430059161353293
0.9747,0.9715,0.9815,0.9848,0.9844,0.9224,3.539646189139873,4.481494018419604,4.833930282610214,4.893613145592366,4.38388933622312,4.8257607528513615,0.978,0.9861,0.995,0.9948,0.9549,17.29984698716875,0.9949,21.903082017191835,24.27361950538466,24.129258385184357,22.653466745329823,24.301166487269715,0.9593,0.9736,0.9817,0.9805,0.9326,2.7093441366400794,0.9809,3.43026079257464,3.3578485374268494,3.3315462619325693,3.172645922226462,3.3731054291341107,0.9625,0.9858,0.9924,0.9925,0.9475,6.527264782056489,0.9926,8.264074010327922,11.079043278332538,11.088520840339998,9.600000688019795,11.080703748792455,0.9434,0.9417,0.9511,0.9515,0.8803,3.522063646402821
0.9803,0.9863,0.9897,0.9901,0.9897,0.9332,3.683440618386286,4.663550031963277,5.034146440393318,5.020496145430275,4.829512860401879,5.019944679095827,0.9808,0.9916,0.9948,0.9974,0.9603,17.917857577038003,0.9972,22.685536142216133,34.34970564739161,35.26929989562335,29.269467860270023,34.331405318764894,0.9288,0.9564,0.965,0.9645,0.8958,2.1749880666698957,0.9665,2.7537204257365917,2.96398865078068,2.932989888809842,2.7852062232061447,2.999870786330625,0.9338,0.9598,0.984,0.9921,0.9079,4.885433297487536,0.9921,6.185375297466827,10.588936222250716,10.642290180868564,7.936742207338478,10.593875308535898,0.9612,0.971,0.9781,0.9766,0.9073,3.776360762565972
0.9842,0.9776,0.9902,0.9836,0.9841,0.9418,3.768744798225717,4.771552400355215,4.78967225765107,5.040154663948089,4.542358841953583,4.7984410527151296,0.9576,0.9622,0.9671,0.9698,0.912,14.294853618365632,0.9697,18.098504076888094,18.54787663278493,18.238668203011937,17.75904628002654,18.543745114143555,0.9701,0.9873,0.9888,0.9951,0.9455,2.9825088107969533,0.9951,3.776110571864317,4.616733391710271,4.640376626765323,4.416276684591763,4.628546169927446,0.9707,0.9864,0.9958,0.9981,0.9553,7.68092959162582,0.9981,9.724712070484577,16.887008337137917,16.912140989592203,13.294889841618748,16.881968211745004,0.9648,0.9877,0.9931,0.9903,0.9163,3.9355310967897497
0.9744,0.9732,0.9755,0.984,0.9835,0.922,3.516482282001243,4.452166536027862,4.938678224767282,4.781375622957495,4.644336848379267,4.936749177366483,0.9826,0.9904,0.994,0.9939,0.9639,17.972704365557917,0.9943,22.75497685508616,24.15391401290024,24.00594344043025,22.400749621632382,24.41784336585584,0.9784,0.9858,0.9927,0.9949,0.9587,3.162272357438284,0.995,4.003706556308959,4.5666347213263725,4.623830298608825,4.010494905185731,4.571068961555064,0.9726,0.9838,0.9846,0.9958,0.9601,7.724521522917136,0.9958,9.77990317402842,13.70736640450012,13.670091005389772,12.963664599632274,13.720978674974516,0.9696,0.9892,0.9959,0.9932,0.9211,4.008082850351363
0.9795,0.9923,0.9974,0.9957,0.9954,0.9316,3.662326573559482,4.636817850118018,5.570491221328088,5.894893912771893,5.247511212353249,5.560020776740142,0.978,0.9961,0.9972,0.997,0.9541,18.050925410571605,0.9971,22.85401137057499,25.780042575445997,25.902290079511538,24.66580514519748,25.867861285069484,0.938,0.9517,0.9546,0.9805,0.9078,2.334642257999348,0.9807,2.9558562509650512,3.285336943914615,3.234452693021735,3.1140867756992217,3.2948114098389216,0.9072,0.9459,0.9553,0.9591,0.8815,3.9899825071336887,0.9591,5.051658212106095,5.691616686625253,5.652323874092128,5.159283268345336,5.686603639956281,0.9734,0.9896,0.9933,0.9899,0.9328,4.147455453915357
0.9756,0.9806,0.9898,0.9861,0.9856,0.9248,3.546639993234848,4.49034877099736,4.982928241520581,5.155440958334776,4.6884737229187685,4.982702764551059,0.9533,0.9654,0.9785,0.9821,0.9114,14.449673698632148,0.9835,18.294519505145985,20.7756551712046,21.201762475610423,19.15286677096661,21.10680590823611,0.9576,0.9838,0.9861,0.9927,0.9293,2.74753152823989,0.9927,3.47860928784478,4.217137170102005,4.183843611637853,3.991851326089925,4.214769967490066,0.9573,0.9505,0.9564,0.994,0.9415,6.193365521358732,0.994,7.841329063625965,11.815402446623663,11.805206292929144,10.120081371422268,11.80996686379836,0.9764,0.9861,0.991,0.9887,0.9376,4.240656266310692
0.9752,0.9768,0.9788,0.9832,0.9834,0.9236,3.531952731531041,4.471753444810658,4.746341020170736,4.58430399708152,4.522228242027932,4.731420780037515,0.9826,0.9842,0.9864,0.9936,0.9598,17.46196365356939,0.9925,22.1083355459173,24.70781519864088,24.79475764782342,23.64962522476192,24.77998647911353,0.9643,0.9796,0.9889,0.9946,0.9385,2.872398084560165,0.9947,3.6367009996567865,4.529987086502223,4.541029675538316,3.913162129776527,4.539423038009644,0.9588,0.9708,0.9796,0.9932,0.9428,6.161599345694902,0.9932,7.80111037548072,11.175275641652284,11.201830466600375,8.771682146845516,11.17375953469081,0.9659,0.9694,0.9803,0.9789,0.9185,3.942564982796657
0.9644,0.9586,0.9675,0.9727,0.9733,0.9018,3.324217484473452,4.208742901564885,4.49457400620696,4.540250955579,4.20126721106951,4.540903949869143,0.9663,0.9808,0.9887,0.9946,0.935,15.690539779098208,0.9947,19.865561812800955,25.49269169479663,26.101992186619132,22.344222630172773,25.507213674742072,0.9533,0.9626,0.9751,0.9944,0.9239,2.665639996400639,0.9945,3.374927622930694,4.365787814106269,4.372385112270599,3.7153153421934673,4.371541260034357,0.978,0.9824,0.9928,0.9994,0.9662,8.813059890944846,0.9994,11.15808560370279,21.885536097199083,21.89038952049929,15.80134665268021,21.883274535788537,0.948,0.9588,0.9654,0.9648,0.8871,3.512800242098603
0.9658,0.9707,0.9772,0.9758,0.9759,0.905,3.35163593408732,4.243456997656153,4.5062679838956825,4.531143241923593,4.336464582325094,4.5078601451396905,0.9708,0.9762,0.9806,0.9864,0.9414,16.046807421280214,0.9865,20.316627038555367,21.19318269609388,20.376117043278448,19.96228893823885,21.222658879368723,0.9463,0.9639,0.9651,0.9766,0.9188,2.4376047033104875,0.9767,3.086215489749833,3.16948554050828,3.043395546092635,3.024590445435934,3.1719218855991564,0.9797,0.9884,0.9932,0.9958,0.9707,8.869291355293175,0.9958,11.229279434288792,13.560107097569214,13.299942649014415,13.272408920844802,13.552823422705426,0.9633,0.9708,0.9778,0.98,0.915,3.889598306630028
0.9481,0.9714,0.9837,0.9781,0.9784,0.876,3.090961922585302,3.9134214627803887,4.564463600473752,4.787609105116234,4.348829259762122,4.573709290778664,0.9688,0.9915,0.9936,0.9943,0.939,16.030234296954596,0.9943,20.29564404941943,24.380852438501694,23.60822487074096,23.034536990105583,24.4029384148647,0.9391,0.9558,0.9739,0.9738,0.9092,2.40035410499008,0.9746,3.0390530546828343,3.075675869840408,3.109943533370803,2.9261457413099072,3.08687999491106,0.9528,0.9758,0.9842,0.9898,0.9338,5.7878925883323324,0.9898,7.327965742296264,9.822657420072336,9.644187765445968,9.52255981378596,9.842335508525435,0.974,0.9833,0.9875,0.9853,0.9309,4.1466664588049404
0.9435,0.9314,0.956,0.9485,0.9457,0.8647,3.021351320184248,3.825288502137021,4.162033276537961,4.323134869060808,3.983782523023645,4.149716166369217,0.9411,0.9654,0.9677,0.9676,0.8966,14.394534817312682,0.9674,18.22470897787529,18.987062993753096,18.646264099069825,18.267187599846704,18.93457249760116,0.9593,0.973,0.9745,0.9938,0.9315,2.7573625915502378,0.9938,3.491056252616344,4.350062569063377,4.211922450037309,4.119628852591659,4.346350462545259,0.9692,0.9869,0.9949,0.9981,0.9545,7.1558573638792256,0.9981,9.059925839842574,16.993652949301563,16.95898560177321,11.73275745999522,16.980529843109416,0.943,0.9257,0.9431,0.9486,0.8786,3.432653897530689
0.9348,0.912,0.9349,0.9405,0.9395,0.849,2.888922499737121,3.657622318855472,3.7451505915618366,3.702755998755425,3.3918165497121318,3.728333353283388,0.9229,0.9503,0.9532,0.9604,0.8658,12.733851586861691,0.9609,16.12214234661424,17.539910151418933,16.872651225136458,16.631878144417247,17.558396873835495,0.9741,0.9844,0.9851,0.9983,0.9501,3.199796471046327,0.9983,4.05121528506182,5.654246727172563,5.555309378217555,5.438006385556132,5.669534271106063,0.9722,0.9903,0.9943,0.9971,0.9589,7.790941842719494,0.9971,9.863996964760684,15.499921879657103,15.463687315503108,11.98659109334299,15.505119247822376,0.9615,0.9771,0.9873,0.9867,0.9071,3.776711391224266
0.961,0.9766,0.9895,0.9816,0.983,0.8927,3.2496718662300075,4.114361789892658,4.747055443829657,5.102012828233342,4.556356362985234,4.786227990545152,0.9791,0.9595,0.9669,0.9882,0.9554,17.181843565295928,0.9876,21.753679619037293,22.94666042283815,21.854968243627333,21.22838025416805,22.928376288010572,0.9705,0.9728,0.9746,0.9915,0.9461,2.9882291117951487,0.9916,3.7833529608877248,4.083533820097852,3.941265289889079,3.889587997442424,4.080418906794904,0.9814,0.9852,0.9873,0.9992,0.9719,9.25252041608226,0.9992,11.71448011589369,20.585725660636687,20.54269525897744,15.828395512983846,20.597499822446075,0.9731,0.9726,0.9839,0.9811,0.9283,4.159699866172118
0.9807,0.9691,0.9769,0.9789,0.9785,0.9339,3.70304904431622,4.688375971851065,4.850737141053294,4.938164401841577,4.548103594623004,4.8630408084465575,0.9554,0.9669,0.9689,0.9823,0.9049,13.938892535458088,0.9824,17.64782698132563,20.742363016366536,19.974748920827928,19.71749391565571,20.808405635036664,0.9537,0.9524,0.9554,0.9827,0.925,2.617806138275357,0.9829,3.3143658781653293,3.435940549482313,3.285775652456448,3.2279662099230717,3.4438069206849606,0.9816,0.9851,0.9945,0.9997,0.9716,10.053896315754589,0.9997,12.729090364767142,25.790652229100555,25.740020973619668,19.012883621903704,25.796519784063893,0.9655,0.9622,0.9733,0.9716,0.9183,3.92789173279448
0.966,0.9877,0.9923,0.9892,0.9893,0.9066,3.332318467019566,4.218999436507592,5.055644064641131,5.258960166251814,4.950146479698852,5.059375110887616,0.9574,0.9579,0.9714,0.9754,0.9132,14.345569513635423,0.9761,18.16271472652526,19.25413486763468,19.39020327858864,17.600242187403886,19.39086525143616,0.9509,0.9762,0.9788,0.9834,0.9236,2.496051683875434,0.9834,3.160214352856584,3.5240733655974443,3.430554372230642,3.3415894580550494,3.522220558509813,0.9612,0.9642,0.9726,0.9879,0.946,6.41196732960952,0.9879,8.11809760029422,9.175229938404083,9.083457278961204,8.874758049638386,9.19982831619242,0.9536,0.9426,0.9597,0.9611,0.8955,3.6133993715457
0.9822,0.9675,0.9724,0.9816,0.9818,0.9381,3.7028652840513097,4.688143315680359,5.139811432566631,5.092065995907669,4.823440103193674,5.173924375835989,0.9709,0.963,0.9703,0.9841,0.9339,15.369166710174447,0.9844,19.458676093408485,20.76437958945609,19.573132436201117,19.220157045048083,20.832948268915214,0.9918,0.9873,0.993,0.9999,0.9837,4.552754534005435,0.9999,5.764175604352143,9.358526669678437,9.38833303645529,7.761065981208474,9.355485243125557,0.9641,0.9672,0.9746,0.9933,0.9489,6.770645516691266,0.9933,8.572214781518776,11.412323677291496,11.354549737643234,10.061526810407658,11.424840938120678,0.9581,0.9546,0.9585,0.9623,0.9009,3.6915026101718342
0.9525,0.9272,0.9456,0.9524,0.9513,0.8773,3.102297074456836,3.9277727319739073,3.948021953291549,3.8149161954550026,3.578479854738052,3.939722181520547,0.962,0.9783,0.9821,0.9865,0.9256,15.195524183750948,0.9865,19.23882984270192,21.329769145025324,20.952487671924665,20.67217043906504,21.3423869854418,0.9662,0.9799,0.9843,0.9973,0.9409,2.8732133973375635,0.9973,3.637733255181721,5.172821457371009,5.193376940666872,4.382664269597669,5.181039183613583,0.9581,0.9846,0.9895,0.9925,0.9418,6.182598904261327,0.9925,7.8276976079543,11.039122195215317,11.019597149218024,9.200816540484803,11.038622227746371,0.9782,0.9876,0.9915,0.9913,0.9424,4.358385261138291
0.9798,0.9912,0.9929,0.9929,0.9931,0.9308,3.647306068570338,4.6178006095053785,5.260660594320829,5.280393603374048,5.114011905874401,5.23892522046576,0.9768,0.978,0.9885,0.9925,0.9519,16.966664248382216,0.9924,21.481244248351068,25.51190987406132,26.04807805385419,22.68457638277754,25.573432773748948,0.9609,0.9438,0.951,0.9768,0.9363,2.6503738967708435,0.9772,3.3555994385529915,3.1549220633113526,3.048701791918052,2.9726426570593536,3.17346410738034,0.9677,0.9634,0.9735,0.9942,0.9527,6.959867265395856,0.9942,8.81178565658993,12.183316461221317,12.1292844099321,10.96485933218658,12.18236326906319,0.951,0.9619,0.9781,0.973,0.8919,3.5734938028365826
0.9749,0.9535,0.9578,0.9693,0.9694,0.9237,3.5322448529484745,4.472123295444005,4.898726958939775,4.83848957776135,4.639345211698516,4.921770140141077,0.9673,0.9806,0.9875,0.9953,0.9366,15.754201239632486,0.9948,19.94616265236045,24.422223333913703,24.82701776296009,22.391420786292556,24.44099940800735,0.9537,0.9615,0.9701,0.9714,0.9256,2.5481154072452457,0.9722,3.226131467842351,3.161755813286923,3.009755321286363,2.880487158653727,3.1768915945497023,0.9782,0.9874,0.9894,0.9966,0.9679,8.447236061850296,0.9966,10.694921430144255,14.989010020953508,14.940665123361878,13.610811285305871,15.008844498619888,0.9274,0.9605,0.974,0.966,0.8588,3.22468889846106
0.9855,0.9856,0.99,0.9908,0.9906,0.9449,3.809512050180153,4.8231672189045245,5.086161919030692,5.018561529783687,4.8233153009850085,5.070498827391662,0.9791,0.9838,0.9887,0.993,0.9562,17.316544854020183,0.9934,21.924222941006388,23.20293756227844,23.371443856053737,21.72921810458903,23.48457332031417,0.9657,0.9536,0.9625,0.9924,0.9404,2.8260558761043395,0.9927,3.578027810615368,4.123011642541629,4.1349673327386025,3.769577559586915,4.131555537214342,0.9608,0.9865,0.9916,0.9921,0.9454,6.364624543885227,0.9921,8.058157595078532,10.817099428715103,10.847277416541832,9.73731490867625,10.80988636040117,0.9641,0.9876,0.9908,0.989,0.9159,3.887485963420511
0.9783,0.994,0.9988,0.9981,0.9982,0.9304,3.669074883385112,4.6453617860093495,5.931031216818196,6.201652031745558,5.428687061312721,5.961742682072481,0.9799,0.9889,0.9937,0.9959,0.9588,17.53706477446582,0.9957,22.203419971334327,25.41867728399836,25.406636016670337,24.410789466964832,25.47781087497149,0.9761,0.9878,0.9894,0.9913,0.9537,3.212934562194345,0.9915,4.067849229175766,4.112428304308364,3.983910674310104,3.941725063035873,4.124925576229245,0.9627,0.9765,0.9824,0.9933,0.9475,6.652580112198229,0.9933,8.422733908079724,11.442057775505342,11.407525340776454,10.306196260331683,11.453990853695664,0.9626,0.9689,0.978,0.9785,0.9094,3.8406178774082886
0.9846,0.9874,0.9938,0.9901,0.9904,0.9424,3.762054360199399,4.76308173509846,5.0466635053327895,5.300948741835452,4.910583036806164,5.057510804146294,0.9579,0.9593,0.9689,0.9737,0.9126,14.334384154100782,0.9732,18.14855310720801,19.17984618786832,19.15724582094612,17.956372923085123,19.23161866445975,0.9667,0.9896,0.9958,0.9989,0.9393,3.023858314031694,0.9989,3.828462570202361,6.036004542331455,6.032077040418474,4.515888906636103,6.048918957045447,0.9447,0.961,0.9719,0.9827,0.9222,5.153566026877602,0.9827,6.524854205440986,8.217336218332418,8.18483478766836,6.9808125923161874,8.237495255327547,0.9669,0.983,0.9881,0.9854,0.9211,3.9534181477068313
0.9889,0.9893,0.9934,0.9943,0.9941,0.9518,3.932453752956348,4.978821901933656,5.374525196989336,5.333633290594802,5.066195063960283,5.3683566603349,0.9669,0.9609,0.9709,0.9814,0.932,15.369258039480666,0.9816,19.45879172410084,20.755635035425733,20.87691088400399,19.278859390443813,20.854389622470787,0.974,0.99,0.9959,0.9973,0.9505,3.0966907275092312,0.9973,3.920674618499187,5.266286926021048,5.286015859275082,4.779628987783936,5.267720165144397,0.9706,0.9933,0.9963,0.9981,0.9548,7.750359795960255,0.9981,9.812616631787078,16.945984525375856,16.91399378515508,13.200968753347691,16.938123109858765,0.9715,0.9881,0.9907,0.989,0.9298,4.077680221964291
0.9666,0.9732,0.9827,0.9789,0.9797,0.9055,3.33028280425012,4.216422113793027,4.648612120360131,4.774563332239143,4.46041985295662,4.651817023815534,0.9869,0.9737,0.9772,0.9949,0.9699,18.645319544282955,0.9951,23.606565047545292,24.42222193686873,24.3188974569839,22.19566005219511,24.499264935046877,0.9546,0.9836,0.9933,0.9946,0.925,2.738385389913649,0.9946,3.467029496529352,4.547093174139929,4.563840357636956,3.7579236714909823,4.545845350580586,0.9647,0.9869,0.9933,0.994,0.9491,6.909674850829286,0.994,8.748237778177602,12.004719497622329,12.013193077118794,11.172317511556622,11.99636377659326,0.967,0.991,0.9945,0.9933,0.9185,3.937128595180736
0.9794,0.9876,0.9915,0.9919,0.9917,0.933,3.64621954648511,4.616424979861724,5.12346213346629,5.136605645995651,4.929637293119495,5.116260113556924,0.9492,0.9802,0.991,0.9878,0.9049,14.11495849184255,0.9884,17.870741501088986,21.65211594104937,22.46771412198995,20.77371742241432,21.78448552545701,0.9571,0.9763,0.9799,0.9878,0.9296,2.6519404828050157,0.9879,3.357582870106976,3.68600335777763,3.716619576991533,3.472729560939683,3.6913393955149054,0.977,0.9818,0.991,0.9969,0.966,8.46398719809255,0.9969,10.71612979755163,15.258713666100714,15.19101536090244,14.848746522682887,15.281838178178033,0.964,0.9736,0.9793,0.9807,0.9146,3.870531732083954
0.9811,0.9788,0.9843,0.9873,0.9869,0.9352,3.7050655432730575,4.690929031544136,4.961549364673997,4.883455596652481,4.638880435645955,4.929840077219332,0.981,0.9817,0.9887,0.995,0.9595,17.495203519650502,0.9951,22.15042005184126,24.03384245481529,24.418991000014568,22.113944858342546,24.18857604067162,0.9506,0.9817,0.9968,0.9995,0.9182,2.832605469898108,0.9995,3.5863201550592585,6.849290049955417,6.928413286927875,4.7541374718069225,6.840047729217451,0.9833,0.9873,0.9929,0.9992,0.9752,10.04483936177727,0.9992,12.71762348844516,20.62494040197458,20.56703592806949,16.97374723850403,20.612089699800897,0.9744,0.9794,0.9835,0.9845,0.9344,4.17418219031609
0.9565,0.9686,0.9803,0.9738,0.9733,0.8867,3.2180015509023523,4.074264469110199,4.548848956256759,4.727536421161497,4.418428396659277,4.557091495774462,0.9767,0.9839,0.985,0.9963,0.951,18.14016887637732,0.9963,22.967001211033747,28.7976970836668,28.381479891452216,27.70768548655669,28.830233663886467,0.941,0.9592,0.9745,0.9776,0.9114,2.40308622819345,0.9777,3.0425121557170165,3.212078090852139,3.2465899659878783,2.8681910056389386,3.2160338944201112,0.9434,0.9774,0.9797,0.9809,0.9194,5.238730782812025,0.981,6.632680051275885,7.830094825976328,7.696628780930058,7.6340058730890865,7.845682234154035,0.9697,0.9846,0.9916,0.989,0.9215,4.015409568765091
0.9813,0.979,0.9873,0.9844,0.9844,0.9379,3.7054406276890113,4.691403920410614,4.866060329495844,4.996653109873196,4.685915215412188,4.865821378705542,0.986,0.9782,0.9792,0.9967,0.9701,19.085012667953524,0.9967,24.163254049320557,25.91897761808583,24.564729415515583,24.378385280802757,25.953640926432183,0.9559,0.9821,0.9872,0.9973,0.9265,2.7411560430445983,0.9973,3.470537379738573,5.163254463811814,5.160382052050388,4.100883800390498,5.167571246020764,0.9558,0.9682,0.9829,0.9888,0.9391,5.894741752904659,0.9889,7.463245899215103,9.486614338659512,9.45987501897588,7.887098481833236,9.504974600558318,0.9743,0.9735,0.979,0.9824,0.9343,4.176324976676574
0.9737,0.9689,0.9754,0.9787,0.9789,0.9167,3.556832755343321,4.503253677301398,4.66484590458064,4.521621823193231,4.314421197680755,4.663938658602577,0.9627,0.9885,0.9959,0.9963,0.9297,15.940169236986044,0.9966,20.18161400066596,24.842061419940187,25.669392913478745,22.15834544941636,24.905163060315832,0.9765,0.9778,0.9844,0.9973,0.9553,3.133462869116121,0.9973,3.967231286553008,5.16753369300192,5.177460455674121,4.443855563478832,5.172187384539838,0.9486,0.9709,0.9784,0.9785,0.9273,5.413169008767033,0.9785,6.853533725465016,7.375157734033514,7.415000698168748,6.73679361875892,7.38198759433813,0.9817,0.9916,0.9967,0.9942,0.9455,4.408311972200162
0.9727,0.988,0.9938,0.9901,0.9897,0.9185,3.4747499220988627,4.399329808489707,5.119628910164037,5.332021046796122,4.970444752714997,5.114163038105295,0.9508,0.9658,0.9716,0.9739,0.9018,13.75988304297411,0.9739,17.421185693767384,19.10664961258716,18.813888021105544,18.118658831484368,19.08962298664065,0.9548,0.9602,0.9689,0.9777,0.9261,2.667571453196688,0.9782,3.377373011993839,3.2136684717597808,3.081852864219554,3.0281007622743203,3.223412398383479,0.9572,0.9781,0.9841,0.9827,0.942,5.87201646353564,0.9827,7.4344737443351665,8.358797762590122,8.356110657921072,7.622772905539472,8.35115443830967,0.9653,0.9674,0.9776,0.9774,0.9157,3.885827143753368
0.9694,0.9913,0.9971,0.9938,0.9941,0.9053,3.436947486219156,4.351468699999153,5.330776195881658,5.705099344073993,5.144654802299651,5.357453203922727,0.9799,0.9603,0.9729,0.9862,0.9561,17.144024681591702,0.986,21.70579768619784,22.278963470893355,22.05211087323527,20.613542956506222,22.371604918526465,0.9763,0.9596,0.969,0.9959,0.9552,3.108182199068289,0.9959,3.9352238017516727,4.719425525831713,4.715035984626258,3.988190113043836,4.726147239676561,0.9649,0.9793,0.9848,0.9858,0.9504,6.805840575746691,0.9858,8.616774728532333,8.891836995242379,8.881259833009167,8.049872115665602,8.886896754486331,0.9648,0.9671,0.975,0.975,0.915,3.8679582513759785
0.9628,0.9674,0.9847,0.9786,0.9788,0.8966,3.3142444278816905,4.196116161186577,4.5779276806384,4.829423033217932,4.242203179156524,4.590593073859903,0.9764,0.9641,0.9802,0.9869,0.9504,16.72349404288104,0.987,21.17337002500215,25.049058805873727,25.620734846764982,22.45672069019593,25.04906506428152,0.9822,0.9889,0.9932,0.9936,0.9655,3.450272612646475,0.9937,4.368339446731394,4.328061980360527,4.248260870437683,4.129347108081958,4.325539709092381,0.9569,0.966,0.9675,0.9909,0.9396,6.114744596245766,0.9909,7.741788265820411,10.47497036625817,10.220627247693056,10.090501804000228,10.481835536070344,0.9872,0.9934,0.9971,0.9945,0.9603,4.752956384169347
0.9751,0.9815,0.9857,0.9875,0.9879,0.9241,3.535606237431164,4.476379094935774,4.913234661552837,4.869256569877496,4.70911677374686,4.932055482363891,0.9724,0.9821,0.9874,0.9954,0.9447,16.214392592208547,0.9952,20.528804160493543,24.50902058868237,24.65693687882585,22.98467310553492,24.72089694275778,0.9878,0.9898,0.9968,0.9991,0.9765,3.800657194313007,0.9991,4.811956216029622,6.455628322775401,6.463054854240744,5.827859986256168,6.444169764746428,0.9412,0.974,0.9852,0.9924,0.9155,5.242930067931904,0.9924,6.637996704449899,10.93347746404108,10.94163756120528,8.852590830075926,10.924935648887498,0.9544,0.9711,0.9813,0.9764,0.8958,3.630586094751085
0.9722,0.9645,0.9704,0.977,0.9772,0.9173,3.462916248913525,4.384347368787475,4.636741351077866,4.441453449706282,4.354239182705638,4.633242147906885,0.9788,0.9914,0.9948,0.9993,0.9562,17.32481016540887,0.9991,21.93468753028156,29.3349569049491,29.4542092072487,24.971245669372625,29.12975194201888,0.9459,0.9655,0.9753,0.9929,0.9174,2.508596089560622,0.9929,3.1760966405313478,4.13453660121488,4.17810517881264,3.7276658365008255,4.138725249734045,0.9741,0.9846,0.9937,0.9966,0.9611,8.065942335489698,0.9966,10.212171047015946,14.95126926173708,14.96432950755436,12.88492816191266,14.953753296597696,0.9742,0.9928,0.9946,0.9945,0.9342,4.162972760551628
0.9785,0.9839,0.9942,0.9906,0.9906,0.9289,3.6156233389629553,4.577687571185807,5.122635484755783,5.401845036943323,4.765239862240641,5.1767969191733325,0.9529,0.9668,0.9802,0.9875,0.9046,13.907190785054503,0.988,17.607689861055533,21.53996545839635,21.569668736016208,18.94562197990068,21.71656362311855,0.9564,0.9628,0.9717,0.9886,0.9287,2.6356231520794795,0.9886,3.3369237374887426,3.806822444516408,3.807284433689208,3.470369886591945,3.8197016958331527,0.9825,0.9779,0.9844,0.9987,0.9735,9.756968815013575,0.9987,12.353154819977991,18.023529210870333,17.962503623393545,16.379246224924017,18.028509371040904,0.9393,0.9567,0.9752,0.9698,0.8707,3.372935222744954
0.9589,0.9644,0.9735,0.9718,0.9723,0.8901,3.200000645479195,4.051473787310552,4.377269681274921,4.412132960261088,4.168776988772412,4.3890437669824856,0.973,0.9803,0.9852,0.9863,0.9419,15.991876589041688,0.9867,20.247079919168385,21.47202660724342,20.95729811989341,20.200383107343683,21.453540087188305,0.9537,0.9843,0.9911,0.9973,0.9237,2.7399428851581185,0.9973,3.4690014183681006,5.260952047536734,5.240573399057598,4.001688388307739,5.262989056321161,0.9938,0.9939,0.9976,0.9999,0.9898,14.655216923868368,0.9999,18.55475476177953,39.28502147938891,39.218139345362665,25.31958476986423,39.28476211398401,0.9717,0.9873,0.9918,0.9901,0.9257,4.101184331385789
0.9771,0.9809,0.987,0.9868,0.9869,0.9273,3.58394942480503,4.537585693977235,4.860503122533855,4.871306008417149,4.676690511371231,4.870402475888775,0.9826,0.9935,0.995,0.9966,0.964,18.160990758546237,0.9968,22.99336349003172,25.07180154499391,24.3576130816346,23.88512833620147,25.1086620748756,0.9342,0.9684,0.9731,0.9813,0.9005,2.388288759747975,0.9816,3.02377729839438,3.3877836310186846,3.3116436927127624,3.208635977445815,3.4030580461616267,0.9543,0.9809,0.9895,0.9924,0.9357,5.902396953207536,0.9925,7.472938035811242,10.978035040752134,11.019597149218024,10.270149615933825,10.980071926933844,0.9791,0.9802,0.9881,0.9861,0.942,4.34314459312115
0.9921,0.9855,0.9882,0.9919,0.9918,0.9585,4.046896736265143,5.12371648114952,5.264896464846374,5.061498865687792,4.880973387598108,5.270652027915346,0.9724,0.984,0.9891,0.9912,0.9381,15.67700595495024,0.9912,19.8484268369518,22.49856682386151,22.833975518015823,21.165322210442508,22.486660129451987,0.9715,0.9834,0.9867,0.9901,0.9478,2.990777137572085,0.9904,3.7865789788759487,3.986200769103308,3.971279622640252,3.754106183639103,3.992951522350488,0.9259,0.9574,0.9659,0.9683,0.9015,4.396461102738283,0.9687,5.566294788045975,6.256449876334663,6.248406036325565,5.9694265307408765,6.268611148551082,0.9572,0.9563,0.9611,0.9633,0.901,3.693629036513965
0.9629,0.9754,0.98,0.9801,0.9805,0.8956,3.26496155822425,4.133719844216253,4.647798856185476,4.649752855088141,4.510329348008288,4.6661135082674985,0.9655,0.9622,0.9765,0.977,0.9309,15.37041594609039,0.9769,19.46025773264183,19.53656847923667,19.408364785660776,18.079771181899076,19.517021873550025,0.9843,0.9761,0.9788,0.9989,0.9699,3.571540189760181,0.9989,4.521874543863623,5.974814032711402,5.961052536414583,5.375917650072126,5.973061652673692,0.964,0.9752,0.9802,0.9941,0.9488,6.702418220651673,0.9941,8.485833204729406,12.153884041222852,12.07586213126942,10.20225704638576,12.170242885917538,0.9627,0.9806,0.9873,0.9859,0.9102,3.821678250292205
0.9722,0.9769,0.9875,0.9857,0.986,0.9173,3.4610804915489752,4.382023143368071,5.002493012273336,5.2743003974877,4.618150265011279,5.0441659251955695,0.9752,0.9801,0.9856,0.9909,0.9499,17.483320399625317,0.9912,22.135375008221807,22.89599712326121,23.110853645902644,21.1843949770931,22.927633773302997,0.9407,0.9755,0.984,0.9813,0.9112,2.382396795689318,0.9813,3.016317569293028,3.3965028729503506,3.4418043897329382,3.126719323933283,3.4067962166333947,0.9529,0.9672,0.9716,0.978,0.9349,5.538848937095212,0.978,7.012655235622221,7.3493921114013405,7.107944901935393,7.073741209252884,7.354697154233078,0.9414,0.9457,0.9505,0.9511,0.8774,3.4614456168274192
0.975,0.9839,0.9911,0.9887,0.9879,0.9232,3.5232911597065275,4.460787156021466,5.000961044881844,5.165278125166054,4.781983239270525,4.955983604776568,0.9759,0.9909,0.996,0.9974,0.9505,17.12825645043303,0.9976,21.685833760471187,26.37297135447449,26.81824600637317,23.81006027245603,26.410391765382283,0.974,0.9793,0.9904,0.9921,0.9515,3.013191763408165,0.9921,3.814957807222609,4.13879486345776,4.179906217974397,3.842845632208496,4.143655458945749,0.9689,0.9618,0.9705,0.994,0.9535,7.15372193132986,0.994,9.057222200075955,11.85327886622111,11.83394783512332,10.623424395923486,11.86531337273538,0.9563,0.97,0.9847,0.9784,0.8982,3.6723490325823462
0.9844,0.9628,0.9728,0.9817,0.9819,0.9424,3.775587446896565,4.780215777271993,4.6773239697890965,4.398520661324115,4.155857789210327,4.676517364891305,0.9656,0.9648,0.9725,0.9833,0.9297,15.19401170874993,0.9831,19.236914920331756,20.9969246786664,20.52013019348118,19.75586512272176,20.992076007126776,0.9529,0.9573,0.9592,0.9673,0.924,2.589610227899792,0.9678,3.278667450429902,3.067013839689512,2.801500943351435,2.791417268184457,3.0748716201774537,0.9722,0.9874,0.9922,0.996,0.9601,7.328589293709849,0.996,9.2786191975858,14.14810251193892,14.159439671851022,11.73502821726862,14.157925341126944,0.9638,0.9793,0.9898,0.9847,0.9145,3.865077671612939
0.981,0.9801,0.9878,0.9869,0.9868,0.9365,3.679525756516469,4.658593482886041,4.8978118818436105,4.933467583355293,4.631563524822827,4.882982070950255,0.981,0.992,0.9939,0.9983,0.9608,18.146720402600607,0.9981,22.97529600209825,27.186839794052517,27.26650890173954,25.371804786550523,27.248533131308605,0.9767,0.9878,0.9958,0.9961,0.9559,3.0751898439645817,0.9961,3.8934526658385744,4.905339837403517,4.921774192800847,4.180109204995014,4.898363056002417,0.964,0.9839,0.9863,0.9853,0.9488,6.584279850812392,0.9853,8.336259950937835,8.793644327436423,8.776685562055896,8.295385794000598,8.791639320671358,0.9749,0.9857,0.9907,0.9877,0.9352,4.193177384014481
0.9687,0.9843,0.9907,0.9873,0.987,0.9103,3.3828265349382454,4.282946958989916,4.950698923540359,5.174022695717269,4.844953095459026,4.95855140070128,0.9717,0.9739,0.9865,0.9888,0.9378,15.62626133998204,0.9884,19.78417982572658,24.02197114654449,24.26274173254105,22.949594851824106,24.04273783391065,0.9293,0.9726,0.9787,0.9826,0.8944,2.288400749059209,0.983,2.89731055610048,3.435668374488529,3.4236757402786973,3.2714208620697995,3.461705113192828,0.9679,0.976,0.985,0.9937,0.9529,6.861000033111124,0.9937,8.68661130683115,11.629366435380533,11.634130884143614,10.384259195443216,11.630316792727363,0.9782,0.9789,0.9871,0.9863,0.94,4.294277395849522
0.945,0.9859,0.9986,0.9974,0.9975,0.8674,3.0244921232490585,3.829265026737466,5.839821423813795,6.2731835634978905,4.874398230219393,5.872982085140784,0.9536,0.9558,0.9705,0.9763,0.9074,14.06589320641468,0.9778,17.808620664313914,19.855603961945874,19.879236804756847,18.562303576597916,20.08457513559323,0.9541,0.9602,0.971,0.9845,0.9265,2.5291835095542883,0.9849,3.2021620704150973,3.505629198755611,3.505446264851101,3.2890479346837966,3.507904182673856,0.9767,0.98,0.9848,0.9986,0.9654,8.10722856429886,0.9986,10.264442934533696,17.726754442348515,17.66136970251113,13.152504635796246,17.73555906327613,0.9464,0.9703,0.9848,0.9783,0.8856,3.504930525804147
0.9669,0.95,0.9642,0.9649,0.9648,0.9018,3.374001832881387,4.2717741334110535,4.437633568989789,4.524263545968831,4.132243379075518,4.39886254743276,0.9669,0.9652,0.9768,0.9858,0.9333,15.49840976510887,0.9859,19.62230882579512,21.815409836345463,22.187326990878034,19.95513859413248,21.89732534080202,0.9425,0.968,0.9755,0.9833,0.9111,2.5260109440664595,0.9834,3.1981453318776776,3.448270874445904,3.4620960247904486,3.2320837041276635,3.456023248321922,0.9696,0.9727,0.9755,0.994,0.9545,7.405731000355632,0.994,9.376287178629909,12.077705760629303,12.011067010920504,10.704735809948472,12.0932827213305,0.9644,0.9684,0.9753,0.9771,0.9165,3.917352036854637
0.9786,0.9788,0.9859,0.9867,0.9869,0.9298,3.620152839288007,4.583422304977967,4.867940659935663,4.905727529263799,4.599105521912437,4.869479864102447,0.9788,0.9707,0.9747,0.9875,0.9521,16.84215300889054,0.9871,21.323602397953707,21.520288781983016,20.542822429961607,20.046075984430832,21.473186301004983,0.9704,0.993,0.9972,0.9989,0.9455,3.031303221828721,0.9989,3.83788845854748,6.016167228301381,6.038257507359339,4.954400396267054,6.008260145807074,0.9572,0.9722,0.974,0.9801,0.9415,6.1206745746840685,0.9802,7.749296124369138,7.739625008811021,7.646989349002328,7.48176784789972,7.761857319056372,0.9619,0.9827,0.9908,0.9869,0.9126,3.848434802543242
0.9875,0.9874,0.9946,0.9934,0.9928,0.9481,3.868548665935153,4.897912610459622,5.294757217638917,5.3372606607178135,4.915298089964297,5.268590597166629,0.9659,0.9621,0.9688,0.9836,0.9353,15.84658842764776,0.9836,20.063132713305905,20.964571370620867,20.249385823958203,19.531775630870023,20.99617702944234,0.9455,0.9574,0.9611,0.9747,0.9175,2.448137243103232,0.9747,3.0995505835862662,3.07856628919836,2.983128589518884,2.956661783762949,3.0733891000010263,0.9596,0.9927,0.9964,0.9967,0.9426,6.550913796858037,0.9967,8.29401568040213,15.139929146208512,15.121467124235933,11.29205676869738,15.140409977653984,0.9734,0.9799,0.9855,0.9852,0.9318,4.129615262607322
0.992,0.9843,0.9849,0.9932,0.993,0.9596,4.082678793271106,5.169019617641233,5.682061370007309,5.509840803417923,5.297203583044995,5.689604154030406,0.9636,0.9627,0.9688,0.9786,0.9119,14.318327615486195,0.9787,18.128224159648624,19.833692681846603,19.1144825015913,18.406651429303743,19.83491666340469,0.9889,0.997,0.9975,0.9998,0.9799,4.027587421675131,0.9998,5.0992692417332135,8.07991447437504,8.085437902729684,7.110048702003174,8.066971188956042,0.9953,0.9459,0.9497,0.9999,0.9921,15.962706940109388,0.9999,20.21014865535717,39.23247535931865,39.08367526057033,27.559120526493817,39.24550258177565,0.9671,0.9666,0.9722,0.9722,0.9158,3.9467955224875215
0.9821,0.9815,0.9892,0.9881,0.9878,0.9374,3.6989714388673143,4.683213375520164,5.199738101490565,5.341649043007322,4.891317048563449,5.219500338901005,0.9808,0.9703,0.9732,0.9957,0.9589,17.401404261261234,0.9944,22.031662189348268,28.254482823677,28.236542757015844,24.75787007358055,28.41545430565437,0.9585,0.9812,0.9846,0.989,0.931,2.7176914975605624,0.9893,3.440829263556149,3.902287317205371,3.9145997746476513,3.628386910363744,3.9131622739684273,0.9935,0.9955,0.997,0.9999,0.9893,14.785877698841889,0.9999,18.72018244867165,39.31885860023517,39.213054268755975,25.46714906840697,39.310155931799805,0.9746,0.9854,0.9909,0.9886,0.9348,4.18689791563788
0.9871,0.9848,0.9884,0.9902,0.9903,0.9491,3.890946469232904,4.926270140037741,5.57573968142911,5.799411783817326,5.218284434863632,5.602595515759033,0.9749,0.9847,0.9919,0.9981,0.9478,16.568666434589,0.9981,20.97734506562179,28.952508157793005,29.428386403362463,24.04679391321931,28.938709831421747,0.9637,0.9748,0.988,0.9947,0.9385,2.810515259216774,0.9947,3.558352063972141,4.480282226638473,4.535561793689921,3.9917975038268056,4.473374645784444,0.94,0.9769,0.9856,0.9854,0.9151,5.0653528313612455,0.9854,6.413168775053862,8.73542393935848,8.744647098983892,7.881674509742563,8.746325833568228,0.9631,0.9806,0.985,0.9839,0.9103,3.8218403380768335
0.9808,0.9673,0.9686,0.9799,0.9797,0.9355,3.672699817117299,4.649951261332562,4.612546850545479,4.325976021160532,4.300235070174494,4.614831168748742,0.9729,0.9685,0.9728,0.9867,0.9455,16.314825720732934,0.9871,20.65596106846761,21.868214454060062,21.803917558168276,20.465173233959675,21.995100622166483,0.9867,0.979,0.9851,0.9997,0.9751,3.638133562680871,0.9997,4.60618743460567,7.083864870987191,7.142802400634545,5.928687567105121,7.075463740008628,0.9574,0.9734,0.976,0.9857,0.9417,6.156470773432863,0.9857,7.794617165513611,8.851425384811396,8.64612207582065,8.519720079754036,8.852088747680016,0.9699,0.9807,0.9888,0.9869,0.9207,4.0716788130776
0.9735,0.9768,0.9813,0.9851,0.9854,0.9216,3.500579670306658,4.432032473079652,4.77516487116336,4.654910650933159,4.531559924450419,4.788847306136379,0.9676,0.9536,0.9576,0.9767,0.9324,15.318215106336872,0.9768,19.394167016617835,19.952959979069718,18.926821051890915,18.64888290429129,20.00687931999524,0.9593,0.9641,0.9665,0.9951,0.9311,2.8440869501700448,0.9951,3.6008566884899604,4.618395889809497,4.583950410937178,4.320152847780232,4.628864227948645,0.9456,0.9687,0.974,0.9794,0.9226,5.295129070923309,0.9794,6.70408509497638,7.597260436997546,7.587022106613321,7.018676288616753,7.606064209738927,0.9673,0.9731,0.9826,0.9776,0.9206,3.9424986844296495
0.9581,0.971,0.9785,0.976,0.9763,0.8908,3.2017191956618505,4.053649618439538,4.504159206213172,4.581259454701815,4.340039962205665,4.516781884726626,0.949,0.9586,0.9767,0.97,0.897,13.558760917695569,0.9715,17.166547926814005,18.67263183217027,19.482218419172384,17.35336290721076,18.817164554038285,0.9416,0.9682,0.9727,0.9848,0.9125,2.4147465023821715,0.9851,3.0572750574980514,3.555834695122821,3.52770208625453,3.338548687215336,3.5696007796835527,0.9358,0.9479,0.953,0.9769,0.9115,4.8362204491373255,0.977,6.123067633444492,7.18808119966243,7.010069319597146,6.933191167241364,7.204840269594014,0.9693,0.9591,0.9618,0.9727,0.9245,4.033283940081806
0.9335,0.9618,0.9815,0.9745,0.9748,0.8492,2.886029838957844,3.653959963555832,4.457890375217644,4.729049522819572,4.12128599363133,4.461849771370586,0.9477,0.9506,0.9591,0.9646,0.8937,13.404840536378677,0.9639,16.971671594173507,17.897872685034372,17.4299973249419,16.795484482216274,17.866341375970787,0.9788,0.9838,0.994,0.9995,0.958,3.40328964178226,0.9995,4.308854997821902,6.885247242041474,6.913778831388701,5.4275094896530005,6.876971110182228,0.9507,0.9537,0.9569,0.9813,0.9311,5.453377145327538,0.9813,6.904440656231305,7.828601199083549,7.809693510926083,7.473965548292266,7.834794558089719,0.9674,0.9341,0.9417,0.9561,0.9161,3.954250059283019
0.9628,0.9822,0.989,0.9861,0.9858,0.902,3.302818186915635,4.181649565429208,5.350915090664912,5.637760326262696,4.988880921568159,5.363956657728775,0.9769,0.9787,0.9842,0.9899,0.9515,16.840009697945355,0.99,21.320888783465925,22.10133992031273,21.29706404181245,20.54572992381088,22.17291312406717,0.9658,0.9762,0.9807,0.9875,0.9409,2.792479077896205,0.9875,3.5355167198772275,3.717389851685387,3.713081671062156,3.414487997585093,3.716108715252911,0.9552,0.984,0.9878,0.9902,0.9372,6.110264809469262,0.9902,7.736116473621434,10.02850220707298,10.012734491760668,9.36617577405616,10.029745837617297,0.9695,0.9762,0.9798,0.9797,0.9213,3.996727923992065
0.9735,0.9684,0.9742,0.9808,0.9809,0.9195,3.4925179739942,4.421825677859994,4.707481747403946,4.719068752807404,4.371984957378857,4.761655025373841,0.9688,0.9496,0.9659,0.9728,0.9328,15.341153779271329,0.9736,19.423209333293897,19.34659626545193,19.45175151912632,17.878913138436108,19.47672263598429,0.9523,0.9706,0.9725,0.9818,0.9241,2.50846991903769,0.982,3.1759368978865723,3.4510940711038494,3.291674018316466,3.2494648657977736,3.450928233943753,0.9436,0.975,0.9811,0.9857,0.9194,5.298828609421308,0.9857,6.708769026297133,8.873903795349577,8.817477052711492,7.76584806883799,8.883799450049475,0.9627,0.9866,0.9893,0.9891,0.9101,3.824017919152568
0.9772,0.9697,0.9767,0.9826,0.983,0.9279,3.584914032228388,4.538806969259257,4.7751533670911925,4.772810084545625,4.393003424913534,4.833819081485177,0.9701,0.9768,0.9808,0.9915,0.9368,15.662087411209594,0.991,19.82953868797737,23.85886746899832,24.20909753522424,22.20605825097025,23.918411105315013,0.9714,0.9876,0.9911,0.9973,0.9458,3.1121833854208054,0.9973,3.940289644987756,5.250050565885486,5.260030393095953,4.852536191163104,5.247870152124596,0.9354,0.9517,0.9542,0.9641,0.9111,4.861167571822211,0.9642,6.154652818831696,5.9520930044077724,5.842262513455166,5.751747372565928,5.961544017880053,0.9538,0.9697,0.9809,0.9735,0.8955,3.631511434581185
0.9759,0.9792,0.984,0.9855,0.986,0.925,3.5451254537811945,4.488431234854049,4.85193618815643,4.815369182737008,4.620464509171029,4.853141125260056,0.9629,0.9731,0.982,0.9904,0.9263,15.16690589316148,0.9913,19.20259664558533,22.40401569452292,22.56241824971039,20.726591174477967,22.59669356349784,0.9851,0.9979,0.9992,0.9999,0.9699,3.88890002151002,0.9999,4.9236791626521335,9.426679927904376,9.425720705317405,6.467954103078129,9.411234196540216,0.9762,0.9886,0.9908,0.997,0.9642,8.174500864196826,0.997,10.349615404743588,15.46611915199104,15.443575574510897,14.93596088884976,15.482572502219869,0.952,0.9383,0.9441,0.9494,0.8953,3.64239530389989
0.9827,0.9775,0.983,0.9875,0.9875,0.9383,3.710283627174991,4.697535570882974,4.904250678349772,4.715718077467869,4.553328656372853,4.90580034735627,0.9769,0.9608,0.9633,0.9807,0.9421,16.027181336405107,0.9808,20.29177874093662,20.492985570613268,19.69633593218485,19.255145294157312,20.543461276845992,0.9593,0.9783,0.988,0.9867,0.9333,2.6584019377470822,0.9871,3.3657636232460915,3.696453206239706,3.731361874563536,3.3019744609751447,3.70161324154326,0.9393,0.969,0.973,0.9719,0.9159,4.784062291381796,0.9721,6.057030956470857,6.728311497498851,6.665273167107377,6.437181738201027,6.762113342854861,0.9723,0.9876,0.9918,0.9898,0.9318,4.1111164087709575
0.9485,0.9557,0.9669,0.9623,0.9624,0.8727,3.065656199322192,3.8813822584713935,4.160498791665725,4.221714693125005,3.984802376189857,4.160766207338711,0.9794,0.9827,0.9891,0.9917,0.9538,16.97506874917266,0.9925,21.491885063282155,22.83993626658565,23.060274558499305,21.040745601249824,22.972258049861743,0.9764,0.9763,0.983,0.9973,0.9539,3.2476076366325897,0.9973,4.111748299137041,5.174633596966949,5.18873455374109,4.673707591489978,5.178965939705963,0.9493,0.9799,0.9888,0.9929,0.9296,5.487733246681378,0.9931,6.947938411228921,11.236749214145393,11.242463392338632,8.7270081191267,11.2422248840221,0.9556,0.958,0.9662,0.9687,0.8974,3.659097178393751
0.9777,0.9892,0.9924,0.9917,0.991,0.9292,3.601258181859473,4.559500056899652,5.171846697560225,5.188105961079545,4.999237016259327,5.154017869506562,0.9716,0.9892,0.9918,0.9933,0.9308,15.251523458935583,0.9934,19.30972970200021,23.34734667508799,23.494337814129636,22.363729456576205,23.48969282833005,0.9417,0.9716,0.976,0.9748,0.9128,2.3998232753424373,0.975,3.0383809790674787,3.176709218316553,3.1220589086509465,3.0076156311309115,3.18097331123256,0.9244,0.961,0.9722,0.9794,0.8996,4.421549187887845,0.9794,5.598058443938001,7.562188056166082,7.579611538874489,6.492383379243565,7.556366285163332,0.9642,0.9629,0.9646,0.9711,0.912,3.841674283122301
0.9723,0.9748,0.9831,0.9806,0.9801,0.9171,3.469256175921517,4.392374257195336,4.699966961782948,4.817963274016247,4.489966655252129,4.671929581165188,0.9802,0.9866,0.99,0.9969,0.9594,17.62518480612406,0.9966,22.31498744832991,34.2102983699116,34.811865028912166,27.69050710617969,34.11948809447528,0.9635,0.9894,0.9984,0.9982,0.9357,3.0068695570941952,0.9982,3.806953354725011,5.542396470318508,5.627534814723124,4.720970937511902,5.540679966529478,0.9444,0.9648,0.9712,0.9833,0.9204,5.310762301555368,0.9833,6.7238780985203785,8.320959623941592,8.26844543232982,7.180160807990236,8.327812843658917,0.9732,0.9814,0.9842,0.9832,0.9278,4.132466401845987
0.9735,0.9619,0.9702,0.9773,0.9768,0.9213,3.5058264906621366,4.43867539521999,4.6018838134888025,4.448068288119726,4.226675641876808,4.576833369987684,0.9454,0.9363,0.9478,0.9591,0.8775,12.909449174118356,0.9593,16.344463871108438,17.4346251502578,17.01504849880971,16.16810940088381,17.457601311332837,0.9653,0.975,0.985,0.9927,0.9393,2.847635698431148,0.9927,3.605349706507921,4.160772918353169,4.212614005353661,3.8338363704406033,4.155175016043061,0.9726,0.9818,0.9875,0.9958,0.9599,7.783292981742105,0.9958,9.854312854291376,13.701590667481208,13.680649539200314,12.543970270624678,13.706036850288951,0.951,0.9558,0.9647,0.9645,0.8922,3.6084790720976336
0.9561,0.9425,0.9483,0.9649,0.964,0.8847,3.160778293869631,4.0018149443827165,4.186564188852463,3.8737330872990015,3.796733851370664,4.161947687452377,0.953,0.9371,0.9407,0.9531,0.9094,14.285928948683512,0.9533,18.087204683768107,16.9365440249485,15.890455723391582,15.615338001971876,16.89794010230217,0.9679,0.9812,0.9883,0.9904,0.9431,2.869837970565821,0.9904,3.63345967695416,3.975353349239208,4.002120421435755,3.602053863424156,3.9789742168784006,0.9943,0.9775,0.9801,0.9999,0.9904,15.373305668997196,0.9999,19.46391636834431,39.25348292431374,39.145834172275634,26.209635090779333,39.24074327437328,0.9564,0.9834,0.9923,0.9887,0.8987,3.667676092421317
0.9814,0.9905,0.9962,0.9936,0.9932,0.9352,3.729092521337012,4.721349235350005,5.399832880054556,5.647450515236281,5.1688418982340645,5.413084005794949,0.9621,0.9825,0.9856,0.9905,0.9287,15.59434280211131,0.9905,19.74376823403042,22.29554192993374,21.916758305308075,21.36737840307805,22.33713528967226,0.9434,0.9694,0.9741,0.9851,0.9148,2.432397133926372,0.9855,3.0796222626874727,3.518832457308776,3.4998724774122607,3.3782682390687064,3.5445385273749954,0.9488,0.9791,0.9877,0.9888,0.9279,5.622434612265592,0.9888,7.11848183050928,9.378741852419369,9.378071276562412,7.930988433831596,9.3820663525704,0.968,0.9591,0.9732,0.971,0.9244,3.9877597912957454
0.9646,0.9454,0.9502,0.9659,0.9652,0.9054,3.3253259156488064,4.210146269985555,4.298557423203816,4.031289725322833,3.943540749913307,4.306942398866791,0.9701,0.9676,0.9727,0.9793,0.9345,15.454632698086227,0.9796,19.56688332462275,20.077239765980305,19.32793105605781,18.83268493373263,20.141911581111607,0.9846,0.986,0.9881,0.9974,0.9715,3.531474591042313,0.9974,4.471148078165038,5.29605463161434,5.1897767209669965,5.076790859703508,5.295080344337746,0.9741,0.9745,0.9802,0.9938,0.9617,7.830997084894069,0.9938,9.91471031819201,11.662769395752951,11.62115973815192,10.568232746844531,11.668399820821708,0.9762,0.9691,0.9784,0.98,0.9354,4.219801424866219
0.97,0.9628,0.9723,0.9773,0.9775,0.914,3.413915872845575,4.322308712799039,4.539675498059369,4.402209905543413,4.154862142837772,4.537456914415918,0.9437,0.9595,0.972,0.9743,0.8902,13.30117378316491,0.9748,16.840420641504313,19.04741512198544,19.281699761925942,17.763618835065365,19.2441623961269,0.9379,0.9408,0.9505,0.974,0.9055,2.444686610293946,0.9748,3.095181788099863,3.072014516676487,3.021853732927588,2.88675590792349,3.091523533548676,0.9566,0.9464,0.9562,0.9924,0.941,5.853503661003463,0.9924,7.411034957129066,10.929388670501435,10.919623330648896,8.893196371598565,10.927804980593544,0.9451,0.9573,0.9664,0.9633,0.8835,3.483046708743852
0.9776,0.9939,0.9961,0.9945,0.9949,0.9283,3.5944749870220414,4.55091195360758,5.387509296351716,5.538803110756224,5.303456359706139,5.406303201306671,0.972,0.9656,0.9726,0.9805,0.9386,15.70416447003304,0.981,19.882811833753497,20.222785779611428,19.3568437532735,18.419838953667643,20.29528779911244,0.9435,0.9664,0.9732,0.9809,0.914,2.5337968574711764,0.981,3.2080029624109856,3.3962831463507746,3.2554205138142622,3.1714019669493654,3.396899532545384,0.943,0.9624,0.97,0.9831,0.9194,5.1587075020764335,0.9831,6.531363751626735,8.3042497127768,8.264213739406806,7.186492116414723,8.297934555353205,0.9674,0.9828,0.9909,0.9886,0.921,3.950759232393576
0.9775,0.9859,0.9882,0.9884,0.9886,0.9273,3.5827882734937693,4.5361155773673145,4.964872585266729,4.947310541883484,4.811331512875776,4.96040366035365,0.9764,0.976,0.9876,0.9873,0.9469,16.39578243090694,0.9873,20.758459169410266,21.54948340433989,22.11882425431013,19.8802037459905,21.553215815660835,0.9829,0.9856,0.9893,0.9962,0.9672,3.5216058741781424,0.9962,4.458653440782367,4.922529176555786,4.923806178388818,4.53605019467715,4.931383460036853,0.9656,0.9614,0.9681,0.9887,0.9516,6.567879919264182,0.9888,8.315496238631988,9.393124683785947,9.296557856894983,9.01547825106528,9.431094601191187,0.9732,0.9787,0.9856,0.9847,0.9303,4.139571614388016
0.969,0.9336,0.9499,0.957,0.958,0.905,3.4197401884286647,4.3296827931596935,5.089041210147578,5.253584327421638,4.588974157406293,5.0825374731315485,0.9611,0.9597,0.9706,0.9735,0.921,14.7457437178918,0.9737,18.669369405233866,19.446984516297437,19.607894817575417,18.33399261859889,19.537736281478104,0.9347,0.9614,0.9663,0.9786,0.9027,2.3432790429603543,0.9788,2.966791157470645,3.273010437849502,3.1356392320743525,3.079281083808404,3.289568962208783,0.964,0.9552,0.9562,0.9938,0.949,6.603595868876336,0.9938,8.36071567752397,11.811281410499356,11.771187608135229,11.273735185349974,11.809803870307965,0.9693,0.9872,0.9907,0.9883,0.9223,4.044213576940438
0.9801,0.9739,0.9771,0.9818,0.9825,0.9323,3.658588183277264,4.632084729124265,4.739391245244567,4.534534732151082,4.437684450580587,4.764518231484247,0.9638,0.9603,0.9763,0.9859,0.925,14.952166696613835,0.9857,18.930718504826203,21.516839525877515,21.806813799371483,19.07910511515745,21.532481130978493,0.9799,0.9833,0.9898,0.9989,0.9593,3.4183045208764127,0.9989,4.327865115571579,6.076660111724804,6.0508616743566135,5.799644635418306,6.091783938525946,0.9752,0.9703,0.9728,0.9975,0.9633,8.07520238823152,0.9975,10.22389506369876,15.757901080546093,15.67346797198625,13.067619182172296,15.750541641109008,0.963,0.9758,0.9837,0.9822,0.9111,3.833415229917856
0.9725,0.996,0.9982,0.9968,0.9968,0.9193,3.489898421873157,4.418509101418708,5.668787337277237,5.943946333280898,5.516315819122932,5.695023080158287,0.9759,0.9778,0.9829,0.9938,0.9508,17.153474077316485,0.993,21.71776142724864,26.077641423603687,25.695726846376907,24.949269616153305,26.023334172431262,0.9873,0.9549,0.9641,0.9984,0.9755,3.741863751994046,0.998,4.737518702788011,6.687202005850472,6.727070044559924,5.710240292816223,6.6853620907364855,0.959,0.9856,0.995,0.9969,0.9423,6.529342011408524,0.9969,8.266703959881804,15.24011178954834,15.292192919218827,11.888300881182102,15.229995084490664,0.9762,0.9796,0.9806,0.9839,0.9375,4.237903509552716
0.9734,0.9872,0.9932,0.9897,0.9903,0.9206,3.499955531908239,4.431242260626283,5.022000102318011,5.262489968339196,4.916049121299944,5.053177948842907,0.9727,0.9857,0.9967,0.9968,0.9441,16.189851206614147,0.9966,20.497732672873543,25.055200854522436,25.96787314406506,22.38645027543655,25.05012460606538,0.9918,0.9744,0.9764,0.9999,0.9839,4.370969683823551,0.9999,5.534020477201604,9.3519266501862,9.329377582413557,7.324087801998111,9.35354088913993,0.9601,0.9672,0.9761,0.9857,0.9447,6.236554139073438,0.9857,7.896009537777902,8.8227799238676,8.795105121524308,8.204360022330473,8.813764796289925,0.9723,0.9646,0.9676,0.9762,0.9306,4.112260795646115
0.9744,0.9768,0.9894,0.9866,0.9868,0.9224,3.5164175556000474,4.452084586882583,4.868855544870695,5.040009144604217,4.517262006611393,4.876780326864383,0.9682,0.9494,0.9595,0.982,0.9346,15.532845170737248,0.9816,19.6659069867692,21.176351629282617,21.25503004597983,19.144786071636823,21.187374717362623,0.9625,0.9728,0.9796,0.988,0.9387,2.649805528670208,0.9881,3.354879836053997,3.7593343070370246,3.700290928140409,3.5799198059421595,3.7789308717168337,0.9617,0.9694,0.9734,0.9907,0.9468,6.505649614676765,0.9908,8.236707364583335,10.24999904149409,10.20706801164731,8.95091870687043,10.25887693259874,0.9629,0.9722,0.9792,0.9775,0.9131,3.847272551091688
0.9611,0.9688,0.9796,0.9761,0.9761,0.8981,3.2714700712810103,4.141960176942774,4.513139560952084,4.693088812983913,4.295609469047918,4.506638827221856,0.9777,0.9647,0.9758,0.9926,0.9543,17.14544583593848,0.992,21.70759698882981,27.758861341107707,28.000632699317777,23.165246691664237,27.69596846600511,0.9865,0.9773,0.9794,0.9956,0.9748,3.645185129897453,0.9956,4.615115320222757,4.771298156006559,4.553495046204913,4.533841262611954,4.768447854557837,0.9486,0.9705,0.9838,0.9827,0.928,5.408911256119802,0.9827,6.84814304741391,8.202228064365206,8.266511569002045,7.268617450900694,8.197624633876039,0.9533,0.9846,0.9856,0.9861,0.8954,3.6183859522853528
0.9709,0.975,0.981,0.9807,0.9805,0.9153,3.427087461642921,4.338985067794488,4.643412606248003,4.652776551770687,4.472141893247741,4.644557301476553,0.9729,0.9655,0.9695,0.9869,0.9434,16.15083237771894,0.9866,20.448331507063216,22.61755242819435,22.038376359568822,21.460436195489976,22.623843806032173,0.9767,0.9903,0.9971,0.9989,0.9558,3.104526915561884,0.9989,3.930595901025368,5.977539254178804,6.03739394524762,4.766209739333747,5.984644414910223,0.9477,0.976,0.9828,0.9862,0.9257,5.454848611259915,0.9862,6.906303657622373,8.894138589615373,8.888865435948032,8.379725003917233,8.899742937969126,0.9579,0.9723,0.9766,0.9767,0.9054,3.746694825088973
0.9734,0.9784,0.9808,0.9854,0.9849,0.9155,3.506438323144213,4.439450027333537,5.305671353315525,5.399503395634975,4.915792488207163,5.301122721750863,0.976,0.9894,0.9929,0.998,0.95,16.680907507549026,0.9977,21.119451838506222,32.08825729189718,32.88759857747726,28.17850628995457,32.04434124179469,0.9765,0.9741,0.979,0.9949,0.9546,3.186512455390777,0.9949,4.034396588073518,4.573366825132687,4.562453732809105,4.130685405738359,4.582990304631064,0.9434,0.9565,0.962,0.9741,0.921,4.981025246019642,0.9741,6.306402858602761,6.857790041204014,6.855204550300257,6.448886716974844,6.840653383469558,0.9548,0.9605,0.9699,0.9678,0.8969,3.638999792108438
0.9729,0.9742,0.9848,0.981,0.9807,0.9187,3.47632250905554,4.401320837723482,4.678556976315397,4.770771047435414,4.470905551804219,4.67323710022133,0.9788,0.9884,0.9933,0.9988,0.9565,17.587409774558125,0.9988,22.267161036038267,28.870046430529733,29.325763992135244,25.560970492007627,28.92903485473084,0.9474,0.9802,0.9923,0.9936,0.9176,2.573495849667613,0.9937,3.258265272980746,4.300163699496615,4.339738302109345,3.5767565811456152,4.306140449878703,0.9692,0.9842,0.9864,0.9908,0.9548,7.040133447575071,0.9909,8.913409490186964,10.29191996775493,10.260647785382638,9.962634964511176,10.309439243047445,0.9547,0.9705,0.9834,0.9784,0.8985,3.676699401393549
0.975,0.9868,0.9918,0.9895,0.9895,0.9236,3.528714711668912,4.467653835451909,5.000893297937063,5.232648040552402,4.8769636740110816,5.0526100795523945,0.9651,0.9896,0.9938,0.9929,0.9229,14.745764979217247,0.9928,18.66939632388553,22.9739848343159,23.684258870593705,22.24553276368709,23.14379471330147,0.9756,0.9782,0.9902,0.993,0.9545,3.053619830829956,0.9931,3.8661431892200806,4.270037590228545,4.193313402047875,4.040303201940066,4.273374236123456,0.9763,0.9811,0.9926,0.9986,0.9645,8.174505968529107,0.9986,10.349621867263672,17.665635939987126,17.695419769314366,13.638851494710575,17.662891304694654,0.97,0.9769,0.9824,0.9798,0.9245,4.119958311538062
0.9862,0.9826,0.9839,0.9907,0.9904,0.9473,3.838690609968357,4.860109764619443,5.491963103210482,5.452708315947955,5.204176443432495,5.525623837817965,0.9568,0.9784,0.9853,0.9938,0.9188,14.926766712072304,0.9919,18.898559957697938,24.44298627196924,24.688196034430625,21.20193302119398,24.60676561075901,0.9637,0.9776,0.9822,0.9911,0.9384,2.830714819791865,0.9911,3.583926430746347,4.030459171673102,4.046958339994438,3.791569972005121,4.034803412634746,0.9531,0.9779,0.9793,0.9908,0.9338,6.067792444821324,0.9909,7.682342836950667,10.266807719916816,10.213114783657556,9.734064333824904,10.26593405743388,0.976,0.9883,0.9943,0.9908,0.9359,4.203384346163618
0.9898,0.9842,0.9885,0.9918,0.9921,0.956,4.00006846676081,5.064427897358154,5.274739168558533,5.321066382352964,4.892152160222102,5.3254107621776825,0.9584,0.9721,0.9749,0.9824,0.9133,14.360866947610326,0.9825,18.182082582856783,20.53077232477034,19.92950115542561,19.678544237136336,20.54337532260313,0.9738,0.9957,0.9979,0.9991,0.9491,3.237018521959369,0.9991,4.09834157667591,6.3195422463027375,6.349982181474252,5.220850768886724,6.321811845108289,0.9938,0.9979,0.9993,0.9999,0.9898,15.098174084636993,0.9999,19.115576312953586,39.30188111164596,39.241297291831486,28.759988169489606,39.28874230489016,0.9835,0.9804,0.9845,0.9876,0.9494,4.490919337270434
0.9746,0.9779,0.9895,0.9856,0.986,0.9194,3.5312945575678825,4.470920140428987,4.886038992730206,5.009701350696,4.615753284635596,4.895276481947924,0.9662,0.9848,0.9894,0.9936,0.9355,15.79111944566796,0.9935,19.99290425044061,23.85491757266152,23.533877362339556,22.96626981737792,23.892379506955525,0.9572,0.9797,0.9866,0.989,0.9283,2.79674484627722,0.989,3.540917546531072,3.899669010195319,3.908843743251599,3.603441527556967,3.896978931318599,0.9115,0.9574,0.9626,0.9617,0.8869,4.054418967223374,0.9617,5.133240267212634,5.837662172675714,5.839268136363019,5.559566666243392,5.842492334514957,0.9811,0.9899,0.9932,0.9913,0.9455,4.411028884685219
0.9601,0.9835,0.9952,0.9908,0.9911,0.8945,3.3503245822349963,4.241796714348667,5.236127120590471,5.590035718852602,4.944309136871345,5.293395811867312,0.9795,0.9912,0.9974,0.9982,0.9572,17.619379233356945,0.9982,22.3076370979731,27.14701780479511,27.63409734894249,25.333257548770323,27.21985389042574,0.9711,0.9839,0.9865,0.9935,0.9474,2.9676585882354827,0.9935,3.757308923330736,4.307611438396467,4.152059050887702,4.127984944654842,4.310584591208545,0.9719,0.984,0.989,0.9928,0.9595,7.507563439826536,0.9928,9.505215733627892,11.183088126639625,11.140784466084911,10.33173897092319,11.181231631398118,0.9715,0.9899,0.9925,0.9915,0.9272,4.084757371886958
0.9816,0.9759,0.9899,0.9875,0.9865,0.937,3.770739019423144,4.774077254504507,5.202596799480237,5.331858209676796,4.776243100456718,5.188349102859018,0.9819,0.9891,0.9903,0.9944,0.9629,17.948554812085575,0.9941,22.7244014603572,25.37754673872276,25.209763930755194,24.83048503610825,25.41289744703213,0.9638,0.9606,0.9762,0.9946,0.9387,2.789965215152291,0.9949,3.532333955203024,4.467688848460549,4.507182058989388,3.733683397476985,4.474381111513532,0.9768,0.9781,0.9893,0.9993,0.9649,8.537897241498062,0.9993,10.809706217262502,21.331329836632293,21.301660061628294,13.876732421291058,21.33441327257444,0.9719,0.9801,0.9822,0.9817,0.9257,4.0800081399503965
0.9642,0.9738,0.9849,0.9791,0.9796,0.9032,3.306830982714496,4.186730107214686,4.621731252697808,4.86132878198457,4.445633368249324,4.637345702873806,0.9855,0.9939,0.9954,0.9989,0.9689,18.958809822370675,0.9989,24.003470481312448,33.739133063058055,34.28336015455755,32.025474193555056,33.68822596376361,0.96,0.9708,0.9762,0.9838,0.9345,2.646242656428589,0.9838,3.3503689358718827,3.513544395625304,3.416855858322449,3.3274315426563525,3.5125384398361685,0.9715,0.9942,0.9982,0.998,0.9572,7.733222833633464,0.998,9.7909197756445,16.760956791308217,16.73251635667051,12.00609254233213,16.748349580924145,0.945,0.9601,0.9708,0.9685,0.879,3.4568526500910286
0.9764,0.9882,0.9953,0.9917,0.9916,0.9265,3.567254387793993,4.516448352982021,5.162875044482565,5.448264935926376,4.937322552451564,5.184161936984708,0.9771,0.9728,0.9773,0.9889,0.9528,17.131817417441468,0.989,21.690342248465576,21.95390304744008,21.030504299745903,20.573401909075294,22.008808381993116,0.9303,0.982,0.9875,0.988,0.8943,2.356588918343598,0.988,2.983642595080122,3.777999750619392,3.790843787262805,3.4648384651200117,3.7811651774503128,0.9631,0.9836,0.9905,0.9967,0.9475,6.799006559870224,0.9967,8.608122281469647,15.127574491834968,15.074108456105948,10.633892193298808,15.139068852320266,0.9793,0.988,0.9902,0.9906,0.942,4.350394047756367
0.9173,0.921,0.9325,0.9328,0.9358,0.832,2.802593990366455,3.548323061898457,3.8971275572139374,3.880873989603676,3.757135101870588,3.903842297576156,0.9708,0.9869,0.9916,0.9923,0.9385,15.817187161993292,0.9915,20.025908202966782,23.263518914478063,23.739454635095736,22.216801551987903,23.203490575664677,0.9726,0.9786,0.9915,0.9924,0.95,2.975183576524046,0.9925,3.766836200409261,4.132738272583023,4.0843927842245975,3.962392316180035,4.149748739175502,0.9752,0.9625,0.9775,0.9967,0.9636,7.8533797382347075,0.9967,9.943048666632087,15.125133050907776,15.14081168872474,14.089468092928312,15.13577349141847,0.9699,0.9824,0.9907,0.9865,0.9238,4.057943540337427
0.9807,0.9892,0.996,0.9925,0.9922,0.9336,3.66274113981336,4.637342726359235,5.274827357117403,5.529827730614468,5.051499409731287,5.268756383474588,0.9572,0.9868,0.9985,0.9986,0.9185,14.87497940520473,0.9986,18.832992809583203,28.76537242635178,29.670466544976723,22.56539219656528,28.87310128389896,0.9266,0.9554,0.9641,0.9807,0.8908,2.2561997583571203,0.9807,2.856541355025707,3.3071336223233416,3.313862185769441,3.079304659151463,3.307282305177894,0.9692,0.9845,0.9891,0.996,0.9545,7.215281772537661,0.996,9.135162210293377,14.149237691986825,14.117169495308206,12.436685407660304,14.143806849048024,0.9885,0.9953,0.9966,0.9961,0.9585,4.798971229226658
0.9829,0.9795,0.9844,0.989,0.9892,0.9389,3.7279835440635374,4.719945175522533,4.986806845593405,4.894396983353063,4.602703734031524,4.992112770370404,0.9614,0.9866,0.9954,0.9959,0.928,15.727643113101976,0.9961,19.91253779868098,25.00436835777577,25.16943919760872,21.410506106711235,25.13836824784001,0.9389,0.9462,0.9535,0.9756,0.91,2.3006412834692638,0.9756,2.9128081168197464,3.1558519940023477,2.9981183290165547,2.968139447650809,3.160293754676588,0.9825,0.9908,0.996,0.9994,0.9734,9.83040416186099,0.9994,12.446130233353202,21.941089070748284,21.90882119031177,17.261890155026222,21.94257370818293,0.9714,0.9879,0.9942,0.9914,0.9302,4.078981675400573
0.965,0.9639,0.9791,0.9757,0.9756,0.9007,3.310274093972421,4.191089379775455,4.573238070106675,4.695725555589204,4.294017869740744,4.565593610844996,0.9671,0.9858,0.996,0.9937,0.9374,16.041176325832808,0.9934,20.309497591368768,28.71559167081581,29.778427139030157,24.799895759304487,28.687519778844567,0.9511,0.9412,0.9535,0.9634,0.9236,2.498675241328061,0.9639,3.1635360003893243,2.861862217047778,2.791072411741879,2.7270741245818457,2.8733314317813905,0.9827,0.9837,0.9892,0.9982,0.9747,9.844488792012788,0.9982,12.46396257658869,17.162476139377763,16.931856581286926,16.779384653894713,17.164049598740586,0.9569,0.9698,0.9807,0.9756,0.8992,3.678213097291608
0.9658,0.9837,0.9912,0.9869,0.9882,0.9026,3.321886953911692,4.205792251072101,4.891554126444514,5.124134670545805,4.760510271733368,4.9439875773867445,0.9655,0.9552,0.9629,0.9703,0.9269,15.004152572767604,0.97,18.996537058595845,18.588900499465,17.920479598433865,17.217170772612047,18.569722944276045,0.9765,0.9938,0.9955,0.9973,0.9539,3.2532324157555035,0.9973,4.118869749318024,5.175030292836333,5.202615678669113,4.7405891273166825,5.168658169971054,0.9639,0.9859,0.99,0.9933,0.949,6.487449104834598,0.9933,8.213663966562336,11.459571541137954,11.44175641938334,10.117790011121649,11.450940989116392,0.9385,0.9695,0.9849,0.9783,0.8727,3.3864398606604995
0.9926,0.9925,0.9935,0.996,0.9962,0.9618,4.142164446822482,5.244333529350881,5.537951549536114,5.242748866517154,5.198811138733662,5.556658434676273,0.9716,0.9731,0.9829,0.985,0.9436,16.189908014244086,0.9854,20.497804596178923,21.03551006162687,21.02928507766844,19.976888865586123,21.122580747611305,0.9658,0.9775,0.9905,0.9886,0.9415,2.781400572412784,0.9886,3.5214903869038063,3.810637795697633,3.903588458257244,3.464676144372933,3.811308072842685,0.9763,0.9871,0.994,0.9953,0.9644,8.178276026967831,0.9953,10.354395082844954,12.872895174472644,12.89631138872354,11.885787975724536,12.878903872336824,0.9859,0.9967,0.9982,0.9975,0.9541,4.616425268844122
0.9767,0.9892,0.9939,0.9918,0.9927,0.9265,3.565053596498541,4.51366196346755,5.147060376656172,5.30188863359045,5.005866624145748,5.167510973976617,0.9724,0.9722,0.9783,0.9938,0.9404,15.833744065736273,0.9931,20.04687065546144,24.486917862008912,24.47179909935465,21.275655507958096,24.553594279019023,0.9542,0.9561,0.976,0.9751,0.9267,2.526286482803476,0.9755,3.198494187423062,3.1667129051210883,3.1970766290105885,2.901912118780245,3.1738996121307586,0.9792,0.983,0.9868,0.9993,0.969,9.091377920319642,0.9993,11.51045997029579,21.309415290543384,21.2907993039574,15.407022367335518,21.311138019509112,0.9819,0.988,0.9911,0.9914,0.9458,4.407402315715304
0.9875,0.987,0.9886,0.9922,0.9929,0.9506,3.887303217817428,4.921657472964928,5.23759338618596,5.1192995678890245,4.950479238003316,5.239067317712211,0.9494,0.9685,0.9731,0.9725,0.9065,14.293903014063854,0.9728,18.097300530752506,19.285814267422115,18.935946962090476,18.363820984661352,19.378878232843903,0.9339,0.962,0.9661,0.9755,0.9,2.382020716642952,0.9761,3.0158414211396014,3.2077623565939564,3.092072072437703,2.998726284790157,3.222058371457772,0.9099,0.9402,0.9414,0.9445,0.8847,3.979900913642172,0.9447,5.038894054754156,4.8705736702968725,4.720205029252346,4.681649022299547,4.881873270574185,0.9712,0.9787,0.9846,0.9823,0.9275,4.070032492343881
0.982,0.983,0.9911,0.9892,0.9889,0.9384,3.706361725586623,4.692570108921542,5.075605861630606,5.199062591224489,4.801001251512874,5.070107359207084,0.9587,0.9722,0.9798,0.9874,0.9227,15.28570781073514,0.987,19.35301000741133,21.443891742647764,21.34455976428639,19.677062652597662,21.44093872025252,0.9625,0.9833,0.9941,0.9959,0.9366,2.834194838901332,0.9959,3.5883324317955223,4.7339670083421685,4.812507630993915,4.3051313117950265,4.719410985115801,0.9752,0.9871,0.9945,0.9953,0.9634,7.956724960892096,0.9953,10.073892534189334,13.00611023537504,13.015462350899757,12.439042560174071,13.004484769329787,0.9533,0.9617,0.9663,0.9669,0.8957,3.6276990582154114
0.9786,0.9691,0.9708,0.983,0.9831,0.9305,3.611999788185757,4.57309984680158,4.786621158201088,4.522189965865954,4.427742117375188,4.806398840803805,0.9511,0.9735,0.9778,0.9939,0.9125,14.79901099330036,0.9938,18.736810319767457,24.445576982283526,24.536488851048286,21.83164064323555,24.483278871808174,0.9704,0.9864,0.9937,0.995,0.9445,3.1139969579579017,0.9951,3.9425857825231696,4.605596114427426,4.616976148572149,4.393199388953359,4.611465262486404,0.9631,0.9855,0.9899,0.9944,0.9483,6.607280518085286,0.9944,8.365380757734682,12.243081418583262,12.21696843316574,10.516938713905256,12.250112104840222,0.966,0.9623,0.9673,0.9722,0.9154,3.890048680472621
0.9753,0.995,0.999,0.9976,0.9978,0.9246,3.546394961098708,4.490038539410994,6.128699529835641,6.639636100598254,5.501469605552286,6.126197635825395,0.9457,0.955,0.9613,0.9664,0.9023,14.256716948333034,0.9666,18.050219799448765,18.16524974727505,17.570890085866473,17.079936799952645,18.178022790118103,0.9526,0.9755,0.9791,0.9817,0.9239,2.562154424447294,0.9817,3.243906061192529,3.435179636537033,3.291303377516164,3.233830365954484,3.4381459524424174,0.9085,0.9348,0.9441,0.9419,0.8835,3.858198764095487,0.9423,4.884808751851379,4.844744380374727,4.792962620362999,4.477077707402882,4.859336119152384,0.9682,0.9655,0.9708,0.9753,0.9215,4.037876575198285
0.9785,0.9879,0.9923,0.9916,0.9914,0.9288,3.61658605767495,4.578906455198131,5.103105049664167,5.2240341223166125,4.949320057227045,5.1320305668447,0.9443,0.9558,0.9686,0.9781,0.8913,13.375675014175936,0.9779,16.93474555515393,20.33756399442741,20.700197635233707,18.14311455549445,20.30736928101578,0.9306,0.946,0.9531,0.9753,0.8956,2.297367114893918,0.9756,2.9086627401064677,3.129167757797281,3.099731158868406,2.9012582991146183,3.138409533221078,0.9324,0.9535,0.9614,0.9718,0.9079,4.5415525225881135,0.9719,5.749992902330958,6.689756188711272,6.650051630536296,6.219660341053856,6.706384206072328,0.967,0.9761,0.9793,0.9815,0.918,3.9354537220481216
0.9729,0.9833,0.9938,0.9901,0.9905,0.9193,3.4910381607758745,4.419952108092866,5.034797926009538,5.2673304601694895,4.771448512203266,5.048131767064378,0.9651,0.9825,0.9897,0.9878,0.9294,15.211672056414136,0.988,19.25927442695792,21.630856338447053,22.01057686266193,20.8478745107967,21.61253027334949,0.9749,0.987,0.9936,0.9962,0.9537,2.971744063986847,0.9965,3.762481484135914,5.033469960706266,4.994370042998304,4.104158914959082,5.063242649640353,0.9014,0.9305,0.9427,0.9543,0.8726,3.7826066313476527,0.9543,4.78910266354561,5.261637372511584,5.286032756100274,4.782036482419566,5.255108329953627,0.9652,0.9868,0.9949,0.9917,0.9162,3.8894357869592384
0.9782,0.9834,0.992,0.9882,0.9887,0.9274,3.665446063518532,4.640767390508495,5.105006953326943,5.2352805907137245,4.952903115196324,5.122793234821593,0.9729,0.9798,0.9832,0.9929,0.9437,16.166603426725366,0.9928,20.468299000425503,23.426597110037765,22.676151035254318,22.012464000256344,23.47399922706373,0.9676,0.9808,0.9833,0.9931,0.9409,3.0394531488117003,0.9933,3.8482069613223726,4.196694197498965,4.19027846948095,4.06820954979741,4.208063217526649,0.9734,0.9849,0.9886,0.9987,0.9608,7.950378083031601,0.9987,10.065856845409272,18.29052564927212,18.227947058808414,13.867014073551148,18.289796391259344,0.9698,0.9758,0.985,0.9815,0.9251,4.020525213559613
0.9703,0.9743,0.9852,0.9805,0.9802,0.9145,3.4651923907179065,4.387229158473887,4.645797026559798,4.812821527087114,4.456223061840401,4.639798559690826,0.9869,0.9742,0.9833,0.9899,0.9656,18.07494604965965,0.9899,22.88442354869663,22.11545544888473,21.26782070515686,20.281843644773552,22.11683176946088,0.9315,0.9542,0.9691,0.9772,0.8966,2.3916092486875558,0.9773,3.027981320640053,3.191098187984118,3.1951373862814494,2.896164958669889,3.195049387424189,0.994,0.9822,0.9881,0.9999,0.9899,15.296111011475052,0.9999,19.366181346973853,39.256193837498174,39.17090579981267,28.58289848585308,39.25776606365151,0.9617,0.9849,0.9894,0.987,0.9072,3.7793145814253606
0.9825,0.9881,0.9924,0.9904,0.9901,0.9377,3.704733549606693,4.690508699242412,5.088519227762799,5.179704618353032,4.932895710322288,5.079408929192383,0.9799,0.9947,0.998,0.9969,0.9578,17.41105954186427,0.9967,22.04388659821756,26.51441681759177,27.273064804666067,26.045252138804223,26.589834423131585,0.9809,0.9923,0.9962,0.9965,0.9622,3.3823623055390324,0.9965,4.282359204970283,5.036259620638568,5.009043180503754,4.644919454534471,5.036641025885979,0.9627,0.9633,0.9654,0.9853,0.9484,6.345999570691308,0.9853,8.034576790246156,8.702477619035562,8.597121965936466,8.32517376835662,8.722124269975033,0.9453,0.9274,0.9387,0.9428,0.8799,3.4676913722047837
0.9505,0.934,0.9373,0.9536,0.9531,0.8743,3.0797650739601723,3.899245297294521,4.06869787355976,3.863296259747614,3.800087348708876,4.04709036518586,0.9578,0.972,0.9866,0.9826,0.9157,14.50727667021902,0.9825,18.36744978088987,20.5498631572884,21.359445328728988,19.28560965770162,20.543439965090684,0.9654,0.9727,0.9859,0.9883,0.9393,2.875966632906242,0.9886,3.6412190862713336,3.792216765331773,3.790111819494405,3.6173912366253225,3.80484550879046,0.9633,0.9692,0.9721,0.9868,0.9488,6.42149312878815,0.9871,8.130158074635041,9.066831931567531,8.823941757667036,8.74319369987633,9.09367758602403,0.9604,0.9531,0.961,0.9664,0.9047,3.743934202111919
0.9638,0.9618,0.9654,0.9723,0.9717,0.9033,3.316697061898501,4.199221405069266,4.4127851435274215,4.254821431412987,4.1667551657914,4.3951266107057485,0.9628,0.9838,0.9911,0.9954,0.9292,15.590403664188884,0.995,19.738780949399757,24.46089279597565,25.1489779023701,22.3506009266621,24.447629784244537,0.9749,0.9708,0.9779,0.9965,0.9523,3.1073711616533712,0.9965,3.934196959200341,4.912711800495956,4.927675933559921,4.303819795865041,4.919059822501182,0.9365,0.9801,0.9907,0.9909,0.9122,4.929337999387038,0.9909,6.240962395280952,10.23964692346859,10.29536788298122,8.043086274558984,10.228104227041351,0.9595,0.974,0.977,0.9778,0.9041,3.733367972261064
0.9632,0.9743,0.9804,0.9802,0.9803,0.8997,3.296967007341586,4.174241472964416,4.711706148773528,4.819215884806031,4.573876912842279,4.734568046584297,0.9709,0.979,0.9863,0.9876,0.9395,15.890469208632048,0.988,20.11868952520084,21.88977758871705,21.31649740385871,20.234126945691667,21.90819276692551,0.9325,0.9289,0.9592,0.9851,0.9008,2.250562487806726,0.9836,2.849404089631974,3.984271437261704,4.0429720159911495,3.2347966031248334,3.976802238966096,0.9763,0.9655,0.9755,0.9958,0.965,7.989376386742215,0.9958,10.11523202458505,13.67882059847874,13.639185487031249,11.515754250842166,13.693448894177129,0.9612,0.9776,0.984,0.9803,0.9064,3.766782612382911
0.962,0.9729,0.9869,0.981,0.9813,0.8932,3.246017051472313,4.109734482642207,4.696572120917436,4.88931456527991,4.43744221190937,4.7120270611509865,0.9851,0.9896,0.995,0.9979,0.9678,18.59056901866202,0.9979,23.53724621171691,26.60099218342805,25.64228789287861,25.145145385133343,26.609944459199944,0.9451,0.9841,0.9884,0.9944,0.9142,2.6168385590591843,0.9945,3.3131408403401,4.443498590210458,4.424972619406069,3.968304752897039,4.448983479940791,0.9794,0.9764,0.9942,0.9993,0.9692,9.086803657101845,0.9993,11.504668562862996,21.28475189605987,21.324767209873592,15.448303101490731,21.28439347422986,0.9791,0.977,0.9787,0.9813,0.9425,4.350464466554836
0.9812,0.9675,0.9724,0.9833,0.9827,0.9369,3.691349767293102,4.67356368915462,4.751570460025835,4.3878671397416245,4.282739447486387,4.735661200786602,0.9829,0.971,0.9866,0.991,0.9642,17.97906516648813,0.9901,22.76303017166016,31.63409862500448,32.40972946270442,25.41027972395089,31.59510862794012,0.9673,0.9895,0.9959,0.9961,0.942,2.921182821672201,0.9962,3.698466638332353,4.876097467266619,4.91696795080712,4.184965611359689,4.883913362887977,0.9513,0.9569,0.9597,0.9791,0.9324,5.437265415828728,0.9792,6.884041832304538,7.531175271640889,7.405813959505605,7.208054811015431,7.563138745620928,0.9496,0.9699,0.9856,0.9796,0.8883,3.539975270844747
0.9862,0.9854,0.9891,0.99,0.9896,0.9474,3.840590021942489,4.8625145822045175,5.115531436090837,5.007534365856614,4.8478066591579,5.091409743448942,0.9554,0.9601,0.9644,0.9669,0.9135,14.473549825966662,0.9671,18.32474871906034,18.781400586205567,17.92277760757686,17.500595388593304,18.814432020912843,0.9243,0.933,0.9337,0.9523,0.888,2.259317871806612,0.9527,2.860489152637661,2.750785452435728,2.5241001369245373,2.519901555662064,2.7536564859561725,0.9892,0.9925,0.9934,0.9998,0.9815,11.746362356590751,0.9998,14.871896745149655,30.156809619824127,30.06356913769544,20.275589109752826,30.172934068494005,0.9639,0.9786,0.9791,0.9789,0.9111,3.832645235132156
0.9845,0.9907,0.9939,0.9938,0.9938,0.9417,3.759309689535324,4.7596067479086885,5.292419371884463,5.313578879876136,5.0765802481026565,5.297877331436252,0.9592,0.9802,0.9913,0.9928,0.9244,15.434448220216437,0.993,19.541328053840065,23.09234949583304,23.50888482298558,20.57154419408512,23.14967541463269,0.9471,0.9823,0.9903,0.9956,0.9176,2.5333026172519024,0.9956,3.207377212133137,4.642370356857129,4.714102941000603,3.799529649115072,4.642117734036762,0.9717,0.9765,0.9908,0.9976,0.9588,7.408745868966576,0.9976,9.38010425946915,15.740186449919284,15.731707744395807,11.394313367669453,15.743647676414176,0.968,0.9651,0.9685,0.9749,0.9169,3.955240920738816
0.9883,0.9918,0.9944,0.9951,0.9951,0.95,3.939907268526956,4.988258688454399,5.46314819353431,5.391421639342483,5.257917429650526,5.463327099068144,0.9893,0.9913,0.9953,0.9989,0.9739,19.076966385764088,0.9987,24.153066769695517,32.431628034936296,33.10600083198273,29.9356025826326,32.348673771828715,0.9587,0.9809,0.992,0.9912,0.9307,2.7798993344211675,0.9913,3.519589691546091,4.0715357175865305,4.104822522770636,3.806853644086737,4.0819176559470485,0.9338,0.9583,0.9647,0.9719,0.9089,4.716195946376335,0.9719,5.971106374480958,6.628356740369644,6.621534170573205,6.257230681204411,6.624182813646023,0.9742,0.9832,0.9854,0.9864,0.9338,4.166915029397166
0.9609,0.9747,0.984,0.9794,0.9798,0.8907,3.2254613890134958,4.083709260506592,4.765227937772029,4.993792333360571,4.600434150999064,4.76325593682836,0.981,0.9868,0.9886,0.9936,0.96,17.57257438489955,0.9928,22.24837816722505,34.01265574044419,34.71677997299054,30.699833816770894,34.022207828407105,0.9801,0.9808,0.9885,0.993,0.9618,3.1634548678962755,0.993,4.005203715420643,4.210189377523005,4.122533359425923,4.05035082069752,4.218185950042046,0.9521,0.9638,0.9647,0.9817,0.9324,5.807479154048252,0.9818,7.352764005288364,7.989740582422983,7.810089612522403,7.713318607042976,7.993022508831896,0.9781,0.9833,0.986,0.9869,0.9406,4.302465284469954
0.9603,0.9635,0.9705,0.9705,0.9692,0.8944,3.229035709290769,4.088234654878399,4.353633014368281,4.355982062520972,4.181523384892313,4.334457718443229,0.9801,0.9882,0.9939,0.9936,0.9552,17.061590164156605,0.9936,21.601428555201046,23.511225815803087,23.684343318437577,22.21590435680128,23.61312959028727,0.9639,0.9661,0.9768,0.9881,0.9387,2.8055186176253297,0.9883,3.5520258894881085,3.799672755086592,3.792221953396651,3.37333180777679,3.809358661842945,0.962,0.9722,0.9819,0.9921,0.9472,6.493646309594535,0.9921,8.221510156429503,10.779210806248887,10.791531855422129,8.561168007395239,10.77109361684438,0.9677,0.9529,0.9665,0.9691,0.9208,4.023327685675866
0.9876,0.9944,0.9972,0.996,0.9962,0.9499,3.8719336660948698,4.902198309412999,5.552735272365107,5.710038104418562,5.370956620019324,5.577363733150162,0.9802,0.9859,0.9942,0.9969,0.9594,17.723412931010287,0.9967,22.43935263360431,26.2535175177684,27.008402909988263,24.476538237210374,26.228203132363035,0.987,0.9927,0.998,0.9999,0.9741,3.938596149380561,0.9999,4.986598699772471,9.397441020613703,9.41514757050598,6.570422481552985,9.387134821017144,0.9434,0.9523,0.9557,0.9662,0.9209,5.014836387899514,0.9664,6.349210648419575,6.145649166717577,5.982595848996928,5.858916043508124,6.150766370819111,0.9758,0.9699,0.9724,0.9792,0.9356,4.255872960389916
0.9618,0.933,0.9429,0.9623,0.9633,0.8941,3.3248500920186554,4.209543836680529,4.369810887619897,4.148808037056756,3.915402070717065,4.364477262991828,0.9831,0.9859,0.989,0.9994,0.9654,18.51016081149133,0.9994,23.43544256236548,32.58249821254992,32.56109776196111,26.813950946072097,32.712125822180724,0.981,0.9935,0.9965,0.9965,0.9625,3.3830235438218605,0.9965,4.283196389042051,4.9827871409834685,5.012891022979717,4.472439543526745,4.985157896143746,0.9748,0.9929,0.9956,0.9977,0.9625,7.967611388675248,0.9977,10.08767568040938,16.125044201660444,16.118536851380817,14.24043585160632,16.118039482672206,0.9721,0.974,0.9808,0.9808,0.9305,4.090892694368952
0.9597,0.9652,0.978,0.978,0.9774,0.8931,3.298785575638697,4.176543935558161,4.56480921781231,4.6358285839585065,4.203397440497374,4.556743560679347,0.9609,0.9912,0.9966,0.9983,0.9258,15.199000733198126,0.9981,19.243231450862663,26.900594257060902,27.312511212617974,22.781086194572616,26.81259470990385,0.9414,0.9627,0.9755,0.9901,0.91,2.502835097511956,0.9902,3.1688027331669697,3.8834649286354734,3.905769608556517,3.429553986575656,3.886387285595952,0.9631,0.9837,0.9899,0.9905,0.9478,6.695312393520821,0.9905,8.476836621432314,10.234770843200216,10.25977862316836,9.819527564044916,10.22589776247226,0.9789,0.9883,0.9923,0.9908,0.9413,4.324151821754965
0.969,0.9633,0.9727,0.9772,0.9779,0.9114,3.446858311552432,4.364016650295698,4.5366046097875605,4.4663863158602375,4.182689219818313,4.549867748021028,0.9507,0.964,0.9779,0.9787,0.9063,14.12672970331156,0.9789,17.885644858930164,20.070165498715784,19.996266415944728,17.89105905076859,20.05320244231208,0.9619,0.9909,0.9942,0.996,0.9344,2.9003806489111668,0.996,3.672129313126028,4.774619740509054,4.806892843890226,4.532429495214826,4.771368565828577,0.9323,0.9749,0.9874,0.9877,0.906,4.838038721250972,0.9877,6.125369721044707,9.148058255671907,9.17410018130381,7.199493468546175,9.150270999969646,0.9569,0.9635,0.974,0.9727,0.9013,3.6995727531833382
0.9684,0.9536,0.9628,0.9671,0.9662,0.9103,3.4113095884085176,4.319008934377453,4.478092119347734,4.5194196608534165,4.24168382158825,4.478231243111715,0.947,0.9718,0.9814,0.9818,0.8978,13.730450319587076,0.9835,17.383921355255396,20.49481643994416,20.689341237976475,19.27938554409073,20.71342323014456,0.9587,0.9808,0.9845,0.9875,0.931,2.741446094125544,0.9878,3.4709046091493194,3.717334859336401,3.603511042418124,3.544346533298251,3.724599111487888,0.9717,0.9859,0.9939,0.9976,0.9586,7.567856830552116,0.9976,9.581552309502609,15.89096106466731,15.90088279163538,11.989429804578196,15.892133741572472,0.962,0.9873,0.9954,0.9927,0.9128,3.8531002882633194
0.9522,0.9829,0.9961,0.9896,0.9895,0.8766,3.085959101319496,3.9070874643014673,5.0931944023486,5.572477444384429,4.704831484656497,5.089148938984302,0.9732,0.9775,0.9834,0.9862,0.9419,16.00363437811365,0.986,20.26196628310993,21.564989872292905,21.67643304795716,20.742105331554622,21.620276044253515,0.9384,0.9747,0.986,0.9844,0.9065,2.4234437026122237,0.9844,3.068286454887869,3.527326583234184,3.565014517796273,3.210886709072943,3.5234344271311806,0.9386,0.9673,0.9723,0.9785,0.9144,4.937880529927691,0.9785,6.251777967650178,7.440358842620536,7.425758074296262,6.805211471395995,7.430633639304088,0.9648,0.9798,0.9913,0.985,0.9147,3.865488092688088
0.9788,0.9779,0.9811,0.9867,0.9873,0.9315,3.622217002979604,4.586035712291192,5.0166840025958175,5.016402443795819,4.680290999753863,5.030634860440598,0.9582,0.9458,0.9583,0.9733,0.9124,14.239055032076848,0.9744,18.027858306851343,19.345619993438028,19.26001294598213,17.909869824072057,19.553352313303236,0.9435,0.9679,0.969,0.9701,0.9157,2.3784853921827924,0.9705,3.011365398798728,3.0713662280558385,2.9416825821648502,2.92308633664928,3.080418292900118,0.9641,0.9824,0.9907,0.9953,0.9489,6.730307124583185,0.9953,8.521142936118046,13.06242739591643,12.98663871900973,9.996675354706143,13.081857286804846,0.9644,0.9758,0.9829,0.9813,0.9167,3.891370011052501
0.944,0.9517,0.9735,0.9674,0.9682,0.8702,3.0966127366890253,3.920575875467944,4.274197699982097,4.42583055479194,3.963523393960161,4.288229024622112,0.9643,0.9683,0.9749,0.9765,0.9305,15.42518710120261,0.9772,19.52960268716594,19.72190578330269,19.162210862706,18.451831618227448,19.76320263319805,0.964,0.9925,0.9971,0.9989,0.9385,2.8384287003644544,0.9989,3.5936928615695534,5.99911731331538,6.03739394524762,4.661443696529536,5.999453775831023,0.9679,0.9908,0.994,0.9943,0.9528,7.014385464346843,0.9943,8.880810347035961,12.234760936572162,12.24439375747712,10.810573800619084,12.226444131642962,0.9638,0.9715,0.9752,0.9774,0.914,3.859530882237314
0.9758,0.9731,0.9819,0.9823,0.9814,0.9256,3.5583062227101268,4.5051192126791815,4.706511352740229,4.687264556796345,4.409673986095749,4.6814922568540975,0.954,0.9815,0.9932,0.9922,0.9143,14.666671617308602,0.9918,18.56925738079629,22.731855966841135,23.60458292767406,20.983009940044447,22.7020567640342,0.9599,0.9761,0.9821,0.9921,0.9342,2.6837245805378744,0.9921,3.39782424912042,4.169399429337669,4.154978575935183,3.620176786757243,4.162586133895588,0.9607,0.9794,0.9842,0.9919,0.9457,6.239066925673155,0.9919,7.899190939961755,10.636248457636968,10.60502552329834,9.862804840240656,10.646075008465449,0.9628,0.965,0.9698,0.9721,0.9112,3.818651955771631
0.9657,0.955,0.9642,0.9719,0.9721,0.9075,3.344491430023346,4.234411446062462,4.367087885556977,4.168366929589656,3.969319066682957,4.374353213233123,0.9704,0.975,0.9781,0.9809,0.9386,15.842582388508283,0.9808,20.058060726027577,20.73358327327806,19.666246975913552,19.181288581153225,20.74116562726448,0.96,0.9829,0.9914,0.9922,0.9335,2.7861270904995354,0.9922,3.5274745619885133,4.19812465259692,4.199085630745486,3.6686619233309914,4.205785482021939,0.9456,0.9707,0.9747,0.9921,0.9227,5.289436450667833,0.9921,6.69687775213451,10.758277320944542,10.71378065323773,9.145271986461829,10.757441186697289,0.9538,0.9359,0.9635,0.9548,0.8965,3.656496664131369
0.9796,0.9932,0.996,0.994,0.994,0.9333,3.665031421212509,4.640242417978776,5.294424509903555,5.52697316818547,5.206978107660173,5.301009377835919,0.9903,0.9958,0.9977,0.9981,0.9753,20.08400815003472,0.9981,25.428067547096436,26.97820140905041,27.37567912284663,25.716329645811,27.19034639835417,0.9445,0.9696,0.9777,0.9854,0.9157,2.4832077067860165,0.9855,3.1439527822296824,3.58971332411078,3.576492177022052,3.359297421288925,3.604071265123909,0.9522,0.9735,0.9772,0.9769,0.9337,5.614793661895478,0.9769,7.108807735543584,7.216120422121279,7.1170604512963935,6.999846530337633,7.217187857999561,0.9739,0.9765,0.9818,0.98,0.9333,4.155060349062099
0.9738,0.9683,0.9786,0.9779,0.9781,0.9219,3.556568157521416,4.502918673887839,4.561343759589333,4.569580152406944,4.348294071136169,4.567913924256325,0.9776,0.9881,0.9911,0.9927,0.9525,16.84271390778361,0.9935,21.32431254379878,23.41361016451375,22.81727374108608,21.77060547160652,23.40865382190265,0.9799,0.9779,0.98,0.9998,0.9593,3.46825072288509,0.9998,4.391101267882908,8.023890299664345,8.01136630161637,5.701269200016887,8.021929398406856,0.9558,0.9789,0.9841,0.9879,0.9389,5.977320012583227,0.988,7.567797020153812,9.36936252053912,9.317477847563634,8.504373685290123,9.375269503249582,0.9701,0.9783,0.9883,0.9834,0.9272,4.048021880300813
0.96,0.9391,0.9516,0.9609,0.9588,0.8926,3.2198037501464487,4.076546207086497,4.207421985115227,4.035452454347006,3.882840378232837,4.177477173536929,0.9731,0.9863,0.9892,0.9885,0.9459,16.34881716594669,0.9886,20.698997137685573,22.43024990884028,22.129200358526585,21.256028916801828,22.42056412968373,0.9773,0.9717,0.9853,0.9973,0.9561,3.221151384340561,0.9974,4.078252426933684,5.2030819803952335,5.236106632854007,4.878166630905005,5.211352347509078,0.9516,0.9736,0.9803,0.9856,0.9327,5.575068463711104,0.9857,7.05851224595764,8.808055006647015,8.779797210818975,8.282402375610344,8.818407610163872,0.9659,0.9747,0.9856,0.9795,0.9175,3.905715993142996
0.977,0.9863,0.991,0.9909,0.9909,0.9277,3.741209699333876,4.736690616327484,5.175569975109246,5.077433670124195,4.837511750760331,5.170245152664794,0.9616,0.9438,0.9484,0.9684,0.915,14.406393921083373,0.9678,18.23972361486789,18.819384302515665,17.93508511058101,17.612665078706453,18.82966558798737,0.9578,0.9701,0.984,0.9945,0.9293,2.775807792824236,0.9945,3.51440945086299,4.36995635899483,4.404649778580042,4.056776509482518,4.372140294047628,0.9517,0.9673,0.9774,0.9853,0.933,5.568711557492472,0.9853,7.050463860420729,8.646575479496246,8.64136572786906,7.504224784595355,8.651526648391119,0.9724,0.984,0.986,0.9853,0.932,4.113789769351304
0.9664,0.9615,0.9792,0.9718,0.9715,0.906,3.3320414113573795,4.218648660405544,4.3845842246804905,4.589340247927863,4.110816245464475,4.375034697808985,0.981,0.9617,0.9695,0.9852,0.9602,17.524131779830235,0.9843,22.187045696900505,31.320735953998188,31.760415333639475,25.39608638149493,31.26014969036281,0.9572,0.9738,0.9762,0.9923,0.9296,2.6993181488325355,0.9925,3.417567036761951,4.1547078752129645,4.110620660561579,3.949584089029563,4.17505592094274,0.9527,0.9841,0.99,0.9953,0.9325,6.09233320856497,0.9953,7.713413537254564,12.890390236888182,12.867330739276728,9.426922853089058,12.88359025191404,0.9632,0.9635,0.9692,0.9763,0.9147,3.8644994136441664
0.9458,0.9588,0.9727,0.9714,0.9716,0.8729,3.1318295286686264,3.9651633382173945,4.466747081263956,4.457397879753648,4.252273804567022,4.462509711984838,0.9783,0.9758,0.9821,0.9957,0.955,17.139162602611734,0.9958,21.69964187945856,26.664260002165957,26.81258199049495,24.73287267811847,26.72665239639543,0.9736,0.9918,0.9976,0.9991,0.9474,3.303791339132994,0.9991,4.182881659149333,6.461335366360712,6.479453946141691,5.314306188910751,6.454074221748074,0.9763,0.969,0.9802,0.9966,0.9644,8.158503583589804,0.9966,10.329361482876674,15.023025086110936,14.909570557635591,14.617506376881586,15.07117381511674,0.9659,0.9716,0.9768,0.9754,0.9146,3.893246209563821
0.9771,0.9791,0.9853,0.9872,0.9871,0.9281,3.617651428784492,4.580255305902322,4.986206273191474,4.85399944826432,4.674729213263449,4.963977554957662,0.962,0.9825,0.9885,0.9851,0.9257,15.204778248974431,0.9857,19.250546278675763,21.29424951496125,22.06386258346708,20.516336104590994,21.333186960409865,0.9878,0.9807,0.9842,0.9982,0.9768,3.753607187098773,0.9982,4.752386893382597,5.533830585878546,5.536222088650679,5.066494171674867,5.5337185252123815,0.9724,0.9807,0.9835,0.9967,0.9591,7.980974774501472,0.9967,10.10459486680428,15.083336536361744,15.043793769821503,14.585723835595273,15.073524359155597,0.9624,0.975,0.9819,0.9791,0.9094,3.8105208202723406
0.948,0.9779,0.9894,0.9832,0.9841,0.8724,3.0694478691760985,3.88618283594782,4.7616542066152725,5.002592365379783,4.596806181474259,4.78633662167042,0.9848,0.9771,0.9814,0.9959,0.9671,18.70759405734804,0.9957,23.685409893297795,26.781470317486693,26.7897001646216,23.93631078800388,26.771512393832342,0.9774,0.9805,0.9836,0.9982,0.9572,3.14656299869578,0.9982,3.983817168083169,5.543601032019634,5.549060923173961,4.9150872121895,5.530893924244582,0.9644,0.969,0.9734,0.9895,0.9496,6.5803722428145885,0.9895,8.331312585881347,9.656228758561037,9.599671324052489,9.200164623534524,9.65890167133928,0.9735,0.9814,0.9856,0.9855,0.9333,4.149343458647976
0.9714,0.9788,0.986,0.9838,0.9833,0.9173,3.449588666367374,4.36747351239928,4.7473633489103,4.829798186406695,4.5794267853786526,4.743918559680532,0.956,0.9633,0.9688,0.9701,0.9041,13.931163065783757,0.9705,17.638040813369813,18.63503287226522,18.51398844434918,18.03480459274798,18.64837015057477,0.9701,0.9514,0.959,0.9913,0.9467,2.898649624154314,0.9913,3.669937688121988,4.01814498412207,3.997610507264687,3.616039992290051,4.034412156234765,0.9477,0.9765,0.98,0.9794,0.9269,5.2883992529121535,0.9794,6.695564571299585,7.685580758217627,7.684899533330343,7.252496942448765,7.680255349131561,0.9626,0.9851,0.9892,0.9869,0.91,3.816044211168987
0.9601,0.9727,0.9835,0.9805,0.9813,0.8926,3.280304490812316,4.153145305673219,4.63904204120495,4.810959952202914,4.390205071366693,4.6639575731127785,0.9617,0.9821,0.9879,0.9896,0.9259,15.207136292692416,0.99,19.253531763171285,22.040632906907877,22.034799099008037,20.96287737333867,22.107127017276472,0.9605,0.9583,0.9674,0.9867,0.9347,2.6945211694979827,0.9868,3.4114936517269614,3.634220178969109,3.4703311571636317,3.437986550888142,3.636978013991284,0.9384,0.9464,0.9561,0.9719,0.9151,4.704618231955357,0.9722,5.956448000408496,6.629314887634569,6.596868070360981,6.36618725627426,6.662628036861545,0.9614,0.9781,0.9856,0.9828,0.9079,3.778901012738268
0.9739,0.9779,0.985,0.9807,0.9817,0.9209,3.5014421045257134,4.433124388369332,4.706268104019952,4.83880111332282,4.626667236100403,4.737152100613274,0.9513,0.9518,0.9615,0.9655,0.908,14.200852414056982,0.9656,17.979490533634554,18.196522029845973,17.64794648817535,16.732983874295186,18.1509029797376,0.9889,0.9812,0.983,0.9999,0.9793,4.182818271752374,0.9999,5.295804739611434,9.382086417051438,9.348161789712998,7.052480012289454,9.393715747153133,0.9268,0.9274,0.9289,0.949,0.9027,4.3183995527703125,0.9493,5.4674622068904455,5.068656604939009,4.882331752376479,4.820037383439088,5.078553253594015,0.968,0.9868,0.9905,0.9886,0.9195,3.944775356529884
0.9538,0.9731,0.9785,0.976,0.9763,0.8817,3.1193754923038037,3.949395465811001,4.507382809453872,4.630605960373766,4.415600330153284,4.520450329309501,0.9717,0.9791,0.987,0.9913,0.9447,16.50924089381948,0.9915,20.902107261821776,22.82223514625131,23.104751456110225,21.494320698976985,22.958412278214265,0.9435,0.9565,0.97,0.9751,0.9155,2.402848357634033,0.9751,3.0422109912976865,3.1076723250700238,3.04344970291997,2.974662505924014,3.116027791533853,0.9508,0.9756,0.9831,0.9875,0.9304,5.757891142926175,0.9875,7.289981353194282,9.126112607538188,9.077141250780748,7.646820558992562,9.129718663282029,0.9696,0.9801,0.9867,0.9833,0.9205,4.016798280936718
0.9549,0.9717,0.9838,0.9777,0.9793,0.8849,3.174367436878051,4.019019958628075,4.556221492680779,4.771019301976381,4.357752481909779,4.604718923387449,0.9646,0.9785,0.988,0.9959,0.9224,14.721237644026113,0.9955,18.63834262527461,24.676622199556363,25.05719236715481,20.6935644012657,24.63731398052489,0.9596,0.9678,0.9691,0.9922,0.9318,2.7955138298806643,0.9922,3.5393589747634566,4.125120783583893,4.009936817304275,3.934160738237784,4.1232852809981,0.9627,0.9686,0.9793,0.9902,0.9477,6.550395353652957,0.9902,8.293359287079662,9.991344558540256,9.972984123599296,9.382557784459364,10.0020905777419,0.9717,0.9764,0.9856,0.9828,0.9302,4.081522475516759
0.9783,0.9841,0.9899,0.9881,0.9885,0.9292,3.611413238600096,4.572357224991606,5.067156821235976,5.15419495074085,4.899757601060969,5.069221925852506,0.9676,0.9822,0.9918,0.9902,0.9384,16.37994183700464,0.99,20.7384036262774,22.140605961247218,22.62780751345396,20.99015203572724,22.16120467229221,0.991,0.9924,0.9938,0.9999,0.9826,4.297472602484559,0.9999,5.440966902693911,9.378185095498026,9.393005589798314,7.236706021503609,9.372836438816307,0.966,0.9828,0.9888,0.9902,0.9514,6.854021502895666,0.9903,8.677775892287771,10.172275785621562,9.927342469611752,9.835936846046948,10.18615345237657,0.9703,0.9677,0.976,0.9762,0.9269,4.040636927497285
0.9742,0.9602,0.9687,0.9772,0.9771,0.9218,3.512257808672575,4.446817992432888,4.560690805486358,4.409566608369504,4.168893232270841,4.572430307950198,0.9767,0.9789,0.9841,0.9928,0.9486,16.504392885348008,0.9929,20.8959692695465,23.414003608894813,22.906010999907945,21.96881670591947,23.457552355056134,0.9729,0.9935,0.9965,0.9986,0.9487,3.1396980730622603,0.9986,3.9751255866313535,5.816972654767519,5.812730026224566,5.040124753323507,5.8290956284972015,0.9612,0.95,0.9532,0.9868,0.9466,6.305390144707972,0.9869,7.983161792839311,8.95525546090321,8.776525221584324,8.696228918537502,8.965539339484973,0.9778,0.9715,0.9777,0.9804,0.9426,4.364615921799662
0.9696,0.9796,0.981,0.9847,0.9847,0.9112,3.3972755824522407,4.301240685691896,5.680622575918507,5.817772524897629,5.208211778594754,5.681489548892759,0.9766,0.9665,0.9742,0.9818,0.9469,16.34981435254351,0.9822,20.700259660980297,20.4258100617884,19.89637568421808,18.936705631827685,20.477014981933177,0.969,0.9897,0.9969,0.9973,0.9428,3.027832500577769,0.9973,3.833494229380321,5.251358338944497,5.29295183522173,4.355446040890211,5.251796228432685,0.973,0.9792,0.9896,0.9928,0.961,7.688207611047895,0.9928,9.733926663910902,11.11435859150152,10.96445063727982,10.778555829480336,11.120258038512496,0.9576,0.9856,0.9904,0.987,0.9028,3.739660671421309
0.9715,0.9818,0.9908,0.9872,0.987,0.9176,3.478360244362242,4.403900784447006,4.900880565961106,5.074528713095761,4.684147221948823,4.897345947711841,0.9712,0.9803,0.9896,0.989,0.936,15.514398143696296,0.9899,19.64255147694585,22.011876540067924,22.1689174411294,20.542914598203577,22.150772770771567,0.9632,0.9736,0.9843,0.9986,0.9378,2.816432110848045,0.9986,3.5658433028634127,5.707124921053647,5.758578767508768,4.221868164745151,5.702448858708847,0.9535,0.9844,0.9891,0.9902,0.9348,5.883537823780217,0.9902,7.4490607692131166,10.026441876200783,10.044686609484463,9.00469645103144,10.02740166514092,0.9846,0.9819,0.9895,0.9861,0.9545,4.64464585474876
0.9816,0.9924,0.9986,0.9968,0.9965,0.9361,3.714360833070597,4.702697661345316,5.706185074828765,6.131357063319212,5.187291257142757,5.71795621108028,0.9596,0.9847,0.9882,0.992,0.9216,14.960730834818389,0.9928,18.94156143434112,22.68128651450856,22.88626938853298,21.66693148195259,22.853253187596074,0.9839,0.9851,0.989,0.9973,0.9696,3.590952581179663,0.9973,4.546452287338816,5.2069242862859335,5.194371748521769,4.8950590988633484,5.21593096520092,0.9785,0.9853,0.9881,0.9962,0.9688,8.485932978779179,0.9962,10.743915027945116,14.57714283251526,14.534321147654008,13.39273430091382,14.577533190248264,0.9878,0.9826,0.9837,0.9858,0.9599,4.751017417468648
0.9774,0.9912,0.9927,0.9932,0.9932,0.928,3.590332351153624,4.545667023218275,5.234901133890034,5.152847357476498,5.1062633495554905,5.235293938698053,0.977,0.9942,0.9966,0.9963,0.953,17.26985963907159,0.9962,21.86511547648559,25.206985993420886,25.81778464050237,24.547221435374155,25.312258606075936,0.9607,0.9854,0.9893,0.9961,0.9342,2.8301736216248106,0.9961,3.583241227700947,4.884019426259635,4.868923061950641,4.24061087782746,4.882551437778949,0.9586,0.9874,0.9899,0.9909,0.9425,6.144473371032881,0.9911,7.779427430659022,10.534626087978236,10.37753589853837,10.209812679285138,10.55645645571539,0.9682,0.9801,0.9827,0.9842,0.9204,3.951703159274809
0.9807,0.9971,0.9997,0.9992,0.9992,0.9357,3.668761625730221,4.6449651750963925,6.456826789165371,6.990074365897065,5.777739717025552,6.499705550926239,0.9746,0.9916,0.998,0.9988,0.9488,16.906670186252356,0.9984,21.4052866480122,34.552322590387035,35.60528675724355,26.6330555421225,34.47925406742588,0.9581,0.9512,0.9576,0.983,0.9309,2.685501066429026,0.9832,3.400073431798461,3.4409167174823394,3.314902171386353,3.215564712209989,3.4453589663436444,0.9548,0.9733,0.9805,0.9909,0.9364,6.180940753582423,0.9909,7.8255982477493315,10.206431375452096,10.20686223013542,9.093599073482473,10.21070954563231,0.9442,0.9456,0.9483,0.9554,0.881,3.4513356109676985
0.9833,0.9849,0.9892,0.9904,0.9905,0.9412,3.778688881557942,4.78414245811544,5.130311213120463,5.056285670563359,4.784818102028219,5.142872265206101,0.9753,0.9898,0.9965,0.9968,0.949,16.705344283161406,0.9968,21.15039088096542,25.31149569945896,25.86765051592745,23.21704306402915,25.253494772603517,0.9404,0.9738,0.9871,0.987,0.9104,2.4028593606562376,0.9875,3.0422249220623896,3.743606928140781,3.7180261735444464,3.063164383921384,3.7707866192505968,0.9801,0.9927,0.9974,0.9996,0.9707,9.451265346736768,0.9996,11.966108151670854,25.25660126787769,25.288245774814165,15.980769086414236,25.25034632275965,0.9687,0.9767,0.9831,0.9807,0.9245,3.999627394129447
0.9638,0.9764,0.9822,0.982,0.9822,0.9008,3.309195964960536,4.189724376478607,4.75515705976316,4.749227899577493,4.582698142088947,4.7516388834583125,0.9719,0.978,0.9837,0.9842,0.94,15.80306758933497,0.9839,20.008031619537327,20.984386671456356,20.714969423416605,20.039369112342765,20.862510711627014,0.9061,0.9299,0.9356,0.9443,0.8675,1.9988897828935168,0.9451,2.5307649767374456,2.600254339684452,2.5086433525690137,2.464564899110683,2.60915739710525,0.9738,0.989,0.9976,0.998,0.9612,7.851820293743091,0.998,9.941074276880173,16.61339262544707,16.604702541172472,12.895015216641903,16.60814964181937,0.947,0.9674,0.9844,0.9767,0.885,3.5552965086948456
0.9796,0.9863,0.9933,0.9919,0.9924,0.9326,3.6711121627928,4.6479411555258325,5.163846818984547,5.367666004924544,4.86707043575446,5.207279940996531,0.9288,0.9427,0.961,0.9584,0.8611,12.289197784470186,0.9593,15.559172702416754,17.344753368250338,17.790703708315846,16.141424512848673,17.438585140170122,0.9753,0.9867,0.9915,0.9991,0.9521,3.2590125355189485,0.9991,4.126187874000967,6.463665722779464,6.446878473568094,5.579200319771205,6.457666186417055,0.9554,0.9793,0.9958,0.996,0.938,6.073706768712391,0.996,7.689830875507214,14.148097562036334,14.19413265199611,9.75439464348428,14.142305752871776,0.972,0.9913,0.9972,0.9943,0.9281,4.101382608738442
0.9724,0.9754,0.9829,0.9816,0.981,0.9176,3.4698102203868406,4.393075724750173,4.703929437440937,4.751373772190069,4.511529949424535,4.683954452225862,0.9721,0.98,0.9879,0.9921,0.945,16.32800087913013,0.9922,20.67264194288097,22.885899021373188,22.927712254962945,20.569538361108684,22.990591024608367,0.9697,0.9695,0.9747,0.9924,0.944,3.0057872369242378,0.9926,3.805583045064526,4.149274692201064,4.111956806112809,3.941609195172405,4.162958635621739,0.9193,0.9558,0.9574,0.9599,0.8951,4.22107980244254,0.9599,5.344247101294262,5.683476633241963,5.558976398719741,5.483771962912163,5.690835324600925,0.9689,0.9891,0.9915,0.9898,0.925,4.009918883524343
0.9643,0.9713,0.9731,0.9769,0.9767,0.8984,3.2992111449132464,4.17708274256214,4.558665306383281,4.427346568567551,4.377208500578137,4.54080910121704,0.9647,0.984,0.9929,0.9974,0.9323,16.61342482136353,0.9974,21.03401300130971,26.175199337378448,26.49913730265035,21.64854318269022,26.22687034050532,0.9625,0.9903,0.9931,0.9973,0.9342,2.9959018393086505,0.9973,3.7930672884276406,5.209811718187154,5.191278996498919,4.605580230393576,5.207011029205251,0.9688,0.9832,0.9893,0.9951,0.9535,7.066418260642344,0.9951,8.946688305707475,12.4729302951084,12.484242502591371,9.953513999556314,12.465217053158517,0.9834,0.9787,0.98,0.9865,0.9491,4.487908375409859
0.9854,0.9787,0.9846,0.9858,0.9867,0.9431,3.893071143185723,4.928960158503389,5.315177709199508,5.443943807850758,4.987025009735307,5.31562665799229,0.967,0.9874,0.993,0.998,0.9374,16.553739046918736,0.998,20.95844571947805,27.46825840506364,27.720470197030483,22.65633683782793,27.40909934725497,0.9697,0.9853,0.9924,0.9984,0.9435,3.047431003964673,0.9984,3.858307606482208,5.692233127175174,5.707148251048502,4.764802312373599,5.682091601449669,0.9466,0.9474,0.9542,0.9689,0.9252,5.199853378153231,0.969,6.583457940612784,6.307294937383965,6.176174122324261,6.0602454603725855,6.308129634340449,0.9675,0.9739,0.9815,0.9792,0.9219,3.9632410274684577
0.9828,0.9962,0.9988,0.9976,0.9974,0.9375,3.779065076290308,4.78461875273721,5.883035175864997,6.176199094331745,5.618954893537138,5.902767824001643,0.9504,0.9409,0.9426,0.9634,0.9099,14.563466716592984,0.9637,18.438591172787238,17.779876352172668,16.6871194991403,16.62012661745013,17.80440114252819,0.9796,0.9763,0.9796,0.9991,0.9599,3.2563046748054383,0.9991,4.122759491348615,6.399426073103268,6.403305228379272,4.916504021581142,6.400561698651848,0.9478,0.9629,0.9812,0.994,0.9257,5.506997906604525,0.994,6.972329114027792,11.863640666794623,11.865930223191018,8.95962146026595,11.878506786831906,0.9582,0.982,0.9942,0.99,0.9034,3.747978282941583
0.9591,0.9648,0.9714,0.975,0.975,0.8909,3.2714625598313245,4.141950666806721,4.624294047434204,4.636090876391624,4.400140119394827,4.605471384579007,0.9708,0.9889,0.9919,0.9938,0.9406,15.970283467151075,0.9939,20.219741184893564,23.72212776606653,23.343349064810315,22.74171625871556,23.73932852492709,0.9547,0.9755,0.9779,0.9909,0.9253,2.705866735293588,0.9911,3.425858105836694,4.015561652539664,3.955513787035156,3.82222462682054,4.038831006120562,0.9584,0.9655,0.9781,0.996,0.9418,6.365312065665011,0.996,8.05902805629951,14.086358489048092,14.076277493659662,10.938725797430042,14.085951535308158,0.9701,0.9848,0.9891,0.989,0.9204,4.025178116646882
0.96,0.9778,0.9863,0.9827,0.9825,0.8934,3.2855101287211386,4.159736087323097,4.713575617387894,4.870826722959383,4.571681481589716,4.707518989668338,0.956,0.9584,0.9716,0.982,0.9143,14.518298846413408,0.9812,18.38140479617831,21.13805921088998,20.920248531488564,20.000554748707877,21.103215648043623,0.9654,0.9875,0.9949,0.9962,0.9385,2.955175562704457,0.9962,3.741504348167063,4.928204966732466,4.954609907928711,4.150583930513644,4.915781501169032,0.9554,0.9713,0.9795,0.9936,0.9376,6.107952983075236,0.9936,7.733189504200526,11.67780914046232,11.612121869634011,9.450735941900293,11.676256448297206,0.9705,0.9719,0.9812,0.9781,0.9215,4.0477011030060925
0.9854,0.9973,0.9979,0.9975,0.9976,0.9459,3.8074118866537705,4.820508232729561,5.981902723368887,6.250346639244798,5.843478393907802,5.996071544520053,0.9492,0.9795,0.9842,0.9894,0.9068,14.322973114639089,0.9893,18.13410575785189,21.934340834835037,21.541380500586754,20.73274125709814,21.859810301109857,0.9564,0.9553,0.9671,0.9839,0.9277,2.738162171277837,0.9842,3.466746882695161,3.442420545368001,3.4319512264730587,3.272999183643127,3.454149782405601,0.9364,0.9392,0.9409,0.971,0.913,4.730822806287435,0.971,5.989625226845632,6.47851408237873,6.247905806223001,6.244939605412284,6.479939063797819,0.9709,0.9832,0.9866,0.9847,0.9281,4.08084059885734
0.9641,0.9787,0.9876,0.9844,0.9843,0.9029,3.3036127356705074,4.182655531930388,4.824804953837788,5.035275551367661,4.573883795969432,4.825376005827552,0.9488,0.956,0.9685,0.9666,0.9023,13.883497970857752,0.9684,17.577692737210775,18.187673609643326,18.416751481802127,17.1161699115563,18.321603043194155,0.9564,0.9654,0.9704,0.987,0.9292,2.624829349768185,0.9876,3.32325786301731,3.717096744872619,3.6455604588123856,3.317823457434373,3.740486529831488,0.9818,0.9821,0.984,0.9996,0.9723,9.644109864775556,0.9996,12.210265761752735,25.302940936504218,25.2287305561409,16.499516289190066,25.323346021177056,0.9589,0.9463,0.9517,0.9637,0.9057,3.751250016341904
0.983,0.993,0.9943,0.9939,0.994,0.9389,3.717687057025685,4.706908944609837,5.312844672485383,5.31645686317076,5.201162847349133,5.316629662538235,0.9432,0.9598,0.9658,0.9686,0.8946,13.633097118304978,0.9685,17.260663897897565,18.3502645708133,18.19007596482008,17.495567046577463,18.356103102149905,0.9615,0.9815,0.9861,0.9946,0.9347,2.808858398377187,0.9946,3.5562543368137787,4.495177988270802,4.52890326489015,4.252130567615054,4.49071034484843,0.9724,0.9943,0.9955,0.9958,0.9599,7.720668876120636,0.9958,9.775025394541144,13.600555867741717,13.6389969506724,12.899473170392358,13.586635316886474,0.9762,0.9832,0.991,0.9883,0.9363,4.226387680702335
0.9622,0.9639,0.9764,0.9735,0.9722,0.8955,3.2506062502387203,4.115544799753587,4.422564204196144,4.5083084395361945,4.164526875549241,4.37773324094647,0.9576,0.9633,0.9669,0.9718,0.9169,14.704237985262678,0.9729,18.616819607155666,18.88149811376326,18.281161442001967,17.840375635614045,18.97245983292453,0.9768,0.9462,0.951,0.9973,0.9559,3.1388262965623737,0.9973,3.9740218432172174,5.155019328030939,5.1485576780876645,4.476346236540215,5.160625180027955,0.9521,0.9635,0.9783,0.9857,0.9338,5.443698540009895,0.9857,6.892186716283651,8.756779097057487,8.76991285601066,7.930705910808422,8.766579650033092,0.9708,0.9895,0.9934,0.9905,0.9283,4.073177417293238
0.9724,0.9794,0.9891,0.9854,0.9854,0.9193,3.4709774648926173,4.394553555864118,4.872266152236116,5.131933114878736,4.628880307323447,4.860876831025218,0.9607,0.9777,0.9874,0.985,0.9215,14.796963903522084,0.9857,18.73421852948496,21.43799715680005,22.12814495058564,20.65560649306611,21.63364664941664,0.9687,0.9811,0.9874,0.9973,0.9434,2.9010660288809733,0.9973,3.6729970626328736,5.223224036755494,5.2437668010009695,4.13510602391493,5.233011312197368,0.9851,0.9881,0.9964,0.9993,0.9769,10.44176786661351,0.9993,13.22016883481948,21.33946718843203,21.335405520296053,17.339053258246533,21.34739152290662,0.987,0.9893,0.9894,0.9914,0.955,4.697541891756218
0.9869,0.9731,0.9778,0.9855,0.9858,0.9491,3.86009329927222,4.887207394994941,4.942638206780457,4.804280638898147,4.518632694240582,4.92265869148728,0.9729,0.9933,0.9959,0.9946,0.9474,16.874850066032643,0.995,21.364999661457567,24.461790756917125,24.554441577489563,23.37241097786954,24.4979646370202,0.9756,0.9672,0.9821,0.9989,0.9523,3.3134668223560926,0.9989,4.195131646258969,6.00048704261773,6.022479136649138,4.653182780910286,6.0111090953829445,0.9352,0.9572,0.9686,0.9857,0.9112,4.730423236822708,0.9857,5.989119337818753,8.784199584972821,8.771913221242245,6.983835607504341,8.7845431614185,0.9792,0.9872,0.9919,0.9894,0.9428,4.352174514536133
0.9905,0.9909,0.9951,0.9946,0.9943,0.9543,4.028624979293648,5.100582878185188,5.835574738435212,6.067198943010153,5.559048893703542,5.88689254049203,0.975,0.962,0.9686,0.9871,0.9489,16.735075777842916,0.9866,21.18803348942236,28.109292293675125,28.365881495100474,24.4800276905633,28.07572841182885,0.9617,0.9639,0.9684,0.9911,0.9357,2.7594340646687314,0.9911,3.493678914287539,4.006769079550146,3.924060767118952,3.8065042115003536,4.023381148819246,0.9599,0.9835,0.9872,0.9909,0.9444,6.284504516724368,0.9909,7.956718806202219,10.363967186391394,10.312874172363882,9.116669239284422,10.365228627501056,0.9833,0.9888,0.9924,0.9908,0.9499,4.515758292708675
0.9782,0.9719,0.9732,0.9814,0.9818,0.9306,3.6107875350364944,4.571565030905601,4.705987497858568,4.411395325478583,4.384152691054057,4.704821093065948,0.9808,0.9768,0.9898,0.9968,0.9604,18.064612556319588,0.9969,22.871340464648576,33.055779213499136,33.78071429311236,27.34615300409096,33.10833959085765,0.9337,0.9687,0.9853,0.9831,0.9005,2.335097770054449,0.9832,2.9564329680834223,3.4401420456160583,3.508520212106852,3.0056660806448696,3.4394578778372265,0.982,0.9712,0.9984,0.9997,0.9723,9.806827624651955,0.9997,12.416280326093684,25.6359153945215,25.766365902555428,17.613937641888775,25.6335700003086,0.9719,0.9789,0.9893,0.9834,0.9253,4.134109576863111
0.983,0.987,0.9931,0.991,0.9907,0.9387,3.7127861846374817,4.700704022106521,5.184958171760551,5.277456236654686,4.924545727267218,5.170702522255844,0.9609,0.9634,0.9728,0.9768,0.9172,14.53930772475568,0.9771,18.40800382828312,19.462079997584688,19.369801677904725,18.176272764096023,19.5697617395438,0.9425,0.9497,0.9547,0.9962,0.9113,2.49457586449204,0.9962,3.158345839625166,4.775209350828417,4.761515690456479,3.871496837654367,4.785034202434069,0.9463,0.9841,0.9912,0.9953,0.9229,5.472333476003813,0.9953,6.9284409879021815,13.02335500791949,12.987431191052378,9.418836874241268,13.0252861944808,0.9725,0.9763,0.9835,0.9794,0.9305,4.125518447382223
0.9709,0.9738,0.9756,0.9806,0.9794,0.9161,3.491007449423643,4.419913224901165,5.154278763602291,5.096021552035587,4.998160660382705,5.158618785279282,0.9729,0.9879,0.9965,0.9962,0.9425,16.061061377878424,0.9957,20.33467376351609,26.798079364550095,27.92827021249886,25.03661978781093,26.757025220473057,0.9572,0.9683,0.9769,0.98,0.9307,2.6310001159081944,0.9801,3.33107057933635,3.312775494901691,3.32632744340396,3.079243953640396,3.3147141754270737,0.9857,0.9913,0.9919,0.998,0.9785,10.497687710901324,0.9981,13.290968127826694,17.01129599753206,16.889425213264474,16.20142131330586,17.012647775710356,0.9669,0.9789,0.9875,0.9822,0.9181,3.921835879293888
0.9612,0.9574,0.9626,0.9642,0.9642,0.8954,3.241042486756649,4.103436259366137,4.166834466716029,4.184491834613839,4.032456265651716,4.167855942872585,0.9643,0.9846,0.9862,0.9866,0.9288,15.308325046078608,0.9868,19.38164535667758,21.29222230458973,21.32834645233658,20.85389617885293,21.35528029512097,0.9179,0.9636,0.9739,0.9692,0.8799,2.199966734340376,0.9696,2.785345549766446,3.0682760435868395,3.053341255007039,2.8676013495174297,3.0688546570906485,0.9547,0.9835,0.9937,0.9955,0.9365,6.0400387076214415,0.9955,7.647204238174419,13.26671295300892,13.301951020315746,9.930347143109342,13.255242963930147,0.9683,0.9771,0.9815,0.9812,0.9178,3.9936527450661448
0.9865,0.98,0.9847,0.9869,0.9866,0.9466,3.850446194686039,4.87499333766043,5.282405256912643,5.242640080520573,4.993114254395616,5.260238648671141,0.9777,0.9803,0.9845,0.9916,0.9529,16.919630492337596,0.9923,21.42169550107104,22.65157471647821,22.401629600981398,20.99203295540577,22.77319990827077,0.9694,0.9891,0.9943,0.9961,0.9435,2.9918748183851287,0.9961,3.787968736420893,4.890725496440719,4.896687233101806,4.489227623793108,4.8994152111232365,0.9491,0.9665,0.9729,0.994,0.9283,5.62760086035518,0.994,7.125022741287932,12.021514731741055,11.98545281271866,9.41586920604765,12.034203000487578,0.9604,0.9754,0.9788,0.9802,0.9048,3.752773390825195
0.9685,0.9908,0.9913,0.9924,0.9924,0.9109,3.413834467011347,4.322205646068732,5.19719705778783,5.186405275529202,5.1157993800023,5.195392850576923,0.9541,0.9532,0.9707,0.9692,0.9126,14.496799737424173,0.9694,18.354185090256227,18.538212853699505,18.685870426426806,16.87519406387496,18.52432631611125,0.9455,0.9767,0.9799,0.9852,0.9186,2.377483219627629,0.9855,3.010096562855416,3.584150433092057,3.4813072788219417,3.426587195367654,3.596494146970436,0.928,0.9703,0.9806,0.9835,0.903,4.54749963876558,0.9835,5.7575224587193725,8.327251290716625,8.366171197504801,7.385979348734283,8.317198978054039,0.9812,0.9843,0.9877,0.9879,0.9455,4.397097956499152
0.974,0.9773,0.9845,0.9827,0.9828,0.9217,3.5125744314613936,4.447218863892454,4.792472210895495,4.867158563264723,4.602095857597618,4.798790159422939,0.9844,0.9949,0.9978,0.9996,0.9659,19.40326343463381,0.9996,24.566186667730577,34.96236027031202,35.59385833660054,29.696214497509647,34.993904522376134,0.975,0.9693,0.9745,0.9911,0.9538,2.9381233352386253,0.9911,3.71991477358661,3.990199277530856,3.9320010305423447,3.8160841237192296,3.987193618940613,0.9444,0.9733,0.9824,0.9857,0.9214,5.2312616261997285,0.9857,6.623223461862132,8.766669762272146,8.789421742146299,7.90332825426396,8.769987124777535,0.9738,0.9792,0.9827,0.9833,0.9307,4.169464466696399
0.9834,0.9904,0.9949,0.9933,0.9938,0.941,3.7634352168561342,4.764830017417309,5.367038753593787,5.574073519740412,5.159550961726226,5.415802259074581,0.982,0.9648,0.9726,0.9893,0.9632,17.93339365299915,0.9889,22.70520613965916,33.47457429925593,34.05397291810942,28.304796912723816,33.425692488356454,0.9307,0.9831,0.9841,0.9855,0.894,2.442902054856557,0.9857,3.092922388687929,3.6307978508024616,3.5036132951036136,3.4755136858181057,3.6360633133097537,0.9688,0.9628,0.9712,0.9895,0.9537,6.973387923953023,0.9895,8.828903963678064,9.605281207473585,9.593602388264571,9.111290366662002,9.596417008901987,0.9567,0.9806,0.9868,0.9844,0.9035,3.719290284443905
0.9804,0.9957,0.9978,0.9964,0.9964,0.934,3.690290496133121,4.672222561506918,5.590282976864529,5.797096465114736,5.505083493470819,5.60113403579963,0.9505,0.9679,0.9836,0.9905,0.9066,14.164883785727124,0.9897,17.93395118193167,24.09960923952488,24.6054549699792,20.39885958916122,24.158024528410927,0.9603,0.9582,0.9661,0.9922,0.9342,2.7407449786172293,0.9922,3.4700169371084337,4.131617496888284,4.133805633880431,3.7053361732697687,4.129081975980972,0.98,0.9917,0.9958,0.9987,0.9707,8.952256375364195,0.9987,11.334320226876224,18.001650564841665,18.01379031964035,15.24126959137779,18.01425423634663,0.961,0.9792,0.9916,0.9863,0.9068,3.8132625970563896
0.9882,0.9877,0.99,0.9935,0.9932,0.9496,3.880242896685429,4.912718504144187,5.255961124750664,5.031300830908295,4.937564752714148,5.239211274270675,0.9673,0.966,0.9694,0.9846,0.933,15.39840728507453,0.9829,19.49569715554513,20.948376164173805,19.930731037092315,19.601130970856868,20.881509376801308,0.9786,0.9793,0.9833,0.9922,0.9588,3.2241816144483737,0.9922,4.082088956738348,4.155970419492944,4.14276461767725,3.91363495052985,4.158554540127552,0.9591,0.9867,0.9912,0.994,0.9427,6.386493984252123,0.994,8.085846172115167,11.932851910075598,11.912100995718776,10.482394024180389,11.923049149155633,0.9641,0.9711,0.9814,0.9754,0.9118,3.847860053699677
0.9662,0.9744,0.9839,0.9802,0.9823,0.9033,3.340307727005035,4.229114521158237,4.649307256355968,4.734439451425693,4.45633514351375,4.693124129214804,0.9536,0.9674,0.9772,0.9792,0.9038,13.854609187123376,0.9801,17.541117072698814,20.218526473596533,20.599452037979034,19.10326275519501,20.37254867692981,0.9724,0.9671,0.9752,0.9929,0.9493,2.9892217445507905,0.993,3.7846097186310654,4.211516808013447,4.161267229192234,3.984224068419267,4.2292550133741855,0.9634,0.9774,0.9916,0.994,0.9488,6.442947217198455,0.994,8.157320780663799,12.104156698393584,12.127148827516228,10.190318789735086,12.114691440854784,0.9599,0.9584,0.967,0.9701,0.9114,3.844337935901452
0.9841,0.9869,0.9936,0.993,0.9928,0.9412,3.7625443460050914,4.763702098925799,5.745121209487321,6.001366851322528,5.046501181923984,5.746869039052942,0.9676,0.9831,0.9881,0.9962,0.9382,16.0249326895854,0.9959,20.28893176224621,24.741465941221385,24.88435320444928,22.489190113538847,24.691507843408957,0.9818,0.9904,0.9961,0.9983,0.9646,3.4381318607772062,0.9983,4.352968219220526,5.703962159233745,5.734523290422175,5.155359566210739,5.693234753890175,0.9413,0.9269,0.9327,0.9719,0.9188,4.760177598431548,0.9722,6.026790897756305,6.640056831382614,6.514724751688952,6.330579610660603,6.681362894181056,0.9654,0.9848,0.9913,0.99,0.9147,3.880741149929816
0.9842,0.9776,0.9801,0.9867,0.9866,0.9425,3.7988362386782906,4.8096507308628205,5.302006871204233,5.193125337043535,5.0612416754045295,5.313718517320052,0.9721,0.927,0.9409,0.9703,0.9236,15.071513335531993,0.9684,19.081821530340783,21.57952539848869,21.729076410514143,19.139664564115357,21.5546115933636,0.9435,0.9659,0.9795,0.985,0.9146,2.472456834582104,0.9852,3.1303412609362686,3.4862859680431573,3.5206295277765465,3.3556337379457424,3.5020497383848217,0.9692,0.9882,0.9927,0.9938,0.9548,7.029411113478625,0.9938,8.899834100571995,11.874405454911363,11.894041838752807,10.077297435225484,11.868169704702678,0.9682,0.9791,0.9895,0.9863,0.922,3.968760836768276
0.9727,0.9924,0.9965,0.9959,0.9959,0.9135,3.5277020722100705,4.466371747515681,5.542383321457731,5.764984863404156,5.208223331096129,5.570842280096443,0.9782,0.9933,0.9981,0.9978,0.9551,17.227976309035533,0.9977,21.81208760787997,26.452035215113025,27.57489425584096,24.36170609388716,26.530944330828337,0.9685,0.9859,0.9884,0.9913,0.9416,3.0404259515635874,0.9913,3.8494386125894,4.088051584551826,3.964544081366431,3.942810912927941,4.087337934355139,0.9625,0.9863,0.9901,0.9919,0.9477,6.489486325632089,0.9919,8.216243261873311,10.674763615160677,10.636655848539808,9.26145844224527,10.674602396826176,0.977,0.9883,0.9923,0.9908,0.9398,4.281768397999037
0.9632,0.9628,0.9703,0.9728,0.972,0.9005,3.3541294216538637,4.24661396561774,4.678838271205085,4.805016303730454,4.413650524010111,4.6807911807199805,0.9624,0.9793,0.9906,0.989,0.9265,15.240039689049867,0.9893,19.29519026972316,21.95099511771368,22.43549782245182,20.48566821367336,21.95812357399205,0.987,0.9844,0.9924,0.9998,0.9744,3.887663424447373,0.9998,4.922113525285199,8.014405392372693,8.05711405938122,6.386073741280203,8.006300502848127,0.9813,0.9798,0.9845,0.997,0.9718,9.18842770040284,0.997,11.633333270533027,15.46802315925526,15.419148848440429,13.60176622976768,15.466576043126732,0.9487,0.9826,0.993,0.9882,0.8885,3.523791902542458
0.9768,0.982,0.9843,0.9853,0.9847,0.9256,3.638987223109938,4.607268241528792,5.236919061321583,5.404338744882331,4.992350988059783,5.264841831268421,0.984,0.9886,0.9934,0.996,0.9614,17.664559528814497,0.996,22.364839206043865,24.62536977295283,23.89561341482857,23.26765751417697,24.525472113545124,0.9615,0.9872,0.9905,0.9949,0.9342,2.906766414653773,0.9949,3.6802142372820974,4.592093207835162,4.602250344419222,4.337124145973539,4.58230590470309,0.9477,0.9688,0.9804,0.9794,0.928,5.037618463406904,0.9795,6.378054699394726,7.709021900901971,7.739713351242798,7.008765446537848,7.721103099745214,0.9729,0.9692,0.9807,0.9782,0.9316,4.128057957432761
0.9672,0.9764,0.9792,0.9807,0.9806,0.9088,3.361245145510616,4.255623079014045,4.686513217203814,4.700713732723952,4.579298007111182,4.688822195424576,0.9667,0.9541,0.9664,0.9824,0.9302,15.220116321074755,0.9826,19.269965586340632,21.9233192095205,21.59890322251993,20.772807234203416,22.018190690633467,0.9582,0.978,0.9817,0.9813,0.9313,2.649757560150721,0.9813,3.354819103816462,3.4062563220696336,3.334438534711352,3.258416248431109,3.395100963680889,0.9491,0.9725,0.9786,0.9785,0.9297,5.423743967559607,0.9785,6.866922525373706,7.467309366007462,7.4066929986976655,7.159408100836844,7.499140478796398,0.975,0.9782,0.98,0.9855,0.9352,4.212836012822843
0.9756,0.9739,0.9902,0.9864,0.9854,0.9256,3.554223303703664,4.499949888931148,4.856908637237613,5.037145158376557,4.432158923993777,4.801926221939267,0.9776,0.9838,0.9866,0.9929,0.9527,16.92032114794108,0.9928,21.42256992998016,23.000694344883687,22.57287216457527,21.567980138079196,23.09791467170442,0.9858,0.9968,0.9973,0.9997,0.9724,3.814068444740922,0.9997,4.828936003093265,7.1859801596384605,7.197447475397393,6.669020913527766,7.174043655992754,0.9723,0.9868,0.9911,0.9963,0.9597,7.669190989008862,0.9963,9.70984999823173,14.734540871632566,14.702910676780348,12.052856444118344,14.736163828156666,0.9599,0.9634,0.9678,0.9695,0.9102,3.835026533825298
0.9515,0.976,0.9769,0.9778,0.9777,0.8779,3.121011028163987,3.951466193726354,4.734549434530839,4.764082577066155,4.653478923387722,4.743805863122658,0.9662,0.9732,0.9766,0.9786,0.9317,15.399237388109569,0.979,19.49674813679789,19.998926122851387,19.434352403243064,18.9088997790466,20.06057093446963,0.9528,0.9699,0.9835,0.9883,0.9236,2.660284599689567,0.9883,3.3681472338622696,3.7669934963970055,3.823077374766501,3.5145624867294947,3.7738095399304266,0.933,0.961,0.9677,0.967,0.9081,4.628979078179446,0.9673,5.86068237947014,6.171178179535815,6.067371729647833,5.9529675373471935,6.178317574677141,0.9702,0.9755,0.9771,0.98,0.9264,4.036123619384968
0.9664,0.9533,0.9567,0.968,0.9677,0.9067,3.351858710447699,4.243739051531918,4.337332975966675,4.104309581329776,4.045578835781124,4.323065162547106,0.9651,0.9694,0.9759,0.9825,0.9327,15.653003335654574,0.9829,19.81803747342446,20.713490617384792,19.9395746063039,19.02277875576656,20.7272458428796,0.9618,0.962,0.9662,0.9841,0.9347,2.838303060807144,0.9841,3.593533791172548,3.4553424255936864,3.4448581757687435,3.2620164348924265,3.460509611874776,0.9696,0.9783,0.9846,0.9965,0.9554,7.08238904034152,0.9965,8.966908675164442,14.918748998086633,14.924775648799994,12.691348461677638,14.92208116700205,0.9546,0.9694,0.9784,0.9741,0.8985,3.67260768382145
0.9563,0.9395,0.9486,0.9544,0.9542,0.8853,3.162696945262834,4.004244120713519,3.9481113951489313,3.854811098759668,3.726864948883585,3.948444338983948,0.9613,0.9737,0.9854,0.9808,0.9245,15.10729063551742,0.9817,19.127118644038703,20.632469737265417,20.968726540536416,19.09622833805392,20.729165961194013,0.9357,0.9705,0.9768,0.982,0.9025,2.4253448492331864,0.9823,3.070693468683803,3.436705344435814,3.420868926569325,3.1880919871429696,3.4519387380610125,0.965,0.9704,0.9755,0.9857,0.951,6.690230194667558,0.9859,8.470402124156514,8.846401056151516,8.795797034564497,8.492843139647647,8.867555744003687,0.9536,0.9679,0.9843,0.9782,0.8968,3.638009021597136
0.9432,0.952,0.9565,0.9662,0.966,0.8608,2.9831005077553465,3.776859710687257,4.227711125658333,4.131195762309064,4.001461536601989,4.221391928058491,0.9701,0.9694,0.9754,0.9795,0.9358,15.552105075138613,0.9799,19.69029166867184,20.05604632443773,19.723785842058145,18.91706971127852,20.095671951944595,0.9572,0.9745,0.9806,0.9886,0.9291,2.7541449267074745,0.9886,3.4869824144484616,3.791869780897345,3.808113220104161,3.438086344785286,3.791537445982823,0.9657,0.9799,0.9855,0.9907,0.9514,6.715731792414548,0.9908,8.502689322270811,10.363487395903114,10.282180258036323,9.82327220469942,10.371103974345475,0.9835,0.9955,0.998,0.9968,0.95,4.507206142649769
0.9661,0.9724,0.977,0.9777,0.9763,0.9064,3.369482320941148,4.266052045766108,4.871629226129089,4.901038060132166,4.734723484223908,4.854297622200015,0.9662,0.964,0.9752,0.9797,0.9311,15.334481166141131,0.981,19.41476123587616,20.091274854369416,19.816998789049435,18.486047117539837,20.257496945996284,0.9578,0.9576,0.9735,0.9811,0.931,2.611787528661514,0.9817,3.3067458049878486,3.3442236123144893,3.3145429682484697,3.1407574487401275,3.3728603286004017,0.9521,0.9795,0.9839,0.9909,0.9316,5.904358791051616,0.9909,7.475421889872795,10.37561062187018,10.344733332396835,9.637060547837804,10.39271539666172,0.9741,0.9768,0.9848,0.9829,0.9335,4.168238076439875
0.9608,0.967,0.9694,0.9708,0.9703,0.8959,3.3141608701130254,4.196010369923706,4.451052197809046,4.419407418264943,4.340736819308802,4.431671842314173,0.9739,0.988,0.9922,0.9936,0.9482,16.762875704855812,0.9937,21.223230568442013,23.588535463270446,23.779926398831844,22.305222742639074,23.778581987701383,0.9259,0.9483,0.9547,0.969,0.892,2.1268036152196066,0.9693,2.6927147999150542,2.964395417898272,2.904340004979527,2.8273621778255835,2.960280954200993,0.9478,0.9779,0.9882,0.9871,0.9269,5.325793943243254,0.9871,6.742909439143623,9.090944331565249,9.141968194848593,7.675203999545446,9.086568392044851,0.9536,0.9803,0.9887,0.9845,0.8952,3.629203969571279
0.9688,0.9623,0.9697,0.9726,0.9728,0.9113,3.3821138259754395,4.282044608646685,4.392263742580812,4.31473728595291,4.143225019548611,4.397072721308995,0.9702,0.9604,0.9702,0.9838,0.9333,15.371515899757997,0.9835,19.461650367814528,21.78962560450625,21.097728432303715,20.779528964852076,21.75307267686173,0.9773,0.9813,0.9921,0.9991,0.9561,3.230503563441446,0.9991,4.090093083445737,6.416406647306721,6.4379914550298585,4.872219656495631,6.402959534799424,0.9654,0.9725,0.9773,0.9983,0.9506,6.972816293738073,0.9983,8.828180231064078,17.2195526335072,17.164202145845177,11.989116390015106,17.207241960479397,0.9635,0.9512,0.9608,0.9687,0.9126,3.8470127593224857
0.9617,0.9451,0.9489,0.9664,0.9648,0.8978,3.257366163122398,4.124103426106183,4.244433411552455,3.911623601826333,3.831244667849061,4.2275452903970345,0.9437,0.9697,0.9725,0.9768,0.8993,14.162620352837902,0.9768,17.931085482815956,19.480298498307494,18.98625488503786,18.61753606957392,19.49501709377732,0.979,0.9829,0.9901,0.989,0.9597,3.171428146055717,0.9895,4.015298565716236,4.003805922474043,3.9168452000507736,3.684385550803704,4.033407107035778,0.9304,0.9453,0.9493,0.9545,0.9053,4.542411018151352,0.9545,5.751079830946394,5.395041145179186,5.265900237666944,5.138391237489295,5.41726630760118,0.9736,0.9827,0.9904,0.9882,0.9315,4.159042038936358
0.9633,0.9833,0.9957,0.9938,0.9939,0.9005,3.30601053709921,4.18569135307914,5.344575738407929,5.51129500542922,4.898497137848722,5.342865678492212,0.9683,0.9624,0.9704,0.9726,0.939,16.261946077920335,0.9726,20.58901092986677,19.08397712673851,18.88235707833766,18.36971636645309,19.08559186537675,0.9662,0.9529,0.9623,0.9829,0.9419,2.7900462278734874,0.9832,3.5324365242186992,3.399276232775916,3.347374894398536,3.2218350925773764,3.415590514945144,0.9635,0.9677,0.9745,0.992,0.949,6.3624916045002,0.992,8.05545711187064,10.666529556908756,10.607294638970275,8.8984086896644,10.690461022959894,0.9679,0.9872,0.9921,0.9899,0.9228,4.009364979525365
0.9412,0.9858,0.9884,0.9867,0.987,0.8616,3.0231277522743065,3.827537616698288,5.017401166762414,5.222811326951694,4.937161156346361,5.051113616568544,0.9793,0.9881,0.9946,0.9959,0.9569,17.645875758245246,0.9955,22.34118395871872,24.726717496690725,24.3159157898778,23.549510653390936,24.74735091072291,0.9776,0.9716,0.9894,0.996,0.9569,3.2769059707245987,0.9954,4.1488424893377,5.474738240654145,5.569513169132992,5.322179589882554,5.476062627612699,0.9862,0.9785,0.9834,0.9994,0.9788,10.542663802478309,0.9994,13.347911696365426,21.900687027323187,21.854185862766467,19.6210777233003,21.91726388689116,0.972,0.9761,0.9797,0.9796,0.9267,4.0990406592504725
0.9615,0.9645,0.9754,0.9764,0.9753,0.8968,3.2590456042187195,4.126229741795741,4.517475387687638,4.503965115003808,4.256352732934324,4.505106505576515,0.96,0.9614,0.9665,0.9729,0.9189,14.625314618975866,0.973,18.51689589302484,19.10680241953873,18.536718590745927,18.1628825835163,19.12947785856936,0.9758,0.9925,0.9937,0.9973,0.9534,3.2225594479571327,0.9973,4.080035155584525,5.273155865550916,5.193069966557486,5.050659865171611,5.299808369355724,0.9174,0.9561,0.9781,0.9855,0.8931,4.270198618968737,0.9855,5.406435713006184,8.661034977603244,8.696494333057414,6.555075129186029,8.668499142423794,0.9632,0.9718,0.9867,0.9799,0.9119,3.834806596723644
0.9739,0.966,0.9743,0.9817,0.9816,0.9209,3.5006304391326424,4.43209675074409,4.862568612657071,4.868844869044548,4.474010438638642,4.909709076363345,0.9668,0.9753,0.9859,0.9872,0.9288,15.118451182365778,0.9875,19.141248848378527,21.48150496618663,21.289563482801853,20.42454960332368,21.52134518448828,0.9687,0.9927,0.998,0.9986,0.9426,2.9942490593037734,0.9986,3.7909747279541257,5.802623645963708,5.823211842053047,4.894280794878313,5.808438147298916,0.9633,0.9743,0.976,0.9838,0.9487,6.536140580873387,0.9839,8.27531152876371,8.385411423661333,8.324554585116779,8.12443418695628,8.413126530702497,0.9599,0.9749,0.9832,0.9776,0.9044,3.743426416519937
0.9509,0.9222,0.9289,0.9348,0.9356,0.8774,3.124899248304064,3.9563890121011154,3.688515466648595,3.6067326744169743,3.514048561935965,3.6916019318527074,0.9541,0.9696,0.9773,0.9828,0.9134,14.595077487338123,0.9828,18.478613105048893,21.026227438739333,21.27479193715566,19.64380805497783,21.03973396991591,0.9301,0.9745,0.9778,0.9817,0.8946,2.319913664259136,0.982,2.9372085948945066,3.3899514106893784,3.35340176188865,3.2597881080728346,3.397150426026817,0.985,0.9741,0.9766,0.9996,0.9768,10.413307710346746,0.9996,13.184135849244788,25.25130656355029,25.20570531629877,17.599333738808486,25.242040503369587,0.9623,0.9642,0.9773,0.9747,0.9102,3.8187132915501207
0.9794,0.9872,0.9902,0.9915,0.9913,0.9299,3.695225726791176,4.678470984510735,5.124459831541546,5.083841892873637,4.871605381501131,5.132176775796729,0.9526,0.9556,0.9635,0.9614,0.8998,13.718825886266504,0.9613,17.369203831070777,17.677183046985377,17.98821241776429,17.058595908538102,17.65089540992981,0.9846,0.9834,0.9879,0.9945,0.9705,3.608450513387366,0.9945,4.5686061621424985,4.35788992440544,4.378706582504508,4.2042292847616896,4.373549443187439,0.9806,0.9433,0.9475,0.9993,0.9714,9.26019766034598,0.9993,11.724200162024676,21.25098136794093,21.20400460709405,15.373100620554466,21.25728831996076,0.9299,0.9472,0.953,0.9515,0.8573,3.2504503319886706
0.9866,0.971,0.9759,0.9848,0.985,0.947,3.833058993117842,4.852979657292035,4.912258420900354,4.544396343414364,4.418260259286438,4.922785533215852,0.9699,0.9807,0.9859,0.993,0.9372,15.732414213022246,0.9931,19.918578418169886,23.23175912495216,23.235474568118725,21.561654167075677,23.35556517746084,0.9683,0.9846,0.9862,0.9965,0.941,3.074753199207139,0.9965,3.8928998363284784,4.994949802990271,4.865247493523927,4.814853929814623,5.015088748266157,0.9532,0.9735,0.9821,0.9893,0.9349,5.794096303974058,0.9894,7.335820175495172,9.569768018058763,9.457295394658724,9.275058109233346,9.593862691238932,0.9687,0.9798,0.9818,0.9824,0.9237,3.997170559926267
0.9729,0.9395,0.9427,0.9651,0.9641,0.9196,3.529635691201319,4.468819874102391,4.463910841299656,4.322674407030599,4.090246896741579,4.480668526604066,0.973,0.982,0.9893,0.9869,0.9456,16.295822626163684,0.9876,20.63190152971912,21.5702372401601,21.87896287119998,20.43359289430925,21.68803535448069,0.9672,0.985,0.9876,0.9961,0.9418,2.8927854544586222,0.9961,3.6625131490550977,4.865586568582383,4.860192366965973,4.31135333060519,4.863312957473439,0.9468,0.9747,0.9867,0.9899,0.9248,5.290357176031462,0.9899,6.698043468985638,9.992648198532882,9.988428585176058,7.640360562467541,9.993930705168282,0.977,0.9764,0.9784,0.9826,0.9385,4.252592425230151
0.9446,0.9495,0.9539,0.9566,0.9565,0.8645,3.000711553271785,3.7991567965887194,4.010362433077663,3.997472665490323,3.8942077035933034,4.008799716414643,0.9682,0.9521,0.9679,0.9752,0.9307,15.211193900494248,0.9754,19.25866904077513,19.689669450346727,19.80254171028994,17.613502251665576,19.731240658598047,0.9701,0.9786,0.9853,0.9864,0.9457,2.9780714582204406,0.9867,3.770492504982301,3.647062972405595,3.5395522015680747,3.480377734858377,3.6557100932373543,0.957,0.9735,0.9817,0.9879,0.9411,6.016335019233452,0.9879,7.617193346675947,9.216431931303882,9.24955399846323,8.383751582114554,9.217055716678956,0.9601,0.9774,0.9871,0.9815,0.9055,3.760140718435741
0.9874,0.9904,0.9963,0.9944,0.9949,0.948,3.879606396377424,4.911912640458772,5.3750906668519605,5.579298919217077,5.05643947208706,5.432425712305926,0.9623,0.9619,0.9668,0.9771,0.9231,14.873937648374092,0.9762,18.831673856570475,19.6630626815784,19.234917753491725,18.410476863270937,19.697459557769143,0.9573,0.9732,0.9786,0.9851,0.9307,2.640357588711608,0.9854,3.342917938127375,3.586150459689057,3.4017928477315094,3.3714057478549515,3.599070630765809,0.9475,0.9494,0.952,0.9756,0.9269,5.186494252992248,0.9756,6.566544148583527,7.003029379664856,6.771142476740456,6.735086353171358,7.0111413357093015,0.9796,0.9699,0.9767,0.9792,0.9428,4.345193917703551
0.981,0.9837,0.9865,0.9896,0.9895,0.935,3.695742760223083,4.6791255929401085,5.0846892638123045,5.05346356736136,4.830674589925292,5.084388592071644,0.9705,0.9959,0.998,0.9971,0.9422,16.386147712824275,0.9969,20.74626079444581,25.760699991254796,26.47113510283278,24.735429816956973,25.77726173965008,0.9716,0.9793,0.9898,0.9926,0.9474,3.0353329373008373,0.9926,3.8429904220826,4.127486245899032,4.217941243649788,3.995524748816951,4.133256931865814,0.9466,0.9447,0.9459,0.9647,0.9251,5.201828428019715,0.9648,6.585958522221729,6.0032648589101445,5.755104687676938,5.7250529720060905,5.999404386300495,0.9498,0.9572,0.9728,0.9671,0.8897,3.5439340504607406
0.9853,0.9908,0.996,0.9944,0.9937,0.9435,3.7843806272124656,4.791348693637898,6.067670987085969,6.312759036665886,5.45804697025415,6.064939644865818,0.9673,0.9839,0.9928,0.9918,0.9377,16.035617986441515,0.9916,20.302460259555534,25.994999050377253,26.49892456583429,25.328179144634227,26.001803025473546,0.9438,0.9795,0.9867,0.9838,0.9141,2.5404135077032404,0.9838,3.2163802060258835,3.551065289461476,3.560486143970853,3.2282951680602743,3.546430093229337,0.9932,0.9962,0.9987,0.9999,0.9888,14.689370325964862,0.9999,18.597995882226467,39.35053874433078,39.22881799859292,25.448462906429643,39.35913107755309,0.9718,0.9719,0.9756,0.9778,0.9284,4.112556082088791
0.9512,0.9335,0.9453,0.9594,0.9595,0.8787,3.1317550992028917,3.9650691041647055,4.062385170640739,3.8212669986937526,3.649833303073152,4.070303290453527,0.9694,0.9736,0.9761,0.9886,0.9391,15.904279546671848,0.9883,20.13617459122456,21.8202776767111,21.008996944947263,20.417383832135982,21.79781011722446,0.9742,0.9869,0.9885,0.9883,0.953,2.933034273803869,0.9885,3.71347158769724,3.865602688816079,3.7914791520036255,3.666562145683022,3.888248062329021,0.8978,0.9341,0.9429,0.9469,0.8679,3.780700131071412,0.9472,4.786688871565412,4.930274799579491,4.931308055448572,4.683315345336121,4.937381326716825,0.992,0.9981,0.9994,0.999,0.9704,5.108993727024281
0.9601,0.953,0.9557,0.9602,0.9609,0.8917,3.2180346843606293,4.074306418894766,4.092672638121495,3.987004896352421,3.924135389317996,4.106548497958833,0.9727,0.9709,0.9768,0.9945,0.9431,16.125560497153508,0.9942,20.41633515049637,24.461688120020444,24.496672358819087,21.70279372461227,24.43433245356034,0.9697,0.9594,0.9634,0.9955,0.9443,2.92768266745018,0.9956,3.706695997544592,4.636077327265476,4.626997578887435,4.222492038760108,4.640939145744103,0.9642,0.9905,0.9934,0.994,0.9491,6.697982957209662,0.994,8.48021778286988,12.003318737219608,11.973582872398037,10.668103467077248,12.001440020108364,0.9601,0.982,0.988,0.9842,0.9101,3.808349070760568
0.9591,0.9469,0.9529,0.9638,0.9648,0.8886,3.2002251296579463,4.051758003430059,4.306734036199201,4.249710917215482,4.019436866544746,4.295211101164368,0.9533,0.9622,0.9751,0.972,0.8988,13.690802781687204,0.9728,17.333724190214305,18.75738791646897,19.276322161135106,17.819655773911386,18.875236288287585,0.9783,0.9861,0.9911,0.9937,0.9583,3.194299464625093,0.9937,4.0442556060205765,4.337720719759734,4.1818537110031855,4.142144278965582,4.344930358632342,0.9379,0.9482,0.962,0.9717,0.9149,4.67646602378491,0.9718,5.920804903392683,6.563665065839788,6.609805084444941,6.261549720392361,6.568666804580856,0.961,0.9698,0.975,0.9728,0.9075,3.781206010892231
0.9834,0.9867,0.993,0.992,0.9915,0.9408,3.7467366573686807,4.743688216666475,5.197461282868627,5.260993417144757,4.856277044590566,5.178367415739455,0.9859,0.9892,0.9953,0.9973,0.9696,18.6811885119908,0.9971,23.65197822039934,33.22056360743697,34.260234322597405,29.60495287734478,33.26625100988512,0.9829,0.9948,0.9972,0.9972,0.9674,3.48364783526936,0.9973,4.410595325583575,5.177092477863728,5.212790830701986,4.740135850334279,5.194201874317673,0.9727,0.983,0.9862,0.9962,0.9601,7.911275725445036,0.9962,10.016349925150424,14.574286588612535,14.53984657659558,13.89819642762458,14.579799806431186,0.9643,0.9713,0.979,0.9763,0.9162,3.8912524544213456
0.9867,0.9834,0.9935,0.9913,0.9911,0.9486,3.852442939743699,4.87752138723207,5.222367147272038,5.299586873065328,4.806901821703153,5.202325346109671,0.988,0.9898,0.9963,0.9991,0.9722,19.382165086175323,0.9989,24.539474358826546,34.6010444105792,35.35123874216024,28.509042544690228,34.67646906709014,0.9767,0.9897,0.9938,0.9973,0.9551,3.20947456954663,0.9973,4.063468583335488,5.239030601993459,5.2756717230084895,4.524132538471444,5.232842447003066,0.9687,0.9797,0.9894,0.9902,0.9535,6.919692359439973,0.9902,8.760920798603768,10.00575800984379,10.067709751779825,9.2358422061142,9.995278402400322,0.9803,0.9944,0.9972,0.9957,0.944,4.378814812602631
0.9843,0.9745,0.9784,0.9868,0.9859,0.9427,3.789740242710924,4.798134424051029,4.988868380975777,4.821449381405422,4.5809624973277465,4.957055285905364,0.9692,0.9639,0.9683,0.9742,0.9272,15.0080709236235,0.9746,19.001498025027075,19.718241331661083,19.500949886589684,19.108163074440967,19.78263698301652,0.9646,0.9623,0.9677,0.9986,0.9385,2.8949183332335147,0.9986,3.665213555525389,5.719549437517143,5.710657385532794,4.432522881602139,5.71485295226367,0.9873,0.9934,0.9941,0.9992,0.9794,11.134753351428644,0.9992,14.097547572439945,20.659010535379316,20.574460832261288,18.718989130390717,20.68256960804332,0.9656,0.9766,0.9823,0.9828,0.9184,3.918920559211898
0.9827,0.9812,0.9888,0.9881,0.9873,0.9383,3.741197336464952,4.736674963880834,5.082796239132671,5.117183141827269,4.7846433199974925,5.067187092311578,0.9714,0.9796,0.9887,0.9882,0.9384,15.678067320921174,0.9889,19.84977061680887,21.838983781774264,22.20579979311146,20.30608347373124,21.971410676957845,0.9473,0.9855,0.9935,0.9951,0.9174,2.609138737609088,0.9951,3.303392209565257,4.648997002636176,4.679840183982192,3.956117951277981,4.645738635320741,0.967,0.9762,0.9852,0.9924,0.9525,6.843331661194355,0.9924,8.664241640816746,11.009684391365267,10.999054200339373,10.38062985833374,11.009457142881844,0.9616,0.9709,0.9819,0.9772,0.9091,3.80425611660585
0.9829,0.9857,0.9949,0.991,0.9924,0.9392,3.740214513259497,4.735430625864813,5.229121991879014,5.464310675019317,5.010526639131713,5.266608013189407,0.9767,0.9758,0.982,0.9861,0.9468,16.297254446100716,0.9861,20.633714335898148,21.24254197129994,20.44062480720308,19.779239685720302,21.181993098895045,0.9429,0.9787,0.9827,0.9809,0.9138,2.434616784379685,0.9816,3.0824325295045414,3.405933265424669,3.381644680689766,3.230057008786778,3.4369804018422694,0.9596,0.9763,0.9775,0.9785,0.9447,5.946908772793687,0.9788,7.529293796405716,7.610721487936706,7.297242144387561,7.193207827379104,7.639185962425579,0.9672,0.9831,0.9906,0.9892,0.9158,3.929496794802361
0.9948,0.9928,0.9946,0.9971,0.9969,0.969,4.290233249206403,5.431801263904131,5.891859233738509,5.715578946286808,5.616824184616535,5.887507268817199,0.9697,0.9807,0.9869,0.9891,0.9396,16.033346689616664,0.9893,20.299584604026503,21.87478984151413,22.007222658878145,20.64397707611186,21.879873012046385,0.9636,0.9946,0.9959,0.9956,0.9363,3.0012011977771653,0.9957,3.7997767283007486,4.813607603050069,4.653174650412441,4.619049730979001,4.816407721396976,0.9601,0.976,0.9891,0.9951,0.9444,6.502660459768183,0.9951,8.232922839484742,12.4544030837605,12.482794089097627,10.431509268560143,12.453421218936812,0.9262,0.9583,0.9765,0.9709,0.8561,3.245264244684523
0.9926,0.9896,0.9943,0.9943,0.9942,0.9613,4.113245006702917,5.207719051240183,5.364730160815083,5.326814527768068,5.021369873970773,5.364531960713883,0.973,0.9854,0.9899,0.9949,0.9403,15.877993848882722,0.9936,20.102894655570708,26.74489287687959,27.292694219463453,24.37464024444861,26.71702250902245,0.9729,0.9797,0.988,0.9886,0.9511,2.882478428374534,0.9886,3.649463574810855,3.871126695358396,3.8139391623803087,3.650103276310592,3.87591172718128,0.9801,0.9806,0.985,0.9995,0.9706,9.37184499282361,0.9995,11.865555208810465,24.87354787046496,24.89540508026675,16.20802232675324,24.85592888550298,0.9675,0.9813,0.985,0.9843,0.9206,4.023028366066511
0.9717,0.9759,0.977,0.9816,0.9825,0.9154,3.4472774910253805,4.36454736726578,4.685962579998693,4.52812273628665,4.497924957636249,4.704901121363696,0.9474,0.9391,0.9489,0.9611,0.8926,13.36713601908442,0.9613,16.923934458964894,17.556941571475985,16.69799476745502,15.899781571328749,17.577953284816687,0.9754,0.9825,0.9888,0.9989,0.9531,3.1664269178577227,0.9989,4.008966584197058,6.045019771216023,6.047294527826486,4.847985007822431,6.051506644606024,0.9349,0.9748,0.985,0.9879,0.9099,4.918895212989846,0.9879,6.227740936899536,9.267137302952191,9.26728964888427,8.00191256460915,9.268311394266124,0.9704,0.9739,0.9793,0.9818,0.9281,4.05137273318616
0.979,0.9812,0.9875,0.9876,0.9875,0.9312,3.62453742750108,4.588973567674901,4.932759423263366,4.914313558334731,4.658244070981841,4.924916242658506,0.9569,0.969,0.9749,0.976,0.9156,14.59569973390936,0.9757,18.47940092228767,19.39302307187852,19.16114866182476,18.450791927957173,19.346749059824013,0.9817,0.9936,0.9959,0.9951,0.9643,3.3927853291808017,0.9951,4.295555642017508,4.707701367251449,4.702725371728069,4.405064324883109,4.712399210330344,0.9824,0.9952,0.9974,0.9997,0.9727,9.96161923127118,0.9997,12.6122597042852,25.860611067660887,25.755794286446463,16.670851836563187,25.871523719071178,0.9801,0.9795,0.9858,0.9846,0.9435,4.361858173377673
0.9785,0.9845,0.9878,0.9893,0.9895,0.9298,3.613189119180308,4.574605641294361,5.002015124816273,4.925620263046659,4.774831043932053,5.002991961335564,0.9774,0.9782,0.9828,0.987,0.9402,15.933630160832006,0.9873,20.17333497245115,21.46541083121736,20.93262852804885,20.18125589522881,21.52009706345139,0.9333,0.95,0.959,0.9597,0.8992,2.3982847824503963,0.9604,3.036433115827865,2.8666050425503204,2.832897270023784,2.694232531162815,2.882543760555287,0.9596,0.9837,0.985,0.9876,0.9434,6.361583405505252,0.9877,8.054307254470801,9.1651026187778,8.9648681855847,8.899373658343047,9.19160718595898,0.9841,0.9812,0.9835,0.9854,0.9496,4.589791495144476
0.9805,0.9669,0.9717,0.9776,0.9779,0.9348,3.6577619576131504,4.631038656953846,4.600402678305668,4.471430881077917,4.311606614435156,4.610303039363041,0.9637,0.9855,0.9924,0.9888,0.9261,15.073730327041304,0.99,19.084628430707927,21.974585815032743,23.0011157337398,21.140959252990207,22.161799870899543,0.9715,0.9766,0.9882,0.9976,0.9452,3.1865588569115157,0.9976,4.034455336356968,5.288324509116299,5.320744452298906,4.57001650401541,5.291561999955515,0.9035,0.9317,0.9402,0.9397,0.8774,3.737185968465535,0.9413,4.731596229811246,4.745710693708916,4.667138051956647,4.458050298615424,4.777845105585622,0.9678,0.9727,0.9771,0.9776,0.9223,3.9675694601978537
0.9831,0.9741,0.983,0.9847,0.985,0.9388,3.772611887681184,4.776448465480746,4.909256112519026,4.814721120673491,4.5173061154206415,4.931207982870401,0.9713,0.9783,0.9817,0.9867,0.9402,15.905494731900866,0.987,20.137713119383623,21.409913812059976,20.45507872074472,20.08322285266899,21.49356011834065,0.9636,0.9706,0.9793,0.9897,0.9391,2.7249574581370624,0.9899,3.45002858945532,3.93276429908168,3.928917232712542,3.5448708516286653,3.940127245778422,0.9801,0.9951,0.9969,0.9983,0.9709,9.010201242639674,0.9983,11.407683371726664,17.261775873594882,17.245715565512604,16.04024178000381,17.245977914224255,0.9788,0.9784,0.9824,0.9847,0.9408,4.308565572894085
0.9748,0.9781,0.9874,0.9849,0.9844,0.9219,3.5230191816899645,4.460442808651916,4.861611784569192,4.9461255305619645,4.591244500999455,4.854760929321037,0.9487,0.9621,0.9657,0.9771,0.8991,13.68200442910234,0.9767,17.32258472531468,20.406888095878745,20.24948030912038,19.59971455345874,20.430918337912523,0.9729,0.9779,0.9814,0.9949,0.95,3.004843964184375,0.9949,3.804388781311724,4.606540389990932,4.573266255629775,4.064212425077465,4.612521337902343,0.9568,0.9612,0.9653,0.9908,0.9397,6.060851681949844,0.9908,7.673555239086441,10.195662056744386,10.17326635458163,8.914156054912157,10.192471843515978,0.9682,0.9839,0.9857,0.9876,0.924,3.9868510080017705
0.9675,0.9748,0.9811,0.9784,0.9786,0.9079,3.3515826964438267,4.243389594258152,4.573542860014934,4.654616644006044,4.466808930378093,4.579816579084553,0.9701,0.9795,0.9913,0.9898,0.9401,16.01170737623122,0.9905,20.27218738737895,22.07575432395277,22.528850250131853,20.531867639057733,22.303002438368523,0.9687,0.972,0.9766,0.9852,0.9432,2.9372032200042875,0.9852,3.718749829211211,3.559746215402474,3.447485641801052,3.405871586239379,3.562142135558657,0.9304,0.979,0.9888,0.9888,0.9036,4.792729154457426,0.9888,6.068003944435321,9.4213746531929,9.420917997785358,7.587989366951964,9.413578534205191,0.9858,0.9925,0.9933,0.9939,0.955,4.617844868190201
0.9731,0.9602,0.9694,0.9728,0.9724,0.9187,3.479074452095188,4.404805032361084,4.500818016678684,4.4103130971898885,4.239882206377887,4.495169734632386,0.9788,0.9851,0.9879,0.9938,0.9557,17.232043297627484,0.9939,21.81723676236433,23.619979209655064,23.15591644067242,21.98111920755276,23.67406176068409,0.9734,0.9625,0.9729,0.9956,0.9515,2.9014278721836035,0.9959,3.673455187120376,4.733970330749129,4.724175692351426,3.9970626741929416,4.7541038590155615,0.9553,0.9712,0.9805,0.9857,0.9388,5.795406405371927,0.9857,7.33747887562065,8.89631825431473,8.842841621374848,7.41997881800331,8.915345427313936,0.9608,0.9881,0.9957,0.9921,0.9067,3.7757759062145193
0.9781,0.9748,0.9856,0.9864,0.9847,0.9302,3.615063560333032,4.576978843689444,4.845069618184009,4.812242463574615,4.471393684710062,4.824115791142949,0.9663,0.9754,0.9772,0.9865,0.9312,15.343215937093449,0.9867,19.425820201005266,21.27681055517947,20.389626164428304,20.05011961751588,21.285062167902534,0.9471,0.9754,0.9803,0.9819,0.9176,2.534896419581041,0.9824,3.2093951018381848,3.4464146789782597,3.4059540165292232,3.2625195571271,3.460798996697943,0.929,0.9541,0.96,0.9768,0.9033,4.636093000131295,0.9769,5.86968921150113,7.156702171335608,7.134800780621412,6.6853354064667565,7.167722443772853,0.9673,0.9907,0.9979,0.9963,0.9206,3.944774688756838
0.958,0.9674,0.9722,0.9725,0.9731,0.8905,3.2193745788152466,4.076002839571529,4.388189831397273,4.388670313760858,4.239844017723456,4.397417326837314,0.9664,0.9801,0.9824,0.9815,0.9309,15.286471323161576,0.9816,19.353976679273217,21.031113306952253,20.97452973144987,20.20546990793187,20.94479092861051,0.9275,0.9546,0.9768,0.9774,0.8928,2.240927558662424,0.9774,2.837205447445485,3.196877025738107,3.2584063258263454,2.8586837187328906,3.1973341370439963,0.9641,0.9835,0.9886,0.994,0.9493,6.603544918073041,0.994,8.360651169460734,11.976697634276526,11.939555661572276,11.114836061209273,11.984844201341698,0.9658,0.9744,0.9859,0.979,0.9167,3.9076663627270394
0.9764,0.9785,0.9851,0.9852,0.9852,0.9256,3.5607286895330983,4.5081862623211135,4.9930567544428,4.997103197719398,4.788302398192411,4.988464602234869,0.962,0.9488,0.9537,0.9817,0.9248,15.07820041448435,0.9823,19.090287942723364,22.1060745136666,21.99408412729945,20.61923366839734,22.283837985815868,0.9748,0.9871,0.993,0.9973,0.9515,3.1700038696440327,0.9973,4.01349531028378,5.201665655044368,5.253525947601939,4.702549027245749,5.203866812700561,0.978,0.952,0.9596,0.997,0.9678,8.23483691356826,0.997,10.426005990102873,15.42865198583381,15.35815867632933,13.659075582960329,15.450582738974171,0.9801,0.9853,0.987,0.988,0.9431,4.344640171491121
0.9656,0.9466,0.9577,0.9699,0.9701,0.9067,3.3430867722900093,4.232633029550329,4.327938571285029,4.172969989485473,3.8977777512079466,4.332100146195927,0.9487,0.9574,0.9718,0.968,0.8951,13.480133412092403,0.9681,17.06699879754653,18.38066460388397,18.96897312047562,17.40538131720539,18.40141356967251,0.9748,0.99,0.9973,0.9989,0.9523,3.0736389459489977,0.9989,3.89148909665436,6.068857688612544,6.090572813204714,4.605462721678513,6.06166430940549,0.9521,0.9795,0.9838,0.9902,0.9333,5.563821650516535,0.9902,7.044272821064727,10.148026931160231,9.875680955837389,9.807763114853843,10.157986472113253,0.9503,0.9744,0.9847,0.983,0.8905,3.575037350164452
0.9767,0.9765,0.9796,0.9843,0.984,0.9275,3.572439816836252,4.52301354848295,4.81737429427817,4.6453530081906536,4.520043222689012,4.808126054104173,0.9735,0.9906,0.9966,0.9939,0.9483,17.087811771436634,0.9934,21.63462734680324,26.484184923605003,27.548895006008635,25.20721079013648,26.49896806300805,0.9501,0.9776,0.9854,0.9875,0.9211,2.614745287611471,0.9875,3.310490580124648,3.661699460922876,3.6154474019015352,3.5254913779517087,3.6658518605442936,0.9463,0.9506,0.9625,0.9675,0.9247,5.136367005620587,0.9675,6.503078777398921,6.211464753801252,6.206914235451932,5.636781902040633,6.20804050648004,0.9767,0.9892,0.9965,0.9936,0.9363,4.254491242636218
0.9655,0.9747,0.976,0.9799,0.9798,0.8998,3.3485319095561152,4.239527037816578,4.662163161686033,4.504243931430741,4.464401195717585,4.654777339896642,0.9402,0.9585,0.9738,0.9709,0.8949,14.008538850326204,0.9706,17.73600515699868,18.780776754043384,19.157572244165635,17.35681052413326,18.725560002012077,0.9607,0.9836,0.997,0.9973,0.9345,2.748960888982859,0.9973,3.480418980474352,5.12860124106165,5.215249092899519,4.020218163524335,5.131969452454049,0.9634,0.981,0.9899,0.9933,0.9489,6.418348569537593,0.9933,8.126176794383026,11.43774881437228,11.441553565581662,9.884925703658991,11.447417926380629,0.9772,0.9802,0.9841,0.9838,0.9384,4.24881538634036
0.9764,0.9741,0.9838,0.9841,0.9833,0.9263,3.5891697996700813,4.544195133870808,4.893680886398316,4.832212789679796,4.562470653862173,4.8816064096078255,0.9629,0.9775,0.9832,0.9839,0.9221,14.763600340560895,0.9831,18.691977412759087,21.618830827485205,22.189175332526403,20.78846971663566,21.599735524014545,0.9357,0.9748,0.9779,0.9818,0.9042,2.307794418104322,0.9822,2.921864595452645,3.438167936058597,3.3686423841512947,3.2655741364064297,3.448175023246741,0.9227,0.9677,0.9738,0.9721,0.8986,4.304606674919516,0.9721,5.449999246955416,6.734052291848031,6.740097062472575,6.352192114052591,6.74264340583799,0.9792,0.9807,0.9885,0.9866,0.9455,4.446137991141487
0.9559,0.9814,0.9936,0.9881,0.9894,0.884,3.1516473151833573,3.9902543464646527,4.997675751314613,5.3522977543794426,4.658671202680736,5.017748638018677,0.9715,0.9824,0.9877,0.9878,0.9432,16.278451429402857,0.988,20.60990811280212,21.63688016185193,21.591934514296693,20.62824104245022,21.66095086702702,0.9691,0.9844,0.9898,0.9922,0.9432,3.0069205170440263,0.9924,3.807017874368541,4.193338511256309,4.169668730945025,3.9689397787634695,4.206636126074549,0.9686,0.9836,0.9889,0.9962,0.9529,7.215456014063039,0.9962,9.135382814927857,14.607423269447736,14.538075509799782,12.756344585503406,14.616590620450632,0.9734,0.9863,0.9908,0.9906,0.9305,4.141639839914519
0.9307,0.9225,0.9288,0.9448,0.9461,0.8485,2.877928438126945,3.643702899028908,3.8052151982554334,3.588122229345537,3.516816071656009,3.819855065718266,0.9643,0.9794,0.9823,0.9808,0.9318,15.952344533051356,0.981,20.19702896407574,21.11387693981769,20.961341296987754,20.083811224080808,20.978995122536,0.9697,0.9908,0.9957,0.9951,0.9441,2.967698562458859,0.9951,3.7573595341074593,4.661677590748536,4.68686823082219,4.209795702465589,4.655515106773604,0.9617,0.969,0.9742,0.9899,0.9473,6.343885823522494,0.9899,8.031900606021145,9.892187601092068,9.855874130476977,9.136906923217364,9.890880907890915,0.9662,0.9708,0.9806,0.9786,0.9197,3.9437120118476825
0.9768,0.982,0.9859,0.9885,0.9884,0.9273,3.579098011589741,4.531443391005851,4.938880021184481,4.828167373691683,4.708809551187771,4.940941750200494,0.9638,0.9784,0.9847,0.9895,0.9307,15.675354250820536,0.9898,19.846335638628037,22.77078857755443,23.17346198814216,21.452902739466552,22.84159196591907,0.9799,0.9476,0.9535,0.9991,0.9599,3.3274584081538507,0.9991,4.212846187405269,6.350489594841471,6.330707013987141,5.0754316738206855,6.3539052212954505,0.9868,0.9533,0.9554,0.9998,0.9789,11.178932240563356,0.9998,14.15348181468288,30.05336467425894,29.963307228939502,18.50531404245683,30.05360965997876,0.9629,0.9642,0.9703,0.9733,0.9118,3.838559203927257
0.9823,0.981,0.9862,0.9869,0.9874,0.9389,3.729144434893208,4.721414962340539,4.920295601083308,4.882706037477872,4.704938389534707,4.9149919756763225,0.9506,0.9759,0.9925,0.9908,0.9016,13.753825596377334,0.9914,17.413516449656605,22.429220783119305,23.397867177366408,19.87902177552582,22.53962863817245,0.9632,0.977,0.9817,0.9946,0.9366,2.917841385158643,0.9947,3.6942360946711297,4.536658860452702,4.510476861827399,3.9505748979260216,4.54401160387261,0.9734,0.9752,0.9811,0.9967,0.961,7.844349051144194,0.9967,9.931615046429444,14.987949932734033,15.036838322131883,13.110923443172345,14.983123877437013,0.9511,0.9555,0.9614,0.9661,0.892,3.5695567231795087
0.963,0.9743,0.986,0.9813,0.9816,0.8961,3.279070390501669,4.151582829407296,4.67412537439545,4.902362687764676,4.454101080461429,4.699312908066869,0.9791,0.9875,0.9956,0.9958,0.956,17.305470723016867,0.9964,21.910202146497937,24.575272957223337,25.1832963626229,22.67102803830626,24.733180118990333,0.9475,0.9739,0.9859,0.988,0.9187,2.551582254967519,0.988,3.230520792791779,3.671450576384335,3.7409729665083007,3.34752326053481,3.6719276437691577,0.9264,0.9564,0.9743,0.9732,0.9021,4.356838912856492,0.9734,5.516129715758036,6.832116295205572,6.847274072278438,5.6471577805934725,6.849678649643741,0.958,0.9484,0.9541,0.958,0.9032,3.732384277696486
0.9715,0.98,0.9882,0.9852,0.9858,0.9159,3.454303586482543,4.37344300346262,4.90836220560974,4.998717185964013,4.702721285094326,4.911594320924238,0.9759,0.9754,0.99,0.991,0.9504,16.93350620384494,0.9905,21.43926333548124,25.549988268617064,26.4937367052538,23.63409087336133,25.532695339136843,0.9648,0.9809,0.9862,0.9928,0.9393,2.817612701728714,0.9928,3.567338031626459,4.153628925534213,4.208144160867881,3.794824427204508,4.151842479989704,0.9477,0.9781,0.9852,0.9909,0.9257,5.4223991958183735,0.9909,6.865219929636039,10.276838196213202,10.280198862540953,9.582412545041144,10.274766044955056,0.9629,0.9767,0.9898,0.9856,0.9094,3.848291547537236
0.9793,0.9917,0.998,0.9951,0.995,0.9323,3.6615123488946177,4.635786972236373,5.542139232678531,5.973544351381901,5.303233588186401,5.583387063235103,0.9679,0.9813,0.988,0.9925,0.9378,15.89279604943754,0.9925,20.12163550414744,23.070361527449982,23.32455045233236,20.87288744288112,23.131272866798152,0.9839,0.988,0.9895,0.9951,0.9701,3.4543017313078197,0.9951,4.373440654653168,4.671133522947648,4.60087042784866,4.420726614408185,4.686519296886154,0.9587,0.9756,0.9802,0.9844,0.9426,6.092443119256853,0.9844,7.713552693566217,8.58048624475306,8.511347179631874,7.76401850085135,8.596228300095637,0.9667,0.9866,0.995,0.9899,0.9178,3.925898439701738
0.9703,0.9627,0.9724,0.978,0.9791,0.9117,3.430671732309544,4.34352306020801,4.556021723726671,4.460005121144988,4.166082316718274,4.603084123741851,0.9609,0.972,0.9751,0.9804,0.9241,15.097129769203402,0.9805,19.114254120531264,20.317507248563523,19.319363585866267,18.978786317226703,20.36607348631987,0.9451,0.9251,0.9331,0.9579,0.9176,2.391666843783708,0.9581,3.028054240944825,2.766756492238992,2.638707560520411,2.588381981008081,2.773461412016853,0.9435,0.9719,0.9773,0.9816,0.9209,5.112145063276982,0.9816,6.472411732183946,7.960455167755292,7.954324415101081,7.23694142934147,7.972345075569349,0.988,0.9925,0.9952,0.9938,0.9603,4.774449481371272
0.9774,0.9669,0.9715,0.9787,0.9799,0.9274,3.59112576998504,4.546671559139973,4.595071086257077,4.3519875767924425,4.264513851956671,4.627104363724126,0.9759,0.958,0.9713,0.9859,0.9446,16.163424812887378,0.9859,20.46427460416084,22.41844039629659,22.350138494131112,21.03469205973003,22.57883961267293,0.9459,0.961,0.9704,0.9768,0.9174,2.518671930176772,0.9773,3.188853514252333,3.2189285043569,3.159762425534498,3.018060296728468,3.237947196007099,0.9517,0.9775,0.9834,0.9899,0.9321,5.754927249062953,0.9899,7.28622881073396,9.86927313654491,9.872849161458344,8.720693162390438,9.861357461766689,0.9563,0.9727,0.985,0.9784,0.9042,3.736891206002485
0.9757,0.9765,0.9824,0.9826,0.9823,0.9225,3.5577803075537022,4.504453359228929,4.710408164466436,4.686794808007871,4.520234692548247,4.699926358645342,0.9576,0.9705,0.9789,0.9768,0.9147,14.5002750583788,0.978,18.35858514304061,19.519795746778257,19.90454373480666,18.687994362813512,19.722866941214743,0.9581,0.9717,0.9854,0.9945,0.9295,2.80289265273253,0.9945,3.548701193930749,4.41831285158627,4.444037602999379,3.783938159275816,4.417102725652229,0.9631,0.976,0.982,0.9929,0.9486,6.488594277064646,0.9931,8.215113852292376,11.230208675445205,11.21202051518833,10.313362428900994,11.251837537260467,0.9463,0.9434,0.9487,0.9559,0.8838,3.50183907401401
0.9547,0.9239,0.9286,0.95,0.9507,0.8805,3.1280819721165773,3.9604186119441223,3.884406721444474,3.586368479151366,3.5357464122224087,3.8916576600241375,0.9659,0.9632,0.9711,0.9799,0.9271,15.024022261715844,0.9804,19.02169377975136,20.089744075091826,19.70090256216626,18.61807062879005,20.234332744108517,0.9572,0.9564,0.9624,0.9946,0.9306,2.631363291170467,0.9946,3.3315303901983806,4.470869728091795,4.455295107773836,3.6912129016300175,4.465806115317018,0.9569,0.9791,0.9849,0.9895,0.9406,6.069231914945811,0.9895,7.684165328919604,9.673173877869996,9.647827840648716,8.421198780286067,9.666523731981366,0.9757,0.9849,0.9892,0.9872,0.9369,4.220859999165587
0.9765,0.9839,0.9918,0.9879,0.9886,0.9253,3.5639787684333704,4.512301139450824,4.988947161690295,5.207662117485841,4.843368269138477,5.002344945100376,0.981,0.976,0.9771,0.9942,0.9592,17.37113976943522,0.9937,21.993344761040063,25.59077356266936,25.48062701892997,24.03456623835784,25.95375786434804,0.988,0.9895,0.9924,0.9995,0.9774,3.869207932898069,0.9995,4.898747298672221,6.802604038497172,6.814609923742374,5.913979146650116,6.787268339589145,0.9838,0.987,0.9901,0.9986,0.9757,10.060298023964302,0.9986,12.737195473446512,17.740173988019986,17.682457184039443,15.727587166278315,17.74841557709946,0.9664,0.965,0.9699,0.975,0.9174,3.904025854479217
0.9795,0.9886,0.9945,0.9911,0.9912,0.9306,3.642169105535284,4.611296776103872,5.156163414676671,5.387247820601094,4.999729566947044,5.148827523005803,0.973,0.9891,0.9896,0.991,0.9466,16.47683637648499,0.9911,20.861080378668923,22.970378412374963,22.005278065999445,21.88358142475645,22.89060770445965,0.9515,0.973,0.9847,0.9892,0.9219,2.7115579638550136,0.9892,3.4330636866751805,3.870218631467667,3.88624232768488,3.5565754322701446,3.870407147330863,0.9324,0.9625,0.9659,0.9707,0.908,4.503995472670185,0.9709,5.702442473400213,6.630292404142517,6.523439012558794,6.143829046533948,6.644715779843557,0.9724,0.9814,0.9859,0.9847,0.9287,4.108687219878171
0.966,0.9697,0.9772,0.9751,0.9749,0.9037,3.334649076375892,4.2219501867610205,4.532656202927618,4.58563039446088,4.360579057620697,4.511123740228471,0.9818,0.9927,0.9943,0.9966,0.9618,17.67130781510684,0.9966,22.373383112140047,24.8768115997851,24.049431484342083,23.613828947136945,24.860622982034748,0.8951,0.9256,0.938,0.9351,0.8536,1.9150386100605477,0.9368,2.4246022391617634,2.5161000578343105,2.493079915168538,2.367486105584075,2.529854969825609,0.9445,0.9642,0.9774,0.9798,0.9222,5.076377688160927,0.9798,6.427127184217269,7.601576180288884,7.66519935213771,6.726775086428938,7.6150769066011375,0.9688,0.9899,0.9919,0.9907,0.9243,4.003416325296626
0.9647,0.9759,0.9769,0.9804,0.9805,0.9016,3.3017461847270533,4.180292319213301,4.644953874023804,4.5256993581757765,4.494168530565657,4.650287396835892,0.9531,0.9743,0.9763,0.9786,0.9134,14.632584668593754,0.9789,18.52610039599922,19.96166279925733,19.389141769627845,19.0605676975342,19.95972354622611,0.9678,0.982,0.9912,0.9973,0.9413,3.034464788416636,0.9973,3.841891271539368,5.217295521286118,5.2603003141006734,4.940222238804879,5.212893690199831,0.9689,0.9707,0.9731,0.9928,0.9544,7.06167541247444,0.9928,8.94068345534702,11.1249273358481,11.07984091866808,10.706698272526522,11.126020317783468,0.9693,0.9903,0.994,0.9916,0.9257,4.025059518146807
0.9767,0.9748,0.981,0.9833,0.9831,0.9274,3.572709279388705,4.523354711060361,4.76734842294431,4.731183427498975,4.467220717763588,4.741235547935744,0.9498,0.961,0.9693,0.9692,0.9025,13.867915880365448,0.9694,17.55796448144612,18.527026216458005,18.834936496702767,17.629077271780186,18.53046689063269,0.9875,0.9973,0.998,0.9998,0.9755,3.809614858423284,0.9998,4.823297382910195,8.098467328316788,8.087515019378788,6.580140495151181,8.086379855455037,0.957,0.9688,0.9753,0.9857,0.9416,5.9534969403192335,0.9857,7.537634978484499,8.755491578645948,8.706889942417037,7.524337077468416,8.757995012958038,0.9547,0.9677,0.9796,0.975,0.8995,3.674735349047372
0.9836,0.9914,0.9956,0.9943,0.9942,0.9403,3.7323382568712566,4.725458613407824,5.4235098607279735,5.507370546671204,5.225592933235298,5.419494797669049,0.9487,0.964,0.9709,0.9729,0.904,14.119025421395968,0.973,17.875890580825512,18.92590113061853,18.67070346633377,18.058602204462535,18.86779569970613,0.9639,0.9565,0.9622,0.988,0.938,2.8703149700716737,0.988,3.634063599018129,3.684272881480582,3.626158071675676,3.5122965250628027,3.7052527810611946,0.9859,0.9695,0.9707,0.9987,0.9785,10.62409849881876,0.9987,13.451014968568522,18.023800213821467,17.92794851983625,17.399592003039217,18.032269850973837,0.953,0.9753,0.98,0.9775,0.8944,3.6079865066351338
0.9478,0.9387,0.9529,0.9585,0.9598,0.871,3.0543383544051363,3.867052901358583,4.126215360511644,4.103507609202014,3.826327856874851,4.132507530659813,0.9715,0.9781,0.9844,0.9869,0.9437,16.31888730099649,0.9872,20.66110337554686,21.415301728919932,21.20605462520729,20.077215788588862,21.49907917870293,0.9511,0.9745,0.98,0.9945,0.9226,2.5987882760505974,0.9945,3.2902876423052367,4.395739397518168,4.389538450566006,3.738507517623436,4.410529890571232,0.9354,0.9538,0.9563,0.9715,0.9105,4.957506126130197,0.9717,6.276625646567721,6.571848686242636,6.458738329820066,6.320973940687324,6.598320121046954,0.9862,0.9902,0.9946,0.9928,0.9543,4.632215771211611
0.9691,0.9596,0.9651,0.9724,0.9723,0.9128,3.4214447635516803,4.331840930671059,4.4356828988799055,4.279455998003279,4.1941528246563164,4.439117550245376,0.9546,0.9717,0.9749,0.9759,0.9121,14.41363887744056,0.976,18.24889634763369,19.697198984873207,19.14365661270695,18.73482458174045,19.561003469625824,0.9699,0.983,0.9877,0.9962,0.9438,3.040342398767452,0.9962,3.849332827622176,4.925284951599331,4.897655709732286,4.396932279781973,4.93820430443554,0.9528,0.9667,0.9733,0.9953,0.9338,5.851855625148758,0.9953,7.408948403154358,12.923529509462735,12.921208467379676,9.75901253029036,12.918043204433705,0.9641,0.9861,0.9939,0.9892,0.9128,3.852293838199577
0.9692,0.9781,0.9807,0.9807,0.9812,0.9125,3.3984934692484576,4.302782634265487,4.651475198064582,4.647907883665416,4.568161542878683,4.659336453686833,0.9484,0.9671,0.9798,0.9831,0.8914,13.356298591318886,0.9836,16.910213350947007,21.057904956844254,21.432351151364934,19.048923541102923,21.106781310708342,0.9405,0.9632,0.9752,0.985,0.91,2.449482660869674,0.9851,3.1012539972469546,3.566730091686582,3.567924272345049,3.227597136795429,3.568792094738817,0.9617,0.984,0.9859,0.9909,0.9463,6.664937135391518,0.9909,8.438378953535427,10.239736131817777,10.24440023456723,9.868733982889037,10.243448079470935,0.9494,0.9744,0.9803,0.9809,0.8902,3.554709324091256
0.9626,0.9465,0.9517,0.9666,0.9652,0.8965,3.262676160617149,4.1308263358940485,4.453864610918511,4.353912399085358,4.156901431615236,4.425641258103275,0.9746,0.9863,0.9946,0.9936,0.9479,16.596523829557803,0.9934,21.012614903975823,23.541398400362358,24.09179948760204,22.13634142607994,23.54010606879997,0.9339,0.9597,0.9735,0.9672,0.9019,2.286815453799359,0.9678,2.895303437070829,3.0455768154027067,3.033067681818965,2.8068646310561416,3.0504927789733958,0.9717,0.9894,0.9929,0.9953,0.9588,7.447930090836864,0.9953,9.429714826894475,13.008316984588484,12.999588069322929,11.267327165175075,13.016090637688023,0.9814,0.9854,0.9914,0.9899,0.9461,4.444670674729049
0.9702,0.9912,0.9943,0.9922,0.9927,0.9074,3.476323934176362,4.401322642048009,5.191810807319088,5.328010703949202,5.113895654976782,5.203208722917919,0.9863,0.9858,0.9935,0.9937,0.9699,19.024841806769366,0.9939,24.087072606297436,23.581971188188007,23.63613124982896,22.02653077942144,23.73672491580623,0.9537,0.989,0.9951,0.9951,0.9236,2.739636629040393,0.9951,3.4686136719984493,4.587678418357127,4.629538931359195,4.222014636164035,4.587095806793174,0.9513,0.9545,0.9637,0.9862,0.9317,5.542422028257728,0.9863,7.017179073829898,8.839916345613423,8.81951672611954,7.74979176600976,8.844925895207476,0.9682,0.9747,0.9781,0.9788,0.9177,3.991364820476472
0.9717,0.9858,0.9926,0.9893,0.9897,0.9177,3.457933715836845,4.378039056886635,5.040212951363238,5.298606264260089,4.828272722507686,5.096733175747895,0.9537,0.9453,0.9504,0.9586,0.9116,14.39672980546253,0.9598,18.227488020112403,17.336831725205844,16.63129907117091,16.322834861926513,17.40046998295033,0.9342,0.9667,0.9755,0.9786,0.9034,2.217339363377839,0.9795,2.8073407800678494,3.296148220693479,3.2523554536420187,3.1067997667149494,3.313904721336738,0.994,0.9827,0.9862,0.9999,0.9902,15.475169341884552,0.9999,19.592884467511837,39.29376003623041,39.1632839356649,29.098243300990347,39.30448106011695,0.9704,0.9856,0.993,0.9898,0.9267,4.045936506481077
0.989,0.9868,0.9902,0.9923,0.9925,0.9512,3.984831117995116,5.045136114026943,5.551770317135212,5.41306019955686,5.300374988027815,5.552192596489331,0.9712,0.9609,0.9737,0.9827,0.9352,15.4611738661706,0.982,19.57516500139981,21.68020626685373,21.257175841871263,20.753703420400548,21.65917807631437,0.9559,0.9449,0.9556,0.9882,0.9268,2.717127843551017,0.9882,3.440115629498602,3.78259665106587,3.791235038119996,3.476024114749733,3.785100143205229,0.9527,0.9835,0.9948,0.9942,0.9338,5.738687026150369,0.9942,7.265667303184464,12.174269285048728,12.22086306485592,8.973966314531731,12.16070750555341,0.9812,0.9871,0.9941,0.9916,0.9458,4.409823427216791
0.9477,0.9523,0.9729,0.9663,0.9667,0.8689,3.035707304258964,3.8434644025862696,4.226984771820208,4.390936082299865,3.995344117754052,4.235301952265628,0.9795,0.9939,0.9966,0.9981,0.9572,17.50489018970532,0.998,22.16268420243413,26.871560592189542,27.508980214859903,24.04289381608001,26.78881097821617,0.9346,0.9502,0.955,0.9782,0.9033,2.2984883773454734,0.9788,2.910082354017355,3.190047020851887,3.1789147680594025,3.014346541000928,3.20857304154533,0.9602,0.9684,0.9715,0.9876,0.9454,6.239173412983274,0.9876,7.899325761980068,9.07494778434354,9.073110109033376,8.615047233014744,9.067643091099283,0.9744,0.9865,0.9908,0.9883,0.9315,4.164137848026778
0.9738,0.9756,0.9869,0.9838,0.9828,0.9209,3.50176013518452,4.433527042312398,4.8223918092871845,4.960813214200951,4.4936913839122,4.783597695370656,0.9607,0.9436,0.9502,0.963,0.9262,15.341952440156485,0.963,19.424220506102795,18.232631355461454,16.65557346333852,16.159597151824595,18.191064082952654,0.9875,0.9731,0.9827,0.9999,0.9757,3.782626949114908,0.9999,4.789128387572125,9.311593387583075,9.346604561739628,6.181155652650366,9.294115644472056,0.9689,0.9895,0.9919,0.9929,0.9543,7.067993007460254,0.9929,8.948682069509813,11.272285928780596,11.26502642290651,10.810097030318689,11.279000556640897,0.9781,0.9909,0.9955,0.9928,0.9412,4.324017502024348
0.9635,0.9675,0.9726,0.9748,0.9751,0.8978,3.2744508276653423,4.145734068793246,4.533040040470034,4.5205674545734,4.34977987968877,4.537226269029301,0.9742,0.9829,0.9881,0.9947,0.9437,16.16558308437915,0.9942,20.46700715997678,24.528188218443525,24.973847945125364,22.918220195422244,24.612957335484115,0.9797,0.9856,0.9906,0.9947,0.9597,3.3125511584465475,0.9947,4.193972337640469,4.5259125986658,4.554970137944063,4.313579387632924,4.535324169019216,0.9488,0.9752,0.9823,0.9827,0.929,5.391118882910244,0.9827,6.825616385185136,8.137002131507966,8.2064502619178,7.652832911935955,8.132128580071676,0.9749,0.9811,0.9859,0.9871,0.9352,4.196887820213237
0.9778,0.9853,0.9965,0.9931,0.9937,0.9291,3.637506398030204,4.605393390658805,5.499086339383778,5.960604081299975,5.113925433796389,5.516357785464458,0.9727,0.9916,0.994,0.9936,0.947,16.888682678144384,0.9936,21.38251292835641,23.418889588692323,23.69518337718275,22.610227800978635,23.462150858066625,0.9342,0.9778,0.9801,0.9846,0.9008,2.381218829199052,0.9848,3.0148261632321,3.566153638259705,3.4828636690432857,3.3806172698483405,3.5775857353823306,0.928,0.9655,0.9734,0.9761,0.9032,4.46190125501511,0.9763,5.649147603079539,7.149461229397803,7.130969901759587,6.322188536019551,7.141863178349748,0.9806,0.9858,0.9879,0.9884,0.9449,4.410596558547771
0.9656,0.9691,0.9735,0.9778,0.9781,0.9043,3.315214319785236,4.1973441270713,4.553980100974632,4.45306464015578,4.350023001206792,4.554334146524877,0.96,0.9668,0.969,0.9784,0.9243,15.119806190852804,0.9784,19.142964404709595,19.8245501879106,18.912213026388876,18.646864040525926,19.88082556594578,0.953,0.9382,0.9545,0.9772,0.9249,2.534427945864749,0.978,3.2088019741510765,3.169501136264742,3.156479720206221,3.0120778280858107,3.1970794553020307,0.987,0.988,0.9935,0.9986,0.9793,10.883712514273556,0.9986,13.779708458027503,17.733045255235226,17.700515812754265,16.255420574399455,17.737726661802125,0.9758,0.9824,0.9869,0.9848,0.9338,4.205856607138575
0.9722,0.9782,0.986,0.9847,0.9846,0.918,3.470625008348121,4.394107315813134,4.84218530231219,5.005895316203194,4.573661325399441,4.8742279604355705,0.9655,0.9756,0.9798,0.9947,0.9342,15.896580383858144,0.9945,20.12642679433957,24.63829830548201,24.60003485346865,22.4991222565677,24.7227455179128,0.9625,0.9736,0.9756,0.9832,0.9378,2.6918368633399226,0.9834,3.408095091151088,3.528094699189403,3.34943598019702,3.303919055428052,3.53529226684974,0.9464,0.9716,0.9747,0.9921,0.9226,5.581864231664364,0.9921,7.0671162678868775,10.58611267562102,10.570152102042623,9.424988533532789,10.580245108931107,0.9757,0.9926,0.9956,0.9935,0.9341,4.21149408037076
0.9847,0.9813,0.9891,0.9904,0.991,0.9432,3.826194338396861,4.844288418838604,5.050301700912341,5.091744243833581,4.673843507787356,5.080295656754011,0.9829,0.9868,0.9935,0.997,0.9649,18.32251032819959,0.9965,23.19786104334089,34.294533468887046,35.1321901438958,29.02824371215305,34.338277588263566,0.9672,0.9871,0.9957,0.9973,0.9409,2.9797735562847265,0.9973,3.772647506326012,5.246920277654372,5.2656878433557655,4.290208576868545,5.245092262291052,0.9574,0.9818,0.9865,0.9889,0.9419,6.041010628578349,0.9889,7.648434773013783,9.4889714413837,9.481352898013109,9.07057342137104,9.49234525369413,0.9235,0.9586,0.9678,0.9625,0.8484,3.163954060951458
0.9746,0.9912,0.9962,0.9955,0.9946,0.9229,3.52109455455758,4.45800606652556,5.47403322016072,5.712990768477575,5.119935674008175,5.411854891126217,0.973,0.9613,0.9621,0.9799,0.9463,16.457618260748035,0.9802,20.836748604780126,20.115561728637644,18.609807004296904,18.5785957128997,20.179725519903727,0.9498,0.957,0.967,0.9767,0.9224,2.4617472107855294,0.9768,3.116781963645164,3.146171735523569,3.1146804065821727,3.009765549841376,3.157647666258557,0.9149,0.9395,0.9478,0.9588,0.8909,4.129019496382918,0.9588,5.227690900788719,5.607428953594071,5.59414199115503,5.286984110343674,5.615274281776913,0.9445,0.9623,0.979,0.9725,0.8781,3.4614283177660776
0.9851,0.976,0.9787,0.9885,0.9882,0.9453,3.9002793728017098,4.938086392081919,4.965664687592984,4.586935986535899,4.504814254583112,4.95581954845904,0.959,0.9896,0.9966,0.9941,0.9238,15.451963273543145,0.9941,19.56350360544089,23.991341183984325,24.86271417766943,21.97966836682889,23.996579716690643,0.966,0.966,0.9704,0.9813,0.9415,2.8095733359762574,0.9813,3.55715950880063,3.3969509852378126,3.2980648680981464,3.17837562663292,3.39893998474086,0.9727,0.9806,0.9838,0.9953,0.9609,7.504684460450051,0.9953,9.501570700151252,12.881358385439476,12.840315265305936,11.220461821896915,12.873597137198455,0.9514,0.9423,0.9592,0.9569,0.8925,3.5994265544248947
0.9661,0.9637,0.9676,0.9709,0.9711,0.9072,3.3354167646039867,4.222922145544012,4.412314488586679,4.320472893989402,4.219025066874,4.417637252158951,0.9468,0.9387,0.9531,0.9625,0.8926,13.3958171782858,0.9635,16.96024725310706,17.74498836512547,17.587303485516646,16.195178562486916,17.812714331645005,0.9665,0.9717,0.9851,0.9911,0.9414,2.867068590884105,0.9911,3.629953406040298,4.032084276232717,4.06454069252893,3.672618795859106,4.037487210954878,0.9689,0.9675,0.9759,0.994,0.9545,6.897837796086852,0.994,8.733251057135629,12.087694112655184,12.06287349118137,10.716956879606162,12.068463338985753,0.9785,0.9832,0.9876,0.9869,0.9397,4.294914464428819
0.9742,0.9581,0.9618,0.9735,0.9744,0.9203,3.5021192275570097,4.43398168388768,4.54390084856232,4.3414237830497004,4.265617705676968,4.550168316715864,0.9795,0.9819,0.9866,0.9955,0.9543,17.01905639099909,0.9947,21.547577170118807,24.71251138271968,24.935367546324624,22.0523765709641,24.86360215839333,0.9511,0.9822,0.9927,0.9927,0.9224,2.6197892300699404,0.9927,3.316876641541248,4.239384751877003,4.253248934841711,3.6434762204209448,4.237691675804656,0.9813,0.9916,0.9975,0.9983,0.9718,9.31575437109854,0.9984,11.794539696999829,17.206238906684558,17.25391303443563,16.585953229734482,17.210070228787213,0.9545,0.9391,0.9453,0.9625,0.8987,3.659330656361336
0.9648,0.9823,0.9842,0.9835,0.9836,0.9059,3.33300098632023,4.219863564163279,4.875886825532127,4.934937914055468,4.799480949344053,4.888678025298615,0.9835,0.9645,0.9722,0.985,0.965,18.090203968281507,0.9841,22.903741375220413,28.13074786059105,28.480216293806123,24.962356157917466,28.078910349944387,0.9746,0.9757,0.9828,0.9894,0.9519,3.0789904798654093,0.9899,3.898264595095236,3.929237116716112,3.8739209433396513,3.692137416498442,3.9632655852534926,0.9553,0.9611,0.9794,0.9944,0.9376,6.06523763683521,0.9944,7.67910823210708,12.20223910982364,12.17335919505684,9.371647410795486,12.222665513413649,0.9428,0.9617,0.9688,0.964,0.8783,3.435932834725146
0.9787,0.982,0.9925,0.9894,0.988,0.9322,3.627388987823311,4.592583886289922,5.072506108717289,5.285243831184022,4.7718933059752136,5.049458400475867,0.9776,0.9842,0.9893,0.991,0.9541,17.209305629427654,0.9912,21.78844893482861,22.40520415857689,22.229383765516825,21.51304057636872,22.452387270330146,0.9686,0.9836,0.9863,0.9956,0.9435,2.8501449605664897,0.9956,3.608526646419227,4.75383926402437,4.767560848896258,4.28098716442704,4.754857406786952,0.933,0.9719,0.9776,0.9785,0.9072,4.746361806171237,0.9788,6.009298926224156,7.413466147484909,7.388063890363119,7.218644544626509,7.440639934884075,0.96,0.9799,0.9812,0.9832,0.9101,3.8400831914509546
0.9786,0.9832,0.9878,0.9887,0.988,0.9276,3.6840640534015785,4.664339353873609,4.966022844606279,4.9186748499035176,4.733915512517108,4.943555352828926,0.9678,0.9831,0.9927,0.9967,0.9369,15.7556602320029,0.9959,19.948009861158035,26.442841264060824,26.881516618954425,22.4760308131803,26.407542635462143,0.9589,0.9767,0.9843,0.9918,0.931,2.7689460479987886,0.9918,3.505721896585529,4.142178044270602,4.117409929872413,3.674396781419882,4.138601174119909,0.9763,0.984,0.9925,0.9994,0.9641,8.430486214185079,0.9994,10.673714694185328,21.938829760923237,21.89012347785749,14.418263738232447,21.94130863182089,0.9501,0.9691,0.9863,0.9791,0.8892,3.563309282542884
0.9778,0.962,0.9683,0.976,0.9751,0.928,3.589472405234335,4.544578258328361,4.93206889592072,5.032799327406035,4.593518054845129,4.94635960942668,0.9799,0.9909,0.9926,0.9941,0.9585,17.588821766252142,0.9943,22.26894873797023,24.066752596869385,23.48841183600237,22.83567835009868,24.084698347920025,0.9738,0.9845,0.9884,0.9973,0.95,3.1597164360601484,0.9973,4.000470541816096,5.210338569344081,5.207278245828276,4.897326471526444,5.214637249811848,0.9795,0.9704,0.9819,0.9955,0.9701,8.956875975966947,0.9955,11.34016903530579,13.20846033244102,13.198358140342052,12.81253044061322,13.20964579197552,0.9733,0.9663,0.97,0.9759,0.9285,4.17302806194234
0.9736,0.9886,0.995,0.9918,0.9917,0.9202,3.495710004633693,4.42586706093986,5.499552832842438,5.866507968309397,5.1821302739514365,5.519297549510355,0.9584,0.9716,0.9843,0.9805,0.9132,14.346358378450088,0.9817,18.16371349667328,20.37887655349044,20.78618941608785,18.93793726291083,20.541798233434942,0.9792,0.9878,0.9894,0.9946,0.9588,3.3958602672958804,0.9947,4.299448775973104,4.490730465767922,4.465816399890458,4.332157790788201,4.517325332453822,0.9605,0.9839,0.9914,0.9944,0.9444,6.561791721755386,0.9944,8.307788061243429,12.194922968832124,12.223780028132644,9.787724482882872,12.191587906708843,0.9655,0.9749,0.9806,0.9787,0.9132,3.86813577978462
0.971,0.9886,0.9952,0.9906,0.9904,0.9158,3.434344357130816,4.348172916518205,5.153924699198865,5.426613685109944,4.9876690690933705,5.157568633320075,0.9777,0.9885,0.9959,0.997,0.9541,17.068075680562707,0.9969,21.609639772206137,25.26738200316953,25.669392913478745,22.82121368714395,25.22437597949072,0.9761,0.9856,0.9951,0.9961,0.9553,3.03576783225038,0.9961,3.843541036186632,4.851579274612553,4.900551702502579,4.395558766244376,4.858307365775987,0.9521,0.9731,0.9792,0.9826,0.9331,5.684730644041261,0.9826,7.197353920784996,8.20286438756564,8.182805902656142,7.73493811244767,8.206823898626686,0.9775,0.9907,0.9953,0.9923,0.9388,4.2726984683921
0.9766,0.9748,0.9832,0.9825,0.9829,0.9275,3.5735624131120782,4.524434851129145,4.885869127690205,5.056052978132824,4.639150377833821,4.939770557975182,0.9542,0.9616,0.9654,0.9693,0.9124,14.466505542530772,0.9697,18.31583005533094,18.499226435422784,17.9385667769751,17.659926713879138,18.568375569940287,0.9451,0.9714,0.9745,0.9749,0.9165,2.4940861780998507,0.9751,3.157725854880862,3.2129117217461918,3.07086511165362,3.0111579738231065,3.222973125773983,0.9579,0.9786,0.9884,0.9921,0.9425,5.846902947844667,0.9921,7.402677891208407,10.76824985322351,10.770955492624894,9.040953582716886,10.775761987450576,0.9541,0.945,0.9613,0.9604,0.8977,3.651258604245505
0.9794,0.9799,0.9845,0.9881,0.9884,0.9318,3.63535286149472,4.602666829701434,4.939110257086574,4.754821554710882,4.618692652223029,4.941367207575718,0.9851,0.9852,0.988,0.9944,0.9678,19.10410554069962,0.9941,24.18742725489929,25.820870157777296,26.35152462328464,24.029960145772893,25.84041684507542,0.9692,0.9818,0.9851,0.9902,0.9433,3.0104085337674222,0.9904,3.811434001079173,4.004714681318522,3.954242751420458,3.775040638496564,4.030928586639364,0.9833,0.987,0.9958,0.9992,0.9752,9.746945434203216,0.9992,12.340464364846124,20.57791771705267,20.581718173585354,16.577207125920697,20.58453740290296,0.9783,0.987,0.9927,0.9888,0.9402,4.29879844106331
0.9664,0.9357,0.9431,0.9641,0.9637,0.9072,3.3352074193979533,4.222657096655368,4.17962081018053,3.776607577803017,3.6671886999527032,4.1864364606964735,0.9808,0.9849,0.991,0.9937,0.9591,17.425879307830378,0.9941,22.062649686103363,23.92958465422649,24.039630158188167,22.703871809440088,24.054631756573244,0.9694,0.9896,0.9959,0.9991,0.943,3.0588190092425656,0.9991,3.8727257925967375,6.462416960541675,6.459627029745022,4.867245942440894,6.460973295205684,0.9753,0.9634,0.9665,0.9986,0.9633,8.109182022649886,0.9986,10.266916179442248,17.69124089982793,17.61588500600391,14.744492438379524,17.69615795014086,0.9547,0.9664,0.9703,0.973,0.899,3.679217079333691
0.9681,0.9833,0.9926,0.9885,0.9882,0.9103,3.3738718122586326,4.271609516211478,4.976926242866908,5.201336330945996,4.774873324574074,4.974086873965767,0.9651,0.9751,0.9901,0.987,0.9294,15.218542705531618,0.9873,19.26797325482866,21.642533605029552,22.245736024861348,19.469327661071524,21.677313825939947,0.9187,0.9216,0.9466,0.957,0.8825,2.054554097932119,0.9578,2.60124074791771,2.749384171978475,2.7718464710249675,2.459697015148957,2.76118329202139,0.9709,0.9873,0.9892,0.9904,0.9572,7.066404890135081,0.9904,8.946671377504734,10.282011374839035,10.249992033447429,9.722559744783265,10.280809557487974,0.9462,0.9371,0.9474,0.9515,0.8804,3.485570083441436
0.9671,0.9737,0.9828,0.983,0.9831,0.9081,3.394917357333374,4.29825497152738,5.057950155669909,5.278222085020118,4.551214870131253,5.103850358704976,0.9826,0.9923,0.9941,0.999,0.9637,19.20397001432408,0.9988,24.313864197262,33.731257257823,34.17334337679468,29.76362933898057,33.770201598455635,0.9572,0.9788,0.982,0.9886,0.9287,2.724269768276828,0.9886,3.449157915430152,3.8847861192416735,3.7127698709169423,3.684907567302085,3.883068061271077,0.9692,0.9818,0.9841,0.9969,0.9539,7.514130120651286,0.9969,9.513529711710584,15.305783792123524,15.239679675292097,12.751371035102482,15.309075958698632,0.9753,0.9849,0.9864,0.987,0.9358,4.209262466453072
0.9624,0.972,0.9772,0.9787,0.9779,0.8996,3.2880241291242216,4.162919026285553,5.205768712066993,5.347929595160148,4.676569155313496,5.19921932595704,0.9619,0.9464,0.9503,0.9598,0.9016,13.992037753250155,0.9579,17.715113360504855,18.01404818087247,17.837314536786007,17.530032803943246,17.996586432492208,0.9448,0.9709,0.978,0.9888,0.9137,2.645274731204281,0.9889,3.349143459970839,3.806100379767208,3.7421832031633433,3.6650153097959217,3.8065875050748734,0.9735,0.9831,0.9926,0.9966,0.9612,7.774294693348529,0.9966,9.842920253602768,15.117816368817763,15.08447686937464,12.38356516850884,15.110808787567656,0.9556,0.9837,0.9944,0.9923,0.8991,3.706534753793696
0.9752,0.9856,0.9866,0.9888,0.9879,0.9193,3.566611536191535,4.515634448016043,4.9723880301964885,4.861770943502358,4.804299297735863,4.947574404038649,0.9625,0.9699,0.9857,0.983,0.9203,14.659179292459406,0.9842,18.55977145841831,20.975611349888663,21.27900298609636,18.596814879939576,21.05835916389026,0.9534,0.9854,0.9891,0.988,0.9248,2.590779632272909,0.9883,3.2801480161201453,3.844520317211528,3.846535512077575,3.521654090970864,3.8726943266519385,0.944,0.9466,0.9559,0.9825,0.9208,5.200757532124391,0.9825,6.584602676667455,8.098149224542665,8.09009795066559,7.353285705442982,8.08770430773833,0.9107,0.9261,0.9367,0.9336,0.8319,3.031714616941981
0.978,0.9706,0.9805,0.9827,0.9825,0.9296,3.612934713343872,4.574283541803814,4.893856047299558,4.831616642562701,4.534740620427659,4.892551305870668,0.9713,0.9857,0.9935,0.9966,0.9438,16.5098694089219,0.9959,20.902903015555765,26.954052385669623,27.767445107331675,23.73820012565857,26.94131740273168,0.9571,0.9782,0.9866,0.9883,0.9294,2.6474770568707067,0.9883,3.351931792129851,3.834819833536634,3.8410730417662378,3.320512221694916,3.830639334931095,0.953,0.9721,0.9825,0.9962,0.9328,6.255153712927084,0.9962,7.919558184878848,14.541877183347005,14.524120942699453,11.5335774027859,14.540247804304869,0.9605,0.9749,0.9801,0.9789,0.9066,3.768541899666741
0.9757,0.9896,0.9916,0.9918,0.9918,0.9246,3.5444542390305958,4.487581419723059,5.1652975131738375,5.224846267565262,5.01405313564585,5.185693966130476,0.9651,0.9731,0.9794,0.9873,0.9312,15.440719420815324,0.9871,19.549267928751416,22.59537186854259,22.29934777658,21.68748730651544,22.647946028262904,0.9488,0.9701,0.9726,0.9738,0.9189,2.584365991074393,0.974,3.272027799259029,3.067344854482017,3.0224625184634597,2.9951508626777943,3.071621384161352,0.9331,0.9591,0.9628,0.9615,0.908,4.709012758780072,0.9624,5.962011846235565,5.856558124135591,5.784659343678048,5.603227926184644,5.891755942721916,0.9626,0.9838,0.9901,0.9867,0.9136,3.8617268711774617
0.9772,0.9697,0.9822,0.9807,0.9804,0.9287,3.5849225618371445,4.538817768471546,4.649894790336636,4.676873665885587,4.312915700538688,4.638929885653793,0.9757,0.9692,0.973,0.9918,0.9501,17.020824329046278,0.9922,21.549815530497227,23.319118514260577,22.532636181804044,21.669777571744763,23.431709486546847,0.9607,0.9875,0.9927,0.9962,0.9342,2.798748585468654,0.9962,3.543454451272692,4.9335910212553,4.944110101819685,4.046645732547169,4.93022624725373,0.9415,0.9553,0.974,0.9879,0.9171,5.049066787597855,0.9879,6.392549254398582,9.206986744949416,9.19459208322181,7.2125206785142,9.209986899831993,0.9728,0.975,0.9816,0.979,0.9316,4.116275645756319
0.9684,0.9704,0.9892,0.9793,0.9804,0.9095,3.372308068462588,4.269629683173414,4.645179140862929,5.022782403953416,4.362405925588199,4.681266940242695,0.9634,0.9785,0.9805,0.9866,0.9262,15.115149223825403,0.9856,19.13706828719895,22.15445617852467,22.30774004716424,21.438553606533397,22.19104525930777,0.9697,0.9652,0.9682,0.9965,0.9435,3.0447591754947867,0.9965,3.854924843723949,4.906851737296329,4.858088535314589,4.697423382618227,4.9164700638885765,0.965,0.9831,0.9966,0.9966,0.9494,6.942119560842294,0.9966,8.789315548690023,14.883027597090878,14.998033523758396,11.494425542190832,14.868138184454722,0.9767,0.974,0.9801,0.9821,0.9368,4.249873063987387
0.974,0.97,0.9758,0.9781,0.9771,0.9222,3.5199727304276105,4.456585741481888,4.561813034122057,4.480185311700327,4.318342623769319,4.535705875456461,0.9627,0.9764,0.9781,0.9858,0.9263,15.156789122880031,0.9853,19.189787951416648,21.05927032268505,20.455632870429984,20.044281382217587,21.03901675109457,0.988,0.9831,0.9851,0.9997,0.9768,3.949904034038642,0.9997,5.000915446347779,7.169048664829761,7.142802400634545,6.787256806326579,7.158161166506848,0.9591,0.9776,0.9866,0.9929,0.9434,6.184632849719618,0.9929,7.830272756406451,11.190612309864932,11.213913567677762,9.235118581510925,11.187641477084584,0.9554,0.9634,0.9722,0.9698,0.9011,3.677929017299889
0.9791,0.986,0.9899,0.9872,0.9871,0.9323,3.635223435711576,4.602502965619546,4.911786180463798,5.016357937616451,4.821531707510808,4.905668979706012,0.9848,0.9874,0.9923,0.9938,0.9669,18.543345474797984,0.9939,23.477457176868008,23.751206185988664,22.977282095196077,22.299118033772668,23.84348732611658,0.9878,0.9914,0.9974,0.9974,0.9768,3.767120095475177,0.9974,4.769495388080769,5.355933556092951,5.373184047723241,4.976611605752593,5.367540696610586,0.964,0.9832,0.992,0.9936,0.9489,6.569644030641814,0.9936,8.317729754120327,11.653173708193076,11.670874743516915,10.79242393970446,11.655882390290364,0.9595,0.9484,0.9574,0.9624,0.9032,3.7291235683636295
0.9859,0.9849,0.9921,0.9904,0.9902,0.9458,3.819955053226458,4.836388951582198,5.148042117955335,5.333754484163839,4.822525747819611,5.1571783169249015,0.9709,0.981,0.9825,0.9895,0.939,15.825239247014023,0.9888,20.03610282947124,21.964661713057787,21.225227561861647,21.073284473881507,21.9276089748424,0.9538,0.9421,0.9511,0.9926,0.9265,2.50085954796792,0.9927,3.166301518923622,4.115449233266239,4.104072475111514,3.4605543675138573,4.12362873391355,0.9617,0.9868,0.9936,0.9958,0.9471,6.479633069144544,0.9958,8.203768198646266,13.713636091218234,13.714108034373249,10.40778689892114,13.714761495923131,0.9461,0.9699,0.9729,0.9723,0.8854,3.5115822292749868
0.9779,0.9745,0.9821,0.982,0.9815,0.9281,3.5942811656465468,4.55066655921263,4.698612333426565,4.7144996786390365,4.446058061254299,4.699696739730623,0.962,0.9654,0.9717,0.9736,0.9227,14.878529297774731,0.9736,18.83748727639384,19.418417454694637,18.74477011500055,17.945189202469354,19.350469282381454,0.9756,0.9864,0.9915,0.9974,0.9541,3.101159960151996,0.9974,3.926333048264548,5.243764133565189,5.263431340576069,4.5485957455621335,5.246063197746426,0.9853,0.9928,0.9955,0.9993,0.9778,10.421503161594815,0.9993,13.194511989622644,21.384168755311684,21.33050179272448,16.62746691352169,21.382109337265668,0.9829,0.9866,0.9897,0.9904,0.9482,4.475836442547857
0.952,0.9342,0.9526,0.9613,0.9606,0.8806,3.1943045179634115,4.044262003977953,4.099942916682293,3.917269777355236,3.673773051446614,4.088156681627485,0.9819,0.9773,0.9797,0.9906,0.9628,17.887723066385007,0.991,22.64738328116077,22.453254089860152,21.294149280159296,21.04300650222615,22.48318022888048,0.9364,0.9389,0.9433,0.9592,0.9055,2.3013652275093093,0.9593,2.9137246917291515,2.8531871472025903,2.650813724545161,2.597831467314181,2.860967309118715,0.9525,0.9903,0.9937,0.9933,0.933,5.867511310079368,0.9933,7.4287698357557455,11.440213558342696,11.466852841875568,9.999272401157352,11.424868452135213,0.9719,0.9869,0.9942,0.9929,0.9254,4.272834259078422
0.9694,0.979,0.9819,0.9824,0.9829,0.9131,3.402883935275018,4.308341338775692,4.9372830414696685,4.917221706056601,4.847909948067167,4.945720307039572,0.9643,0.9934,0.9962,0.9977,0.9318,15.680001585330729,0.9976,19.85221956055021,27.219391625782883,27.861128694092915,24.092193492846185,27.2121248491065,0.9559,0.9817,0.9854,0.9853,0.9279,2.6670660780409525,0.9854,3.3767331639365867,3.6558196366564912,3.5472533766512937,3.452776641406893,3.659727179758108,0.9551,0.9773,0.983,0.9888,0.9376,5.9727680090411495,0.9888,7.562033795369303,9.390459249827346,9.257191384699652,9.148213441594455,9.392827822833976,0.9409,0.9345,0.9409,0.9449,0.876,3.5113806738217264
0.9631,0.9752,0.9798,0.9788,0.9784,0.8964,3.3139882029622174,4.195791758581732,4.597877775110392,4.619573909669701,4.459626601999361,4.584752293927195,0.9718,0.9845,0.9889,0.9935,0.9446,16.3338956113831,0.994,20.680105176752456,23.60082217526084,23.12173823669421,22.538893669357837,23.718437193600625,0.9697,0.9883,0.9904,0.9984,0.943,3.117543479273871,0.9984,3.947075981038625,5.708779631943097,5.69602678379163,5.082898307046694,5.701666377503428,0.9644,0.928,0.9499,0.9969,0.9493,6.715190024473399,0.9969,8.502003397842806,15.16653467760398,15.161868062798655,10.677035903879316,15.162618285705776,0.9826,0.9873,0.9893,0.9884,0.9472,4.447015070092054
0.9731,0.9909,0.9959,0.9934,0.9936,0.9177,3.6622545529539856,4.636726665887876,5.344128488361297,5.652281806510897,5.125922313963335,5.408301774069047,0.9389,0.9675,0.9742,0.9708,0.8718,12.661066259051692,0.971,16.029989912789063,18.76617351791968,19.102079396877983,18.19600112564573,18.78797196416597,0.9751,0.9692,0.9787,0.993,0.9527,3.1400281989074093,0.993,3.975543554112088,4.235822985303767,4.141778165819173,4.004989666899339,4.248225186627276,0.9717,0.9799,0.983,0.9986,0.9582,7.7161435955436275,0.9986,9.769296003309965,17.69234348514547,17.656906574645365,13.760439946190752,17.694016884737234,0.9653,0.9878,0.9892,0.9884,0.9136,3.924009870360584
0.952,0.9663,0.9778,0.974,0.9753,0.8805,3.1925564378973013,4.042048785497522,4.471747016189372,4.604247978279783,4.299463793219063,4.495844796928351,0.9799,0.9859,0.9962,0.9938,0.9567,17.264594811575247,0.9939,21.85844975576885,24.146874103653197,24.591964994290574,21.07629305776449,24.373601376531077,0.9589,0.9791,0.9867,0.988,0.931,2.764154555098279,0.9883,3.499655457844047,3.80244434665561,3.7927809823460086,3.56697472639427,3.815860952569075,0.9608,0.9254,0.9288,0.9937,0.9454,6.410048305710867,0.9937,8.115667952339743,11.540440967078696,11.511894245016572,10.10794397750604,11.54386544152268,0.9704,0.9731,0.9767,0.9812,0.926,4.042370895441922
0.9781,0.979,0.9836,0.9877,0.9871,0.9291,3.6009403358738963,4.559097636768649,4.893355370555803,4.757767879678553,4.602386452804036,4.876681228817398,0.959,0.9715,0.9752,0.9867,0.9201,14.894904300849078,0.9866,18.858219427125302,22.583462364034997,22.70887737328079,21.35842342686105,22.69470338405972,0.9829,0.9812,0.9837,0.9982,0.9671,3.5486486008779554,0.9982,4.492891839614092,5.570626375730474,5.5493155417598485,5.348538683207028,5.592568485094448,0.9686,0.9786,0.9879,0.9962,0.9532,7.006961887123289,0.9962,8.871411465016426,14.525547440088138,14.53388879440171,11.781615661327328,14.51884555831366,0.9698,0.9665,0.9743,0.9752,0.9204,4.0377903784496105
0.9415,0.9618,0.9735,0.9679,0.9674,0.8598,2.964881276398866,3.7537926096321335,4.25398777770811,4.41532798573757,4.128029432604216,4.253775491747106,0.9587,0.9602,0.9721,0.9729,0.9172,14.589932273624328,0.9729,18.47209882558429,18.88273197580019,18.80095094921918,17.565784196469828,18.905235300875187,0.9213,0.969,0.9757,0.9746,0.8827,2.202028230317355,0.975,2.787955579525401,3.1576350704041154,3.0993208904983143,3.0153909311655696,3.166103027873237,0.9676,0.9578,0.9644,0.9857,0.953,6.6956782794048975,0.9857,8.477299864172773,8.779635025221257,8.576886112055139,8.462050768288169,8.799308800490557,0.9359,0.9321,0.9415,0.9467,0.8685,3.320268010715016
0.9783,0.9907,0.9983,0.9967,0.9974,0.9301,3.61065011927999,4.57139105083587,5.699916519695142,6.193937705719669,5.111321599290352,5.771397399757726,0.9709,0.9804,0.9875,0.987,0.9369,15.60736440465195,0.987,19.760254693630586,21.37279341668096,21.47784036661664,20.41982572682666,21.376170007779724,0.9599,0.9777,0.9805,0.988,0.9325,2.825141840831103,0.9883,3.576870563989364,3.807768880594848,3.706050817403372,3.6003350276105,3.8151866007728334,0.9531,0.9545,0.9621,0.9898,0.9352,5.69426872608193,0.9898,7.209429946276922,9.791103804326744,9.701520698651288,8.46440862522694,9.797334429839433,0.9479,0.9439,0.946,0.9558,0.8849,3.524830503168073
0.9765,0.9706,0.9775,0.9817,0.9816,0.9255,3.55924695634358,4.506310261706675,4.748165206756607,4.617676518048552,4.389831192011467,4.747656795122856,0.9537,0.971,0.9765,0.9803,0.9095,14.232239984842844,0.9809,18.019229875708103,20.31888338735427,19.87493280015609,19.00005850475784,20.358082746466245,0.9572,0.9775,0.9842,0.9867,0.9286,2.7463899896665334,0.987,3.4771640026340744,3.6806002427073694,3.56308127906416,3.4754247430793046,3.681000238844493,0.9531,0.9728,0.9802,0.983,0.9355,5.583328413536211,0.9832,7.068970047035962,8.339120118614723,8.318296584657114,7.795806772189708,8.353962805930953,0.9764,0.9849,0.9894,0.988,0.9372,4.231476581089675
0.9594,0.9606,0.9803,0.9748,0.9756,0.8905,3.234894653858736,4.0956525784878695,4.683040284409684,4.750434224328695,4.430377309170804,4.679206654135593,0.9598,0.9631,0.9742,0.9795,0.9215,14.887503892895149,0.9799,18.84884987937752,20.2562235982,19.880867687087843,19.11248174934056,20.30054560486849,0.9838,0.9875,0.9908,0.9959,0.9696,3.5309110652477864,0.9959,4.470434606438642,4.775597887471171,4.790787057973689,4.410981914583104,4.767775079279009,0.9909,0.9748,0.9771,0.9995,0.9851,12.772430567660654,0.9995,16.170986627214297,24.9281826295312,24.87090777385577,20.27716769210815,24.927768112839548,0.9556,0.9768,0.9855,0.9811,0.8973,3.655913442555556
0.9708,0.9815,0.9881,0.9843,0.9847,0.9151,3.426186083827964,4.337843846590387,4.954104363140149,5.087613211438058,4.859939768177704,4.966381913723798,0.9878,0.9938,0.9952,0.9996,0.9717,19.59821896485562,0.9995,24.813016999312143,32.719327519949374,33.08287500002259,29.32884383818216,32.79928183535763,0.9767,0.9908,0.9972,0.9984,0.9553,3.1749816458078017,0.9984,4.019797599527096,5.702625209034826,5.731863658818127,4.62489725633086,5.691126456022146,0.97,0.9942,0.9971,0.9982,0.9547,7.485590988426997,0.9983,9.477396735836768,17.226377581777182,17.205438332658048,13.780469473520466,17.224803642031357,0.9824,0.9828,0.9869,0.9875,0.9469,4.430502817347616
0.9717,0.9779,0.991,0.9857,0.9856,0.9144,3.4428554072520767,4.358948631991104,4.82804912403428,5.088809768790105,4.573794538363845,4.808162217947357,0.9727,0.95,0.9608,0.9681,0.9407,15.851086395448249,0.9681,20.06882752423213,18.27278268982572,17.55297556533573,16.71058005727892,18.239138586314684,0.9383,0.9698,0.9763,0.9852,0.9053,2.483163544854597,0.9853,3.143896869457354,3.600050950710864,3.572722728829154,3.278702365983573,3.599707199476547,0.94,0.96,0.9706,0.9727,0.916,4.916134779994809,0.9734,6.224245993254189,6.8323265047788055,6.745416037734379,6.523160977534496,6.868137157483531,0.9689,0.9889,0.9965,0.9939,0.9233,4.020071561829142
0.9587,0.9601,0.975,0.9711,0.9724,0.8893,3.195486737779616,4.0457587951123415,4.356050244586269,4.468654701511039,4.112322268299152,4.393389867821095,0.967,0.9897,0.9975,0.9964,0.9371,15.970588065827991,0.9964,20.220126832801768,25.191852908189087,26.20692590231228,22.25867871750957,25.323540128435003,0.9852,0.9823,0.9974,0.9995,0.9724,3.614868291172132,0.9995,4.57673161627467,6.781524073653326,6.841708570053927,5.724568566500189,6.772438872789965,0.9795,0.991,0.9923,0.9977,0.9705,8.840999203606907,0.9977,11.193459156844328,16.134450291972986,16.099629760452277,15.172496132977615,16.152432485631046,0.9595,0.9673,0.976,0.9748,0.9021,3.721553797520981
0.9646,0.9853,0.9871,0.9877,0.9879,0.9024,3.3733038147614702,4.270890382928094,4.972286125701924,5.003729506507487,4.88950765925167,4.983123608947692,0.9734,0.967,0.9739,0.979,0.9405,15.89549664963804,0.979,20.125054694370974,19.915199222894543,19.04795746309707,18.40634950745393,19.976412509393707,0.9364,0.9353,0.9391,0.9491,0.905,2.3231397964516862,0.9493,2.941293153449513,2.693085068280143,2.523244101975957,2.497103309659219,2.687464907896374,0.9636,0.976,0.9803,0.9876,0.9488,6.612051340110217,0.9876,8.37142102538439,9.124323119783954,8.901141697593332,8.87191560576636,9.12549295040633,0.958,0.9896,0.9983,0.9975,0.9016,3.7057561532157295
0.9745,0.965,0.9731,0.9778,0.9782,0.9226,3.5242486992862765,4.46199948281057,4.552690927464138,4.400678209275311,4.176474785500061,4.5644096068845945,0.9799,0.9859,0.99,0.9962,0.9586,17.89677882421958,0.9957,22.658848643064005,33.351530902717855,33.78535545733128,30.449034544597453,33.32319146194115,0.9666,0.9767,0.9815,0.9848,0.941,2.890364033189869,0.9848,3.659447423173997,3.5830085713146693,3.446502129765339,3.4116925323530505,3.589728660069869,0.9561,0.9714,0.9743,0.9794,0.9406,5.761528272181425,0.9794,7.29458626909001,7.637520761969686,7.590239269199516,7.295754714102749,7.659375748195163,0.9775,0.9923,0.9946,0.9931,0.9402,4.304294829953589
0.9641,0.9794,0.9827,0.9835,0.9838,0.901,3.3135232736324367,4.195203118390293,4.818379091108644,4.7791189446302536,4.685764680529271,4.81660570595715,0.9704,0.9614,0.9684,0.9843,0.936,15.55179094244628,0.9836,19.689893949886844,21.146936941978325,20.987017948631625,19.41023595690924,21.128891878307943,0.9379,0.9717,0.9788,0.9806,0.9061,2.407404114181339,0.9807,3.0479789677069578,3.309137344914769,3.328742980246085,3.139518553853037,3.3150343326367997,0.9387,0.9548,0.9573,0.9801,0.9142,4.977392832098817,0.9801,6.301803912722649,7.692668046953695,7.655506722211041,7.357301866219598,7.7040541193959635,0.9594,0.9538,0.9581,0.9702,0.9044,3.7396347422672314
0.9582,0.9321,0.9376,0.9597,0.96,0.8911,3.224264486020854,4.0821938792183134,4.079522620900853,3.712164137076064,3.6330495736054855,4.082549315476352,0.951,0.9747,0.9876,0.9877,0.9082,14.34330678481706,0.9879,18.15984991882333,21.56090601850889,21.953372828733052,19.67298679669407,21.5971852307791,0.9619,0.953,0.9628,0.9851,0.9366,2.7461998219277715,0.9852,3.476923234054895,3.500552899267478,3.443483744729919,3.3338578706045965,3.5113204874151784,0.9727,0.9899,0.9918,0.996,0.9599,7.948309517822727,0.996,10.063237865399714,14.202831033441129,14.156156509857924,12.568293326472167,14.207642217795046,0.954,0.9664,0.972,0.9703,0.8996,3.7003098919717328
0.962,0.955,0.9695,0.9705,0.9713,0.8946,3.2735795846825337,4.14463100085724,4.465030615984782,4.479982724122047,4.175663920652759,4.465887594907975,0.9658,0.9804,0.9854,0.9851,0.9341,15.665049045248978,0.9856,19.833288369307944,21.067784474635356,20.98307698422269,20.23365333926247,21.14399265910521,0.9532,0.9803,0.9938,0.9946,0.924,2.6032997308741543,0.9946,3.295999528953166,4.505961083979719,4.5660460908266485,3.6970629927510994,4.503041968591265,0.9569,0.9626,0.9725,0.9921,0.9411,5.929263270844526,0.9921,7.506953085721185,10.75589196819194,10.708757068778858,8.823849983657588,10.767446353935751,0.9836,0.993,0.9938,0.9939,0.9496,4.483945022545713
0.9497,0.9429,0.9559,0.9612,0.9607,0.8732,3.058528599288175,3.872358108821596,4.137274115201611,4.080478006091688,3.8199378053496194,4.137196611897158,0.9747,0.9784,0.9866,0.9938,0.9452,16.341123215284064,0.9936,20.689255939828456,23.60153836574188,23.53835764272256,20.76257723681389,23.66703262840715,0.9794,0.9847,0.9876,0.9973,0.9593,3.314472345177069,0.9973,4.196404723924589,5.247917604721654,5.243939568208317,4.943377594435274,5.247805300425782,0.9214,0.9574,0.9737,0.9719,0.8968,4.261854911263267,0.9718,5.3958718673065125,6.624065688117442,6.697111807479863,5.764099042774697,6.61924163464144,0.9596,0.9663,0.9699,0.9724,0.9032,3.727966734140048
0.9626,0.9588,0.9644,0.9718,0.9723,0.8992,3.2885675332875444,4.163607022310406,4.421422194384394,4.280963211635252,4.139081391362652,4.435444770632325,0.962,0.9691,0.9848,0.9891,0.9213,14.74877743031091,0.9899,18.67321034394168,22.206366306791235,22.76577180239864,19.676344023229376,22.34893209418401,0.981,0.9924,0.9973,0.9991,0.963,3.351569224806028,0.9991,4.243372538015525,6.426206625587914,6.431417092174549,5.2353006515117775,6.413338835611507,0.9744,0.9805,0.9914,0.9981,0.9612,8.185165539783185,0.9981,10.363117793766332,16.88745385104307,16.885593676096175,12.941383785065002,16.896111805201997,0.965,0.9923,0.9949,0.9937,0.913,3.9374396821835775
0.9787,0.9801,0.9887,0.9862,0.9862,0.9298,3.624134369236432,4.588463261529717,4.9303135736713966,5.092804422422073,4.695683490606438,4.964046727498594,0.9644,0.9631,0.9699,0.9852,0.9198,14.615435533050498,0.9847,18.50438812752618,21.052196332760555,20.445097199673597,19.65173151045057,21.09329998194841,0.9776,0.9778,0.9807,0.9924,0.9579,3.0874140488615307,0.9926,3.908929552001291,4.142060393451741,4.0481861103321,4.001008223143125,4.151439298248473,0.9631,0.9833,0.9885,0.9936,0.9484,6.436590572546878,0.9936,8.149272726293095,11.667885787612873,11.657526047663334,9.942907574378422,11.66629238799631,0.9664,0.9763,0.9875,0.9817,0.9171,3.91433902612066
0.9664,0.9714,0.9789,0.9778,0.9782,0.905,3.3231810504017294,4.207430687618994,4.609124192803559,4.662808382512236,4.3954785611020615,4.6291607352484485,0.9646,0.971,0.9817,0.981,0.9309,15.450762748951057,0.9814,19.561983638898774,20.32618161325888,20.421970349920585,19.230108402642927,20.39887801396471,0.9577,0.9738,0.9793,0.9813,0.9307,2.6416294698289637,0.9817,3.3445282481174115,3.423909361829105,3.3648440555259422,3.2176684977461383,3.436349107081073,0.9588,0.9703,0.98,0.9844,0.9433,6.103763929612583,0.9844,7.727885805177352,8.547857883734416,8.50863139227232,7.969232750231782,8.556046041577947,0.9627,0.9734,0.9751,0.9754,0.9132,3.848168289082617
0.9925,0.9849,0.9851,0.9917,0.9912,0.9617,4.127714326628991,5.226038444545155,5.902762216332201,5.874624749088362,5.619639173466048,5.946576823893006,0.9667,0.9831,0.9878,0.9921,0.9359,15.849917883897,0.9922,20.067348088930544,23.08854915682295,23.02354195977654,22.05116806164129,23.178501217983406,0.969,0.9807,0.9856,0.988,0.9435,2.9149676522705983,0.988,3.690597703696399,3.7016743711583606,3.733640811908401,3.529801015340749,3.7158363417538895,0.9761,0.9892,0.9952,0.9976,0.9641,8.10431022239824,0.9976,10.260748064743757,15.928610640176048,15.909504714190575,12.108215279723304,15.91746848454096,0.9819,0.979,0.9891,0.983,0.9513,4.677906378162577
0.9739,0.9792,0.9855,0.9837,0.9838,0.921,3.5023213137234217,4.434237542212944,4.831111936940277,5.002164652024639,4.669581994501485,4.828800432874475,0.9799,0.9883,0.9931,0.992,0.9544,17.021135219914186,0.9921,21.55020914485597,22.92214176684015,23.05137726048157,21.80971429423633,22.933194846906023,0.9552,0.9453,0.9471,0.9932,0.9267,2.621937742496385,0.9932,3.3195968415480035,4.177001303177431,4.149808556362477,3.9644950877701657,4.18584276487108,0.9483,0.9655,0.9707,0.9756,0.9272,5.290203250095651,0.9756,6.697848585620534,7.059291318028136,7.022025550658723,6.684904792814292,7.05178363675691,0.9866,0.9934,0.9937,0.9938,0.9574,4.6692887943408685
0.9834,0.9826,0.9911,0.9888,0.9886,0.9395,3.7376728274090856,4.732212634764384,4.995113772986177,5.189435567275753,4.713711388655581,4.98017857347413,0.988,0.9856,0.9915,0.9985,0.9725,19.315384752763958,0.9985,24.45492476015498,32.48388307627128,32.735514331768044,30.763685838742195,32.666318141596875,0.9722,0.9836,0.9904,0.9949,0.9475,3.0805611916795304,0.9949,3.9002532502385776,4.59556649667868,4.6108007783509874,4.035483967228995,4.602050538015749,0.9718,0.9874,0.9923,0.9953,0.9588,7.467960281198801,0.9953,9.455074756531014,13.106727119053176,13.060857385977442,11.740586244041856,13.09095890522898,0.9699,0.9962,0.9982,0.9976,0.9254,4.033952695469373
0.9627,0.9576,0.964,0.972,0.9721,0.8995,3.292196682441224,4.168201834716818,5.4406472674511335,5.522414409534672,4.706413000438834,5.468565623680387,0.9745,0.9667,0.9787,0.9883,0.9413,15.963465503326894,0.9881,20.21110906109836,21.950737821359198,22.18572052925421,19.584597115576702,22.108148172948795,0.9765,0.9848,0.99,0.9982,0.9552,3.1176528560855763,0.9982,3.947214461412431,5.5855516376442615,5.557173014798287,4.409782404405029,5.596720184083226,0.9477,0.9563,0.9742,0.9928,0.9255,5.505386390550176,0.9928,6.970288797235591,11.098363112806734,11.08391194491548,9.101366930492638,11.103251869146217,0.9606,0.9707,0.9809,0.977,0.9109,3.822120510972138
0.9747,0.9725,0.9803,0.9824,0.9823,0.9228,3.5244633198388597,4.462271210737949,4.83115196083729,4.81809787222006,4.523194645001544,4.837989702744682,0.9823,0.9824,0.986,0.9957,0.963,17.871880294734964,0.9955,22.627324980813498,25.80846844887972,24.91698079982769,24.638382146262312,25.83238550131513,0.9751,0.9734,0.9807,0.9973,0.9537,3.027230514017369,0.9973,3.8327320630435056,5.173238112478084,5.198450031393921,4.157343100244998,5.175154472026115,0.9625,0.9743,0.9778,0.9924,0.9475,6.513173017638266,0.9924,8.246232634502563,11.017528703084926,10.97031260468776,10.488395654892262,11.018064826082346,0.9589,0.9785,0.9835,0.9804,0.904,3.748593563873662
0.938,0.8936,0.899,0.9289,0.9272,0.8557,3.005119708445668,3.8047378970683736,4.025088958096676,3.893492285270413,3.7807135449110025,4.02037269446853,0.9598,0.9815,0.9927,0.9891,0.9184,14.60893629049692,0.989,18.496159532047493,21.843006604845257,22.765624263304264,20.560432441500907,21.82551636611873,0.9601,0.9828,0.9871,0.9897,0.9339,2.768892776879238,0.9897,3.505654450803983,3.900797478370582,3.9346449019724754,3.604026942526095,3.909962235724738,0.9748,0.9824,0.9928,0.9965,0.9624,8.01074275719645,0.9965,10.142283672198806,14.96741348166667,14.962637809393597,13.61824522247892,14.981540631862574,0.931,0.9603,0.9759,0.9659,0.8602,3.237644732771541
0.9596,0.9836,0.9882,0.9877,0.9877,0.8931,3.2246565451616944,4.0826902595344965,5.037634986222988,5.173380526467025,4.761669830422836,5.047796242407324,0.9701,0.9328,0.9386,0.9672,0.9173,14.761481850252377,0.9658,18.68929522331461,18.856965434650174,17.68324398252973,17.43456637367118,18.77985420864507,0.98,0.9426,0.9452,0.9995,0.9597,3.3944434517484465,0.9995,4.297654966631224,6.71661327488432,6.691350906026665,6.159723979810679,6.7127304999239366,0.97,0.9722,0.979,0.9967,0.9548,7.458355368289693,0.9967,9.44291411745876,15.037988898952223,15.03020073030824,12.19859677866263,15.039427099841827,0.9666,0.9921,0.9967,0.9947,0.9192,3.959401587320846
0.9726,0.973,0.9841,0.9812,0.98,0.9148,3.487416044392824,4.415366199773988,4.6576174850085446,4.801988967966178,4.399776196553786,4.619612654161148,0.9562,0.9765,0.9809,0.9839,0.909,14.11864630982275,0.9839,17.875410593234406,21.28772266163848,21.483755077474814,20.62947666632823,21.37438441533947,0.9706,0.9891,0.9933,0.9962,0.9458,3.039327818050785,0.9962,3.848048281887945,4.850206631809858,4.901675928744996,4.431567244103276,4.850368124129193,0.9545,0.9814,0.9835,0.9857,0.937,5.780316805567884,0.9857,7.31837415507834,8.760746881278404,8.645062611559299,8.582540504685753,8.784958339590462,0.9664,0.9795,0.9906,0.9855,0.9174,3.908961235123273
0.9662,0.9668,0.9737,0.9759,0.9753,0.9039,3.338979068545245,4.227432326209391,4.4953948233495655,4.423854450558257,4.21678331583373,4.481063700977375,0.9598,0.982,0.9879,0.9884,0.9216,14.89893123973346,0.9884,18.863317875263498,21.782690577073662,22.06824015834475,20.539080363871904,21.802935118035183,0.9619,0.9571,0.9749,0.9944,0.9368,2.726434676800185,0.9944,3.4518988742942383,4.329813067479951,4.372028808897841,3.742615454815653,4.330675919747371,0.9408,0.9776,0.9808,0.9825,0.9156,5.131633948037964,0.9825,6.497086322754599,8.1962191078777,8.174035745866762,7.641107960237713,8.191390698025156,0.9623,0.9835,0.9897,0.9884,0.9107,3.824849481792092
0.9831,0.9782,0.9857,0.9874,0.9869,0.9404,3.735352760232932,4.729275231810336,5.193650364362428,5.360594830860848,4.840246630180893,5.254068970590777,0.9889,0.9809,0.9856,0.9952,0.9626,18.032562972968037,0.9949,22.830762958195105,24.3882157557866,24.19962191957473,22.74740638634318,24.545610316152143,0.9593,0.953,0.9668,0.9867,0.9325,2.726263584299064,0.9871,3.4516822565930894,3.579620361573077,3.5122457041038504,3.404751060349968,3.586543240987023,0.9617,0.9804,0.9851,0.9902,0.9466,6.509340619625664,0.9902,8.241380491702987,10.004729521692694,9.979805502214797,8.784886150362974,10.006326658300493,0.9769,0.9908,0.9912,0.9924,0.9369,4.406739230391899
0.9928,0.9977,0.9986,0.9982,0.9982,0.9626,4.172749161443921,5.28305638703411,5.952004781759969,6.155610840559392,5.743756041479174,5.95661669498377,0.9552,0.9855,0.9864,0.9861,0.9148,14.662385840365296,0.9862,18.563831221595805,21.586879468251087,21.62353971802516,21.217793660300536,21.571169261541037,0.969,0.9932,0.9976,0.9982,0.9416,3.1232170309608542,0.9982,3.9542591814461754,5.598175074491871,5.599763698108669,4.594365226896365,5.602410612059719,0.9506,0.9741,0.9846,0.9888,0.9301,5.69697672131452,0.9888,7.212858499241905,9.342409899667995,9.359226206491874,8.39319913469312,9.340594786213249,0.9757,0.9847,0.9852,0.987,0.9356,4.202046947910548
0.9545,0.9681,0.9729,0.974,0.9732,0.8834,3.1304124911378803,3.9633692478257054,4.429346375671808,4.421990293050363,4.314425879934831,4.416594429639371,0.9794,0.9904,0.9949,0.9957,0.957,17.676064834252152,0.9959,22.379405904166724,24.468896732398697,24.36238948347515,23.20746288915126,24.521375588959245,0.9315,0.955,0.9739,0.9891,0.8969,2.3853289128784625,0.9888,3.0200298797733165,3.890877592143168,3.930143670742247,3.392997913360772,3.8882261943597416,0.9588,0.9785,0.9825,0.9873,0.9435,6.020742765808652,0.9873,7.622773929834816,9.150126138315873,9.124170291049586,8.389438823081669,9.153203282508429,0.9793,0.9959,0.9983,0.9968,0.9451,4.412910736631381
0.9767,0.9836,0.9924,0.9908,0.99,0.9268,3.566897399634102,4.515996375519385,5.201797430327325,5.452376206365434,4.912382604480453,5.253113398944724,0.9582,0.9732,0.9851,0.9819,0.9189,14.802539925902217,0.9829,18.74127824947048,20.50541294751585,21.01725471206944,19.076245007691774,20.58200263932155,0.9478,0.9555,0.9674,0.9715,0.9198,2.4863320305261274,0.9724,3.1479084425993182,3.0706002308455806,3.006075205460961,2.8896310953410462,3.089646588310812,0.9719,0.9834,0.9914,0.9946,0.9589,7.577509962749653,0.9946,9.59377399830727,12.34857780580352,12.171902522845128,12.030874764896796,12.357805102342102,0.9588,0.9635,0.9772,0.9714,0.9048,3.741995505327463
0.9801,0.9751,0.9772,0.9835,0.9832,0.9331,3.67234592038293,4.649503197878345,5.244597458965327,5.347929595160148,4.923751703829051,5.283003017500379,0.9609,0.9775,0.9811,0.9906,0.9248,15.155876422755668,0.9903,19.18863239520301,22.692623800372456,22.731324580053624,21.292344835173985,22.775208460745304,0.9435,0.9842,0.9941,0.9948,0.9138,2.5324746893217243,0.9949,3.206328984748672,4.556075374878088,4.593055842891637,3.805970619600492,4.569342865968512,0.9543,0.9838,0.9933,0.9938,0.9352,5.990418319453283,0.9938,7.584380593978135,11.635658902802824,11.691195659033385,9.082504429060045,11.62905016594666,0.9799,0.9947,0.9952,0.9947,0.9441,4.374053636576628
0.9638,0.9683,0.9778,0.9775,0.9776,0.9029,3.2987409130419745,4.17648738890085,4.540544630621425,4.621501261570259,4.279440647145504,4.5422202393854665,0.9749,0.9869,0.9952,0.9941,0.948,16.59538689510483,0.9946,21.011175447974274,23.826181772804706,24.393872911237118,22.608728957258208,23.995903935322573,0.9886,0.9937,0.9976,0.9999,0.9786,4.108563920639579,0.9999,5.201792396972612,9.424093735916133,9.413314787507751,6.775226436879284,9.415337233401534,0.96,0.972,0.9807,0.994,0.9444,6.3661461968954765,0.994,8.060084137591302,12.029893828818162,12.008776761814168,10.520471948017256,12.034187980465996,0.9722,0.9929,0.9942,0.993,0.9288,4.107126647777424
0.9829,0.9814,0.9819,0.9881,0.9882,0.9388,3.727585057102349,4.719440657037476,4.939396040101608,4.67356898611115,4.657720240610514,4.9316807422515,0.9717,0.9913,0.9983,0.9972,0.9415,15.953517751706215,0.997,20.198514358972048,27.160309617861927,28.357949509749112,24.60751183245161,27.224057378800147,0.9732,0.9783,0.9869,0.9858,0.9515,2.8822983693448387,0.9864,3.6492356047196575,3.690938270196875,3.6171912359358136,3.415590408192818,3.7118063394707352,0.9617,0.9631,0.9713,0.9937,0.9463,6.637783007644877,0.9938,8.403999511475556,11.65661362481301,11.594362571844211,10.540770714091984,11.675185942984657,0.9524,0.9775,0.9849,0.9804,0.8938,3.605262756328538
0.9658,0.9817,0.9907,0.9871,0.9867,0.9051,3.3467685514604684,4.23729447604749,5.31448373361372,5.666118807881272,4.868399511377646,5.3410164576906105,0.9878,0.9854,0.9915,0.9976,0.9714,20.0557818863518,0.9974,25.392330689484677,34.262191317757164,34.92545825849707,30.41716329187521,34.26415331303812,0.9558,0.9711,0.984,0.9949,0.9275,2.6386079730561054,0.9949,3.340702775459782,4.582213449726146,4.581912651042188,3.684619690289396,4.584418759982783,0.905,0.9502,0.9603,0.9595,0.8782,3.920543553832247,0.9595,4.963742573865045,5.667006604348326,5.680633453841974,5.322987342849002,5.669105944694429,0.9814,0.9818,0.9834,0.9869,0.9455,4.400886043748819
0.9849,0.9851,0.9893,0.9893,0.9892,0.944,3.8198649025967,4.836274813194791,5.002853182667504,5.005730461584714,4.800238875651639,5.000948410766863,0.9795,0.9764,0.979,0.9878,0.9479,16.469603782634124,0.9876,20.851923297890693,21.60671459894922,20.46763610251187,20.037821650720858,21.52631657253453,0.9733,0.9829,0.9844,0.9949,0.9506,2.999150953018311,0.9949,3.797180943543704,4.582477877157047,4.57139057778994,4.350650553891067,4.577768411889464,0.9365,0.9352,0.9446,0.9826,0.9124,4.854221297792724,0.9826,6.145858243371312,8.111570619426985,8.101756244597166,7.552656302739109,8.112461155687319,0.9331,0.9455,0.9516,0.9537,0.8618,3.3056436543316856
0.97,0.9629,0.9693,0.9746,0.9724,0.912,3.4071361121573616,4.31372495743282,4.481761466030637,4.382198659977293,4.1986400397586765,4.441260162042655,0.9729,0.9934,0.9973,0.9971,0.9469,17.561418914624156,0.9969,22.23425439025965,25.492854662388837,26.07977483632676,23.921962495489097,25.511722134022964,0.9338,0.9538,0.9588,0.9699,0.9004,2.351327264115187,0.9701,2.976980891991277,3.0336240000007466,2.92456482904052,2.8560459885753318,3.03959243461411,0.9525,0.9794,0.9798,0.9857,0.9331,5.902174145570312,0.9857,7.472655942336323,8.740153180220625,8.633717978319183,8.523295021421905,8.738138410942724,0.9508,0.9623,0.9657,0.9662,0.8912,3.5986508003893807
0.9849,0.9787,0.9839,0.9847,0.9842,0.9452,3.8612274004353857,4.888643263809911,4.777106857526476,4.7413742582196665,4.582361422934624,4.756081228090137,0.973,0.9477,0.9564,0.9843,0.9461,16.422599195013568,0.9841,20.792411480323697,23.43827217755722,23.438733393294324,20.98369043965147,23.442829621922392,0.9823,0.9905,0.9965,0.9995,0.9637,3.6542354153880607,0.9995,4.626573753671723,6.913782805864893,6.927835130151419,6.470457157839984,6.917256761814146,0.9596,0.9662,0.9693,0.9806,0.9444,6.122573200817333,0.9806,7.751699947012641,7.878054303483259,7.58856769817804,7.553852581949272,7.888123857904937,0.977,0.9693,0.9702,0.9792,0.9381,4.250929637970474
0.9761,0.981,0.9819,0.9846,0.9838,0.9253,3.5509690483774308,4.4958297240899086,4.771330481280478,4.67356898611115,4.647008762430553,4.767966229515433,0.9661,0.9879,0.9899,0.9933,0.9355,15.875439731607836,0.9933,20.09966092522646,23.33052500045197,23.222208093084785,22.25358544034469,23.392740805484124,0.9479,0.9685,0.9745,0.974,0.9191,2.52642618228629,0.9748,3.198671058885111,3.1912525422590217,3.102479313554275,2.976811591063833,3.212042362714438,0.9671,0.9774,0.9835,0.9947,0.9521,7.028395275540275,0.9948,8.898547963087868,12.42565639498174,12.185206908839032,12.0944706475307,12.448459011986136,0.9837,0.9947,0.9962,0.9964,0.9538,4.643005660770668
0.9351,0.9437,0.9507,0.9569,0.9564,0.8506,2.898456776851184,3.669693526985744,4.369845766056251,4.41645153903884,4.207784553423577,4.397246290017247,0.9724,0.9889,0.9924,0.9941,0.9392,15.746261112732526,0.9942,19.936109774387266,23.81151180516657,23.387040400534136,23.053392342615687,23.78973788407263,0.9253,0.9579,0.9723,0.9737,0.8908,2.1583547258934725,0.9746,2.732661197437284,3.1022231982434403,3.1345201112619394,2.834746354938886,3.1113962685262964,0.9423,0.9454,0.9524,0.9777,0.9193,4.972377572487769,0.9778,6.29545416623762,7.245586454832416,7.22534562361779,6.568125025567585,7.259642415613746,0.9677,0.9648,0.9735,0.9755,0.921,3.953683077142509
0.9713,0.9678,0.9795,0.979,0.9788,0.9167,3.441076178302692,4.35669597636735,4.613169173728743,4.705638435893887,4.282188055079882,4.5847166342580525,0.9537,0.9647,0.9727,0.9812,0.9045,13.886787391430492,0.9814,17.581857424253798,20.73878382419927,20.52793197279905,19.71139478018693,20.80634782270752,0.9799,0.9758,0.9858,0.9973,0.9597,3.341440809773052,0.9973,4.230549100598075,5.15072994993973,5.148287103019702,4.978790984493458,5.172401696362723,0.9813,0.988,0.9933,0.9965,0.9717,9.386991650940296,0.9965,11.884732170043833,14.847416254628726,14.835472306033653,13.573095255653778,14.840832137197385,0.9624,0.9807,0.9834,0.982,0.9098,3.81139174407748
0.9689,0.9833,0.9942,0.9882,0.9893,0.911,3.3842335108559576,4.284728310521217,5.304939199825752,5.760111844018192,4.975425057714016,5.344016408845584,0.9727,0.9689,0.9841,0.986,0.9404,15.844226173521909,0.9854,20.060141898074853,21.936612678748237,21.820491162810796,20.801660744312414,21.87293813957175,0.9577,0.9818,0.9849,0.9916,0.9294,2.7464014138857955,0.9919,3.477178466670182,4.1341943637157,4.063842351017662,3.911847679330272,4.159304254702207,0.9707,0.9847,0.9869,0.9879,0.9565,7.22707355534415,0.9879,9.150091613202603,9.29569049672135,9.123400464212516,9.021095169763267,9.293569618743852,0.9834,0.9813,0.9828,0.9842,0.9493,4.54007716712135
0.9631,0.9717,0.9731,0.9788,0.9782,0.8961,3.284356630948704,4.158275660746202,4.590207909942426,4.426139307920783,4.382360710415689,4.567932833866637,0.9733,0.972,0.9777,0.9912,0.9481,17.092285587407343,0.9911,21.64029157945275,22.67260504712589,22.35964634261952,21.06749425472495,22.854885165028257,0.9751,0.9826,0.9914,0.9984,0.9533,3.051686491961424,0.9984,3.863695417292624,5.646453774564084,5.7013793616814,4.45746562257933,5.638641097279826,0.9229,0.9348,0.9383,0.9553,0.8993,4.288651485826052,0.9554,5.429798616535207,5.399624824101104,5.236911992107112,5.184597252560255,5.4003069446941305,0.9756,0.981,0.9846,0.9856,0.9367,4.225068948624461
0.9827,0.9833,0.9928,0.9901,0.9908,0.9395,3.72443930760511,4.715457869831631,5.326611774179012,5.379258658691726,5.086350482323399,5.328269607682595,0.9558,0.9499,0.9617,0.9693,0.9012,13.825052344590333,0.9694,17.503695588760216,18.529279863507952,18.022047837759168,17.391161459677843,18.56455738093304,0.9387,0.9538,0.9624,0.9627,0.9069,2.445479817342682,0.9635,3.0961860558866228,2.95231673741606,2.8644853156820598,2.7568119085452456,2.9644077936541526,0.9522,0.9761,0.9821,0.9819,0.9338,5.603266354477109,0.982,7.094213181036298,8.147818845804851,8.101224688487306,7.343447554039836,8.158124451770671,0.9647,0.9858,0.9893,0.9886,0.918,3.904169574752173
0.9753,0.9817,0.9875,0.9887,0.9886,0.9234,3.539815249278677,4.4817080629766926,4.972464402638936,4.997273581971797,4.730643109914785,4.965342773803124,0.9452,0.9594,0.9688,0.9804,0.8964,13.66799214348582,0.9803,17.304843976432068,20.851648334485603,20.795613072968344,19.773804923823672,20.971613703076976,0.9823,0.9701,0.9757,0.9999,0.9632,3.760508286475457,0.9999,4.761124273878992,9.34471739493823,9.327542439083633,6.223620717073869,9.342630460683068,0.9626,0.9845,0.986,0.987,0.9478,6.5140192900223575,0.9871,8.247304087530523,9.06006512760411,8.921994707629478,8.826339435342078,9.05288161327776,0.979,0.9886,0.9922,0.9911,0.9434,4.374276365028039
0.9668,0.97,0.977,0.9799,0.9801,0.9078,3.388325308068411,4.289908874835373,4.6128047354467725,4.523608048032195,4.342905185797413,4.627793083447616,0.9727,0.9832,0.9869,0.9879,0.9423,16.040161414607603,0.9882,20.30821262718253,21.7435640110598,21.45194129238884,20.606740368642715,21.810236190887316,0.9507,0.9618,0.9777,0.98,0.9239,2.393369555700427,0.9806,3.0302100194780808,3.298572757436331,3.306675469323036,3.0992759402568177,3.328139066905761,0.9483,0.9351,0.9504,0.9879,0.9271,5.350022952045037,0.9879,6.773585431097442,9.143742833053132,9.138972598631518,8.374869252636552,9.143745487589609,0.9657,0.9521,0.9531,0.9654,0.9181,3.97753935824192
0.9803,0.9793,0.9817,0.9856,0.9855,0.9332,3.6520037214486942,4.623748238773963,4.88080787697304,4.738417695576949,4.626189036526863,4.881650258165498,0.9734,0.9788,0.9841,0.9898,0.938,15.700088540661936,0.9902,19.877651359480076,22.143044617413068,21.63784173628255,20.980626422767383,22.24858217868946,0.9649,0.9797,0.9821,0.9911,0.9391,2.8812014364877467,0.9912,3.6478467941507513,4.072918323050113,3.9697713557616927,3.87242889921226,4.075868561277676,0.9715,0.9894,0.9983,0.9986,0.9574,7.640810156323608,0.9986,9.673917443077782,17.958021183120653,17.999243030180015,13.343370578129122,17.95925079657605,0.96,0.9562,0.9658,0.9653,0.9061,3.792837624475892
0.9596,0.98,0.9902,0.9851,0.9852,0.8926,3.2389217573975677,4.100751235092646,4.775687319120054,5.050256674297406,4.630242911330333,4.775483103576086,0.9683,0.9829,0.9895,0.9873,0.9384,15.94010507466241,0.9877,20.181532765690985,21.79613012199092,21.94294221987544,20.56032778435012,21.92445732352176,0.9541,0.9162,0.926,0.9671,0.9265,2.537417446378405,0.9678,3.2125869368151747,2.928768590073205,2.8148505081314656,2.7110749589576355,2.9403229884659003,0.9408,0.9776,0.9883,0.9905,0.917,4.907935722241112,0.9905,6.213865286732558,10.274840450977802,10.269913443375488,7.825640359963264,10.270516018549896,0.966,0.9814,0.9895,0.987,0.9199,3.9323957699006025
0.9897,0.994,0.9977,0.9966,0.9968,0.9551,4.034482671783539,5.107999216557009,5.573034307267761,5.745925232259509,5.305642936363662,5.593134399302245,0.9496,0.9704,0.9787,0.9857,0.9091,14.49283255278126,0.9864,18.34916229608495,21.38018379681496,21.38139647207751,20.22333313606923,21.548702329325213,0.9275,0.9549,0.9579,0.9685,0.8928,2.235602311372342,0.969,2.830463230115876,3.0251746583953385,2.8808806717437,2.843492097877009,3.0397341702700142,0.9696,0.9846,0.9858,0.9908,0.9551,7.247387210568148,0.9908,9.175810433534958,10.287932801760432,10.24435030876958,9.77655672672064,10.29188216353806,0.9626,0.9591,0.9658,0.973,0.9097,3.810351330940494
0.9809,0.9867,0.9911,0.9919,0.9922,0.936,3.6721383979435935,4.649240456767828,5.236317115438163,5.399191002039383,4.98774032756325,5.237441654312262,0.9598,0.9684,0.9719,0.9836,0.9238,15.286456658726276,0.9836,19.3539581128472,20.89276686886506,20.079126633893715,19.645036696581425,20.9018619319783,0.9697,0.963,0.9705,0.9946,0.9451,2.89389508963247,0.9946,3.663918041840565,4.463561291383603,4.474873367667634,3.9806104417627513,4.460009901725682,0.9749,0.9794,0.99,0.994,0.9631,7.800811558146263,0.994,9.876492866408782,11.971220993627162,11.986687149319993,10.948247894808318,11.970415690433285,0.9661,0.9705,0.9802,0.9802,0.915,3.907354121769151
0.9655,0.9791,0.9954,0.9895,0.9892,0.9058,3.321125672368136,4.2048284036982455,5.06691331496256,5.479416495175478,4.607015605382754,5.039317032397927,0.9503,0.9419,0.9538,0.9539,0.8983,13.618984186579784,0.9537,17.24279572245594,16.90889223620484,16.894670573009908,16.03843464359457,16.902325981306735,0.9741,0.9808,0.9839,0.9899,0.9519,3.011314202361305,0.9899,3.812580654775412,3.995985439910474,3.791546053373674,3.776818990733227,3.989029237996065,0.97,0.9832,0.9882,0.9896,0.9554,7.256523874693632,0.9896,9.187378229704048,9.733334245915708,9.49336731112855,9.46016279653622,9.730585372116987,0.9648,0.9599,0.9638,0.9663,0.9141,3.865227959156993
0.9762,0.9888,0.9974,0.9939,0.9937,0.9262,3.5655474400399343,4.514287211517363,5.351733768524365,5.783278792928945,4.991657186568691,5.387021703973026,0.9717,0.9895,0.9921,0.9908,0.9442,16.279980807030753,0.991,20.61184443533976,22.94982326669721,23.03318857819349,22.05608931508224,22.937832623319828,0.9448,0.9648,0.9709,0.9878,0.9156,2.495705137984876,0.9879,3.1597755961976817,3.6799176500638775,3.675226605810861,3.379897908570516,3.68913841632145,0.9307,0.9667,0.9799,0.9824,0.9048,4.656927685968231,0.9825,5.8960677010350135,8.121805134820152,8.140443841985226,6.712964240262173,8.118154436886586,0.9568,0.9856,0.9875,0.9867,0.9046,3.728435921643755
0.9933,0.987,0.9955,0.9939,0.9939,0.9625,4.11591423926242,5.2110985273544586,5.54448727878978,5.816719298337013,5.185621370867098,5.532994238433068,0.9683,0.9962,0.9995,0.9993,0.9391,16.321758087328824,0.9993,20.66473803593072,29.765819752632847,30.821812279228627,25.273120238614865,29.65949563878601,0.9552,0.9694,0.9758,0.9913,0.9263,2.665948023364236,0.9913,3.3753176113422767,4.00961698723516,4.014115813688832,3.473203231335819,4.007040744895546,0.9626,0.9805,0.9863,0.9879,0.9475,6.624726595394229,0.9879,8.387468979813148,9.117536997597366,9.165532558743529,8.44983180325689,9.113796321394842,0.9649,0.9688,0.9815,0.9785,0.9176,3.8999267761659926
0.965,0.9599,0.9658,0.973,0.9727,0.9042,3.308659429260848,4.189045076514617,4.503928956580539,4.385842635548968,4.258865404603036,4.49928868109455,0.9671,0.9735,0.9849,0.987,0.927,14.982727629055349,0.9879,18.969411252240945,21.40588472654411,21.82037808951429,19.770152479186194,21.60670805164565,0.9739,0.9868,0.9895,0.9936,0.9503,3.100372984332256,0.9936,3.925336669745241,4.26051713598703,4.168947655810332,4.155450227636407,4.258175096791066,0.9813,0.9874,0.9907,0.9986,0.9717,9.47633581702594,0.9987,11.997849505647029,17.98833299600277,17.94304750119429,16.658704309087188,17.99067240798447,0.9647,0.9738,0.9813,0.9773,0.9124,3.868388420984171
0.978,0.9792,0.9837,0.9872,0.9872,0.9278,3.6019157957583405,4.560332652192155,4.924824069036084,4.765910090058769,4.6228203905313805,4.934955196084234,0.9716,0.9601,0.9721,0.974,0.9256,15.103060318828485,0.9739,19.121762702251186,19.49990274558288,19.292763748537624,18.48850147485112,19.50506822364179,0.9603,0.9721,0.9813,0.9919,0.9343,2.720361412850684,0.9918,3.4442096040656263,4.096647049005198,4.112240981024389,3.682673637753578,4.092853384974357,0.9899,0.9856,0.9927,0.9995,0.9834,11.853941228723672,0.9995,15.00810077408656,25.33060452565885,25.260899423119582,19.430031296960266,25.34721331810933,0.9571,0.9908,0.9917,0.9911,0.9044,3.729613840187184
0.9336,0.9751,0.9812,0.9764,0.9772,0.8464,2.881733946574646,3.648520997345553,4.515432660593342,4.66462995297667,4.471094495418596,4.54105825124436,0.9659,0.9797,0.987,0.9854,0.9315,15.385081607128486,0.9857,19.47882571054313,21.20598934427317,21.48817808025753,20.15518569731277,21.213248129392383,0.9572,0.9346,0.9359,0.987,0.9287,2.741995282474265,0.987,3.4715999284462984,3.5914071696305143,3.444563756032588,3.423612780894976,3.597798955827917,0.9246,0.9534,0.9619,0.9666,0.9003,4.358981660941094,0.9666,5.518842617616302,6.148549109750992,6.018330942102673,5.905955814998204,6.1420690261578095,0.9739,0.9793,0.9815,0.9819,0.9293,4.196022289505228
0.9732,0.9851,0.9898,0.9894,0.9887,0.92,3.481719920037256,4.40815442044249,5.26998230161029,5.487010334302184,5.053358443197528,5.3046381154908,0.9796,0.9597,0.9713,0.9852,0.9518,16.75062476068033,0.9849,21.20771982807173,22.15990549503004,21.077402173265902,20.686805890437437,22.214487843461583,0.9471,0.9729,0.9813,0.9904,0.9175,2.5568308765453835,0.9904,3.237165995433308,3.971696350173042,3.966752629065701,3.615900292928524,3.970476199904154,0.9612,0.9747,0.9802,0.9904,0.9462,6.444422460802493,0.9904,8.159188564909437,10.215079244543452,10.204936376808446,9.77322949763629,10.209344977291744,0.9661,0.9892,0.9925,0.9914,0.914,3.885752107609085
0.9677,0.9704,0.9786,0.9785,0.9782,0.9089,3.360341170593143,4.254478569656618,4.590646893467934,4.571657010122765,4.329391148159852,4.570889846604421,0.9462,0.9585,0.9597,0.9693,0.8867,13.185588542140003,0.9685,16.69407986658168,18.405125251393404,17.55552337409585,17.40880157572919,18.362911543184826,0.9625,0.9877,0.9957,0.9973,0.936,2.838329761344684,0.9973,3.5935675963307143,5.21019362548145,5.245861722719353,4.445773168380276,5.218403345121389,0.9944,0.9915,0.9964,0.9999,0.9904,15.53145924236208,0.9999,19.664152283222183,39.24802859746902,39.20955442299464,28.972118825977425,39.24054461917118,0.9603,0.9859,0.9887,0.9868,0.905,3.756424831616669
0.9728,0.9703,0.9809,0.9817,0.9814,0.9179,3.471197839690187,4.394832569156506,4.7054605621674455,4.80417967925249,4.40806329096062,4.70940669027306,0.9717,0.9833,0.987,0.9956,0.9414,15.98506576477866,0.9959,20.23845683466663,26.26977433768073,26.67099776791625,24.57665023987014,26.485288379656907,0.9751,0.9752,0.9862,0.9991,0.9527,3.140012578768058,0.9991,3.9755237776832217,6.388674574038358,6.413980463331913,5.175043536539158,6.378894812429784,0.9451,0.9772,0.98,0.9844,0.9217,5.338641546026552,0.9844,6.75917560020826,8.48885406481195,8.47744885069901,8.08080183978447,8.492543299717227,0.9632,0.97,0.9758,0.9733,0.9121,3.834905760399864
0.9755,0.9703,0.9791,0.9784,0.9781,0.925,3.545000275701067,4.488272748726523,4.580955156495518,4.620403371219831,4.3918625530511,4.584853951173729,0.9659,0.9938,0.9963,0.9979,0.9331,15.530266845174244,0.9978,19.662642606667152,27.012491383796345,27.43012443108069,24.51641325278912,27.037542306283736,0.9267,0.9518,0.9582,0.9682,0.8904,2.3063884527233585,0.9685,2.92008452334707,2.923315917429397,2.9148502519987307,2.828853551521073,2.9336979427249275,0.9355,0.9687,0.9707,0.9742,0.9116,4.766765931783106,0.9744,6.035132289784963,6.917782066254237,6.769520575180607,6.6719984060182425,6.916456742072893,0.9244,0.9391,0.953,0.9478,0.8499,3.1496087113150755
0.9678,0.9807,0.9865,0.9843,0.9843,0.9099,3.4101530443072754,4.317544650888426,5.039585410302318,5.12435528828782,4.927516587710166,5.040263704431303,0.9579,0.9877,0.998,0.9966,0.9163,14.569696025691528,0.9964,18.44647800948568,25.0273195293551,26.620473764633516,21.99279880865605,25.06294665246948,0.9502,0.9678,0.979,0.9751,0.9229,2.5163046091306027,0.9756,3.185856283867941,3.1997732341588128,3.212022152325414,2.9818998436219526,3.219567913422631,0.9114,0.9478,0.9563,0.9722,0.8856,4.155289704595481,0.9722,5.260951225317325,6.602745380941342,6.60639877972547,5.996932265020038,6.6008692089722425,0.9724,0.9802,0.9807,0.9856,0.9294,4.118570580511803
0.9657,0.956,0.9664,0.9709,0.9711,0.9063,3.329325502586989,4.215210088226657,4.354961418482883,4.2320691297057085,3.9855694068400456,4.352626085840147,0.9515,0.9642,0.9712,0.9747,0.9088,14.257441477218832,0.9758,18.05113711482278,19.186536216790437,18.89469233564692,18.01645647360815,19.31650620784497,0.9461,0.9619,0.9647,0.9829,0.9175,2.4951203920976024,0.9833,3.1590352580237275,3.445124076795977,3.3693512633939164,3.2654272960955417,3.460415934036698,0.9563,0.979,0.9884,0.9899,0.9395,6.035521282046874,0.9899,7.641484792046387,9.982819256647971,9.998856025230909,8.784312187391164,9.979526853218127,0.9695,0.96,0.9631,0.9703,0.9199,4.008074215251451
0.9698,0.9642,0.97,0.9739,0.974,0.9141,3.452938763631679,4.371715021309738,4.550938265886529,4.399567835977549,4.295625965262886,4.5541570514736245,0.9701,0.9887,0.99,0.9911,0.9413,16.261067706614263,0.991,20.58789883686544,22.69721066506313,22.05422417223409,21.69874645547497,22.66994475099494,0.9804,0.9914,0.9983,0.9989,0.9607,3.356627503768081,0.9989,4.249776750668612,6.047416255771224,6.100038052253541,4.76057660098597,6.044879142564731,0.9689,0.9854,0.997,0.9987,0.953,7.507343062307274,0.9987,9.50493671688961,18.008308530922648,18.022061491923623,13.145643053543818,18.00259299658677,0.9564,0.9569,0.9675,0.9667,0.899,3.67597640256006
0.973,0.9834,0.9868,0.9876,0.9877,0.9192,3.485122025107927,4.412461775672238,5.030102222589878,4.937884172942536,4.83241895923242,5.031419038313047,0.9747,0.9579,0.9738,0.9817,0.945,16.27712218383345,0.9815,20.608225174522417,21.440813919311356,21.227439850570388,20.39378393040252,21.505232278344856,0.9767,0.9848,0.9886,0.9897,0.9557,3.163764631440891,0.9899,4.005595902491931,4.004118761625732,3.9773506208906895,3.701533540106,4.027556969276656,0.9625,0.9834,0.9899,0.997,0.9466,6.782561139735192,0.997,8.58730097673256,15.382346320858431,15.38814767058104,11.89353665123668,15.377501888216427,0.9845,0.9958,0.9976,0.9967,0.9526,4.595915456427438
0.97,0.9545,0.9641,0.9721,0.9712,0.9134,3.423216862720475,4.334084559384394,4.4078927573497335,4.332902012519135,4.052273829162709,4.378961038405791,0.9741,0.9773,0.9833,0.9873,0.9464,16.38764698421192,0.9872,20.74815899991514,21.46706500310917,20.904617017546823,20.054303122467942,21.42213948119089,0.9597,0.9547,0.9603,0.9843,0.9325,2.798630807439318,0.9844,3.543305334240715,3.4532041602320453,3.404501704952543,3.321521279342445,3.4649249038644485,0.9641,0.9768,0.9889,0.9921,0.9489,6.752352616983972,0.9921,8.54905441004738,10.819470405597729,10.823858224525829,9.753830389601612,10.81967556460006,0.9796,0.9908,0.994,0.9921,0.9424,4.357725298466274
0.9738,0.9784,0.986,0.985,0.9851,0.9218,3.505503477968934,4.438266433596396,4.783403653919027,4.834850903311615,4.569493235828711,4.796012940577295,0.9816,0.9888,0.9893,0.9967,0.9627,17.97751457204755,0.9966,22.761066986827792,28.82921096073164,29.232394595540107,27.71125092580724,28.94244890730972,0.9582,0.9814,0.9872,0.9954,0.9309,2.723886994027792,0.9955,3.448673290579024,4.71404832581587,4.696691969174133,3.873649061768564,4.721281351370774,0.9951,0.9987,0.9989,0.9999,0.9909,16.52338551162239,0.9999,20.920015554540715,39.28883485079344,39.230865652419965,32.45361907001087,39.286951305309366,0.9886,0.9987,1.0,0.9997,0.9631,4.82824874106308
0.9851,0.9864,0.9875,0.9921,0.9921,0.9428,3.90929898055337,4.949505984896471,5.548633819278544,5.702223609275735,5.096388293409181,5.539484039279296,0.9638,0.9503,0.9581,0.9694,0.9258,15.00286027151445,0.9695,18.994900894971977,18.48396738293706,17.28117314788484,16.713844550012876,18.484235238368328,0.9415,0.9582,0.9618,0.9617,0.91,2.5344730998480696,0.9622,3.208859142945737,2.902675184407476,2.8289046031172767,2.76411882061637,2.9090980709466328,0.9693,0.981,0.993,0.9969,0.9547,7.226811990276106,0.9969,9.149760449514137,15.231109625394987,15.278079793868466,12.623469894844684,15.227062761088872,0.9588,0.9548,0.9665,0.9709,0.9029,3.726389099770199
0.972,0.9631,0.9676,0.975,0.9748,0.917,3.4599694623098443,4.380616485577037,4.465073605512475,4.259600491507463,4.151624650965999,4.451199362993513,0.9783,0.9684,0.9744,0.9822,0.9464,16.347948957440387,0.9815,20.697897911655662,20.4796736072214,19.75862689463797,19.25283220473508,20.39572901410252,0.968,0.9748,0.9792,0.9809,0.9429,2.903073909509648,0.9813,3.675539210787317,3.4343878881837244,3.3452492314129167,3.201008376350666,3.4565499252148792,0.9446,0.9786,0.9858,0.9857,0.9217,5.186879334525408,0.9857,6.567031694653176,8.853306413647635,8.848646208750294,7.725276112202736,8.85306635110067,0.9707,0.9874,0.9906,0.9908,0.9247,4.051411389701862
0.9839,0.9884,0.9916,0.9926,0.9925,0.9421,3.760867053558066,4.761578503609537,5.897318543713492,6.081026192535481,5.3970305810558346,5.923465546991412,0.9671,0.9789,0.9877,0.986,0.9376,16.07128209479253,0.9863,20.34761406298869,21.11517404861654,21.647866464140485,20.097510861231942,21.157491322959675,0.9754,0.9867,0.9912,0.9973,0.9528,3.202064470462044,0.9973,4.05408676578961,5.224919192047104,5.24296243477817,4.939846316584604,5.225677831184678,0.963,0.9845,0.9917,0.9965,0.9475,6.830090743985406,0.9965,8.647477510138275,14.926023284988885,14.954441413305108,11.594949779486251,14.924359515860218,0.9667,0.9811,0.9881,0.9846,0.9179,3.913311460228434
0.9809,0.9888,0.9943,0.9907,0.9904,0.9348,3.675036226365624,4.6529093547440095,5.15704136732843,5.351561774010632,5.004261532685,5.144532043822686,0.9869,0.9826,0.9869,0.9944,0.9705,18.92870739679685,0.9939,23.965358242704266,31.749406963780665,32.421990187118794,27.490525645151195,31.685133014810123,0.9728,0.9841,0.9884,0.9984,0.9488,3.117282542769989,0.9984,3.9467456131660046,5.698529235360335,5.695773535199798,4.630323859151479,5.695242545260385,0.9692,0.9781,0.9868,0.998,0.9545,7.355445141735143,0.998,9.312620992074246,16.55799975344198,16.536760030628354,13.3494762381644,16.568090984531228,0.9456,0.9623,0.9713,0.9668,0.8838,3.482797831748429
0.9554,0.9671,0.9798,0.975,0.9757,0.8842,3.1588732008067795,3.999402934054708,4.512776533119955,4.694737048393447,4.298669271778257,4.514554106187299,0.963,0.9716,0.9789,0.9886,0.9169,14.473204343067104,0.9886,18.32431130823872,23.6479789149288,23.840507782839264,20.828364595271427,23.72770309798093,0.9515,0.9826,0.9891,0.9922,0.9226,2.659995059361175,0.9922,3.3677806511078225,4.169857757163871,4.1677788122703205,3.6389544939648575,4.173197411953895,0.9827,0.988,0.9949,0.9997,0.9741,10.222415016285664,0.9997,12.94244941481541,25.76052730066205,25.741031498627937,17.678899719150778,25.754159395610547,0.976,0.9904,0.9967,0.9942,0.9367,4.214246499219011
0.9892,0.9804,0.983,0.9907,0.9913,0.9507,3.953946160244231,5.00603312293015,5.1342354957199365,4.806271500057082,4.7277276873456575,5.1519285734723255,0.9727,0.9794,0.9882,0.9876,0.945,16.253670351580244,0.9881,20.578533154374696,21.74251815856277,21.960891078535784,20.25425185393641,21.7957416628747,0.9463,0.9666,0.97,0.982,0.9175,2.5346191072995814,0.9823,3.2090440008342465,3.444878570584624,3.334567162973872,3.241720295264276,3.447936600478818,0.9641,0.9812,0.9882,0.9938,0.9494,6.44911637710878,0.9938,8.165131463359042,11.933721849906393,11.896467847304386,9.471839914314325,11.94873222237777,0.9541,0.9512,0.9552,0.9647,0.8979,3.652010518996759
0.9601,0.9711,0.9755,0.975,0.9746,0.8946,3.2308631868466198,4.090548397353697,4.573791897665512,4.564582260612444,4.457692526762966,4.574415531602154,0.9646,0.9345,0.9479,0.976,0.9227,14.743391715480332,0.976,18.666391569547724,23.225161532128105,23.542696647475463,20.726657411258955,23.26495204614128,0.944,0.9849,0.989,0.9962,0.9129,2.645089909218597,0.9962,3.348909459571068,4.901506342811418,4.90392781389507,4.392789029621065,4.897625893810251,0.9612,0.9844,0.9909,0.9924,0.9463,6.454142564506686,0.9925,8.171495045354407,11.063917440360242,11.030265421991237,9.538673482977009,11.075003355849404,0.9597,0.9757,0.9849,0.9845,0.9093,3.790724954850964
0.9277,0.9508,0.9681,0.9604,0.9618,0.8423,2.837268302352648,3.592223698701001,4.098533174223553,4.330126077074612,3.881852472961052,4.134422632673138,0.9878,0.9854,0.9926,0.9989,0.9719,19.03303159363277,0.9988,24.09744157508112,34.36600746481471,35.03874754563188,30.55789001328453,34.30887040304546,0.9744,0.9775,0.9809,0.9879,0.9534,2.9091693988344414,0.988,3.683256620236943,3.748654180189585,3.722596104225894,3.5080412779222025,3.779392314819424,0.9803,0.9674,0.9869,0.9963,0.9714,9.013707178274638,0.9963,11.41212218530788,14.766433463268134,14.53056644116445,14.400595625895717,14.794498496032029,0.9475,0.9667,0.9729,0.9693,0.8874,3.5091784439071905
0.9754,0.9779,0.9824,0.9853,0.985,0.9204,3.573782649019277,4.524713688574476,4.8649495881726095,4.690349412446622,4.556647678799091,4.847547963091312,0.9513,0.9378,0.9559,0.9564,0.9028,13.844803316472156,0.9553,17.528702003982715,17.241599873513472,17.112863182818742,15.681389026620732,17.07195736398591,0.9618,0.9644,0.966,0.989,0.9351,2.819905225740388,0.9893,3.570240562584757,3.821020234105104,3.726594593981605,3.6772850020536327,3.8310083240250856,0.9749,0.9886,0.9925,0.994,0.9624,8.172665430483876,0.994,10.347291589094716,12.126827706644706,12.065052452181597,11.71501611449714,12.123815831690017,0.9546,0.9794,0.981,0.9809,0.8976,3.689298046179159
0.9814,0.9727,0.9758,0.9848,0.9846,0.9344,3.715267265059868,4.703845281565236,5.062661535840178,4.908622807188626,4.733501626108555,5.07799721715632,0.9662,0.9394,0.9433,0.9544,0.9326,15.510519249617053,0.9556,19.637640466159645,16.940912495674645,16.32584394968342,16.09915598946086,17.06609979298647,0.9461,0.9792,0.9823,0.982,0.9158,2.620198270503704,0.9823,3.3173945216228304,3.4826338408102604,3.38255385166505,3.287494026440388,3.497098387726965,0.9587,0.9832,0.9884,0.9895,0.9425,6.167226214439774,0.9895,7.808234471301354,9.678113183205037,9.672849688262511,8.974332425827184,9.684093042502424,0.9661,0.9661,0.9845,0.9782,0.9191,3.926190404246466
0.9841,0.984,0.9867,0.9908,0.9906,0.9427,3.78736390446272,4.795125777119667,5.201537567195906,5.249393767780365,4.91136873136832,5.21903686228994,0.9565,0.9697,0.9832,0.9859,0.9128,14.37848069186283,0.9862,18.204383085588315,21.286528737472924,21.741143133374717,19.79357948051721,21.328618332300348,0.9519,0.9661,0.9818,0.9875,0.9239,2.5132773109840487,0.9877,3.1820234661763367,3.67624217676716,3.71189884903598,3.2673468735722704,3.681789256975651,0.9162,0.9415,0.9543,0.9591,0.8935,4.063553599350353,0.9593,5.144805490698281,5.689032509283931,5.673271895332068,5.125530708365681,5.691445120111937,0.9533,0.9465,0.9477,0.9616,0.8948,3.6176190041700766
0.9752,0.9666,0.9708,0.9767,0.9758,0.9214,3.538462518450792,4.47999539035639,4.534545583314033,4.330780602320838,4.218325380194544,4.506050447528679,0.9878,0.9813,0.9913,0.9953,0.967,18.270269792778173,0.9949,23.13172006921516,25.27002389842054,25.31129355352407,23.833993813395598,25.33558720425196,0.9594,0.9725,0.976,0.9776,0.9317,2.7925366519632133,0.9781,3.5355896135573097,3.286424043590744,3.1862975411911587,3.079651902158855,3.3046469729615007,0.9338,0.9515,0.9591,0.9633,0.9098,4.690809436185589,0.9634,5.938964887030197,5.957427431096474,5.765205113542585,5.691192785772883,5.972057617192046,0.9782,0.9823,0.9861,0.9861,0.9402,4.294326820385802
0.9703,0.9885,0.9962,0.9916,0.9918,0.9131,3.4127596211638407,4.320844799538053,5.233903134429605,5.54900520975984,5.037830970260023,5.243098006022829,0.9574,0.9598,0.9761,0.9799,0.9182,14.7935578965417,0.9808,18.729906234104668,20.354189110158703,20.57987623195733,19.009058725404014,20.54888795889813,0.974,0.9922,0.9946,0.9959,0.9511,3.0379159419481727,0.9959,3.84626072630456,4.777109155313151,4.810669814496628,4.365954638301375,4.791240930238009,0.9648,0.9837,0.9899,0.9969,0.949,6.999569401451118,0.9969,8.862051947553145,15.210948664299345,15.183838837859517,12.83560976186962,15.22143690329868,0.9758,0.9837,0.9839,0.9886,0.9378,4.244018291205067
0.9803,0.9728,0.981,0.9834,0.9831,0.9329,3.695113920188275,4.678329427814006,4.8366882031098655,4.712274832844104,4.471908779971631,4.819413520692296,0.9718,0.9861,0.9899,0.9908,0.945,17.03975219860384,0.9912,21.573779827963996,22.845402208171524,22.295105282435003,21.30997865528808,22.99138477796425,0.9587,0.957,0.9614,0.9758,0.9313,2.684929968220824,0.9762,3.3993503727504004,3.1975350217330645,3.014730306287976,2.933628115309677,3.2065319812946385,0.9426,0.9423,0.9476,0.9717,0.9204,4.897520988250314,0.9718,6.200679345090595,6.612921176907365,6.581295747383327,6.272409839823856,6.625904650396696,0.9664,0.9815,0.9889,0.986,0.9186,3.979917250785866
0.9677,0.9638,0.9687,0.9757,0.9746,0.9073,3.4258577801668557,4.337428186150087,4.494775195184655,4.295499468457858,4.194897987548339,4.464602727144282,0.9591,0.9722,0.9793,0.9856,0.9208,14.96814568894365,0.9847,18.950949272174118,22.33317536558141,22.790224085422203,21.004611145107724,22.295836531658697,0.9697,0.9765,0.9818,0.9921,0.9449,2.9252893109770883,0.9922,3.703665804088813,4.180107555203797,4.153815803500328,3.710375946413199,4.189901824241107,0.9728,0.9898,0.9964,0.9969,0.9608,7.702970877740844,0.9969,9.752618218897322,15.287130250033211,15.306723673659304,12.8830660294746,15.277649951188987,0.9685,0.9747,0.9842,0.9794,0.9193,3.983289905788478
0.9645,0.9729,0.9817,0.9805,0.9793,0.9016,3.2918635245688206,4.16778002843094,4.657202858160476,4.677633933680983,4.4492290563270736,4.618830831548873,0.9796,0.9884,0.9907,0.9952,0.9579,17.819523545620413,0.9952,22.56103687023887,24.26105219045556,23.65929136636823,22.894311817240823,24.34879709831384,0.9729,0.9718,0.978,0.9799,0.9502,2.9724086190134456,0.9801,3.763322867488224,3.338908189169641,3.252980478555342,3.162408712431986,3.3459299433973206,0.9689,0.9741,0.9836,0.9844,0.9545,6.894816355381538,0.9845,8.729425655464292,8.450531021703542,8.256845064202743,8.194300435641281,8.481020443729403,0.9533,0.9521,0.9558,0.9661,0.8948,3.718582931622589
0.9671,0.9689,0.9764,0.9791,0.9781,0.9061,3.339386890421543,4.227948663493274,4.592641802957958,4.581593008525449,4.314792476501021,4.559980362503959,0.9708,0.9717,0.9871,0.9833,0.9386,15.80569932886581,0.9843,20.01136362627904,20.684079377256257,21.4030348842334,19.424639035726628,20.8017770149605,0.9433,0.9787,0.9893,0.989,0.9128,2.54596270375995,0.989,3.223405961597579,3.889624267967411,3.910520387534077,3.316958972950881,3.8846493281260592,0.9078,0.9526,0.9567,0.9644,0.8816,3.953108084371851,0.9647,5.004972047385206,5.974855441479988,5.964069026261627,5.715510422459536,5.979964063847476,0.9665,0.9771,0.9802,0.981,0.9209,3.961208786945617
0.9742,0.9732,0.9772,0.9812,0.9813,0.9221,3.510923460904496,4.445128594334433,4.663176216800544,4.535008210864008,4.406890709595969,4.668862314168662,0.9753,0.9708,0.9792,0.994,0.9461,16.327960281014498,0.9942,20.67259054220343,24.17708995751433,24.13653333015382,22.30964681554472,24.39430981857138,0.9478,0.9722,0.9776,0.9951,0.9176,2.6214106381783218,0.995,3.318929482517677,4.584211780990764,4.558005007309728,3.824887224699912,4.582179449133871,0.9857,0.9917,0.9993,0.9997,0.9784,10.728909082833097,0.9997,13.583714108603605,25.7751838588452,25.77982873896892,18.27047060018854,25.780988457197097,0.9662,0.9877,0.989,0.9884,0.917,3.908125519789702
0.9789,0.9756,0.9772,0.983,0.9834,0.9303,3.6282523262432784,4.593676946375088,4.737750122279853,4.529432034696599,4.483051034431359,4.731622131159767,0.9595,0.9695,0.9791,0.9783,0.9216,15.014771866102336,0.978,19.00998198981678,19.7693973324758,19.94659250046793,18.5782794927275,19.749565660732195,0.9522,0.9722,0.9817,0.9899,0.9236,2.618030739316219,0.9904,3.3146502422422364,3.941183112756647,3.935670411161156,3.3804980744634263,3.965144255386567,0.9521,0.9745,0.9837,0.9899,0.933,5.648049422757446,0.9899,7.150912365615979,9.981202920767084,9.971285964113704,8.742290065621809,9.982284031333815,0.9724,0.9703,0.973,0.977,0.9286,4.1065285753260286
0.9723,0.9776,0.9873,0.9847,0.9849,0.9169,3.46141324397223,4.38244443632074,4.802432769236358,4.969932847054288,4.55256201627714,4.819825955552341,0.9668,0.9848,0.9899,0.9941,0.9337,15.593155009134549,0.993,19.74226438679936,25.986747468830995,26.61348434828967,24.79598804396024,26.03387004745754,0.9613,0.9932,0.9973,0.9984,0.9339,2.9156557088847768,0.9984,3.691468842063345,5.701433152255453,5.732995763851003,4.43730244722724,5.703365572645749,0.9319,0.9616,0.9658,0.9688,0.9066,4.622637388006041,0.9689,5.852653258744462,6.263735904151668,6.201390646786035,6.068750265065297,6.280110668645233,0.9689,0.9755,0.9816,0.9818,0.9229,4.027011471557063
0.9696,0.9639,0.9688,0.9774,0.9764,0.9135,3.426476733649756,4.338211834058121,4.706117174090071,4.6299490479635255,4.410527660877824,4.705813588442705,0.9795,0.9904,0.9937,0.9973,0.9573,17.545608444941216,0.9975,22.214236986958184,32.17851079197297,32.95598870898875,28.38945322590471,32.23118406837045,0.936,0.9679,0.9691,0.9701,0.9032,2.394908064419884,0.9702,3.032157902756553,3.0876305685262637,2.960059406651593,2.9362952633065915,3.086422223221744,0.9447,0.9804,0.9846,0.9837,0.9214,5.356458840895099,0.9838,6.7817338153832125,8.430280858761728,8.426436253731904,8.086443476790722,8.440824968702298,0.9495,0.9614,0.9685,0.9675,0.8898,3.5569329525911533
0.9809,0.9612,0.9704,0.9786,0.9769,0.9365,3.686367221120847,4.667255360673662,4.625845980118704,4.528245432857107,4.201855847237439,4.599865410704674,0.9832,0.9584,0.9659,0.9909,0.956,17.210088652850636,0.9911,21.78944030927648,27.439666446844907,27.704117285240063,23.5046392768274,27.867988246521925,0.9645,0.9581,0.968,0.983,0.9393,2.7755539991426907,0.983,3.5140881264127533,3.398326351771293,3.4331801132476456,3.1663031162504103,3.4026679495002643,0.9893,0.9948,0.9985,0.9996,0.9818,11.435208548510523,0.9996,14.47794948172024,25.314542407591645,25.29893011081179,19.07337663193022,25.31524149789155,0.9794,0.9799,0.9824,0.985,0.9454,4.42000866509013
0.9798,0.9948,0.9988,0.9975,0.9976,0.9333,3.6515297022136535,4.623148089987068,5.8444151317974455,6.309078932379265,5.363685105843587,5.8661356328339735,0.9447,0.9499,0.9529,0.9655,0.8972,13.79151885931049,0.966,17.46123933588402,18.217048186928057,16.849937454940786,16.66280368435268,18.26349883285008,0.9729,0.9876,0.9936,0.9991,0.9488,3.127772289113188,0.9991,3.9600265268448966,6.41520779650186,6.458577807054579,4.779869581492917,6.414548837878186,0.9283,0.9512,0.9564,0.9681,0.903,4.592240639084317,0.9682,5.814168381671139,6.208369885146486,6.182330862794742,5.862262918013326,6.212193724127367,0.9539,0.9667,0.9739,0.9724,0.8956,3.625681451193227
0.9762,0.967,0.9766,0.979,0.9782,0.9258,3.554999568237214,4.500932706048434,4.600862418502979,4.510257649012253,4.255957144104345,4.582766683933105,0.981,0.9695,0.9805,0.9872,0.9601,17.56503686435037,0.9877,22.23883502323554,23.014887053137542,22.988618554927864,21.79787483607214,23.177932327881788,0.928,0.9809,0.989,0.9879,0.891,2.3281372540377863,0.9879,2.947620361052388,3.780733790311402,3.7962073044803457,3.316773561823197,3.776700889522447,0.97,0.9921,0.9964,0.9969,0.9548,7.465362591540319,0.9969,9.451785859832263,15.320577141122351,15.306700319172586,12.95102611878997,15.32316276808116,0.9258,0.9374,0.9649,0.9578,0.8544,3.1765043259798
0.9665,0.9639,0.9799,0.9761,0.9758,0.9062,3.337049421864679,4.224989228906855,4.521700188662358,4.668816612207418,4.215373800562412,4.494965701685748,0.9655,0.9859,0.9925,0.9928,0.9301,15.289284585436343,0.9928,19.35753850929321,22.88681370720477,23.197945721514017,21.876018624735128,22.891008352286114,0.9632,0.9631,0.965,0.9813,0.9379,2.7978642232204054,0.9817,3.542334773227524,3.385291250380308,3.178506757780778,3.1615359685186446,3.4025749891994344,0.9338,0.9664,0.9757,0.9879,0.9085,4.822088625315399,0.9879,6.105175538996851,9.214317499354443,9.199640024161232,7.45345399196345,9.208469736417891,0.9634,0.9406,0.9474,0.9597,0.9157,3.934277788028734
0.9779,0.9655,0.9776,0.9827,0.9824,0.9277,3.5920812620660207,4.547881293620979,4.73830336018877,4.55983690690608,4.256613462015856,4.724938085297239,0.9794,0.981,0.9855,0.9913,0.9556,17.171879756035086,0.992,21.74106458656875,22.548381435804902,22.26003016575777,21.075842324684917,22.777421669704516,0.9435,0.9806,0.9897,0.988,0.9148,2.450234981838582,0.9881,3.1022064997689407,3.892075610335402,3.861583669723276,3.312733933596381,3.885499461960331,0.9449,0.9718,0.9793,0.986,0.922,5.256911817773578,0.9862,6.655698792436757,8.95528903573163,8.870593886858412,7.612710519752672,8.980814530747809,0.9634,0.9569,0.958,0.9682,0.9125,3.842443641903836
0.9655,0.9631,0.9643,0.9749,0.9744,0.9037,3.357758173965628,4.251208275588436,4.452547503475163,4.188698536386897,4.162185530325154,4.438779005254952,0.9695,0.9794,0.9817,0.981,0.94,16.839625808323742,0.981,21.320402746457976,20.91046149533286,20.68560046681976,20.09097020807524,20.98446888726183,0.9571,0.9754,0.9768,0.9863,0.9292,2.6769708303482007,0.9863,3.389273425264131,3.610256838631901,3.466520042601684,3.4507833573971154,3.6156587710271495,0.9763,0.9931,0.997,0.9981,0.9642,8.305793595301896,0.9981,10.515843202006094,16.9362461501076,16.92325215771567,13.381543014342236,16.92446269272697,0.9719,0.9905,0.9972,0.9951,0.929,4.095580516201469
0.9671,0.9709,0.9778,0.9811,0.9803,0.908,3.3748905428314018,4.27289931601753,4.719771048187689,4.7555794187217,4.37304412042927,4.691110286471004,0.9718,0.9874,0.9897,0.9936,0.9435,16.122131296993448,0.9936,20.41199349057216,23.44698554407056,23.095371323656057,22.104201510044067,23.547526285122284,0.9514,0.9779,0.9858,0.988,0.9229,2.6141913897106197,0.988,3.3097892981329333,3.713947413431249,3.7340369186617166,3.5353315750747694,3.724402507299473,0.9649,0.9868,0.9948,0.9987,0.9491,7.115582141918259,0.9987,9.008933973236704,17.974174937679347,17.964712118909155,11.829364873096852,17.975411958683907,0.9748,0.9861,0.9892,0.9875,0.933,4.219262439344069
0.9789,0.9732,0.9771,0.9838,0.9831,0.9323,3.633293990120573,4.600060122913551,4.878815839064544,4.694752513955066,4.522985758257882,4.847539805414128,0.9795,0.9746,0.9806,0.9851,0.9538,16.994908913363698,0.9856,21.5170044035765,21.601572666890245,20.428246747938697,19.52524902093392,21.619972670144197,0.9881,0.9866,0.9917,0.9995,0.9776,4.00615236890641,0.9995,5.072130636450497,6.790612387436423,6.810210278421314,5.866659935961105,6.792213945158991,0.9717,0.9874,0.9915,0.9932,0.9588,7.444342447830419,0.9932,9.425172564811067,11.401448526985009,11.365266623936751,11.018377739183288,11.409532181224009,0.9684,0.9893,0.9924,0.9904,0.9232,3.981728263959475
0.9736,0.9797,0.9861,0.9865,0.9863,0.9204,3.495808992705631,4.425992388282927,4.854618452841649,4.834820592750031,4.623311785701944,4.850188672720517,0.9759,0.9564,0.9638,0.9866,0.95,16.799730243187565,0.9858,21.26989155777821,33.379258088268415,33.777490771384,27.442408881982896,33.348366470860626,0.974,0.9716,0.9785,0.9955,0.9533,2.8521093612977486,0.9955,3.6110137453145703,4.7003168085500775,4.5995792276942575,4.4782209507474775,4.694297671206468,0.9649,0.9774,0.9848,0.9936,0.9507,6.660490409208313,0.9936,8.432749018867739,11.683891148894382,11.632537803152855,10.07967850747949,11.67963978464481,0.9619,0.9879,0.9912,0.9888,0.9093,3.8115758919238543
0.9575,0.9684,0.9777,0.9751,0.9751,0.89,3.178860070429406,4.024708015939884,4.477252455915567,4.540824162162589,4.317764131692154,4.477716942586948,0.9587,0.9554,0.966,0.982,0.9173,14.6101054332004,0.982,18.497639766441647,20.72350172977824,20.61414545042124,19.01621223405823,20.76138410701867,0.9347,0.9562,0.9611,0.9628,0.902,2.396603727029896,0.9635,3.03430475626619,2.9421344471236464,2.812563983754181,2.7770199617447413,2.950286127260973,0.9226,0.9737,0.9891,0.9902,0.8964,4.634752303571484,0.9902,5.867991775290769,10.034538267787164,10.060894637228184,7.941488478752245,10.034523147818732,0.9798,0.9829,0.9878,0.9868,0.9428,4.347907356809965
0.9859,0.9924,0.9961,0.995,0.9949,0.945,3.8053939235041,4.817953319243466,5.410019741992052,5.560480056764426,5.190526054322433,5.407101240900298,0.9782,0.9937,0.997,0.9969,0.953,16.848268690010727,0.9969,21.331345371938724,25.6537845631468,26.00656668724676,23.68526777352132,25.700991036407768,0.9593,0.9915,0.9957,0.9949,0.931,2.8327523561431613,0.9949,3.5865061255753554,4.612645208686075,4.648572892796822,4.07661747460703,4.612539255946512,0.915,0.913,0.9146,0.9473,0.8913,4.125334726293842,0.9475,5.223025667533452,4.947899299571399,4.726581402372024,4.673653851634751,4.954034158143382,0.9668,0.9849,0.9939,0.9892,0.9209,3.9471380914283634
0.9842,0.9892,0.9926,0.9918,0.992,0.944,3.826085752611037,4.844150939971041,5.501476498645699,5.692648565680472,5.330858178666777,5.556499070432697,0.9833,0.9824,0.9922,0.995,0.9657,18.347147604778076,0.9944,23.229053937126537,25.91133973229159,26.714505776156884,24.342691089716496,25.97680541466332,0.9486,0.9566,0.967,0.9824,0.9211,2.456903480796094,0.9826,3.1106493882931145,3.4304940306757867,3.433888766882661,3.048202872743601,3.4425896699934717,0.9707,0.9813,0.9879,0.9938,0.9565,7.222044666211112,0.9938,9.143724610580096,11.920190784581102,11.86130358412902,11.338120970589776,11.940398080486435,0.9668,0.9837,0.9901,0.9873,0.9158,3.914044446854459
0.9734,0.9723,0.9786,0.9773,0.9777,0.9196,3.48745812029217,4.415419471451767,4.732850526962855,4.82699834146224,4.6145620139211605,4.738822032304574,0.9868,0.9885,0.9902,0.9971,0.9702,19.00491826295173,0.9969,24.06184770028326,25.596636962365466,25.05553530410617,23.675124648966303,25.689516615385536,0.9527,0.9619,0.9698,0.9706,0.9239,2.5868025136430712,0.972,3.2751126446740244,3.084954979600073,3.021380859339679,2.887874329833678,3.098364192855699,0.9752,0.9877,0.9949,0.9987,0.9633,8.082779229103036,0.9987,10.233487990570485,18.029849810680744,18.0086753145719,13.279767151071832,18.029311424481143,0.9823,0.9952,0.9965,0.9959,0.9498,4.530047357009864
0.9613,0.9761,0.9906,0.9848,0.986,0.8971,3.24631826990587,4.110115850873971,5.165671792244565,5.626656505963838,4.654272929976298,5.204890065663577,0.9574,0.9708,0.9779,0.9802,0.9121,14.312085160420663,0.9802,18.120320679034585,20.19952461141437,20.024632294841368,18.959502429277528,20.272887288669764,0.9705,0.9845,0.9874,0.9901,0.9461,2.9974977117778043,0.9902,3.795087799106537,3.945637652422294,3.874427338296112,3.814334539481639,3.944404613529321,0.9552,0.9702,0.9838,0.9889,0.9383,5.894480781034622,0.9889,7.4629154865659135,9.436701783121414,9.463312328530009,8.622060609000375,9.438454749270791,0.9662,0.9661,0.9692,0.9742,0.9205,3.947683540861396
0.9819,0.97,0.9727,0.9835,0.9839,0.9376,3.697582074142237,4.681454321261028,4.793701487463017,4.465411322768188,4.355954739000117,4.804319847650779,0.9774,0.9868,0.9896,0.9933,0.9533,17.59397435844358,0.9931,22.27547235921693,23.19137845850485,22.653005599701757,22.05169532050385,23.19522404341944,0.9826,0.9871,0.9877,0.998,0.9669,3.460052866288784,0.998,4.380722082128997,5.424457362517151,5.244540669084558,5.243288790416804,5.422286042894322,0.9446,0.9488,0.9592,0.9783,0.9222,5.037552816017262,0.9784,6.37797158419951,7.338648420539156,7.326025990904542,6.193151933277347,7.345776839742484,0.9613,0.9465,0.9566,0.9636,0.907,3.770733532006025
0.9697,0.9572,0.9663,0.9697,0.9682,0.9136,3.427874232154311,4.339981186375911,4.335269614068787,4.25834667496548,4.026525673272353,4.313778303573168,0.961,0.9777,0.9858,0.9822,0.9171,14.504497692395706,0.9821,18.363931357909998,20.924696272562183,21.285210253791963,20.49074806896587,20.95569959744785,0.9545,0.9922,0.9981,0.9974,0.9241,2.7688944252840093,0.9974,3.505656537825037,5.365087322356191,5.382565437904114,4.180367729276381,5.367507885516352,0.9463,0.9441,0.9517,0.9656,0.9255,5.001746744590145,0.9661,6.332638043402112,6.024059438928516,5.968411226562663,5.8003528192743605,6.047001928787809,0.9591,0.973,0.9806,0.9801,0.9105,3.813891802073516
0.9757,0.9915,0.9962,0.9933,0.9931,0.9246,3.550763946633865,4.495570047786729,5.3193767438970365,5.545396577226372,5.226969087437994,5.314505475945855,0.9704,0.9834,0.99,0.9933,0.9418,16.73235699598871,0.9933,21.184591279674272,23.3288188144449,23.418495143508583,21.482180465376228,23.31748144762865,0.9871,0.9738,0.9866,0.9982,0.9753,3.726289694115242,0.9982,4.717800616997256,5.539127452322241,5.560762181470011,4.714900660563067,5.548004212727519,0.9529,0.9757,0.9881,0.9892,0.9347,5.601966842836022,0.9892,7.092567888446245,9.482146113307984,9.523804356104543,7.681037540958903,9.484032170644836,0.972,0.9807,0.985,0.9821,0.9298,4.096979042921197
0.9617,0.9254,0.9264,0.9514,0.9506,0.8959,3.2670258840929245,4.136333456859493,4.339699694733236,4.009802962673874,3.992984349996111,4.334382693553993,0.9655,0.9837,0.988,0.9857,0.9227,14.750758918650032,0.9862,18.675719077206203,21.03049934900165,21.670162680888712,20.742076965037263,21.13744369004177,0.9435,0.9803,0.9867,0.9911,0.9128,2.6010149231492186,0.9911,3.2931067674721017,4.109646780872867,4.068187384042074,3.528870450832871,4.113875284673127,0.9727,0.9837,0.9854,0.9941,0.9605,7.7494213619514465,0.9942,9.811428494280552,12.189804116076417,12.028184949751193,11.840201429760508,12.227761244758758,0.9458,0.95,0.9512,0.9618,0.8842,3.500616834835148
0.9834,0.9852,0.9912,0.9883,0.9888,0.9422,3.7546528322525536,4.753710769344108,5.119983736532265,5.179767882338453,4.961955530404149,5.146684265693876,0.968,0.9947,0.9982,0.9983,0.9356,15.668941063595469,0.9982,19.83821599653603,27.601513952498184,28.34624784530873,25.83900711353488,27.566934870309947,0.9473,0.969,0.9723,0.9782,0.9174,2.6056628028339155,0.9785,3.2989913796317047,3.2894293200057443,3.179448719330627,3.1036418383867828,3.2977095175878506,0.9763,0.98,0.9837,0.9933,0.9652,7.939021579194445,0.9933,10.051478542805889,11.410797893469438,11.326641725289557,11.068761708627486,11.439996933633552,0.9694,0.9903,0.9923,0.9924,0.9248,4.008404786199826
0.9796,0.9888,0.9977,0.9939,0.9935,0.9326,3.661985171349093,4.636385605796982,5.429315182036044,5.913319382812846,5.08558522055392,5.424751190256575,0.9573,0.945,0.9635,0.967,0.896,13.7222796505837,0.968,17.373576591313327,19.57524143140654,20.02118318435044,18.612094005414477,19.789253011531773,0.9415,0.9674,0.9746,0.9883,0.9104,2.4893858930890875,0.9883,3.1517748931081213,3.784314585365802,3.786608463948314,3.378265887444265,3.7935711122176192,0.9596,0.9789,0.9858,0.996,0.9434,6.350400235637795,0.996,8.040148407458988,14.391654434100191,14.372087479423248,10.442705151997634,14.383450424253908,0.9697,0.9661,0.9722,0.9738,0.9243,4.008774727315837
0.9789,0.988,0.992,0.9915,0.9923,0.9304,3.6805876869667857,4.659937977422155,5.128788492596376,5.1625271580802,4.945290579552028,5.143636206535748,0.9525,0.971,0.9738,0.9756,0.9079,14.166895289928014,0.9755,17.93649791783764,19.545388873214357,18.95743424784521,18.63509301298793,19.47818514678385,0.9883,0.9844,0.9899,0.9991,0.9785,3.987990240150748,0.9991,5.0491358321590445,6.398090285793109,6.39276298384011,5.951236794010797,6.395557533860549,0.931,0.9768,0.9804,0.9806,0.9043,4.835491018215003,0.9806,6.122144111674077,7.818953706205399,7.806830700920875,7.450759109420144,7.829034418448478,0.9568,0.9778,0.9868,0.982,0.9037,3.716760102534797
0.9712,0.9742,0.9887,0.9836,0.9857,0.9167,3.443553448867352,4.3598324122211904,4.772753168185293,4.953633296232658,4.448310733758917,4.830456387487606,0.9735,0.9816,0.9876,0.9908,0.9482,16.766664491500507,0.9905,21.22802749552963,22.399783392315825,22.13512451565571,21.168087601419984,22.3863170614529,0.9744,0.974,0.9834,0.9901,0.9528,2.978072807679459,0.9904,3.770494213512531,3.999618810440561,3.976096922061108,3.695542552699088,4.017606272678036,0.9444,0.9744,0.9862,0.9868,0.922,5.017866364037634,0.9868,6.353046856676943,9.09851363375492,9.095464629507026,7.371242626213569,9.094215910368872,0.9667,0.9803,0.985,0.9848,0.917,3.91711801041886
0.9767,0.9518,0.9545,0.9741,0.9733,0.9257,3.5929600978805905,4.548993974729688,4.628527010468706,4.3539264465120375,4.301096726082204,4.596715539328035,0.9758,0.9663,0.9692,0.9821,0.9449,16.2184332522705,0.9825,20.53391998081301,20.64936596146816,19.12718969984196,18.762047107314284,20.686233789337408,0.9854,0.9952,0.9972,0.9997,0.9724,3.670626859506793,0.9997,4.647326720167849,7.158976201570424,7.196714058687016,5.63678175226608,7.144902579810922,0.9785,0.9876,0.9953,0.9994,0.9679,8.7898348829672,0.9994,11.128680762436758,21.958787352855516,21.904933197470957,14.65866913641039,21.94548082298857,0.9591,0.9873,0.9905,0.9885,0.9078,3.773100672293475
0.9553,0.9368,0.9385,0.956,0.9551,0.8823,3.141910227261824,3.9779263625517225,4.000627181625481,3.7649988389082463,3.7223214548892334,3.983677513796195,0.9713,0.9845,0.9926,0.9964,0.9416,16.031680057215063,0.9962,20.297474505237084,25.046668952415807,25.402579479592543,22.558210640440645,24.891532327584407,0.9471,0.9414,0.9532,0.9754,0.9177,2.544675088638761,0.9755,3.2217757310165283,3.124832512507266,2.9541582895031286,2.888462586172441,3.1259166156450413,0.9327,0.9421,0.9561,0.9617,0.908,4.592385194455948,0.9625,5.814351401102653,5.8333185375303,5.749376929973076,5.502610354770073,5.869853013703918,0.9644,0.9883,0.9943,0.9914,0.9128,3.857298260557701
0.9857,0.9851,0.9886,0.9908,0.9907,0.9459,3.814519918551825,4.829507607450006,5.228135910148204,5.157133066947436,5.05136138171455,5.232527198987858,0.9764,0.9745,0.9804,0.984,0.952,17.06993090664175,0.9848,21.61198864667883,21.033224267817307,20.37228605901757,19.51262604583686,21.16526489629444,0.9581,0.9714,0.9786,0.9844,0.9311,2.651470737103118,0.9844,3.3569881319775856,3.502183195288601,3.457303386652724,3.356920677703741,3.501778073000648,0.9767,0.985,0.9938,0.998,0.9648,8.375111993184849,0.998,10.60360620680358,16.67792796740425,16.676829912759718,14.059147510291792,16.674635782813485,0.9667,0.991,0.9953,0.9925,0.9201,3.9374344909840033
0.9782,0.9737,0.9865,0.9832,0.9827,0.9286,3.599432823625235,4.557188997666301,4.905337469419584,5.019812411929058,4.595945485273671,4.894160990483185,0.9825,0.9681,0.9759,0.9914,0.964,18.300714010762647,0.9909,23.17026504617119,31.55865904685421,31.949907252722383,26.87022871382209,31.55753418626224,0.9807,0.9807,0.9882,0.989,0.9625,3.262299392510426,0.9895,4.130349315331431,3.874462748135398,3.8484922545059055,3.703612034094965,3.892528892722292,0.9304,0.9442,0.9535,0.9657,0.9053,4.493047406217816,0.9662,5.688581287366962,6.064359894129449,5.999093278647602,5.806043244769184,6.086866793625893,0.938,0.9376,0.9427,0.9506,0.8718,3.3534511586084017
0.9693,0.9762,0.9794,0.9807,0.9805,0.9111,3.388533968986581,4.29017305735721,4.673126624054344,4.631491149936973,4.554901592599057,4.6718862096498,0.968,0.9575,0.973,0.9833,0.9315,15.28956130055223,0.9841,19.357888854234588,20.64863622309741,20.701996847542937,18.56482486512057,20.757361801137723,0.9223,0.9768,0.9899,0.9899,0.8843,2.212562263953396,0.9899,2.8012925646948768,3.952993340053667,3.971387497749704,3.1919608302419977,3.956772740411428,0.9506,0.977,0.9795,0.9814,0.9304,5.613963911592107,0.9815,7.107757200879201,7.9913467534424445,7.935527894136259,7.624503852815583,8.008346200186727,0.9597,0.9838,0.9894,0.9858,0.9042,3.742259056326721
0.9544,0.941,0.9562,0.9601,0.9599,0.8805,3.130026888686145,3.962881042228704,4.110252228817465,4.049870031719799,3.837131828257081,4.101565740667502,0.9905,0.9548,0.9564,0.9878,0.9751,19.192304420717697,0.9876,24.29909456064444,31.29912840770688,31.413556345910536,26.662205956412585,31.35027044815496,0.9853,0.9914,0.9925,0.9983,0.9719,3.764404514535802,0.9983,4.766057230963913,5.706932120059131,5.569380250541484,5.456840417652712,5.715610809928146,0.9529,0.948,0.9654,0.9885,0.9345,5.665151897699269,0.9886,7.172565557787307,9.283267241312004,9.290081665723342,7.614129622727713,9.286034470445635,0.9852,0.9919,0.9931,0.9939,0.9538,4.5776575606994365
0.9833,0.9936,0.9966,0.995,0.9955,0.9404,3.737122242237563,4.731515546970587,5.460712944065344,5.755210906686488,5.3002704828329135,5.472824096813213,0.9512,0.9386,0.9507,0.9532,0.8983,13.63728663398107,0.9529,17.265968182122386,16.96535708055144,17.055568749510652,15.701034874502025,16.84678724183076,0.9838,0.9909,0.9992,0.9997,0.969,3.5905991660187,0.9997,4.546004833597611,7.153392697826076,7.212492006210212,5.572627309541394,7.160407567348831,0.9719,0.9616,0.9758,0.998,0.9588,7.6593730827953905,0.998,9.697419691467152,16.622589534852853,16.61028749186135,12.841339682489911,16.622317337624942,0.9707,0.9858,0.9926,0.9892,0.9251,4.051247728741866
0.9554,0.9601,0.9691,0.9699,0.97,0.8854,3.1865649547946107,4.0344630567971365,4.303719807421232,4.286289561342572,4.090235084665451,4.314848370050161,0.9835,0.9899,0.9938,0.9975,0.9656,18.23713308791303,0.9975,23.089766174190597,27.130703158738253,27.188540914135643,26.0649310028419,27.185818666754184,0.9559,0.9631,0.9642,0.9867,0.9283,2.606371167719084,0.987,3.2998882300020838,3.5944079451028434,3.4740739287042093,3.4358489196813093,3.602647437676899,0.9794,0.9935,0.9976,0.998,0.97,8.767019571029904,0.998,11.099794631306176,16.71904216464506,16.713820167621012,14.521475883875414,16.718023782093535,0.9669,0.9832,0.992,0.9871,0.9178,3.932768827381995
0.9391,0.942,0.9535,0.9539,0.952,0.8578,3.030456205956034,3.836816064199537,3.98505140320897,3.9603300357682274,3.753249977640955,3.950256345355815,0.9792,0.9824,0.9922,0.99,0.9552,17.135358560744734,0.9892,21.694825637958186,24.709145782962967,25.397683497111327,23.84650957717103,24.76042092741276,0.9637,0.9611,0.9672,0.9965,0.937,2.9301248817474383,0.9965,3.709788049173493,4.919541367758056,4.901806968618422,4.127635649478399,4.920095171585857,0.9763,0.9859,0.9951,0.9992,0.9644,8.347027949189854,0.9992,10.56804941144851,20.59039830962169,20.577830180744535,13.93199039543316,20.60122302913749,0.9534,0.9272,0.9339,0.9527,0.8958,3.622957495270922
0.9482,0.9586,0.9637,0.9686,0.9683,0.8754,3.125813716131661,3.95754680637784,4.276164527760322,4.170321336083755,4.056522292016839,4.268948089979525,0.9768,0.9844,0.9888,0.9924,0.9439,16.107688156929015,0.9922,20.393707243205256,23.57938589662312,22.99665110784475,22.639354891954557,23.556518854946724,0.9457,0.9555,0.9631,0.9761,0.9165,2.534372680586785,0.9762,3.2087320035948723,3.1444391371710303,3.0332240965012964,2.9382421260250005,3.147374312771912,0.9791,0.9835,0.9891,0.9963,0.9693,8.660612169600242,0.9964,10.965073784209736,14.841044080218063,14.81301782911906,13.171357233264208,14.838729975770445,0.9709,0.9965,0.9993,0.9985,0.9264,4.053952469590171
0.9795,0.9821,0.9832,0.9882,0.9889,0.9326,3.6319443386618433,4.598351349037279,4.9778801637123,4.800677048666299,4.755490176589811,4.985424854844178,0.9595,0.9671,0.9809,0.9841,0.9212,14.908619806445586,0.9848,18.87558442718631,21.18182226808461,21.52139328065208,19.968770727212227,21.36091431774915,0.9541,0.9617,0.9686,0.9702,0.9261,2.5748242541491604,0.9706,3.2599471463714718,3.098124929732857,2.929520255616928,2.874911673723934,3.101340013464311,0.9319,0.9548,0.9681,0.9648,0.9071,4.568769724497888,0.9648,5.7844522016617805,6.095146734634534,6.101565492885928,5.335481046532186,6.100211599055555,0.9665,0.9898,0.9923,0.9909,0.9202,3.9599533516301
0.98,0.9836,0.9854,0.9883,0.9881,0.9347,3.677392657513024,4.655892797587617,5.001895322921358,4.891195674919641,4.7772041699895365,4.992956755107106,0.9745,0.9732,0.9773,0.9945,0.9481,16.66490740406976,0.9945,21.09919434264224,24.5198890879733,24.51937561499221,21.83946383210461,24.59572673858559,0.9537,0.9732,0.9836,0.988,0.9247,2.635475756106844,0.988,3.3367371216140445,3.732141333109243,3.767592390001529,3.2985509703357856,3.7350211287338246,0.9505,0.9666,0.9837,0.9833,0.9304,5.548369480582207,0.9834,7.024709055809103,8.284656078702259,8.34719632529584,7.471044813841232,8.283541671558071,0.9861,0.983,0.9875,0.9857,0.9562,4.637414148922505
0.97,0.9713,0.9721,0.978,0.9783,0.915,3.4607611681350217,4.381618852686712,4.563210373206402,4.38522164005469,4.372164181189923,4.570535045889188,0.9776,0.9862,0.9902,0.9905,0.953,16.93729113830216,0.9909,21.44405538537091,22.53561558426244,22.194682842602308,21.287329705855377,22.630320951052337,0.9775,0.9686,0.9743,0.9989,0.9561,3.320716399642679,0.9989,4.204310229515564,5.932320228088383,5.948990703941138,5.560987065286778,5.925821694567237,0.9749,0.988,0.9947,0.9976,0.9625,7.956536055786537,0.9976,10.073653364211497,15.99770686148921,15.976618175561018,12.826415381856306,15.99525776701701,0.9585,0.962,0.9674,0.9693,0.9023,3.71411990171677
0.9774,0.9884,0.9962,0.9924,0.9919,0.9291,3.593272728312846,4.549389791525283,5.210055530223057,5.540617503292817,4.9364449978865945,5.209620125136304,0.9499,0.9321,0.9501,0.9674,0.8869,13.284103360040168,0.9677,16.81880802966753,20.139772063457254,20.544366030522887,18.791573489501918,20.20160505495736,0.9543,0.9536,0.9592,0.9788,0.9263,2.578778988566314,0.9794,3.2649541774948903,3.2360436136909216,3.177677765842237,3.0756847601519954,3.247952030454976,0.9625,0.9854,0.9911,0.996,0.9473,6.723269052826288,0.996,8.512232136904126,14.16995630066385,14.15466658267022,10.41328608794175,14.163505628017964,0.9699,0.9734,0.9761,0.9781,0.9214,4.002083403615478
0.9695,0.9847,0.9958,0.9918,0.9915,0.9124,3.400559608190371,4.305398542414108,5.455110539497236,5.911065947190628,4.920785497757089,5.451221724192459,0.967,0.97,0.9734,0.9884,0.9357,15.69359032884945,0.9885,19.869424069007525,21.7493008998043,20.63378889932346,20.093833380845805,21.73956254303139,0.9815,0.9843,0.9859,0.9995,0.9637,3.3985314696197486,0.9995,4.302830745977093,6.849928863179666,6.878693843035752,5.408554402093595,6.838570172904503,0.9415,0.9646,0.9711,0.9709,0.9169,5.064125613644168,0.9712,6.411615012738505,6.543507153129145,6.380202871437044,6.273166538529073,6.548853842934991,0.9478,0.9651,0.9691,0.9686,0.8858,3.513003905851479
0.9805,0.9491,0.9531,0.9732,0.9725,0.9357,3.671043599633169,4.647854348717086,5.356058461116962,5.398232920577083,4.742830717878031,5.347964030916124,0.9841,0.9848,0.9886,0.9969,0.9661,18.38310908374889,0.9964,23.27458423713101,29.07366320185898,29.52511796930575,25.682902523890085,29.034343975896977,0.9558,0.9606,0.9692,0.9947,0.9265,2.711385420754217,0.9947,3.4328452323911023,4.470965775791687,4.471654163019758,3.891736535638039,4.466126727693616,0.9707,0.9871,0.9929,0.9942,0.9563,7.358907397343486,0.9942,9.317004503015715,12.177101554841949,12.181845960289955,11.251730509039827,12.173571029325004,0.9569,0.979,0.9835,0.9814,0.8994,3.68360131605645
0.9757,0.9813,0.9888,0.9859,0.9865,0.925,3.546040379916762,4.489589609387759,5.231764942461465,5.560202978149569,4.961183819420628,5.233933287276019,0.9727,0.9666,0.9727,0.98,0.9444,16.201638997323556,0.9795,20.51265702144734,20.16965486405992,19.333183739942665,18.785721765888624,20.06285563045953,0.9805,0.9833,0.9973,0.9973,0.9611,3.360910563974211,0.9973,4.2551994702480975,5.200294022290432,5.298760240739527,4.889897492601593,5.213528482921219,0.9816,0.982,0.9862,0.9967,0.9724,9.268068267194211,0.9967,11.734165021682092,15.065422762909986,15.05614055081353,14.189482061572631,15.088718298869216,0.9785,0.9905,0.996,0.9928,0.9395,4.27483946650848
0.9784,0.9803,0.9874,0.9856,0.9859,0.9285,3.6126322953955783,4.573900654884072,5.009809526020446,5.070231246286141,4.811776269187355,5.011180614816499,0.9685,0.9823,0.9913,0.9925,0.9343,15.50534380001663,0.9925,19.63108790548336,23.506565404645,24.079625503419287,21.92074865692443,23.593714973259157,0.9681,0.9746,0.9772,0.9949,0.9431,2.882835087011731,0.9949,3.6499151350696497,4.548636134966657,4.557038366276455,4.155185556091059,4.55448669372109,0.9863,0.9797,0.9827,0.9996,0.9785,11.17298944903573,0.9996,14.14595773367007,25.312796650473857,25.22370960809212,21.7430982281492,25.31173038038632,0.934,0.9556,0.9633,0.9604,0.8658,3.2941284800399675
0.9704,0.9845,0.9962,0.9896,0.9902,0.9123,3.41421421321205,4.322686437152369,5.060376796002238,5.54900520975984,4.794059477570945,5.138820357033231,0.9646,0.9764,0.9858,0.9875,0.928,15.125814777181947,0.9878,19.150571787553627,21.549468203608512,21.926152057297365,20.1484011976694,21.598320313279523,0.9627,0.9794,0.9875,0.9982,0.9368,2.8411088343351167,0.9982,3.597086139800281,5.515530544477849,5.546775974055193,4.491283861503563,5.525928245391208,0.9209,0.9613,0.9734,0.9768,0.896,4.355669948306712,0.9768,5.514649706921656,7.162884397648389,7.176721072983235,6.391842518650294,7.176156534017709,0.9703,0.9846,0.9902,0.9877,0.926,4.053106993752917
0.9798,0.9721,0.9759,0.9833,0.9831,0.9333,3.655734942603129,4.628472283040395,4.805552647612922,4.69879333526001,4.500478397648886,4.801695125259544,0.9492,0.9392,0.9517,0.965,0.9018,13.870821057816809,0.9651,17.561642683920326,19.056395636591382,19.265058929134213,17.57948048904862,19.059343654804785,0.9538,0.9821,0.9877,0.9917,0.9253,2.603724705376925,0.9918,3.2965375829253354,4.1369515884504064,4.116314323935386,3.647991300288493,4.138773753015402,0.968,0.9833,0.9868,0.9899,0.953,6.889792822351252,0.9899,8.723065434124761,10.022153004057326,10.007106231244371,9.450019526090824,10.011790828565935,0.9449,0.9503,0.9569,0.9596,0.8811,3.496297000064849
0.9694,0.9785,0.9841,0.9867,0.9864,0.9127,3.3994860453048754,4.304039320222776,4.988609261267083,5.080417115196108,4.577194759647167,5.002622544412663,0.981,0.973,0.9757,0.9916,0.9619,17.984996952524483,0.9918,22.77054031878221,27.874727914391634,27.998134620432023,25.08062531826437,27.983820541405827,0.9564,0.9832,0.9929,0.9918,0.929,2.620225142614075,0.9921,3.3174285440068347,4.141719137821474,4.171411126690146,3.72433087513864,4.1617617437181895,0.977,0.983,0.9863,0.9964,0.966,8.3808082735181,0.9964,10.61081818361613,14.906527484118635,14.528516754300194,14.514322018371198,14.902679394180383,0.9779,0.9765,0.98,0.9828,0.9398,4.272184226318402
0.9664,0.9808,0.9929,0.9883,0.9884,0.9055,3.3424817682889274,4.231867042876213,4.920930315377016,5.279146917590847,4.650620010202946,4.988539292701885,0.9782,0.9876,0.9891,0.9959,0.9552,18.06512299662832,0.996,22.8719867256216,24.525917512098744,23.445329428257185,23.15046739250325,24.459214441895064,0.9728,0.9867,0.9924,0.9963,0.9501,2.986873103059515,0.9963,3.7816361381565953,4.926748862350363,4.9564148981147,4.173406075305395,4.92605217130112,0.9846,0.996,0.9984,0.9994,0.9762,10.744469507378636,0.9994,13.603414933431486,22.022209769875133,21.93001354307415,21.28029653635869,22.03757506423605,0.9498,0.9505,0.9653,0.9628,0.8904,3.561525286722185
0.9847,0.9917,0.9952,0.9954,0.9951,0.942,3.767916585951264,4.770503812966642,5.540218192699748,5.732563429833567,5.258016849163641,5.535043147829523,0.9885,0.996,0.9977,0.9997,0.9711,18.67397799836341,0.9996,23.64284909506754,34.15259011067635,34.56434262522711,27.68578745549532,34.25159797590446,0.9756,0.9928,0.9976,0.9973,0.9528,3.266027731133192,0.9973,4.1350697100668805,5.25009444873199,5.265602377172441,4.762692223043576,5.239495558044284,0.9756,0.9935,0.997,0.998,0.9634,8.149634689602308,0.998,10.318132706543915,16.603551380374356,16.593394395707318,14.247995695384567,16.59878890740489,0.9657,0.9736,0.9755,0.9792,0.918,3.97611873716269
0.978,0.9831,0.9871,0.9885,0.9885,0.9286,3.604132455863104,4.563139132972874,5.298110990398872,5.488808061582773,5.010590896255732,5.343126618417913,0.9729,0.9943,0.9955,0.9971,0.9478,16.888062752152635,0.9971,21.38172804916922,25.96346925238432,25.739415251539768,24.446108643739617,26.112968856074662,0.9611,0.9727,0.976,0.9767,0.9345,2.7851138747293955,0.9768,3.526191744393021,3.2308379791127937,3.154598254141458,3.053817136699205,3.2396800373427785,0.9657,0.9854,0.9908,0.9932,0.9513,6.874667469909758,0.9932,8.703915447693626,11.354450742681852,11.360467444398198,10.820500481693896,11.352833147913833,0.9487,0.9517,0.9589,0.9617,0.889,3.548142638689892
0.9666,0.9768,0.9899,0.9853,0.9847,0.9085,3.3981964407196448,4.302406570810541,4.850463798653665,5.016357937616451,4.571287932041743,4.838335031518401,0.9746,0.9882,0.9949,0.9974,0.9443,16.244706398587205,0.9974,20.567184025232088,26.14712744480213,26.92885865694159,23.427108747200982,26.194700472307765,0.9344,0.9622,0.9662,0.9705,0.9019,2.352709951708638,0.9707,2.9787314924321926,3.106881534383995,2.9772379761336274,2.9094723994787084,3.110135588245103,0.9679,0.9886,0.9952,0.9988,0.9521,7.323410218538994,0.9988,9.272062046628074,18.293527541763517,18.2581483406058,13.447733826652058,18.30996822819076,0.9653,0.968,0.9723,0.9744,0.9146,3.8805934200842858
0.9637,0.9709,0.9931,0.9845,0.9856,0.8987,3.2831639828127046,4.156765666469385,4.792651678200193,5.216626796158402,4.35463932635658,4.8189457603773125,0.9795,0.9891,0.9939,0.9934,0.9571,17.52503678834522,0.9938,22.188191514880558,23.46547136785608,23.68086974197078,22.05147980916035,23.68793514699177,0.9707,0.9612,0.9652,0.9886,0.9487,2.871628668840992,0.9888,3.635726853722729,3.7989804195200696,3.807089928594026,3.4814469120006293,3.8131164836379994,0.9521,0.9868,0.9921,0.9939,0.9321,5.869050559132553,0.994,7.430718656359871,11.87113359623618,11.884890503313509,9.98102112975822,11.862864675967456,0.9741,0.9827,0.9914,0.9879,0.9342,4.172615083885075
0.9782,0.9865,0.9923,0.9899,0.9896,0.9292,3.6126171093529367,4.573881428058669,5.098312846070167,5.2511950931412095,4.889161722295775,5.096982735582756,0.9659,0.9628,0.9716,0.9759,0.9298,15.206041727189769,0.976,19.252145949875047,19.310688671180607,19.094031505843496,18.141283341278143,19.387680138204736,0.9571,0.9732,0.9775,0.9833,0.9293,2.649957982940656,0.9834,3.355072856165213,3.404508453992872,3.406612138560995,3.3231305619204727,3.408132633464591,0.98,0.9906,0.997,0.9983,0.9707,9.000391798429538,0.9983,11.395263778580146,17.21985202427612,17.20462154843709,13.892492434643126,17.215743972510023,0.9756,0.9866,0.9933,0.9894,0.9339,4.213932096756906
0.9642,0.9544,0.9634,0.9711,0.9707,0.9011,3.3153034291058785,4.197456947072539,4.366276058471083,4.183989907413824,3.999468365287808,4.362227228249358,0.9624,0.9687,0.988,0.9843,0.9246,14.992151735235415,0.9849,18.981342974570858,20.810587534004284,21.656709340653244,19.245094147386656,20.92510277663897,0.9774,0.9631,0.9645,0.9989,0.9561,3.310956116488989,0.9986,4.191952878460098,6.290994006875177,6.317037808900754,5.592515068704505,6.284503606174605,0.9732,0.9877,0.9899,0.9964,0.9609,7.799911933958984,0.9965,9.875353865446913,14.845571028542013,14.815597453436215,12.14725833699657,14.84854298424978,0.9747,0.9791,0.9906,0.9876,0.934,4.171105879553812
0.9414,0.941,0.9424,0.9545,0.9541,0.8632,2.979418915167555,3.7721985004196688,4.070601687906398,3.9317323491407374,3.889319691448079,4.067061353695255,0.9303,0.9584,0.9646,0.9645,0.8752,12.940188042047566,0.965,16.383381900029068,18.19041317281683,17.890144362118527,17.33983671166534,18.189802627886188,0.9833,0.9778,0.9828,0.9974,0.9697,3.336489753931679,0.9976,4.224280641562239,5.2413842256638885,5.302090466146751,4.413791440316071,5.256374219587784,0.9367,0.9729,0.9892,0.9921,0.9121,4.99325357929412,0.9921,6.321884971643595,10.608214168333063,10.663618875398456,8.258880177636723,10.608969584202251,0.9696,0.968,0.9758,0.9761,0.924,4.002438096038576
0.9713,0.9788,0.9918,0.9875,0.9865,0.914,3.433133246272289,4.346639546859739,5.068563032048593,5.420411689948535,4.726632406950402,5.078536613283159,0.976,0.9829,0.9859,0.9925,0.951,17.00654646965622,0.9922,21.531738542563044,23.249624787328035,22.728070115809683,22.14812811394209,23.17929894809778,0.9631,0.9813,0.9904,0.9982,0.936,2.9450710283892194,0.9982,3.728711145775371,5.561133141454619,5.575297031842298,4.758206112348689,5.560594721663558,0.9909,0.9928,0.997,0.9995,0.9853,12.683533621392696,0.9996,16.058435510049552,25.325794645981297,25.284826222305355,23.660950549526817,25.34726992025356,0.967,0.9654,0.9704,0.9719,0.9207,3.9655802562293783
0.9608,0.9761,0.9795,0.979,0.9792,0.8967,3.251091550393325,4.116159231146948,4.6136480186639295,4.688113350846384,4.525379007804718,4.624864086416274,0.9561,0.9751,0.9884,0.9868,0.9017,13.852414864888864,0.9868,17.53833887356732,21.333903198434182,22.073707406874654,19.48691721675424,21.37380807300029,0.9385,0.95,0.9616,0.9657,0.9091,2.3422818897565274,0.9672,2.965528676454292,2.958165016069773,2.9342564130050475,2.765424793994512,2.9822501029249247,0.9403,0.9602,0.9696,0.9794,0.916,4.953578364798815,0.9797,6.271652765671779,7.649500223987143,7.595943316742533,6.8277950979852085,7.672092177860921,0.9712,0.9818,0.9868,0.9857,0.928,4.085312856380871
0.9822,0.9804,0.989,0.9888,0.9877,0.9402,3.738349864913628,4.733069821998566,5.116534708726588,5.231682695453896,4.769523019553371,5.123429895698903,0.9658,0.9711,0.9787,0.9859,0.935,15.831390399966692,0.9856,20.043890713822044,22.06539024141397,22.28471460027455,20.92778065539135,22.095300658984765,0.9654,0.9789,0.9824,0.9901,0.9409,2.756158067275952,0.9904,3.4895312221353847,3.98476318450923,3.9095728327178674,3.770371164652808,4.005421887277066,0.9797,0.9864,0.9922,0.9993,0.9696,9.318287564376163,0.9993,11.797746935778664,21.31281373621139,21.31249464339077,16.04148185522078,21.30658361247236,0.9717,0.9754,0.9765,0.9796,0.9286,4.09336805039912
0.9902,0.992,0.9977,0.9968,0.9962,0.958,4.058239669448959,5.138077602148158,6.0237982511707,6.411635061122168,5.548110029536727,6.045257539797492,0.9664,0.9659,0.9703,0.9918,0.9306,15.247411741675656,0.9918,19.304523917206723,25.695834721818244,25.484973890161505,21.97817125823757,25.77144116176295,0.9773,0.9932,0.9965,0.9962,0.9564,3.1594431258236684,0.9962,4.000124507742488,4.944670596303712,4.981467682615417,4.39718207693388,4.946759386828736,0.966,0.9757,0.9857,0.9921,0.9516,6.730729391068815,0.9921,8.521677561509515,10.774193326102884,10.80579018819883,10.28257637153759,10.77061702982363,0.9679,0.96,0.9622,0.9741,0.9234,3.9823909740037697
0.9865,0.9898,0.9957,0.9935,0.9928,0.9472,3.835561394278784,4.856147910624489,5.433445142395468,5.548338437387237,5.21822593968214,5.410663466097125,0.9643,0.9966,0.9987,0.9981,0.9274,15.120970886610603,0.9981,19.144439008891183,26.97503225976048,27.99107297025512,25.249725963924647,27.000642259093585,0.944,0.951,0.9546,0.9706,0.9164,2.409433267513199,0.9715,3.0505480489182637,3.0673336081262934,2.903592166374984,2.833703771531697,3.075265028889315,0.9719,0.9502,0.9659,0.9921,0.9596,7.404573941749475,0.9921,9.374822243733767,10.710455705652087,10.581109258418884,10.409792393945478,10.731880750893348,0.9549,0.9605,0.9706,0.9709,0.8999,3.674358127757029
0.9797,0.9775,0.9789,0.9832,0.9827,0.9337,3.656135574989429,4.628979517816655,4.763165812482892,4.583862585857871,4.539453359782703,4.741755365911505,0.9828,0.991,0.9975,0.9983,0.9628,17.723914691559784,0.9982,22.43998790526173,28.9694773533777,30.028030047056284,25.89294099770613,28.93822382536989,0.9593,0.9723,0.9852,0.9922,0.9317,2.737728726266641,0.9922,3.466198104336763,4.14015174558163,4.145412003882707,3.559167631050297,4.157477386491357,0.9352,0.9514,0.9566,0.9573,0.9112,4.735876218821943,0.9581,5.996023278186325,5.596823398973418,5.492183521892998,5.325778732356867,5.61517404882072,0.9784,0.9906,0.9943,0.9923,0.9405,4.304707617109245
0.9755,0.987,0.9947,0.9922,0.9922,0.9221,3.544498451243214,4.487637396155675,5.222588700431986,5.488501077455695,4.901383199088091,5.23346426619368,0.9669,0.9695,0.9735,0.9819,0.9321,15.372911040622402,0.982,19.463416735158777,20.505570102357748,19.61423915933794,19.115786305500414,20.49439544274272,0.9723,0.994,0.9967,0.9962,0.9475,3.0954979531881057,0.9962,3.919164464461236,4.921961494364132,4.922791796725381,4.740765620332279,4.932868147649152,0.9696,0.9613,0.963,0.9958,0.9552,7.150377558812403,0.9958,9.052987939183344,13.64315392632884,13.61181006644151,11.979548555274492,13.62136141556039,0.9317,0.9111,0.9163,0.9328,0.8606,3.2907128222937225
0.9769,0.9808,0.9874,0.9851,0.9846,0.9273,3.573340331999224,4.524153677496053,4.996131281192866,5.27056403591968,4.792418155100837,5.004240142881375,0.9816,0.9904,0.9954,0.9931,0.9621,17.779860860164014,0.993,22.510820527099074,23.20960335483336,24.212262608967716,22.26070980317469,23.22139246074828,0.938,0.9752,0.9837,0.9957,0.905,2.476355749852633,0.9957,3.1352776202585115,4.65344199829463,4.684697797916668,3.7940833227866713,4.650179457034147,0.9692,0.9862,0.9885,0.9924,0.9547,6.987966296341628,0.9924,8.847361426703118,10.99772867538934,10.957487846985048,10.607239898386398,10.996894726631892,0.9496,0.9446,0.9505,0.9587,0.889,3.5780541221699877
0.9726,0.9702,0.9765,0.9774,0.9784,0.9172,3.4777104161233807,4.403078046464212,4.546682842647391,4.519349699554782,4.322831835071316,4.567770222392015,0.9799,0.969,0.9751,0.9899,0.9544,17.027738567594408,0.9882,21.55856954630549,26.398056596305093,26.71352458561726,23.84911154107706,26.48113025365302,0.9686,0.9761,0.978,0.9946,0.9418,3.03054534998816,0.9946,3.8369289281484735,4.429377888200952,4.4173635469331725,4.128193930233078,4.4342543370903815,0.9426,0.9828,0.9952,0.9958,0.9174,5.441896088789799,0.9958,6.889904659284244,13.622199068630396,13.63795837574454,8.921126643528082,13.618632952110332,0.967,0.9738,0.978,0.9791,0.9199,3.943114307933351
0.9738,0.9734,0.9786,0.9815,0.9822,0.9206,3.500095543863338,4.431419527704899,4.749920158606955,4.698602279869689,4.5002612529823285,4.765042069469617,0.9765,0.986,0.9871,0.9928,0.951,17.947761032989774,0.993,22.723396468310057,23.251038529881328,21.933803032683752,21.74814841098691,23.252348150374495,0.9767,0.9793,0.9929,0.9931,0.9559,3.08804314106563,0.9934,3.909726036395228,4.227070563170175,4.245839833758993,4.062430059613092,4.251108781737523,0.9527,0.9652,0.9742,0.9822,0.9338,5.615305996570917,0.9821,7.1094563949464495,8.01877001100369,8.050772579489294,7.454169356448375,8.002217609377537,0.9634,0.967,0.974,0.9747,0.9099,3.863139648707028
0.9197,0.9175,0.9302,0.9339,0.9335,0.8276,2.8134323984988607,3.562045411144433,3.95718884343848,4.001233093377639,3.811882334912213,3.96562711317744,0.9718,0.984,0.9903,0.9935,0.9452,16.391164644067416,0.9941,20.752612657359663,23.62896416177171,23.67633754959136,22.370470663974466,23.78245020463696,0.9748,0.9734,0.9877,0.9906,0.9515,3.151366828722105,0.9906,3.989899226678329,3.9762695047287777,3.9379995649034094,3.799899070939327,3.982189568835936,0.9806,0.9727,0.9748,0.9981,0.9714,9.17042014063716,0.9981,11.610534163768111,16.985970387460206,16.88437819616302,15.29039847796472,16.98724479448773,0.9832,0.9842,0.9863,0.988,0.9487,4.506373797247081
0.9643,0.9488,0.9602,0.9684,0.9684,0.9039,3.3108904149177363,4.191869694666341,4.265848553535226,4.083210349505494,3.859589563337253,4.264769303862165,0.9786,0.981,0.9839,0.9901,0.9553,17.150147432299654,0.9903,21.713549610884023,22.20351658769521,21.2458716006497,20.85275308449277,22.229785905908656,0.9622,0.985,0.995,0.9959,0.9353,2.864301029182863,0.9959,3.626449436844796,4.791480442573742,4.816546147181835,3.837813566825514,4.779086176916896,0.8995,0.9388,0.9503,0.9511,0.8716,3.6099948287419066,0.9513,4.570561397116309,5.1686084355776885,5.181324215028989,4.721753396318231,5.189687909545129,0.9488,0.9448,0.95,0.959,0.889,3.536883927654382
0.965,0.9682,0.979,0.978,0.9782,0.9027,3.301714803322216,4.180252587677844,4.702693030897889,4.806333790154289,4.487535365562787,4.731658660563506,0.9743,0.9671,0.9716,0.9776,0.938,15.749673659683031,0.9776,19.940430349927603,19.660374185656572,18.805033982091015,18.387695807488598,19.64219406837723,0.9347,0.9579,0.9658,0.9751,0.9032,2.3191222030781846,0.9759,2.9362065375252917,3.128087068290715,3.1131846238359757,2.944794285441724,3.15479985047543,0.9707,0.9935,0.9958,0.9969,0.9553,7.574505491658344,0.9969,9.589970081614826,15.31396503510264,15.300519378252678,12.79863570138454,15.304028325583008,0.9738,0.9829,0.9884,0.9888,0.9341,4.164145802613676
0.9682,0.9816,0.9909,0.986,0.9857,0.9103,3.409135702861134,4.316256609835182,5.098563449097245,5.392693509563323,4.8940205213701775,5.142947966514065,0.986,0.9935,0.994,0.9969,0.9685,19.704862259467625,0.9969,24.94803650729985,25.53870157510015,25.21931221226309,24.284549959038664,25.551201990809787,0.9673,0.9826,0.9889,0.9944,0.9416,2.9168225056666017,0.9945,3.692946106320575,4.422108699394171,4.426353285782622,3.843233954913959,4.437534162439803,0.9127,0.9387,0.9453,0.9594,0.8883,4.058154590448762,0.9595,5.1379698848764015,5.625522395110033,5.58573405931196,5.256407047707362,5.628364970196745,0.9471,0.9636,0.9779,0.9767,0.8855,3.511014284442377
0.9699,0.9693,0.9748,0.983,0.9829,0.9131,3.4061101243329888,4.312425969327172,4.797171275343657,4.815912784564487,4.386628261478852,4.82370296084069,0.9718,0.9833,0.9871,0.9967,0.9408,15.889792676189275,0.9969,20.117832977417944,26.90184660696222,27.23001246334436,22.999546421083743,26.95080393460828,0.9721,0.9756,0.9837,0.9991,0.9471,3.10440047334897,0.9991,3.9304358143979,6.369323471797432,6.403564574630005,5.165624719912061,6.366584646452577,0.9846,0.9635,0.9767,0.9996,0.9767,10.407973231333838,0.9996,13.177381943766582,25.219522969928985,25.205776543428637,17.938316314580888,25.212375764002772,0.9435,0.9163,0.9193,0.9363,0.8821,3.451081316806269
0.9684,0.9728,0.9797,0.9813,0.9811,0.91,3.381332846935062,4.281055822561595,4.690609628574262,4.709303825852722,4.434514233831205,4.693754494504332,0.9783,0.9818,0.988,0.9888,0.9464,16.346402370920842,0.9888,20.69593980119322,21.78742106233553,21.57663598321038,20.874881121886197,21.78793539242488,0.9756,0.9891,0.9921,0.9995,0.9526,3.272763102817181,0.9995,4.143597265167229,6.790802937718866,6.812381011578796,5.14924519443364,6.788065045810668,0.9353,0.9626,0.9719,0.9785,0.9114,4.718400263605487,0.9785,5.973897228128269,7.42375938270415,7.425499458263427,6.822238663404151,7.432523357397694,0.9758,0.9711,0.978,0.9787,0.937,4.228474403367737
0.9843,0.9916,0.9978,0.9942,0.9937,0.9428,3.768651866608287,4.7714347410001885,5.720836274668384,6.079003442790555,5.503218987356547,5.741937148453947,0.9705,0.9499,0.9576,0.9704,0.9138,14.738048370679588,0.9694,18.65962643922584,19.282722745659264,18.968173293442067,18.351698408572588,19.28338532123735,0.9699,0.9865,0.9919,0.9945,0.9458,2.893640048693628,0.9945,3.663595138256196,4.489497009304526,4.4434112360946,4.231090580466847,4.508378533880722,0.9713,0.9938,0.9968,0.9983,0.9563,7.828936021811237,0.9983,9.912100836513972,17.17032296618548,17.199395554683356,13.533361352572044,17.162653035511322,0.9837,0.9964,0.9989,0.9979,0.951,4.5354717249990335
0.9617,0.9503,0.9549,0.9684,0.9679,0.8937,3.2406810798445096,4.102978687386221,4.2973965936953205,4.056061963718506,3.96439616635529,4.295247863154092,0.9546,0.9615,0.9689,0.9668,0.913,14.5531828946487,0.9676,18.425570976963375,19.01643157555689,18.966830055157487,17.852297647086615,19.06878684492585,0.9612,0.977,0.9794,0.9841,0.9363,2.692159059285677,0.9845,3.408503018702741,3.604823299044783,3.43429466119984,3.376552086441145,3.624486081808192,0.9715,0.9751,0.9777,0.9953,0.9573,7.639194780212428,0.9953,9.671872239124356,13.076709715243336,12.99964602849663,12.549042518724796,13.076699673936687,0.9546,0.9876,0.9909,0.9904,0.8987,3.6638761266881006
0.9874,0.9831,0.9917,0.9938,0.9934,0.9484,3.8602689403149313,4.887429771537748,5.273875962133664,5.328529822524626,4.763315595145356,5.223802078627411,0.9655,0.9841,0.9873,0.9902,0.9339,15.738088481574447,0.9904,19.92576252618996,22.34302749111057,21.62620960175464,21.165952970662108,22.3872407733974,0.9705,0.9858,0.9921,0.9937,0.9442,3.1485374701473834,0.9937,3.986317017369533,4.335716483631132,4.338210486175604,3.883617686407195,4.345395687281584,0.937,0.9759,0.984,0.9871,0.9121,5.074869139273404,0.9872,6.4252172326416925,9.104682462206895,9.066320335559244,7.84084605514725,9.115043397646843,0.9573,0.9616,0.9716,0.9702,0.901,3.693921359315898
0.9796,0.9797,0.9873,0.989,0.9891,0.9309,3.6464014041242834,4.616655227145946,4.979015643666447,5.035394330136944,4.622167692961639,5.030209066480401,0.9643,0.9736,0.9796,0.976,0.9249,14.902025162406122,0.9771,18.86723504528844,19.580273752680164,20.162402527794573,19.083630713663773,19.722650092103628,0.9855,0.9903,0.9938,0.9991,0.9729,3.694837346712372,0.9991,4.6779792622009255,6.407945148849388,6.413315000738441,5.809284350870557,6.40385907928554,0.9488,0.9633,0.9783,0.9785,0.929,5.244513375304869,0.9785,6.640001306645178,7.415086468180893,7.46591355772522,6.446339580291533,7.425718891602888,0.9611,0.9795,0.9855,0.9819,0.9075,3.809412550013966
0.9531,0.9563,0.9664,0.9666,0.9659,0.8782,3.0988461689805,3.923403591267759,4.241246894668593,4.23127035875511,4.047704043584935,4.221399043142016,0.9611,0.9715,0.9808,0.9833,0.9264,15.354498887508594,0.9842,19.440105378702047,20.75901473620411,20.80431345327425,19.207994239423385,20.920402438824567,0.9618,0.9846,0.9889,0.9921,0.9363,2.7569514982521746,0.9921,3.4905357734334435,4.144708822955633,4.1571650356951535,3.872643296609884,4.146252519454091,0.9608,0.987,0.9886,0.9879,0.9458,6.330576305545493,0.9879,8.015049620918457,9.380311874404946,9.302036412357875,8.944976401612646,9.400361467430717,0.9743,0.9882,0.9933,0.9902,0.9344,4.16988200233641
0.9766,0.9693,0.9807,0.9793,0.9794,0.9257,3.590375184350329,4.545721253699111,4.880232273559385,4.872243686033146,4.67985518733578,4.875176824298694,0.9777,0.9877,0.9918,0.9956,0.9528,16.877701868753327,0.9954,21.368610286969705,25.797645471429327,25.38590435231739,25.011287225772392,25.765212584586955,0.9834,0.9834,0.9862,0.9986,0.9687,3.5687492251712243,0.9986,4.518340944615932,5.728809093272044,5.764156670940472,5.478949172390843,5.7302048618558885,0.9454,0.9695,0.9793,0.9921,0.9214,5.48023256781535,0.9921,6.938441911952998,10.839023996037737,10.784370042487875,8.29671399567401,10.842566484783667,0.9745,0.9886,0.9897,0.9899,0.9342,4.17465969468613
0.9734,0.9958,0.9973,0.9968,0.997,0.9166,3.5382728444191747,4.47975524685257,5.591098634129274,5.714643144912121,5.518781179141115,5.625925672133844,0.9659,0.9726,0.9849,0.9832,0.9281,15.0827876994563,0.9842,19.096095836807716,20.6790937943251,21.402178243977712,19.343348575474764,20.82025458243368,0.9508,0.9624,0.9768,0.9896,0.9236,2.47383239097431,0.9899,3.1320828326680945,3.863887961371676,3.8828702730981446,3.529745212169153,3.873537722025224,0.9358,0.9706,0.977,0.9756,0.9112,4.90571687182682,0.9757,6.211056032833136,7.080606449823849,7.090263257837413,6.548300288230575,7.081808082476958,0.9571,0.9565,0.96,0.9621,0.8998,3.685185340217215
0.9479,0.9457,0.952,0.9573,0.9568,0.8696,3.035519377802633,3.843226471661836,4.0238303287620685,3.9060772502380416,3.81219366447498,4.02067469243271,0.9634,0.9921,0.9952,0.9938,0.9304,15.929274562504965,0.9939,20.16782041342286,23.58024786187361,24.37400151543573,22.77954678383672,23.83131156590878,0.9471,0.9483,0.9504,0.9813,0.9175,2.5639708475877496,0.9813,3.2462058078349614,3.314651517229043,3.212651922056016,3.159638495508006,3.321175618641376,0.9785,0.9898,0.9935,0.994,0.9685,8.515216014198892,0.994,10.780989848721624,12.0461346444332,12.015586889958715,11.4359658206964,12.04480570321225,0.9544,0.9653,0.9791,0.9753,0.898,3.6634748001618833
0.9861,0.9928,0.9942,0.9945,0.9945,0.9452,3.825384172609704,4.843262679842371,5.394040889495577,5.351374204362587,5.236274525166348,5.394872295605809,0.9488,0.9419,0.9472,0.9568,0.9042,14.078069898966865,0.9566,17.8240373957952,17.535944384817647,16.42271091472469,15.989987377888813,17.502103414277016,0.9458,0.9591,0.9747,0.9944,0.9174,2.4925818561102258,0.9941,3.1558212549185933,4.35982321676106,4.40175411978769,3.5770352587905787,4.356207230122791,0.9232,0.9372,0.9408,0.9722,0.899,4.42743055352771,0.9722,5.605504754537085,6.659178265436906,6.596924189437609,6.339413233917703,6.660647603361466,0.9821,0.9854,0.9931,0.9897,0.9492,4.52542199848452
0.9775,0.9774,0.9826,0.9849,0.9848,0.9287,3.589020561918289,4.544006186146588,4.89652675688578,4.925612647617445,4.636251231331348,4.888519040235172,0.9727,0.959,0.9686,0.9756,0.9423,16.056263157003254,0.9751,20.328598806584772,19.303084005097094,18.462850348742727,17.68185555345097,19.209640369367364,0.966,0.987,0.9932,0.9973,0.9399,2.916181587997978,0.9973,3.692134649879802,5.157839626899945,5.18305373669008,4.35625576527146,5.163023393394064,0.9692,0.9863,0.9923,0.9967,0.9545,7.217718657956222,0.9967,9.138247515107276,15.208213612658929,15.19751855943522,11.989835972303972,15.212247518154944,0.9237,0.9624,0.9774,0.9701,0.8522,3.160305521511271
0.9736,0.9669,0.9819,0.9818,0.9813,0.9206,3.4989067771986075,4.42991444770181,4.6941090694942,4.711018261882495,4.284650310017316,4.680621322905136,0.9715,0.9674,0.9722,0.9893,0.943,16.18605955406696,0.9885,20.492932117308907,22.260275501924657,22.03107568455624,20.758563063977853,22.365592827159883,0.9511,0.9651,0.9697,0.988,0.9226,2.598084754758513,0.988,3.2893969243368764,3.7060704154776656,3.6654904586236072,3.5065949374503744,3.718187930900153,0.9658,0.9817,0.9906,0.9966,0.9512,6.937964083256873,0.9966,8.784054359591554,15.087585594322686,15.075108198895204,11.128990890930698,15.076092718888706,0.9584,0.9751,0.9889,0.9825,0.908,3.7734574102368335
0.966,0.9657,0.9803,0.9772,0.977,0.9058,3.375322946026433,4.273446775347794,4.5319422894474375,4.680667979905784,4.20042323687338,4.538146949353068,0.9544,0.9316,0.9481,0.949,0.9032,13.845312719196423,0.9493,17.52934695128529,17.04388620883884,17.04926183440159,15.456110963029726,17.018012722667773,0.9545,0.9794,0.9899,0.9884,0.9259,2.625140740176346,0.9886,3.3236521098366247,3.805863797095018,3.864119109100365,3.611111693341913,3.822072523048558,0.9569,0.9684,0.9801,0.9951,0.9393,6.27995458939859,0.9951,7.950958210084653,12.411508117544184,12.447210137377104,10.163410636306535,12.411090108483142,0.9693,0.9777,0.9791,0.9827,0.9239,3.995806303932971
0.9605,0.9494,0.9664,0.964,0.9664,0.8961,3.239474771447021,4.101451398053094,4.168204409783408,4.274957525880896,3.874123436171072,4.245990262050429,0.9168,0.9565,0.9614,0.9631,0.8561,12.316188428864212,0.9632,15.593345160606564,17.90362777180117,17.926208282617747,17.173655006997006,17.912473359592067,0.943,0.9578,0.982,0.9832,0.914,2.4273175356935504,0.9827,3.0731910580189927,3.410158737581512,3.514882933999112,3.230485916042481,3.405743012124094,0.982,0.9918,0.9952,0.9962,0.9728,9.166166216911042,0.9962,11.605148333457755,14.639743176292273,14.589875427943554,14.15519457189173,14.651143728765188,0.9419,0.9447,0.9524,0.9541,0.8779,3.4347959419010614
0.9831,0.9738,0.9807,0.9867,0.9865,0.9417,3.7501117579805103,4.747961381947763,4.888425061825274,4.647585070164925,4.451487389752957,4.892214121775687,0.9737,0.9802,0.9866,0.9886,0.9482,16.822290343719857,0.9889,21.29845456949972,21.797001170726453,21.557234939001944,20.61422413728411,21.75708905441308,0.941,0.9844,0.9914,0.9961,0.91,2.50189693073574,0.9961,3.1676149339997,4.865232612122868,4.883460324920924,3.967125290824816,4.859310582931541,0.9723,0.9851,0.9891,0.9943,0.9597,7.720436694437203,0.9943,9.774731432724089,12.227097791019222,12.209584131017396,10.713576075088472,12.22253687443503,0.9648,0.9698,0.9795,0.9759,0.9127,3.8647670048958647
0.9853,0.9821,0.9829,0.9894,0.9896,0.9446,3.79820101269118,4.808846480576362,5.076480752262466,4.868574466506882,4.816141324197115,5.0983121693975,0.9699,0.9761,0.9831,0.9803,0.941,16.33962544801428,0.9813,20.687359638700645,20.332732184680705,20.62857901459641,19.388852436747257,20.456441963559765,0.9702,0.9821,0.9844,0.996,0.9443,3.093665487014241,0.996,3.916844405969987,4.747143524763568,4.75997325658868,4.411268520698088,4.751040033245767,0.9385,0.9723,0.9829,0.9951,0.9128,5.195995769259199,0.9951,6.578573878686751,12.474057583368216,12.45603407655179,8.71969046806422,12.469246276613523,0.9488,0.9658,0.9768,0.9742,0.8889,3.564083680356295
0.9877,0.9898,0.9935,0.9937,0.9934,0.9491,3.894316474247112,4.93053685385777,5.3324746561683405,5.251271102026378,5.021651433507134,5.317153675337073,0.9537,0.9559,0.9658,0.9726,0.913,14.52963563035153,0.9731,18.395758131707343,19.32038999608864,18.99068541635457,18.35831304283495,19.39155405949789,0.9866,0.9509,0.9533,0.9982,0.9741,3.808999014831756,0.9982,4.822517672389923,5.5792843663259015,5.403081192954565,5.316180322171862,5.581886469222217,0.9835,0.9942,0.9989,0.9994,0.9752,10.304663492996768,0.9994,13.046583002385784,21.957046338825386,21.94049787013664,20.06467563744649,21.96140934962489,0.9681,0.9798,0.9882,0.9858,0.9237,3.9870097318507143
0.9864,0.9786,0.9807,0.9889,0.9889,0.9462,3.8222122895884,4.839246805365787,4.997797699635456,4.700708715236361,4.654062058060124,4.992193154670336,0.9637,0.9609,0.9674,0.9904,0.927,15.194158225427884,0.9904,19.237100422944373,24.30165691915534,24.196561453858497,20.85630448939484,24.30743045283753,0.9626,0.9776,0.9809,0.9946,0.9365,2.869514121144703,0.9946,3.633049655961648,4.4110387575389725,4.430238342299439,4.09318785345633,4.408518499423844,0.9778,0.9908,0.9964,0.9987,0.9666,8.523462612429382,0.9987,10.791430745542227,18.26900422021604,18.26490018581047,15.364544391461372,18.26143148811683,0.9607,0.9858,0.9874,0.9883,0.9062,3.786458334870356
0.9781,0.9717,0.9778,0.9835,0.9834,0.93,3.603013578657854,4.561722538987278,4.795911978813972,4.606694045210361,4.447248953129448,4.803958986513422,0.9721,0.9882,0.9966,0.9927,0.9338,15.40678196372696,0.9922,19.506300213105565,23.288909658289725,24.86271417766943,22.325920812404807,23.327695124271216,0.9851,0.988,0.9926,0.9965,0.972,3.6082718074270055,0.9965,4.5683799051525,4.976875838069322,4.990352264995637,4.620285827537911,4.978682107076518,0.9727,0.9885,0.9952,0.9969,0.9604,7.766247118353451,0.9969,9.832731337175504,15.237984889023918,15.292245043440344,12.152886474012051,15.240207122930498,0.9591,0.9808,0.9868,0.9831,0.9027,3.719350395268036
0.9491,0.9432,0.9571,0.9546,0.9526,0.8739,3.0816047943967195,3.901574540301138,4.271483657992733,4.34517978291574,4.147335609503969,4.263283039397315,0.9563,0.9731,0.9797,0.9783,0.9195,15.33050420731458,0.9796,19.409726066754622,20.07318899166161,20.05749926537091,18.89655697343169,20.240040832799945,0.9559,0.9734,0.9802,0.9823,0.9285,2.5983086330232563,0.9826,3.2896803733175624,3.428999231047692,3.4110111976203235,3.265821184314783,3.453241534736211,0.9577,0.9615,0.9658,0.9898,0.9418,6.171988784503483,0.9898,7.814264291264236,9.734717446844105,9.70793740573521,8.591554472554161,9.72426175384988,0.9582,0.975,0.9881,0.9815,0.9049,3.828606436736323
0.9591,0.9463,0.9577,0.9656,0.9659,0.8933,3.217274910094204,4.0733444798623335,4.266859861443829,4.148866517370575,3.9382441345804646,4.279256034984444,0.9745,0.9824,0.9845,0.991,0.9479,16.64000035182726,0.9912,21.067659889853243,22.67293968248225,22.27828334752917,21.779027412900422,22.79460723452105,0.9921,0.9709,0.9735,0.9999,0.9844,4.471263108675031,0.9999,5.661000508408604,9.31829699885946,9.322506141171312,7.50954835329007,9.312605957685156,0.9705,0.9784,0.9792,0.9866,0.9557,7.279158349423907,0.9866,9.216035405504565,9.041986644612544,8.773673722265057,8.710656164325822,9.045798469339037,0.9612,0.9647,0.9666,0.9726,0.911,3.816961631151412
0.9526,0.9494,0.9719,0.9662,0.9657,0.877,3.088169994936799,3.909886644217162,4.231727945715886,4.398657529192543,3.939215450959266,4.210652487163949,0.9774,0.9832,0.9888,0.9957,0.943,16.076925094555037,0.9956,20.35475858205368,24.47664998155417,24.91917081778573,22.5379369075406,24.48290554145176,0.9625,0.9797,0.9871,0.9916,0.9366,2.802714647867108,0.9919,3.548475824586748,4.129102866985064,4.137257672692473,3.606264541024452,4.1417476523025245,0.9772,0.9877,0.9985,0.9994,0.9654,8.836355180958238,0.9994,11.187579428021351,21.910356592477168,21.93179463597061,15.0868671263088,21.9096416918203,0.9833,0.9961,0.9985,0.9972,0.9482,4.461636275260422
0.962,0.9772,0.99,0.9856,0.9859,0.8986,3.274488989735937,4.145782385229964,4.817834513280793,5.039460571500642,4.534850462677238,4.80887893616976,0.9452,0.9715,0.9761,0.9774,0.8966,13.713788415007492,0.9779,17.362825962744708,19.67301848232185,19.359755614266184,18.787653350535923,19.700430026086533,0.9838,0.9646,0.9724,0.9995,0.9693,3.5487839453565155,0.9995,4.49306319726926,6.734200268714784,6.748223913032863,5.136435735556325,6.739260496993458,0.9649,0.9827,0.9872,0.994,0.9505,6.756736937761357,0.994,8.55460533414792,12.129958654285169,12.103258501421324,10.56214108459048,12.126538919722242,0.9706,0.9879,0.9942,0.9909,0.9262,4.057426696524251
0.9565,0.9631,0.9665,0.9722,0.9712,0.8865,3.2123435976424948,4.067101017641986,4.416922021885943,4.292374580341372,4.1803748312591935,4.405716051029259,0.9414,0.953,0.9661,0.9641,0.8524,12.590808305383971,0.9636,15.941037350221002,17.89857322890353,18.25141912554164,17.027942887870815,17.899325217100625,0.9768,0.9792,0.9854,0.9942,0.9559,3.14478146141196,0.9943,3.981561589911112,4.386640392115017,4.399939563314108,4.072943620618481,4.397015784306234,0.9715,0.9694,0.9735,0.9951,0.9583,7.390390957312689,0.9951,9.356865375583553,12.467170619040877,12.426038113700509,10.43587857459625,12.46122342855023,0.9656,0.954,0.9582,0.9704,0.9188,3.930719404256453
0.9693,0.9667,0.9688,0.9757,0.9754,0.9105,3.4071358848391124,4.313724669628526,4.550640665946967,4.368209538421697,4.303646670708681,4.542194355757102,0.9662,0.9632,0.9704,0.975,0.9278,15.045955874245085,0.975,19.04946360421961,19.550191972902063,19.33322149425153,18.496916830918053,19.58016984895444,0.9605,0.9604,0.9697,0.9931,0.9342,2.7828842554334017,0.9934,3.523368856170743,4.1926251610603495,4.092865915747174,4.03284507624023,4.206578744280876,0.9612,0.969,0.972,0.9868,0.9463,6.391365825303565,0.9868,8.092014338469678,9.020338573585516,8.84451920331951,8.714110787806709,9.034707763204482,0.957,0.9765,0.9842,0.9785,0.9018,3.739457062106084
0.987,0.9696,0.9734,0.985,0.9852,0.9484,3.851544987692314,4.876384503336879,4.785865895132461,4.4243978981110965,4.305354729015615,4.777229506205593,0.9457,0.9773,0.9848,0.995,0.899,13.886131392784309,0.9947,17.581026874008973,25.64818546527901,25.865473608187592,21.099478850815537,25.61166267689324,0.9673,0.9843,0.9881,0.996,0.9403,3.03490080465292,0.996,3.842443305288061,4.750777941960959,4.780566291990975,4.048207997469557,4.747162781226303,0.9525,0.9777,0.9868,0.9951,0.9333,5.7607887318102655,0.9951,7.293649947894998,12.459497667355064,12.47150223243952,10.158819113640034,12.450852044027611,0.9703,0.9828,0.9918,0.9882,0.9271,4.037878735745515
0.981,0.9906,0.9977,0.9944,0.9947,0.935,3.724910691304519,4.716054681805597,5.351166911507372,5.745925232259509,5.080824956934603,5.391545839344928,0.9487,0.9554,0.9629,0.9627,0.9032,14.02999554164737,0.9622,17.76317115853463,17.817567275326386,17.96781478406035,17.069367195139975,17.768880379534743,0.9455,0.9681,0.9703,0.9762,0.9155,2.574201580405856,0.9764,3.259158788296415,3.1764071922099832,3.058622011390645,3.0436647194650908,3.179819538414009,0.9171,0.9694,0.9712,0.9715,0.8921,4.350022931197643,0.9717,5.507500101553228,6.607086981328028,6.55845397610183,6.399814688198828,6.632647711976405,0.9603,0.9845,0.989,0.9866,0.9074,3.77525925153848
0.9692,0.9746,0.9851,0.9813,0.9817,0.912,3.387726543440845,4.289150787740366,4.789595864763762,4.88429754452146,4.564234964654309,4.789972155145854,0.9835,0.9935,0.9958,0.9982,0.9659,18.731843073990824,0.9981,23.71611121688505,27.06528164025037,27.03892533466518,23.964295833740064,27.10600759776565,0.9403,0.9684,0.977,0.9927,0.9086,2.5268537865739145,0.9928,3.199212442389236,4.194136411849974,4.172408419957196,3.52775241188692,4.203897944499867,0.9723,0.9429,0.95,0.9924,0.9607,7.208359034623582,0.9925,9.126397433562804,11.01847741628544,10.949504007258048,9.225764312666811,11.034995958383693,0.9775,0.9768,0.9838,0.984,0.9392,4.2750825135999335
0.9873,0.9846,0.9919,0.9925,0.9924,0.9465,3.970867260292621,5.027456679014542,5.199419032907002,5.17107109816539,4.784633618716232,5.2015918035706585,0.9646,0.9879,0.994,0.9945,0.9322,15.681939927595051,0.9948,19.854673667203546,23.998785621949526,23.95486001505461,23.120358116093747,24.02370070142848,0.9833,0.9924,0.9942,0.9991,0.969,3.430674178389734,0.9991,4.343526157154189,6.408036127318969,6.416953257506467,5.342825493672368,6.414863238262728,0.9753,0.9809,0.9842,0.994,0.964,7.792885091379214,0.994,9.86645728332912,12.093093392419256,12.041372233546218,11.413024442545744,12.10256613155616,0.975,0.9713,0.9747,0.9779,0.9314,4.23285923451118
0.9539,0.9716,0.9877,0.9814,0.9811,0.8809,3.172966892712974,4.01724675024426,4.726222097645367,4.959378372906571,4.486287371695241,4.732548354137869,0.9826,0.9895,0.9956,0.9958,0.9643,18.103327843951615,0.9959,22.920357321326705,24.628562376330738,24.291419473475003,23.22753590986844,24.673931275993617,0.9843,0.9937,0.9949,0.9998,0.969,3.738420092375337,0.9998,4.733158735955714,8.071093226624622,8.07427859111922,6.210695610434751,8.06356047279853,0.9679,0.9782,0.9902,0.9986,0.9521,7.408350928024287,0.9986,9.379604230546503,17.68614060161536,17.682780704610483,13.42679561381195,17.689656915779334,0.9471,0.9514,0.9557,0.9581,0.8868,3.515644093974133
0.9622,0.9639,0.9713,0.9742,0.9738,0.8983,3.277372425017716,4.149433060262807,4.609625216444053,4.705702386162242,4.3524622639576345,4.649399807198888,0.9647,0.9705,0.9778,0.9893,0.9306,15.418958761756144,0.9885,19.521717078129733,22.6478465050454,22.79239802353709,20.51880385133653,22.587975539093744,0.9738,0.9889,0.99,0.9962,0.9488,3.2640676118466248,0.9962,4.132588031845737,4.885813039863297,4.791225332878658,4.698652476971391,4.893892600687938,0.9396,0.9528,0.9664,0.9853,0.9158,4.887215626429867,0.9853,6.18763187794609,8.59435774849718,8.603539143142623,7.356136351100814,8.596430799460748,0.9575,0.9705,0.9777,0.9745,0.9073,3.763383717134859
0.9699,0.9711,0.9866,0.9813,0.9814,0.9124,3.406623071198267,4.313075403814596,4.663053139921144,4.860790087355106,4.354829189637225,4.670236644546144,0.9801,0.9888,0.9918,0.9974,0.9593,17.740669935235196,0.9976,22.46120147302986,26.9758159629954,26.999941790445625,25.764652659071988,27.19291868805034,0.9697,0.9932,0.9955,0.9951,0.9435,3.044997275760696,0.9951,3.855226298971292,4.669573829631679,4.681688618138543,4.407091729936258,4.666522668324443,0.9707,0.9847,0.9955,0.9967,0.9565,7.312686157063946,0.9967,9.258484470004442,15.186103382341996,15.220161250405338,11.433830413236969,15.176628673628947,0.9498,0.9542,0.9565,0.9578,0.8888,3.587085515157477
0.9811,0.9727,0.979,0.9826,0.9824,0.9367,3.6813622615579047,4.660918654928164,4.723003291249247,4.5860496087566265,4.401084008660948,4.712040402902494,0.9635,0.9876,0.992,0.9971,0.93,15.655145954970742,0.9971,19.820750212250907,27.331201029876816,27.605515026308552,23.14285337783248,27.324967426515556,0.9559,0.9624,0.9692,0.9846,0.9272,2.7100223906321528,0.9846,3.4311195199858067,3.524041089134286,3.4975243492432484,3.3005108858404477,3.5266924246560056,0.9482,0.968,0.9734,0.9827,0.9268,5.475837490865281,0.9827,6.932877369620303,8.158952307918346,8.175528860223903,7.859683775976956,8.158044436966172,0.95,0.9302,0.937,0.9504,0.8908,3.58948412870264
0.9688,0.9759,0.9823,0.983,0.9835,0.9111,3.391288648160601,4.293660716174329,4.74431879371106,4.790334232761114,4.497490601298969,4.7710462357982,0.9752,0.9744,0.9794,0.9858,0.9482,16.542563937235343,0.9862,20.94429707734682,21.13979062444936,20.17856984847415,19.68348510016325,21.209778574792526,0.9775,0.9831,0.9871,0.9921,0.9572,3.172277066865421,0.9922,4.01637337187694,4.120248932162293,4.041443688824028,3.9834676057373737,4.125857597703873,0.9673,0.99,0.9933,0.9953,0.9527,6.868721853814372,0.9953,8.696387790537088,13.039365619779568,13.001575201209825,10.671735756815666,13.032511569285044,0.9634,0.9567,0.9673,0.9695,0.909,3.813260991242905
0.9603,0.9816,0.9918,0.9863,0.9872,0.8947,3.232938118733679,4.093175438120939,4.861991365262048,5.162159511758383,4.68517229186174,4.908295887295527,0.9704,0.9863,0.9898,0.9929,0.9418,16.313445079357543,0.9931,20.654213058713303,23.205115184039272,23.379486218683475,22.211411381545712,23.380428453677556,0.9699,0.9837,0.9862,0.988,0.9455,2.958713204053475,0.9883,3.74598330388687,3.826437749946655,3.8052262549218736,3.577733791039811,3.856952926987946,0.9355,0.946,0.9626,0.9782,0.9116,4.773181840399855,0.9781,6.04325537739098,7.270243201911281,7.293789551438795,6.622973676503658,7.263299754373536,0.9707,0.9902,0.9951,0.9925,0.9286,4.056399284647172
0.9777,0.9836,0.9869,0.9891,0.9893,0.9288,3.5917227062894663,4.5474273314219245,5.002609360472663,4.937019993699852,4.809976751726849,5.005475879566706,0.9349,0.9677,0.9798,0.9783,0.8872,13.728278488628938,0.9785,17.381171631998374,19.88808968228513,20.09426828114717,18.19357690300486,19.872285960620307,0.9552,0.9653,0.9664,0.9813,0.9257,2.7050494568738044,0.9816,3.4248233616408243,3.3858931033731428,3.1938599057736976,3.1790065676641466,3.3886181829784654,0.9513,0.9855,0.9883,0.9879,0.9308,5.723305234858346,0.988,7.246192643293519,9.330364918297551,9.29394589813531,8.887802267439945,9.339688158485076,0.9739,0.983,0.9913,0.9881,0.9289,4.172395187030111
0.9748,0.9674,0.9687,0.9789,0.9775,0.922,3.599576835376065,4.557371328827508,5.03928567672865,4.980750775935756,4.787427620167247,5.04077581771538,0.9637,0.9754,0.9828,0.988,0.9257,15.041432395071224,0.9887,19.043736493718484,21.667077007807304,21.60760284784801,19.88747848561245,21.760283643377925,0.9799,0.9826,0.9897,0.9995,0.9593,3.459457368944338,0.9995,4.379968131693129,6.798109962674097,6.800850216552701,5.057777478187879,6.790380109074149,0.9379,0.9575,0.967,0.9785,0.9141,4.853549587213076,0.9785,6.145007800478449,7.424851638980419,7.415038708277182,6.559185186962231,7.418515158619682,0.9743,0.9799,0.9834,0.9856,0.9306,4.201031476887785
0.9712,0.9801,0.9835,0.9846,0.9852,0.9152,3.439599904456979,4.354826887747868,4.86398522700329,4.870708263361438,4.691422060475834,4.858514909841247,0.9729,0.9794,0.9863,0.9881,0.9474,16.71430512017578,0.9884,21.161736065013244,21.700812896150097,21.827915601367717,20.31961457662384,21.77532351743748,0.9671,0.9719,0.9747,0.989,0.9416,2.8778884695934472,0.9894,3.643652295456057,3.935462206112328,3.856442702467083,3.6527026226402217,3.956704254797809,0.9543,0.982,0.9876,0.9862,0.9358,5.853638169931603,0.9862,7.411205256906125,8.939931209731196,8.955575071764912,8.172992453607522,8.945750475177695,0.9759,0.9825,0.989,0.9871,0.9375,4.251126041340211
0.9793,0.9839,0.9842,0.9892,0.9892,0.9309,3.642396915115485,4.611585202465283,5.025099495394581,4.75960992862475,4.752111876125427,5.013448760676175,0.9822,0.9934,0.995,0.9967,0.9611,17.562132509243416,0.9969,22.2351578619195,25.079030954979288,25.34038912456579,23.870110831766056,25.371172387977552,0.9561,0.9843,0.9906,0.9899,0.9285,2.61493433454147,0.9899,3.3107299296643244,3.974151893639863,4.013843549564298,3.717486860200725,3.987965465383101,0.9338,0.9482,0.9612,0.9856,0.9079,4.8492185510538,0.9856,6.139524339249781,8.66110231368591,8.643195602790776,7.570206259724306,8.656231251446707,0.9549,0.9644,0.9732,0.9717,0.8982,3.664047077353639
0.9609,0.9848,0.9921,0.9878,0.9879,0.895,3.2390241178299988,4.100880832131772,5.00748439329904,5.314033695411926,4.87165756337229,5.0487675597785575,0.9553,0.9727,0.9805,0.9801,0.9178,15.146449363873502,0.9812,19.17669693450037,20.243794376971845,20.375913036887354,19.119689252371906,20.38504335954886,0.9426,0.9716,0.9813,0.9883,0.914,2.383159368339248,0.9883,3.0172830513176883,3.766685264471556,3.802345584933825,3.2465991873968,3.7698623461531486,0.9846,0.9721,0.9769,0.9981,0.9768,10.222720044977663,0.9981,12.942835607159392,17.009558417121635,16.8898003507452,16.082428301632664,17.013809195448136,0.9645,0.9573,0.9618,0.9641,0.9166,3.90155751467878
0.988,0.9804,0.9847,0.9845,0.9844,0.949,3.871091255487659,4.901131745723991,5.209971257442275,5.4171413642009885,4.923492351334441,5.220945427525402,0.9487,0.9569,0.9716,0.9701,0.893,13.41812153193208,0.9697,16.98848646745487,18.797177877524238,18.946664403837147,18.00526671166428,18.790065303904115,0.9236,0.9354,0.9361,0.9507,0.8869,2.201244896481612,0.9511,2.786963812068508,2.7005339202940464,2.542674173343068,2.535265559539907,2.6963476329522384,0.9493,0.9747,0.9848,0.9834,0.9304,5.373716197660395,0.9835,6.803583101154962,8.391097382819622,8.428289362826646,7.254086477391004,8.380963083856894,0.9659,0.9728,0.9828,0.979,0.9199,3.936822566311599
0.9806,0.996,0.9989,0.9972,0.9978,0.9339,3.683342979660057,4.663426413006982,6.034934871721161,6.619742992529401,5.7144607671368055,6.095131796909872,0.9553,0.9849,0.9911,0.9906,0.9129,14.40826706007535,0.991,18.242095168616395,22.464957518379254,23.23566775416195,21.472852001111946,22.497020722295368,0.9561,0.9799,0.9866,0.988,0.9283,2.6484781391352312,0.988,3.353199247672209,3.815244114518757,3.775747572798352,3.435206370746267,3.809651643493403,0.9617,0.985,0.9874,0.9928,0.9463,6.513223824514771,0.9928,8.246296960342205,11.01313596357147,11.05239657978426,10.10415502479784,11.00571964010012,0.9368,0.9546,0.9657,0.9604,0.8711,3.3365609754370147
0.9847,0.9881,0.9929,0.9934,0.9932,0.9445,3.785392460371273,4.792629760729503,5.223280620322375,5.270834236556938,4.944486800757597,5.233781932936643,0.9629,0.9564,0.9639,0.9703,0.9218,14.745762189911233,0.9705,18.669392792386184,19.01578727512596,17.961814774801887,17.191413323406874,18.891634480589204,0.9659,0.992,0.9941,0.9951,0.9403,2.8898384895186693,0.9951,3.6587820400557263,4.741117397100696,4.63001076554969,4.5176571749182255,4.745833311774911,0.968,0.9698,0.9775,0.9909,0.9531,6.848400530801609,0.9909,8.670659262130073,10.342212447870278,10.20561526090586,10.059142863901611,10.352013668701442,0.9668,0.9846,0.9934,0.9891,0.9162,3.944983406154893
0.9747,0.9547,0.9666,0.9684,0.9679,0.9231,3.5216860107816235,4.458754900558279,4.320156421201858,4.251555003234854,3.9760669661931782,4.3063072057987934,0.9919,0.9834,0.9853,0.997,0.9788,20.342756751901724,0.9968,25.755665349130773,29.969558134702105,28.981079525992318,28.876427418212103,29.917783695337626,0.9599,0.9775,0.9806,0.989,0.9334,2.773169545494526,0.989,3.511069204692771,3.883035281840107,3.774479644037308,3.699836284977893,3.8877420641845526,0.9892,0.9972,0.9996,0.9998,0.9816,11.720180370660866,0.9998,14.83874811755656,30.087027940889925,30.113604733322838,19.84855440275733,30.073672158358967,0.9613,0.9909,0.9939,0.9915,0.9075,3.8182207762922697
0.9804,0.9797,0.9834,0.9872,0.9879,0.9328,3.6533426154048447,4.625443392734321,4.92617282602698,4.76387653925827,4.612960175127046,4.942105507885519,0.9729,0.9869,0.9949,0.9929,0.9425,16.061724242791254,0.9929,20.3355130070402,23.198033061072312,24.10473802193551,21.39654292488808,23.17473825466088,0.9307,0.9495,0.9576,0.9742,0.8958,2.316713986647363,0.9742,2.9331575300954245,3.0978058915745192,3.0044909879199144,2.929478877445394,3.0959543538193564,0.9475,0.9762,0.9819,0.989,0.9248,5.516843841555011,0.989,6.98479490756437,9.466803004152728,9.453165788498314,8.214504260316536,9.458147163711535,0.9775,0.977,0.9831,0.9813,0.9382,4.258719296097009
0.9765,0.9888,0.9955,0.9913,0.9912,0.9267,3.570435465054783,4.520475868150092,5.219534172488386,5.440536735246617,5.016784610025066,5.211816867574468,0.9709,0.9568,0.9628,0.9749,0.9329,15.33514588550457,0.9743,19.41560282729293,19.17309422906865,18.09846963333488,17.63371981760122,19.11961682126277,0.9805,0.9878,0.9907,0.9998,0.9593,3.5976195907155457,0.9998,4.554893290128156,8.040407258207527,8.048919063147508,6.106761976381356,8.032093897633754,0.9574,0.9745,0.9788,0.9859,0.9416,6.18085385750382,0.9859,7.825488229901312,8.870502150196328,8.836706690863148,8.497980879980432,8.867152283616162,0.9675,0.9665,0.972,0.9741,0.9218,3.9595959875842768
0.9728,0.9937,0.9971,0.9945,0.9954,0.9187,3.474779509463876,4.399367268617708,5.3867086925709,5.665212344427452,5.272468744986767,5.468889403352565,0.9557,0.9748,0.9863,0.9802,0.9136,14.47951194890187,0.9806,18.33229727528418,20.559682742558877,21.36003757378259,19.279894626538265,20.567136304429315,0.966,0.9725,0.9761,0.9825,0.9404,2.8975985119086016,0.9827,3.6686068903557314,3.470200622387525,3.3726552966810037,3.254275946425819,3.483729379208162,0.9473,0.9547,0.9579,0.9761,0.9259,5.246043081185119,0.9763,6.641938044778304,7.042446437810676,6.974034185299904,6.779338899328038,7.060352397103287,0.9812,0.9923,0.9941,0.9929,0.9494,4.53146288896325
0.9762,0.9753,0.9914,0.9828,0.9833,0.924,3.572034969143203,4.522500976768767,4.806970845918057,5.20172758612228,4.520282203392107,4.82440522992124,0.9828,0.9923,0.9985,0.998,0.9603,17.53845719488394,0.9979,22.20518289436152,27.140393262153648,28.34998987926006,25.41804106772881,27.13934550901582,0.9593,0.9849,0.9881,0.995,0.9313,2.771437319262635,0.9951,3.508876058518844,4.60880520188457,4.58626268409646,4.3938546550835405,4.6183293643502585,0.9768,0.9745,0.9815,0.9981,0.9655,8.120152580875617,0.9981,10.280805841979191,16.93215312097909,16.84842528581514,12.862576742155856,16.950697029201226,0.9613,0.9717,0.9797,0.9846,0.9077,3.795263691381418
0.9771,0.9775,0.982,0.9859,0.9857,0.9264,3.580020912348991,4.532611862093403,4.840534579848372,4.6822272039922055,4.545646658773547,4.831900122987211,0.9563,0.951,0.9599,0.9739,0.9134,14.425305808461138,0.974,18.2636676775317,19.80024281064834,19.944515536432508,18.576967894456192,19.87312810951152,0.9618,0.9826,0.9882,0.9899,0.9344,2.890355955866609,0.9899,3.659437196593728,3.94230400677002,3.963470611187015,3.7374887609490983,3.948169787487789,0.9689,0.9829,0.9891,0.9933,0.9531,7.237388658891849,0.9933,9.163151414204812,11.396608659218748,11.14195418743263,11.114735380484897,11.388814427190322,0.9669,0.9769,0.9821,0.9801,0.916,3.9364831630392008
0.9733,0.9683,0.9768,0.9822,0.9816,0.9206,3.4972103960149004,4.427766684416579,4.687126834110021,4.530632544962644,4.263614888642139,4.6789621764943465,0.9547,0.9683,0.9726,0.9813,0.9159,14.775875271935812,0.9815,18.70751852297004,20.314719188744466,19.748748049318404,19.2935394215032,20.35992469537505,0.9767,0.9787,0.9849,0.9861,0.9558,3.0802937609099774,0.9863,3.899914660071637,3.6066122507426543,3.542867756442004,3.465703959945821,3.621359875584505,0.9606,0.9816,0.9897,0.9932,0.9451,6.38845514822529,0.9932,8.08832917299866,11.367064150091416,11.354636330080226,10.056067563024056,11.359612305986408,0.9758,0.984,0.9882,0.9884,0.9367,4.223176130330473
0.9791,0.985,0.9864,0.989,0.9893,0.933,3.636179937982677,4.603713979087416,4.999022311881114,4.854413925569579,4.768325690132317,5.001389332925411,0.9606,0.9831,0.9886,0.9896,0.9217,14.823552161664434,0.9901,18.76788153235533,21.980124188070068,22.20958695626868,20.97374306675281,22.1065491899302,0.9769,0.9746,0.9773,0.9911,0.9569,3.061485236301201,0.9911,3.876101463490537,4.103659000006205,3.883790323023221,3.859592538209994,4.104155702085869,0.9592,0.9688,0.9726,0.9909,0.9434,6.277305762895146,0.9909,7.947604569778049,10.416466030756387,10.367258059937171,9.632376035062036,10.417458249350876,0.9541,0.9765,0.9842,0.9807,0.8965,3.6355435909805776
0.9813,0.9716,0.9753,0.9836,0.9831,0.9355,3.6879180314426527,4.669218818830075,4.759492700028517,4.479173299734695,4.36148982492235,4.728517560185255,0.9429,0.9487,0.9574,0.9571,0.8957,13.829039389534486,0.9584,17.508743527767002,17.230498121070312,17.249971318784507,16.577525061214512,17.31860251740247,0.9539,0.9851,0.9876,0.987,0.9262,2.554588148253923,0.9875,3.234326510104532,3.725603112791196,3.688473179189209,3.522122097287175,3.7398839747917743,0.9768,0.9844,0.9882,0.9977,0.9654,8.176228243588092,0.9977,10.351802414403831,16.13953981429069,16.08109884209397,12.526337644512036,16.134691133625036,0.9705,0.9765,0.9786,0.983,0.9269,4.056437447506386
0.9772,0.9867,0.994,0.991,0.9914,0.9268,3.5739051220240867,4.524868749845897,5.199900720614984,5.457606552820259,4.877316010671692,5.225571551225658,0.9712,0.9828,0.9848,0.986,0.9393,15.836629864450655,0.9863,20.050524322801564,21.68728463798455,21.338916021409904,20.562421264220195,21.649700834584703,0.9782,0.9852,0.9876,0.9959,0.9579,3.226629890180357,0.9959,4.085188682660669,4.79110200199024,4.778308670110761,4.209116069502182,4.809269831248107,0.9597,0.9817,0.9864,0.9963,0.9438,6.278210023088765,0.9963,7.948749440319412,14.80138697742749,14.803175826757435,10.58884932953104,14.782241290278613,0.966,0.9768,0.9845,0.9818,0.9208,3.948191779884975
0.9435,0.9764,0.9912,0.9852,0.9854,0.866,2.9992207888780205,3.7972693616993145,4.80473132996263,5.082847638319998,4.51950761517501,4.81073592296827,0.9709,0.9802,0.9812,0.9828,0.9399,15.919569216699424,0.9827,20.15553261773648,20.934423838996683,20.340149096026455,20.220128936448667,20.88943926155825,0.9699,0.9659,0.9693,0.9818,0.9458,2.890437107610756,0.9824,3.659539941624317,3.4082489650541903,3.3545480719200635,3.218563679726906,3.428697220879984,0.9633,0.9855,0.9913,0.9909,0.9486,6.576762994790537,0.9909,8.326742970002675,10.283351673093463,10.3191011310938,9.711550465516844,10.287328000696188,0.9627,0.9628,0.9696,0.9709,0.9104,3.815773567746704
0.97,0.9737,0.9761,0.9802,0.9802,0.9091,3.429753038404201,4.342359915356363,4.89535952157004,4.837272045358122,4.76033636031972,4.898774782737605,0.978,0.9568,0.9684,0.9809,0.9512,16.75410614784591,0.9814,21.212127561196645,20.96177471390692,20.894542932129305,19.7195977949282,21.17139601080405,0.9533,0.9756,0.9804,0.9921,0.9236,2.7038146780013594,0.9921,3.4232600262577826,4.110611445072849,4.041493311059769,3.940791922682736,4.115561257570223,0.9719,0.9874,0.991,0.9939,0.9597,7.354305300198965,0.994,9.311177855457371,11.917271463240438,11.911735379923751,10.123254295207833,11.92486428707954,0.9243,0.9417,0.9451,0.9465,0.8516,3.15882968067698
0.97,0.96,0.9723,0.9722,0.9726,0.9132,3.415935201253918,4.3248653548190745,4.444762173654578,4.496343743475353,4.241466183842601,4.454801254633402,0.9596,0.9509,0.9583,0.9689,0.9123,14.249288217250852,0.9695,18.040814392204567,18.47814324571863,17.311005328783228,16.684957980013415,18.5672443618148,0.9438,0.9773,0.9817,0.989,0.913,2.609409280534579,0.989,3.303734739987092,3.8896648886192176,3.8701487591793073,3.5630671514722656,3.8905605948389175,0.933,0.9547,0.9684,0.97,0.9085,4.563887089845387,0.9701,5.7782703696876005,6.452564587229968,6.4557699075408586,5.642628480166914,6.458673610973513,0.9796,0.9909,0.9958,0.9936,0.9419,4.319654538035378
0.9791,0.9813,0.9897,0.9862,0.9854,0.9328,3.637855136876624,4.6058349237868965,4.998791298045638,5.117359888876532,4.748744810687466,4.9857756140763545,0.9631,0.9827,0.985,0.9928,0.9301,15.854818734863231,0.9928,20.07355298431182,22.796183424646674,22.6656043181527,21.55004206509862,23.107590966424965,0.9631,0.9906,0.9955,0.9947,0.9372,2.8405036893641205,0.9947,3.596319974646229,4.602143099958795,4.605254914852699,4.333452157896595,4.60638782670438,0.9524,0.9598,0.9696,0.9862,0.9338,5.654661789056974,0.9862,7.159284185406855,8.886171834971076,8.834858957650091,7.406690962567141,8.886672761777215,0.9427,0.9434,0.9592,0.9579,0.8784,3.440995414032889
0.9793,0.9866,0.9872,0.9896,0.9894,0.9312,3.629593436372783,4.595374906199958,5.051849357905551,4.932911063667484,4.870685624131675,5.046439407383124,0.9767,0.9797,0.9864,0.9922,0.9424,16.019450553827518,0.992,20.2819909107333,23.48453755607373,23.07247834191222,22.48501392558928,23.520639100970683,0.9805,0.9604,0.9661,0.9984,0.9607,3.3690354374836677,0.9984,4.26548625318837,5.6204689405084665,5.622775971583732,5.089431675131061,5.612071698968058,0.9455,0.9848,0.9932,0.9958,0.9216,5.532348475422449,0.9958,7.004425096634649,13.635820059050769,13.611563470302128,9.21111175076444,13.643543622874144,0.9669,0.9723,0.9803,0.9776,0.9195,3.9392386068341754
0.9783,0.9834,0.9871,0.9886,0.9875,0.9289,3.6086732140007465,4.5688881201161005,5.085792644172663,5.138847020339161,4.870210053905083,5.086708863633891,0.9634,0.9769,0.9839,0.9863,0.9266,15.161888238697976,0.9861,19.196243867012804,21.15689297670446,20.738052929686987,19.920415993468158,21.195234121089435,0.9827,0.9708,0.9751,0.9999,0.9645,3.758898949361524,0.9999,4.759086715811227,9.339990686722722,9.325497219756487,6.204052015658883,9.332586475757038,0.9682,0.9627,0.9771,0.9977,0.9529,7.085964567728272,0.9977,8.971435597839818,16.039418726535228,16.04248333689824,11.22996982016306,16.03485325692151,0.9527,0.9802,0.9843,0.9822,0.8937,3.606405746568843
0.975,0.9915,0.9962,0.9945,0.9942,0.9239,3.5326695898446,4.472661048585895,5.951700954657133,6.331493126724148,5.27465448661711,5.970156994334518,0.9704,0.9735,0.9824,0.9876,0.9415,16.211393821357497,0.9884,20.52500746079152,21.775365764914604,21.47937430576511,19.627154209918235,22.002107693761918,0.9767,0.9883,0.992,0.9962,0.9559,3.097566869255526,0.9964,3.921783888687647,4.915063551938777,4.90205793684,4.716440765308026,4.943834176709289,0.9451,0.9766,0.9922,0.9921,0.9216,5.365019221032686,0.9922,6.792571986864783,10.811981031010871,10.861552252249334,8.544782006017194,10.81806445794532,0.9315,0.9465,0.9695,0.9641,0.8616,3.244346710635627
0.9763,0.9692,0.9743,0.9791,0.979,0.9258,3.573484594349872,4.524336325938005,4.743849207463784,4.609709318145671,4.414752172129521,4.750145576753962,0.9709,0.9799,0.9924,0.9909,0.9363,15.53601942047785,0.9911,19.66992585771431,22.434920979045074,23.065290729870785,20.1311611863206,22.509857471520235,0.9434,0.9554,0.9616,0.9741,0.9141,2.4717183801258487,0.9742,3.129406314602159,3.0795263437606715,2.971146951241249,2.912181598362649,3.082947301025834,0.9846,0.9926,0.9948,0.9993,0.9768,10.16205830148509,0.9993,12.86603266526001,21.340609045510394,21.326601069529087,18.290997551223278,21.350794430598786,0.9597,0.971,0.9816,0.9795,0.9057,3.757031538495013
0.9863,0.9868,0.9936,0.9921,0.9923,0.9467,3.832880808336508,4.852754060159144,5.177033604303801,5.295840884314373,4.876811694138828,5.178817148952732,0.9683,0.9561,0.9669,0.983,0.9347,15.540665199820795,0.9833,19.67580781066209,21.067238423006053,20.61052689781309,19.685271715494707,21.113896758566955,0.9687,0.9553,0.9581,0.9726,0.9442,2.7783834453092977,0.973,3.517670446620348,3.120787394455282,2.877430725817,2.865102246721665,3.124843823305101,0.9724,0.9883,0.9912,0.9958,0.9597,7.784532542338608,0.9958,9.855882243744972,13.764560816266997,13.699791802436978,11.929372113478935,13.777075820952598,0.9621,0.9636,0.9754,0.9723,0.9098,3.820136621358285
0.9579,0.9717,0.9843,0.9769,0.9787,0.8871,3.1960895922700883,4.046522060322666,4.527608083401248,4.756541897046786,4.385921023235315,4.582809731701942,0.9783,0.9782,0.9825,0.9894,0.9554,17.23840165876649,0.9894,21.82528698995454,22.13046057676191,21.492735518236323,20.82356639194416,22.14026475267813,0.9705,0.9877,0.99,0.9945,0.945,3.1066654048578224,0.9946,3.933303410893898,4.471217851347862,4.392684471501578,4.295822720832265,4.470473249941609,0.9271,0.9541,0.9594,0.9726,0.9021,4.48658213516601,0.9727,5.680395702707393,6.747423664042911,6.699978770485674,6.432994917905762,6.757875661447996,0.9617,0.9624,0.9724,0.9749,0.9081,3.788599201290951
0.9682,0.9662,0.9693,0.976,0.9753,0.9082,3.4269873739159533,4.33885834819435,4.896402637156166,4.990578131821037,4.628228982285179,4.932234289624205,0.9717,0.9667,0.9782,0.9825,0.9404,15.839752217862271,0.9845,20.054477488567247,20.580934505908424,20.822262545879543,18.960833493178384,20.84178758060596,0.9693,0.9873,0.9876,0.9912,0.9434,2.9997524076659894,0.9912,3.79794243643364,4.057815144128313,3.9011094074744137,3.89645690853791,4.055556069302926,0.8986,0.9006,0.9174,0.922,0.871,3.520374555462025,0.9223,4.457094486252398,4.059117301022234,4.100560424268465,3.9069680881283455,4.070839844456566,0.9623,0.9748,0.9838,0.979,0.9104,3.8238944658536154
0.9731,0.9857,0.9915,0.989,0.99,0.9186,3.4767728845982293,4.401891051578978,4.991931562011757,5.201470378138124,4.829390189054585,5.060956088020428,0.9721,0.9802,0.9877,0.9925,0.9449,16.276269940661603,0.9924,20.60714616196783,23.458737746201365,23.61241385594506,22.13544542293257,23.55051682817878,0.9737,0.9901,0.9929,0.9947,0.9506,3.055532048027218,0.9947,3.868564219309963,4.580780307116471,4.587295606862236,4.242006437381029,4.5789628541300855,0.9168,0.96,0.9722,0.9785,0.8931,4.17616377634873,0.9785,5.287379580781004,7.337772841949345,7.372497344703018,6.529821347196411,7.333676473005602,0.9697,0.9749,0.9791,0.9802,0.9246,4.011002040487188
0.9699,0.9397,0.94,0.9672,0.9657,0.9114,3.3975307629333367,4.301563765948663,4.292037690040804,3.773697833744863,3.77063467270286,4.260401928364028,0.9637,0.9687,0.9802,0.9841,0.929,15.37366414572805,0.9849,19.46437023046477,20.84679670727449,21.192448122440837,19.527824907634205,20.995272574391937,0.9533,0.9517,0.9633,0.968,0.9262,2.4587359558969046,0.9687,3.1129694580866394,3.027909847638655,2.9139859188776223,2.79635586064454,3.033552165909331,0.9488,0.9577,0.9735,0.9857,0.9284,5.401776490315752,0.9857,6.839109825287987,8.725362980471692,8.783316558922815,8.322455499573563,8.731304700888922,0.9707,0.9809,0.983,0.9855,0.9282,4.053621676740412
0.9758,0.979,0.9878,0.9831,0.9837,0.924,3.548655042078725,4.4928999947237225,4.783453733786953,5.0264265518190285,4.587261584131463,4.785704801665098,0.9715,0.9752,0.9782,0.9854,0.9388,15.722855759698204,0.9855,19.906476600895477,21.205536134767083,20.01017893490984,19.698899545153992,21.191843239734887,0.9593,0.9682,0.9814,0.9949,0.9333,2.64950285041335,0.995,3.354496619561407,4.5745614511398776,4.612320299234411,3.7977098842332815,4.588649927346802,0.9782,0.9801,0.9848,0.9975,0.9673,8.625275202815356,0.9976,10.920334169905503,15.78425147762205,15.707540932171424,13.976401950605934,15.784668124737491,0.9737,0.9936,0.9974,0.9962,0.9328,4.158989420420334
0.9796,0.9795,0.9833,0.9849,0.9847,0.9329,3.639348684668603,4.607725882695871,5.017475330965304,4.908600181991934,4.810262638223643,5.00910320289953,0.9921,0.9906,0.9925,0.9988,0.9787,19.908576274097435,0.9988,25.20595582726827,32.04449653196722,32.834053973196745,29.085978135289587,32.110371595416034,0.969,0.9622,0.9665,0.9904,0.9432,2.9702558268792414,0.9904,3.7605972490063726,3.9156120259661953,3.9206761149246314,3.542599655928988,3.9201616300276023,0.9545,0.9845,0.9891,0.9933,0.9365,5.912155625142043,0.9933,7.485293346925781,11.43742160245093,11.437305798225902,9.736755721931976,11.44072984909728,0.9622,0.9619,0.9667,0.9727,0.9091,3.798105230325319
0.9804,0.9658,0.9721,0.9797,0.9789,0.9338,3.6896354386277705,4.671393202826676,4.627313420791023,4.385014392830832,4.210962500552416,4.599596447099547,0.9618,0.9511,0.9682,0.9676,0.9096,14.206255964896716,0.9693,17.986331889937563,18.27662211356754,18.59007401874176,16.80733436902632,18.47039915890009,0.9461,0.9838,0.9898,0.9982,0.9157,2.6171179914118,0.9982,3.313494625534971,5.467843884069988,5.501572219633253,4.136316230304904,5.453570904900051,0.9611,0.9866,0.9917,0.9936,0.946,6.386627024753215,0.9937,8.086014612738323,11.683127380142825,11.676197741384904,10.032825889864084,11.678466483202138,0.9744,0.9836,0.9868,0.9887,0.9347,4.1738539846569
0.9873,0.992,0.9961,0.9943,0.9943,0.9503,3.989416831730015,5.05094201879115,5.356213121969932,5.5419798120439925,5.133285675737235,5.340040780735232,0.9693,0.9633,0.9687,0.9893,0.9388,15.854730214893744,0.9886,20.073440910479416,23.590671446825883,23.559079612083632,22.031066894159537,23.632698534931023,0.9724,0.9838,0.9903,0.991,0.95,2.9475453191953624,0.9911,3.731843809000746,4.064451887037243,4.0127457121372005,3.865327609871161,4.08076806000038,0.9569,0.9858,0.9948,0.9963,0.9394,6.237867277399831,0.9963,7.897672082913949,14.671005567987269,14.724339494303068,10.800047481943093,14.669417947108087,0.98,0.9899,0.9959,0.9931,0.9471,4.481151435930185
0.9755,0.9774,0.9878,0.9854,0.985,0.9241,3.542264948942798,4.484809591718567,4.89441222200087,5.080183910848295,4.609311260977046,4.888021302787193,0.9782,0.9772,0.9822,0.9899,0.9345,15.849596348733709,0.9898,20.06694099798586,23.405965972887785,23.38902925318052,22.290088598023356,23.579859052917485,0.9222,0.9482,0.9577,0.9564,0.8855,2.116669339165129,0.9573,2.6798839419444187,2.7925791690033543,2.7898090992115128,2.633028162137523,2.807975128210608,0.9744,0.9921,0.9941,0.9965,0.9614,8.08210631612494,0.9965,10.23263602533862,14.863148666970968,14.84115914325209,13.211445584879003,14.871326430794443,0.9711,0.9835,0.99,0.9877,0.9293,4.066906090940555
0.9717,0.9867,0.9968,0.9927,0.9922,0.9162,3.4456402467285923,4.362474476323952,5.412059681284344,5.720453133398356,5.15921008506315,5.399011752559332,0.9794,0.9821,0.9841,0.9951,0.9574,18.07323367322825,0.9951,22.882255534063376,24.16939653015533,23.03383205905,22.55118866770287,24.149920909482105,0.974,0.9826,0.9884,0.9924,0.9515,3.0040895282326088,0.9924,3.803433601041025,4.1899685537481774,4.210126057516218,3.8295505665673706,4.18627027014263,0.9618,0.9699,0.9767,0.9849,0.9473,6.436904826081643,0.985,8.149670598074923,8.60189685048862,8.40448317019653,8.258986311542154,8.608375892102822,0.9445,0.9635,0.9735,0.97,0.8825,3.4629339195110083
0.983,0.9918,0.9977,0.9949,0.9944,0.9377,3.780013997815664,4.785820168334307,5.564736981380313,5.913319382812846,5.374214358067902,5.581482776493212,0.9826,0.993,0.9955,0.9989,0.9643,18.60850067013533,0.9988,23.55994921210847,34.73616883286533,35.31287586593098,29.52752961402692,34.678405538513914,0.9806,0.9774,0.9829,0.9984,0.9618,3.347564413225931,0.9984,4.238302104932081,5.666738808324476,5.666945067199282,4.739495432903023,5.672371684445897,0.9479,0.9463,0.9522,0.9833,0.926,5.485375605695321,0.9833,6.9449534366263705,8.28268655827018,8.231474895435507,7.891642130823157,8.286773731424967,0.9689,0.9853,0.9911,0.9889,0.925,4.013253450051331
0.9546,0.9375,0.9387,0.9565,0.9561,0.8844,3.160735855612649,4.00176121392926,4.133254640636913,3.860970265226341,3.819776315725515,4.130454773405303,0.9664,0.9861,0.9912,0.9899,0.9327,15.476475006627386,0.9899,19.594537550453577,22.11295249063144,22.72256382686297,21.318227236071987,22.12372648388946,0.9809,0.9903,0.9928,0.9983,0.9625,3.342829609026351,0.9983,4.232307438921702,5.720093171861856,5.716343378524951,5.268005401580726,5.708330818872737,0.9535,0.9612,0.9717,0.9853,0.9355,5.668168409402922,0.9853,7.17638471892208,8.61454552068715,8.628348589207894,7.585590754190616,8.603096244792676,0.9731,0.9861,0.9898,0.9914,0.9298,4.141648133130785
0.9825,0.9725,0.9804,0.9865,0.9844,0.9379,3.74325813896616,4.739284115640307,4.854735862391838,4.634166025070847,4.393205756849598,4.796040502472133,0.9788,0.9909,0.9965,0.9955,0.9562,17.30481857748515,0.9955,21.909376474624707,25.03947845793439,25.8886536595347,23.86942667362956,25.07345776070408,0.9435,0.9749,0.9825,0.9959,0.9126,2.615812548276322,0.996,3.311841823167045,4.7018795943285525,4.752749617039648,4.031251505364063,4.70471387930767,0.9352,0.9677,0.9743,0.9747,0.9112,4.703725596632228,0.9747,5.9553178479448095,6.938280109261322,6.953580868332814,6.589130045290185,6.9363004715516325,0.9785,0.9941,0.9969,0.9947,0.9397,4.292948861383256
0.9854,0.9754,0.9819,0.9876,0.9877,0.9429,3.869788725603998,4.899482631781376,5.019519555974602,4.89368211668117,4.57774989854396,5.022447874176455,0.9669,0.9851,0.9883,0.9902,0.9374,16.307221028858628,0.9901,20.64633287985057,22.20795152148162,21.94297784341678,21.37624602837318,22.11164618693412,0.9699,0.967,0.9712,0.9973,0.9458,2.888386801001081,0.9973,3.656944078558857,5.196664465679926,5.1926904295312895,4.577941187363295,5.197539070445589,0.9529,0.9805,0.9831,0.9872,0.9338,5.83951644664922,0.9873,7.393325950603154,9.105812172703336,9.078774800908151,8.599905208672457,9.115306180964245,0.9687,0.9873,0.9895,0.9885,0.92,3.9963934627814783
0.9815,0.9771,0.9825,0.9864,0.9867,0.9352,3.6859801896604303,4.6667653458297735,4.86238346245241,4.706890178080126,4.541306367752262,4.880302441996571,0.979,0.9792,0.9834,0.9873,0.9524,16.868801932470287,0.9874,21.35734220844278,21.477672181493567,20.92803211896617,20.480921412515904,21.528527519736176,0.9663,0.9859,0.9904,0.9904,0.9391,3.025153202158257,0.9906,3.830102009028624,4.011953202478704,3.9196563424294575,3.850767100669144,4.017646024601208,0.9344,0.9659,0.9752,0.9793,0.9098,4.860445602425989,0.9794,6.153738743989817,7.593280912744148,7.575965408700632,6.521656021583855,7.597084166403506,0.9682,0.99,0.9925,0.9917,0.9211,3.995479405693131
0.9618,0.9792,0.9907,0.9876,0.9874,0.8959,3.2507502070334726,4.115727061335711,5.010692116857127,5.305774505906301,4.601700140752207,4.9911617873591885,0.9786,0.9839,0.9886,0.9965,0.9556,17.18112395965362,0.9943,21.7527685369095,33.21202433616223,33.70623138419262,26.339932792062232,33.25802406369034,0.9345,0.9701,0.9844,0.9818,0.9026,2.321272607629372,0.9818,2.938929133123376,3.4052014303439657,3.4483746375351267,3.1440320736204925,3.409141299077701,0.9879,0.9705,0.9715,0.9998,0.9801,11.599853516912514,0.9998,14.686404056451536,30.09089799229401,29.99571816341569,19.84640909385013,30.08545693587244,0.972,0.9769,0.9806,0.9815,0.93,4.098470080482934
0.9739,0.9729,0.9787,0.9808,0.9807,0.9177,3.542735972860437,4.485405948178123,4.70838715756547,4.653117680361564,4.479673090332977,4.701603707401873,0.9724,0.9535,0.9654,0.9802,0.9451,16.284352404777252,0.9806,20.617379250997885,20.373385093525425,20.342281966159277,18.642952363229963,20.445980712307406,0.9604,0.9779,0.9891,0.9973,0.9313,2.9743278647433997,0.9973,3.765752796300052,5.081978865531298,5.100569262482376,4.871295164197716,5.086905378341995,0.9547,0.984,0.99,0.9948,0.9364,6.037737949161279,0.9949,7.644291281701912,12.382781117542155,12.419029147617364,10.141281308445668,12.372286794093638,0.958,0.9683,0.9716,0.9733,0.9018,3.716875958439856
0.9866,0.9793,0.9889,0.99,0.9895,0.9475,3.832826358248948,4.852685121703528,5.04514438717433,4.979521248120811,4.610824923868499,5.043844023421093,0.9484,0.9628,0.9661,0.9692,0.8995,13.71459570601936,0.9691,17.3638480620302,18.48901961339703,18.152145798075928,17.706525463052856,18.435694601196207,0.9625,0.9845,0.9903,0.9928,0.936,2.8738270085682998,0.9929,3.6385101393428014,4.247019622484526,4.255343526345218,3.836066617254709,4.255552195757741,0.99,0.9853,0.9898,0.9998,0.9835,12.256186551760534,0.9998,15.517377665844208,30.06406676052686,30.04888663643119,21.08042869489468,30.06252129437182,0.9766,0.9867,0.9895,0.9887,0.9367,4.222271354886004
0.9697,0.9681,0.9822,0.978,0.9782,0.9114,3.394197851525313,4.297344015798265,4.554914030712209,4.715466253312966,4.262698897402205,4.571643416654529,0.9742,0.9872,0.9974,0.9966,0.9464,16.41792545167099,0.9964,20.78649412256696,25.843241879602036,27.055421631588388,23.94661702399461,25.78439723226392,0.9474,0.9579,0.9709,0.995,0.9182,2.5611889052043937,0.995,3.2426836314691854,4.523898324123251,4.5391344423265085,3.681708696845464,4.522220563343797,0.9216,0.9579,0.9708,0.9783,0.8968,4.315967952002386,0.9783,5.464383592895048,7.352597244615193,7.366711282471016,6.4626432602369945,7.358050607901312,0.9836,0.9962,0.9981,0.9972,0.95,4.490252062988223
0.9622,0.9803,0.986,0.9838,0.9842,0.8987,3.265512848169504,4.134417824313712,4.768976827524726,4.849825165826234,4.648185108263254,4.78474210612134,0.9659,0.9818,0.9862,0.9956,0.9355,16.284089866078077,0.9951,20.61704685460936,32.117903079805096,32.397594008640624,24.71847317210814,32.08115463449008,0.9564,0.9648,0.975,0.9973,0.9274,2.771743995606589,0.9973,3.509264336930747,5.158701214134778,5.147070264771232,4.332613475446653,5.167864974118525,0.9447,0.9778,0.9847,0.9833,0.9217,5.207317130279435,0.9833,6.592907687486122,8.40954158387053,8.405838379863502,7.298257446876592,8.408588632977889,0.9737,0.9747,0.9778,0.9812,0.9314,4.1564634145673365
0.9919,0.9894,0.9922,0.9938,0.9939,0.9585,4.043151129427933,5.118974223381551,5.287897852377897,5.150233616499014,5.018514777946624,5.2879643341562215,0.9718,0.9844,0.9865,0.9899,0.9423,16.048251314857687,0.9893,20.318455130993108,22.049067135005643,21.748595022943427,21.229498688521566,21.92920512610143,0.9559,0.973,0.9795,0.9945,0.9265,2.76327548997746,0.9945,3.4985424864140677,4.429886913393613,4.417910602216256,3.72900603906422,4.432643239799478,0.9612,0.9849,0.9909,0.9921,0.9464,6.372033256237154,0.9921,8.06753765690257,10.659053327249524,10.679571945187377,9.783497690726591,10.659565681953168,0.9719,0.9899,0.9925,0.9908,0.9297,4.089923928412468
0.9813,0.9487,0.951,0.9634,0.9631,0.935,3.6779756817106426,4.6566309559556025,4.405521779886092,4.22305948965222,4.177095049491436,4.40584674323184,0.9717,0.9805,0.99,0.991,0.9392,15.732799315926057,0.9913,19.9190659912966,22.697250456757907,23.38599970240808,21.402944627951605,22.902400521535192,0.9537,0.9265,0.9353,0.9747,0.9254,2.573997702024374,0.974,3.258900660873992,3.553567137807592,3.5699739534305137,3.24846405327774,3.552609048084472,0.9666,0.9855,0.991,0.9986,0.9517,7.006159537351177,0.9986,8.870395621761968,17.977243657681107,17.945366094304735,11.5270403975378,17.970211789312486,0.9595,0.9732,0.9779,0.9765,0.91,3.805582185215987
0.9907,0.9879,0.9905,0.9952,0.9949,0.9568,4.02268251298994,5.093059208933601,5.51783913380954,5.468418187332722,5.048601848304495,5.51388401780283,0.9831,0.9831,0.996,0.9911,0.9532,17.037272850637958,0.99,21.570640761943,25.194463235882417,25.812907660332986,24.43479381293498,25.07240265478924,0.9593,0.9825,0.983,0.988,0.9313,2.784966823493194,0.988,3.526005564984055,3.786547189452346,3.65434241039991,3.601264445132516,3.795645790034431,0.9384,0.966,0.9716,0.9719,0.914,4.936269337953099,0.972,6.249738061170594,6.696318546575811,6.673443384504287,6.379035773735307,6.721158070745017,0.9519,0.9413,0.9497,0.957,0.8934,3.5930003350737536
0.9764,0.9728,0.9814,0.9823,0.9815,0.9265,3.5591701707592973,4.5062130446069215,4.699996586926668,4.683393198986941,4.398621446043226,4.672706121835284,0.9822,0.9819,0.991,0.9947,0.9581,17.30612482725998,0.9945,21.911030298266866,24.86739886628425,25.13979546479184,23.53596123682056,24.969110893934594,0.936,0.9801,0.9812,0.983,0.9032,2.3972048301502564,0.9833,3.035065804092555,3.4839357382507434,3.4007335912527474,3.3551210586496008,3.49855124940309,0.9658,0.9899,0.9932,0.9966,0.9508,7.05074841080828,0.9966,8.926848939130005,15.005919404631346,14.96444718361578,11.77986353074084,15.007797180345614,0.9595,0.9829,0.9918,0.9869,0.9054,3.752842027183756
0.9784,0.9711,0.9801,0.9818,0.9821,0.9288,3.6140098773285465,4.575644791123287,4.812249512178134,4.716937129369857,4.454771877333134,4.801005175558037,0.9701,0.976,0.9821,0.9909,0.938,15.830274337784424,0.9908,20.04247768389567,22.9386775407821,23.00285558653747,21.449826350225724,23.11636633082129,0.9639,0.9882,0.9938,0.997,0.938,2.858218309870406,0.997,3.618748195320109,5.131458527396426,5.126595392623342,4.143019119067244,5.119822548115849,0.9625,0.9646,0.9669,0.9859,0.9477,6.512685960088152,0.9861,8.245615978096575,8.833214130632308,8.795255611816877,8.490605995143822,8.836601852121273,0.9665,0.9825,0.9867,0.9837,0.9183,3.920935718823898
0.9792,0.9798,0.9814,0.9839,0.9843,0.9318,3.652543027574243,4.624431046333419,4.861772450218739,4.81338655831016,4.718059748493456,4.861064103810662,0.973,0.9855,0.9911,0.9965,0.9475,16.64408286567941,0.9966,21.072828700641352,24.86650889092142,25.1489779023701,22.541459246692924,24.868827785539263,0.9737,0.9922,0.9966,0.9961,0.9502,3.0873134178040984,0.9961,3.908802144498436,4.898792306937497,4.91847454109233,4.125882813701374,4.907376788979786,0.9686,0.9836,0.9922,0.9963,0.9529,7.264346573144164,0.9963,9.197282433243238,14.721332570433775,14.707620156225197,11.65901042052101,14.724995374757386,0.9646,0.9557,0.9571,0.9698,0.9146,3.869930122413398
0.9623,0.959,0.9664,0.9719,0.9721,0.896,3.2565546587058103,4.1230759922909,4.370675609159095,4.271061093531825,4.065935129916253,4.376455299335525,0.9799,0.9804,0.9826,0.9959,0.9588,17.949185701757003,0.9957,22.725200220498092,25.37603683197522,24.6789269099472,23.810708256786977,25.472560693695016,0.974,0.9795,0.984,0.9906,0.9523,2.942430999954677,0.9908,3.7253686445745,4.069819875112508,3.893123981868981,3.836878797281317,4.065359701637047,0.9601,0.9861,0.9875,0.9889,0.9445,6.406217677360431,0.989,8.110818050083429,9.519869339798513,9.37643215703146,9.17773439457183,9.550613545315336,0.9778,0.9844,0.9877,0.9873,0.9389,4.276435403966334
0.9718,0.9816,0.9879,0.9874,0.9872,0.9159,3.4551901350406453,4.374565449562562,4.9430952951293285,5.083555450084339,4.723375992432558,4.938630232567461,0.9627,0.9801,0.9906,0.9918,0.9283,15.470202833168807,0.9919,19.58659644381887,22.71421875302136,23.15223953759368,20.376356185787397,22.74147728985165,0.914,0.9566,0.9632,0.9699,0.8763,2.0767470290829446,0.9702,2.629338891881583,3.0434145396408283,2.989581358222799,2.8582628691085628,3.051258226650778,0.9581,0.9758,0.9829,0.9882,0.9418,6.213372518456769,0.9883,7.866659628611946,9.266164015583916,9.256420862533858,8.584150547622494,9.265922302187075,0.9572,0.9753,0.9799,0.9786,0.8996,3.68779140754023
0.973,0.9524,0.9632,0.9636,0.9642,0.9154,3.516586020693266,4.4522978780612,4.490668502054875,4.438625218075366,4.289567311173654,4.4910923277965,0.9874,0.9593,0.9637,0.9905,0.971,18.87012714601854,0.99,23.89119064813903,25.646657501999567,25.53233445674544,23.87120063812777,25.83260316992125,0.9768,0.9771,0.9817,0.9981,0.9552,3.2673390307555774,0.9981,4.136729927246809,5.458114494847869,5.438112512275263,4.840120160113121,5.46981016874381,0.9633,0.9631,0.9672,0.994,0.9483,6.646289404349954,0.994,8.414769335326616,11.890657749641464,11.828316384257716,10.818365538820704,11.903934943580849,0.9558,0.967,0.9781,0.9712,0.8981,3.659097670794159
0.9833,0.9867,0.9902,0.9918,0.9919,0.9404,3.737090832084355,4.731475779037241,5.1228656527539735,5.043671566632559,4.879229783967729,5.128100169881421,0.9709,0.9482,0.9498,0.9729,0.9331,15.340529126959964,0.973,19.422418470182905,18.92368237149786,16.680134353185693,16.621071327111576,18.935000333449043,0.9788,0.9666,0.986,0.9973,0.96,3.0711454129085647,0.9973,3.888332071118948,5.188597854859468,5.239141216027016,4.298907416075869,5.197012597792725,0.9625,0.9647,0.9666,0.9922,0.9473,6.594482146903861,0.9924,8.349176928077627,10.86600581356605,10.75021658979294,10.529557508444912,10.89046164252147,0.9696,0.9904,0.9944,0.993,0.924,4.046546482210132
0.9517,0.9568,0.9713,0.9716,0.9717,0.8764,3.0962165327570266,3.9200742474925914,4.491785998908265,4.64837893849774,4.106885784198546,4.51207011069333,0.966,0.9465,0.9623,0.976,0.9263,14.959857993782308,0.9767,18.94045634313336,21.51877593623429,21.844939581097588,19.878802574456937,21.65337007247105,0.9341,0.9711,0.973,0.975,0.8994,2.429322711997004,0.9753,3.075729782267018,3.1262848717244784,3.066222069083833,3.03636425626436,3.1366211183112296,0.9648,0.9784,0.9881,0.9944,0.9506,6.602359283997651,0.9944,8.359150055582969,12.250670759424253,12.202906529134118,9.623846168305594,12.264408837297148,0.9829,0.9917,0.9958,0.9936,0.9487,4.460843554189268
0.9815,0.9826,0.989,0.9899,0.9892,0.9364,3.709170512052104,4.696126272185173,5.5507324488284056,5.813398721652545,5.125268290317333,5.572857670838088,0.9759,0.9647,0.9713,0.9901,0.95,16.846413205602325,0.9905,21.328996170399027,23.82853981820656,23.862619394415727,22.09143845311776,23.9836844505445,0.9761,0.9929,0.9958,0.9962,0.9541,3.167305093853936,0.9962,4.010078429919442,4.9343332869128895,4.921774192800847,4.285517470811442,4.927935194697606,0.9634,0.9731,0.9771,0.9951,0.9486,6.673678430370527,0.9951,8.449446178638846,12.473842261308825,12.436292538270497,11.634975473436551,12.46476375065997,0.9687,0.9857,0.9897,0.9872,0.9209,3.971802480936189
0.9678,0.9713,0.9765,0.9783,0.9789,0.9082,3.3542534836562483,4.246771038695639,4.579206520898341,4.523692256591261,4.385165362999109,4.592925387519305,0.9638,0.9844,0.9955,0.9975,0.9307,15.820387340854342,0.9978,20.02995990239021,26.24227260595187,26.708426795232395,21.591594445260867,26.49557665828776,0.9605,0.9855,0.99,0.9973,0.9338,2.8352269293055383,0.9973,3.58963914628781,5.187884471666823,5.214299556751261,4.281881563003427,5.184293362975864,0.9801,0.9587,0.9701,0.9992,0.9709,8.941257212129143,0.9992,11.320394347957382,20.537797016947135,20.496060023241984,14.878794995703826,20.528681214828392,0.9679,0.9817,0.9926,0.9874,0.9168,3.947066735996042
0.9714,0.9357,0.9404,0.9613,0.9608,0.912,3.4596144485305045,4.380167007848599,4.429590889551183,4.381029422947802,4.073315768914863,4.4122352321210565,0.9568,0.9784,0.9829,0.9865,0.9189,14.951496860766891,0.9869,18.929870435504863,21.251431694228,20.838359221816567,20.211776739777303,21.368116972973,0.9315,0.9833,0.9915,0.9919,0.8966,2.400525494145368,0.9921,3.0392700479734645,4.131956048160145,4.154615622085658,3.4835219687770227,4.141858971902937,0.9304,0.9675,0.9744,0.9758,0.9049,4.567658044992587,0.976,5.783044720578306,7.073264490566895,7.083126257204496,6.734052494454058,7.077906634918258,0.9486,0.937,0.9383,0.9523,0.8882,3.5448288903701544
0.9695,0.9867,0.9895,0.9884,0.9882,0.9139,3.450539169311696,4.368676930207687,4.945239706584452,5.006021400935712,4.864778355447264,4.945126139563104,0.9652,0.9724,0.9822,0.9839,0.9301,15.293726949643986,0.9842,19.363162921327746,20.750112414809944,20.87343743554649,19.75276640405217,20.8120723107776,0.9706,0.9638,0.9792,0.9973,0.9463,3.0051248451786856,0.9973,3.804744400610554,5.114828225475207,5.131771807150024,4.283450036566103,5.117202891678973,0.962,0.9857,0.987,0.9902,0.9468,6.569992797115579,0.9902,8.318171322226993,10.0528701911296,9.989748489847564,9.759728508353632,10.07713228798658,0.9507,0.9405,0.9447,0.9582,0.8915,3.5692479465413767
0.9698,0.9525,0.9594,0.9695,0.9703,0.9073,3.427727256832154,4.339795103080602,4.477552541410822,4.318953308374379,4.196833312502301,4.481187045023059,0.9783,0.9813,0.993,0.9908,0.9534,16.878070596333778,0.9895,21.36907712754018,22.78180355792842,23.76089644921176,21.539346302119707,22.82339841892005,0.9607,0.985,0.9921,0.9947,0.9355,2.6900170324925776,0.9947,3.405791030061046,4.551610932510572,4.584207120470073,3.8343977597763783,4.564227016693364,0.954,0.9475,0.9619,0.9769,0.9364,5.692696212708855,0.9771,7.207439010206267,7.180913965275492,7.051756147351719,6.869306052685398,7.207660927010184,0.9768,0.9869,0.9883,0.9882,0.9385,4.258865721191938
0.9847,0.988,0.9967,0.9929,0.993,0.9409,3.813834638176542,4.828639984038324,5.218531693018946,5.568290435962718,4.950522803760723,5.255279341861854,0.9582,0.9789,0.985,0.9853,0.9196,14.867990741375596,0.9855,18.82414456502048,21.145237488608178,21.7054321442054,20.288851502581945,21.23583205234049,0.9471,0.9557,0.97,0.9911,0.9188,2.4668089671044524,0.9912,3.123190578928677,3.9629247058282098,3.975094781107839,3.347790925645807,3.9708862323028,0.9553,0.9492,0.9692,0.9873,0.9373,6.087162168272258,0.9873,7.706866559137968,8.987394713987095,8.89868365877236,8.752643142409392,8.996287354093209,0.9774,0.9886,0.9893,0.9907,0.9382,4.265596510805479
0.9591,0.9459,0.9606,0.966,0.966,0.8929,3.212493231434791,4.0672904667872665,4.390856867808077,4.497199330095694,4.034122382095615,4.384327427105957,0.9727,0.9715,0.9774,0.9794,0.9466,16.670448707871934,0.9797,21.10621010594647,20.17505139671402,19.58580687195584,18.802320856967004,20.1957424719941,0.9415,0.9529,0.9706,0.9805,0.9116,2.412426316190042,0.9805,3.054337503859625,3.303888591531133,3.3356693261762844,3.046251669072387,3.3044047097490274,0.9631,0.9845,0.9893,0.9909,0.9479,6.647949240104146,0.9909,8.41687082898064,10.416563453592676,10.37365744988652,9.949462351828055,10.431586735292006,0.9712,0.9814,0.9838,0.9851,0.9276,4.0776044529716335
0.9744,0.9616,0.9669,0.9776,0.9774,0.9219,3.514893083518056,4.450154475184511,4.542857401172675,4.254705669252766,4.14326812923308,4.53610431823919,0.9778,0.9696,0.9787,0.9881,0.9532,16.899401100809754,0.9883,21.396083365765985,21.761061715398085,21.20631546939836,20.25503479590721,21.85869969367781,0.9697,0.9809,0.9907,0.9982,0.944,2.978224097382676,0.9982,3.770685759182292,5.538397252168497,5.559481867866963,4.819510569650632,5.531160053445804,0.9072,0.9425,0.9541,0.9527,0.8816,3.9556898411162207,0.9529,5.00824077165556,5.284947012220549,5.290341701245905,4.793680899332513,5.2976411708264735,0.9714,0.9791,0.9875,0.9845,0.9297,4.073673283635817
0.9556,0.9445,0.9526,0.9623,0.9629,0.8864,3.151381311386177,3.989917562966461,4.158280229126402,3.998024299490535,3.7943311508103914,4.171263394827852,0.9802,0.9657,0.9754,0.9912,0.9579,17.311574370354485,0.9917,21.9179298846877,24.513475697943683,24.293713543164326,23.027134066229376,24.81528692424928,0.9605,0.9848,0.9911,0.9911,0.9333,2.8750810194800165,0.9912,3.6400978241281168,4.081565694809285,4.07695174780571,3.834772836030651,4.085281381398786,0.9648,0.9901,0.9978,0.9976,0.9491,7.068082412509988,0.9976,8.94879526392931,15.983310701384497,16.011783567131545,12.512753667102915,15.988126871527196,0.9696,0.9652,0.9719,0.9774,0.9248,4.035564558753947
0.9406,0.94,0.9564,0.9545,0.9531,0.8573,2.952848127989084,3.7385576172798896,4.015544717472686,4.071740730807418,3.756614555672371,4.002781499994966,0.9574,0.9846,0.9891,0.9894,0.9122,14.32632646740775,0.9896,18.13835138850857,21.974029781598126,21.87323790041831,21.22426354437521,22.040640340355445,0.9697,0.9794,0.9846,0.9931,0.9443,2.9305454133253157,0.9931,3.710320478023752,4.253693951421153,4.246293920286234,4.02575217570376,4.25982417087826,0.9748,0.9679,0.9783,0.9962,0.9624,7.971083663542378,0.9961,10.09207187658715,14.334947417333172,14.344221805590983,12.71564957963528,14.32281144723361,0.9697,0.9737,0.9801,0.9807,0.9273,4.035057866172834
0.9741,0.9761,0.984,0.9855,0.9855,0.9212,3.508674477404611,4.442281189378202,4.819556940373712,4.826828537743408,4.513048789767982,4.799341397751384,0.978,0.9615,0.9733,0.9835,0.946,16.28838987872944,0.9837,20.6224910374306,21.30153680217716,20.423909346958045,19.86497972599821,21.382805505645788,0.9659,0.9875,0.9958,0.9953,0.9391,2.974257823213564,0.9954,3.765664117748517,4.703494738684017,4.647651883053939,4.523896375258019,4.699629303721712,0.9724,0.9756,0.9836,0.9962,0.9601,7.5970813978795535,0.9962,9.618553104686782,14.521208994150518,14.51721778469033,12.787904404684731,14.526540203903908,0.9696,0.9543,0.9621,0.9713,0.925,4.032978356247862
0.987,0.9802,0.9855,0.9891,0.9891,0.9469,3.8678834068996295,4.897070335771958,4.995312588164204,4.8409878790754775,4.629206788999633,4.986000675513862,0.9737,0.9885,0.9891,0.9931,0.939,15.774536222763489,0.9931,19.9719084756424,23.264706981823025,22.982808827616875,22.38897486541821,23.296908665765187,0.9795,0.9843,0.9889,0.9933,0.9597,3.2731687687100584,0.9936,4.14411087279219,4.285124378269508,4.247479904982654,4.0893851699280885,4.3198834011095215,0.9551,0.9655,0.9667,0.9895,0.9372,6.000749420934152,0.9895,7.59746064972841,9.595651917129594,9.580477900621313,9.250299345571884,9.588466019959103,0.9293,0.9441,0.9682,0.9583,0.8621,3.300384925509572
0.9634,0.9675,0.9712,0.9768,0.976,0.8973,3.273000654602192,4.143898025990969,4.623299836974148,4.606855898059591,4.440981046050542,4.60807419189425,0.9624,0.9656,0.967,0.9796,0.9078,14.182657305071718,0.9799,17.956453973559107,20.07045427398044,19.043428159298557,18.9370206569074,20.11375952646633,0.9832,0.9843,0.986,0.9995,0.9658,3.817885948314853,0.9995,4.83376928826294,6.595564787500283,6.4266541989949735,6.419799774528832,6.587353314294109,0.9419,0.9687,0.9809,0.9879,0.9174,5.16268674153343,0.9879,6.536401808220952,9.206787093276986,9.194216341422692,7.432534703911127,9.209208616943869,0.9451,0.9597,0.9666,0.9641,0.8843,3.4857871480934417
0.9716,0.9827,0.9898,0.9864,0.9863,0.9175,3.4527368746865985,4.371459412683503,4.900334763153344,5.028791762334198,4.744020876853592,4.90003111807358,0.9592,0.9517,0.9565,0.9728,0.9192,14.671625794567396,0.9731,18.575529791812865,18.96761679602009,17.842212016436132,17.466706652750776,18.99624391010233,0.9618,0.986,0.9926,0.9965,0.9333,3.035182415509062,0.9965,3.842799848654231,4.916621214294281,4.944031662186717,4.160291931008254,4.912259522766403,0.9853,0.9795,0.9875,0.998,0.9782,10.04367736022409,0.998,12.716152295356435,16.730727664634937,16.540319496734302,16.292187117958914,16.79054237912564,0.9694,0.9763,0.9816,0.9815,0.9199,4.011766390712464
0.988,0.983,0.9862,0.9899,0.9895,0.949,3.874875205247888,4.905922548903275,5.100826766744971,4.836211452678189,4.733852639819654,5.078450544623886,0.9646,0.9631,0.9708,0.9796,0.9273,15.07385302336171,0.9802,19.084783774715945,20.00788908648486,19.503501068021517,18.27760068350834,20.155191114273634,0.9511,0.9547,0.9681,0.9665,0.9237,2.456396901174439,0.9683,3.110008015279262,3.043397064193534,2.969289282149802,2.7824335482922997,3.0706872562414493,0.9693,0.9706,0.9867,0.9904,0.9557,6.891546507114569,0.9904,8.725285748629956,10.243671668521204,10.246344000854874,9.42266170349352,10.256937131185753,0.9701,0.9643,0.9716,0.9747,0.928,4.048803792915164
0.966,0.9806,0.9893,0.9856,0.9855,0.9058,3.3543179232229363,4.246852624683964,4.827586112645985,5.005730602344409,4.635732590823998,4.814197410572261,0.9726,0.9439,0.9526,0.9736,0.9265,15.212868549182808,0.9734,19.26078928886765,19.310683801289542,18.546764807185557,17.651597489821363,19.34447318985398,0.9691,0.9938,0.9961,0.9962,0.9428,3.070057269139603,0.9962,3.8869543882853534,4.907619160361749,4.920835332445992,4.476013389463167,4.909527281335371,0.9516,0.9859,0.9923,0.9933,0.931,5.911899126257067,0.9934,7.484968597457238,11.454888655711407,11.435517634815248,9.118731101408896,11.469959494523016,0.9576,0.9752,0.9798,0.9795,0.905,3.7420613234439775
0.9736,0.9739,0.9812,0.9821,0.9827,0.9198,3.493093329531511,4.422554127049869,4.689985056215857,4.660835155755915,4.443299728908169,4.705801827899235,0.9742,0.9763,0.9837,0.9879,0.9418,15.975887488852257,0.9873,20.226836354407965,21.593635945786342,21.039064680735205,20.208678777921055,21.506710708191456,0.9471,0.975,0.9936,0.9945,0.9182,2.5240828035821643,0.9945,3.195704141548104,4.404576235204183,4.481829922430687,3.567661863530916,4.408071197302717,0.9543,0.9799,0.9844,0.994,0.9354,5.965830702626101,0.994,7.553250573673764,12.032486136330364,12.024801636237486,10.606678346366731,12.022663475475971,0.961,0.9732,0.9793,0.9769,0.9061,3.771757515515025
0.9883,0.9865,0.9892,0.992,0.9919,0.9506,3.91812347388826,4.960678546215516,5.336925443919279,5.174210826767487,5.05339311158728,5.326849437533364,0.9795,0.9738,0.9757,0.988,0.957,17.520415902148777,0.9874,22.182341078779707,22.13186225504463,21.287947046833544,20.83723148828088,22.107951588295343,0.9752,0.9751,0.9755,0.9921,0.9537,3.0561448328520635,0.9921,3.8693400571706937,4.098043267148707,3.9462239022057446,3.944726915407863,4.098722051857835,0.951,0.9715,0.9776,0.9801,0.9319,5.379249254445407,0.9801,6.810588423031958,7.749619641523244,7.735164645347456,7.020049845413184,7.755692508442242,0.9526,0.9552,0.9644,0.9646,0.8934,3.6020208410992893
0.9695,0.97,0.9784,0.9798,0.9796,0.9096,3.4146879061041093,4.323286172761212,4.657734232153781,4.653919866140472,4.335019873588374,4.640367285297408,0.9888,0.9745,0.9755,0.9967,0.9722,18.81628891610864,0.9962,23.82302685650252,33.966951250296496,34.144886300397204,27.78684300902418,33.899434405996935,0.9741,0.9805,0.983,0.9973,0.9511,3.076905300875464,0.9973,3.895624580621629,5.139091212081499,5.138590326670913,4.678867175742262,5.152017985116931,0.9631,0.9551,0.9649,0.9928,0.9483,6.6174186410536056,0.9928,8.378216486226396,11.020998503440026,10.980185962345272,9.223057864976642,11.026055859393924,0.968,0.9824,0.9836,0.9851,0.923,3.9790419369028633
0.9813,0.9858,0.9905,0.9885,0.9889,0.9365,3.68300118618839,4.662993673315791,4.961332735310094,5.057585595175162,4.8363168628258695,4.97106320732652,0.9555,0.9729,0.9851,0.9792,0.9103,14.220160349409458,0.9801,18.003936026818486,20.038298931851507,21.289404363654064,18.860891456809306,20.19578796062053,0.9559,0.9593,0.9665,0.9895,0.9284,2.5920722553418334,0.9897,3.281784587190222,3.8318074300359934,3.849854453562618,3.3301458646292,3.84366864123776,0.9747,0.9825,0.9898,0.9944,0.9628,7.704570479213352,0.9944,9.754643450812562,12.283546930694069,12.191477511353424,11.9049390006005,12.319254908459438,0.9452,0.964,0.9676,0.9682,0.8834,3.492376410176101
0.9855,0.978,0.9849,0.9877,0.9878,0.945,3.810149316173515,4.823974052012917,4.97601011495417,4.837641152722152,4.62554973361997,4.9766678119838375,0.9669,0.9597,0.9736,0.9708,0.9283,15.062153499293748,0.9704,19.06997117923965,18.92229764739165,19.621676482611026,17.978679892588072,18.994087589283065,0.9658,0.9718,0.9771,0.9976,0.9403,2.872879925645352,0.9976,3.637311051573194,5.316286546544475,5.284057562596854,4.1943690938683496,5.321220447834581,0.9714,0.9647,0.9713,0.9908,0.9587,7.098567154640719,0.9908,8.987391547911333,10.194168340060038,10.20440069659445,9.429694533832018,10.196673656293065,0.9735,0.983,0.9889,0.9874,0.9306,4.148126223492921
0.9605,0.9619,0.9661,0.9715,0.9716,0.8958,3.2416395155915327,4.10419214879954,4.466967110161457,4.34136003775401,4.265098702264291,4.471355675628651,0.9574,0.9464,0.9483,0.9674,0.9189,14.87718288913539,0.9679,18.83578260820353,18.586763164196537,17.59857976415497,17.52838592146083,18.64564409777652,0.9587,0.9856,0.9959,0.996,0.9307,2.770791153085737,0.9961,3.508057957018881,4.773985357097873,4.822061697497722,3.9053139607664655,4.78011837216249,0.9617,0.9786,0.9811,0.9898,0.9468,6.483755923972383,0.9899,8.208988084550812,9.9124518991757,9.86423392365622,9.299167762056278,9.926806789803978,0.9502,0.9458,0.9516,0.9582,0.8905,3.5733418286720315
0.9827,0.9826,0.9919,0.9896,0.9894,0.9383,3.722741823659531,4.7133087103558005,5.103489721515261,5.231986401892806,4.852359640218236,5.084977283926186,0.9705,0.9623,0.9696,0.977,0.9305,15.1829446282097,0.9775,19.222903052310997,19.584536243776174,19.255524939672185,18.111876950026065,19.64703899964105,0.9727,0.9815,0.9879,0.9989,0.9474,3.207653994405172,0.9989,4.0611635799056085,6.032745126072914,6.044889700307135,4.902683819855451,6.029752438347976,0.9607,0.981,0.9887,0.9948,0.9447,6.4939449428606135,0.9948,8.221888251618715,12.420266400261518,12.410604500636316,10.605450221706365,12.415259409799416,0.9509,0.954,0.9594,0.9608,0.8909,3.5612680438147364
0.9588,0.9715,0.9754,0.975,0.975,0.8922,3.2244419677956118,4.08241858628491,4.469035164970864,4.480069892032184,4.36286780575845,4.474558392217197,0.976,0.9888,0.9925,0.9957,0.9513,16.882860694158463,0.9958,21.375141799996666,24.49207697396468,24.073478678046545,23.471599996077792,24.53040227820937,0.9601,0.9732,0.9773,0.9871,0.9342,2.736494456364663,0.9872,3.464635413353748,3.656207108499354,3.5280606381115582,3.462331684756795,3.6549276528852186,0.9488,0.9771,0.9831,0.9885,0.928,5.497853051602414,0.9888,6.960750947510183,9.289231500780676,9.23177425465902,9.07344670255394,9.307298189895052,0.968,0.9875,0.9929,0.99,0.9182,3.958659214746401
0.9635,0.973,0.9863,0.9821,0.9809,0.8998,3.33908819917235,4.227570494892492,5.231303725087988,5.527546039247124,4.631410406039647,5.22601684845211,0.9668,0.9548,0.9616,0.9786,0.9327,15.45330878332286,0.9791,19.56520713559823,20.105866389592,19.74279138236827,18.552039760369585,20.2157651218322,0.9581,0.9748,0.9795,0.9806,0.9307,2.6938888347969616,0.9812,3.4106930620553264,3.3436711813861137,3.3288640145044246,3.2024375183874483,3.36541177932622,0.9588,0.9829,0.9907,0.9899,0.9434,6.053488553344329,0.9899,7.664232890173797,10.022270373395784,10.069872470519002,8.9590290807174,10.01378888285377,0.962,0.9873,0.9911,0.9902,0.9083,3.789483981060131
0.9447,0.9419,0.9579,0.9565,0.9575,0.8679,3.0289663830577225,3.834929821323689,4.302332932785829,4.486406792661375,3.978182493420042,4.314592210314411,0.962,0.9573,0.9615,0.9634,0.9193,14.621509827113927,0.9635,18.5120787019669,17.956823112137194,17.58016668922513,17.26758647119344,17.95978849428371,0.9625,0.9728,0.9758,0.9833,0.936,2.8679542325932905,0.9834,3.631074703992153,3.476925084537992,3.340182889120725,3.305413025054251,3.4782869560571736,0.9692,0.9768,0.9865,0.9938,0.9548,7.131844341233669,0.9938,9.029523304786837,11.845208211047725,11.853962026887745,10.926271863207,11.839247645591628,0.9654,0.944,0.9492,0.964,0.9201,3.934130179531709
0.9801,0.9808,0.9938,0.989,0.9884,0.9348,3.674812134157407,4.652625634892636,5.016207024563508,5.335010166430372,4.649187643474379,5.006210351853345,0.9724,0.987,0.9919,0.9953,0.9462,16.6352205327281,0.9954,21.06160823114008,24.218682550850133,24.750496657160596,22.53688457505056,24.269965557408916,0.9646,0.9753,0.9888,0.9976,0.9384,2.9150076208510995,0.9976,3.690648307328759,5.247317781488467,5.323956804577381,4.295463070980665,5.242657449751259,0.9897,0.9909,0.9941,0.9982,0.9826,11.336893546050224,0.9982,14.353474302026132,17.24813244105927,16.953927887584676,16.807943580627885,17.257034437639863,0.976,0.9903,0.9971,0.9953,0.938,4.262149398527732
0.9691,0.9852,0.9881,0.9859,0.9865,0.911,3.3879859832112835,4.28947926062077,5.091969499134461,5.302720382956862,5.026870439303915,5.114300132138096,0.9639,0.974,0.9781,0.9791,0.9143,14.40666912090036,0.9792,18.24007204131161,20.126485826045453,19.938848386550355,18.993742992194257,20.16292979322237,0.9665,0.9862,0.9887,0.9885,0.9404,2.933757317628946,0.9888,3.714387022857703,3.909320429467671,3.843251013215714,3.6540510336046337,3.929787436539895,0.968,0.9867,0.9906,0.994,0.9531,6.808104002796174,0.994,8.619640420254434,11.905886796488518,11.94955096043857,10.765026262784746,11.90810468013354,0.9793,0.9782,0.9822,0.9851,0.9408,4.318068351678181
0.9824,0.9855,0.9914,0.9896,0.9897,0.9379,3.717515011388599,4.7066911201572506,5.059450284194466,5.132130805184706,4.8477294798411545,5.066259913070223,0.9491,0.9741,0.986,0.9865,0.9048,14.139788526153794,0.9863,17.902178442607152,22.062099156573687,22.737385671876424,21.06944254858504,22.145610342313148,0.9471,0.9753,0.9809,0.9893,0.9175,2.568559820014565,0.9895,3.2520158383811117,3.8734420476064377,3.810366778601791,3.714162302699922,3.876791014794895,0.9434,0.9719,0.9741,0.9727,0.9202,5.177038915808127,0.973,6.554572885138387,6.844997420305397,6.734496163304595,6.563508732510485,6.857454986380882,0.9735,0.9696,0.9726,0.9743,0.9307,4.149134850668897
0.9347,0.9589,0.9732,0.9651,0.9659,0.8506,2.896873789922787,3.667689330500622,4.228162537771688,4.43371103877381,4.062046581490771,4.242214913339452,0.9708,0.9763,0.9832,0.9939,0.9336,15.370708746324908,0.9932,19.46062844271551,24.45215480123653,24.75486317537983,21.42608024942567,24.429164786726894,0.9801,0.9913,0.9926,0.9984,0.9597,3.466084851520727,0.9984,4.388359089979976,5.754277584537753,5.715935812554217,5.487436255653499,5.752439237944561,0.9776,0.9667,0.9781,0.9971,0.9663,8.55462037050211,0.9971,10.830879125117203,15.401471033547743,15.346951878960276,15.108039219252108,15.433951575881965,0.9558,0.9708,0.9823,0.9784,0.8977,3.661972830491752
0.9727,0.9749,0.9785,0.9825,0.9821,0.9195,3.4812260366728127,4.407529121973298,4.76199297043947,4.630605960373766,4.471953795954796,4.741194362163572,0.9797,0.9838,0.9906,0.9936,0.9573,17.38055450800335,0.994,22.005264623174163,23.511146318645512,23.575596940860542,21.772982712444485,23.87057267011816,0.9642,0.9903,0.9957,0.9962,0.9375,2.9552815585704977,0.9962,3.7416385479752527,4.859373178973124,4.897851451820023,4.299029399842357,4.862183637365288,0.974,0.9789,0.9876,0.9987,0.9608,8.120896470527146,0.9987,10.281747669734155,17.955094462507205,17.97526371529864,13.266634920138422,17.961108749482893,0.9644,0.9739,0.9751,0.9774,0.9167,3.894908745624595
0.9819,0.9741,0.9761,0.9855,0.9854,0.9362,3.6979805654431153,4.681958845240503,4.855862369001594,4.56162333139393,4.488808663871632,4.858429449262951,0.9661,0.9761,0.9823,0.9916,0.93,15.23193609124155,0.992,19.28493042363541,23.259865349762645,23.392630576380693,20.986249181719607,23.34549221681329,0.9695,0.9879,0.9908,0.9973,0.9434,3.010557471168128,0.9973,3.811622568533296,5.122390319342856,5.176742797942745,4.708892728632127,5.126922679051564,0.9365,0.9439,0.9532,0.9728,0.914,4.604995723359998,0.9733,5.830317406413013,6.717344935333083,6.716619748372116,6.478963693820601,6.740788357881687,0.9683,0.9712,0.9832,0.9788,0.923,3.979320711995237
0.9717,0.9813,0.9853,0.9852,0.9856,0.9157,3.439381874972826,4.354550843822329,5.050878759154502,5.2515555861250185,4.884520449879237,5.062986737708368,0.9444,0.9719,0.984,0.993,0.9011,14.619584876588284,0.993,18.50964155039709,23.07019450121634,22.89771499392023,19.523273162327555,23.25594049084516,0.9583,0.9843,0.9887,0.9917,0.9313,2.654538119236265,0.9918,3.360871699415507,4.101663066111676,4.147801724099748,3.82432033335593,4.112463729953556,0.9487,0.9838,0.9856,0.9854,0.9277,5.440879149499912,0.9855,6.888617127395122,8.756426074525178,8.699211395323363,8.474065224874217,8.786739252713602,0.9658,0.9743,0.977,0.9777,0.9188,3.9213115942612697
0.9743,0.9795,0.9826,0.985,0.9846,0.9226,3.517830891199792,4.453873990313838,4.800266094175944,4.736534218726403,4.600912393279812,4.790390030775398,0.9442,0.9729,0.9812,0.9774,0.8926,13.450585240320034,0.9783,17.029588291530594,19.85366906603077,20.63893413381773,18.933594373581297,19.939796367683392,0.9817,0.9697,0.9722,0.9942,0.9653,3.367304602541549,0.9942,4.263294868505977,4.405514903252137,4.184536778274466,4.080258859595372,4.412165084901072,0.9663,0.9809,0.9895,0.9909,0.9521,6.862529274987715,0.9909,8.688547457496062,10.42170334927147,10.436871363545029,9.361799789895557,10.414949224563818,0.9721,0.9861,0.9905,0.9882,0.9304,4.089028869909753
0.9795,0.9731,0.9788,0.982,0.9818,0.9331,3.6529203303758506,4.624908743865372,4.692084972245077,4.583600601347584,4.405178199678554,4.684619474826761,0.962,0.9615,0.9632,0.9732,0.9289,15.61490094497772,0.9742,19.769796596573634,19.27057216572837,17.86070778290053,17.65786565218686,19.39373705096375,0.9547,0.9832,0.9908,0.9945,0.9256,2.6816599365570983,0.9945,3.3952102337201246,4.386977734565685,4.428669446156519,3.916499234363973,4.380507094320421,0.9304,0.9506,0.9617,0.9797,0.9043,4.694227715261872,0.9798,5.943292719930742,7.579768126257551,7.56285086579932,6.236559844509161,7.58469324390681,0.9686,0.9883,0.9935,0.9903,0.9216,4.0257871350380015
0.9791,0.9865,0.9893,0.9904,0.9909,0.9298,3.625083933783511,4.589665491247166,5.092666449152169,5.039713311655628,4.938399901615595,5.104047897764724,0.9717,0.977,0.9866,0.9877,0.9413,15.97679928452922,0.9877,20.227990765514043,21.702213945818293,21.84744908220493,19.871703020487303,21.676117203620176,0.9773,0.992,0.9948,0.9965,0.9558,3.3042433894316137,0.9965,4.1834539933887,4.994034548148559,4.967118485148064,4.767718234346262,5.009055958153681,0.9724,0.9859,0.9924,0.9958,0.9605,7.404038729989065,0.9958,9.374144619989838,13.589270122928069,13.606334383570635,10.504494795817925,13.580734966530477,0.9455,0.9704,0.9801,0.9769,0.88,3.470853364959893
0.9863,0.9922,0.9936,0.9938,0.994,0.9454,3.867883299265425,4.897070199497874,5.313457604572757,5.296593858706032,5.159963784868658,5.320541510059055,0.9754,0.9744,0.9885,0.9932,0.9456,16.260826345896675,0.9931,20.587593253608148,26.573091637295864,27.17853632030724,23.87129595108289,26.67972946373309,0.9593,0.9758,0.9832,0.9834,0.9318,2.702638923109233,0.9834,3.4217714202687555,3.522477635409715,3.4501821178047725,3.335619684634506,3.5166161068765223,0.9726,0.9794,0.9819,0.996,0.9605,7.581047263263269,0.996,9.598252522500385,14.18589095503671,14.114099037010432,12.431952036059888,14.191028560790947,0.9601,0.9728,0.9803,0.9758,0.9086,3.792650337073521
0.9805,0.9761,0.9851,0.9851,0.9858,0.9328,3.671421082880349,4.648332274708526,4.79969002900138,4.799590520180242,4.499841663766564,4.828075365959116,0.9817,0.987,0.9982,0.9963,0.9557,17.069302775937516,0.996,21.61119337962575,28.555416458808523,29.902103436560964,25.448457332806733,28.681146753567955,0.9558,0.9758,0.9822,0.9889,0.9283,2.570572101163709,0.9892,3.2545635579698478,3.868415146136586,3.8637825080780983,3.6337415498406407,3.899098565090753,0.9547,0.9855,0.994,0.9955,0.9369,5.955207531206634,0.9955,7.5398007324667375,13.188316184364536,13.257742388174092,10.09493262556075,13.187804905837313,0.9352,0.9562,0.9706,0.9608,0.8647,3.32676515704148
0.9761,0.9887,0.9913,0.9913,0.9907,0.9242,3.587638121907168,4.542255899166023,5.157389693642006,5.210887723656009,5.003965421406729,5.155005662064003,0.9708,0.9708,0.9792,0.9863,0.9419,16.149261044357914,0.9869,20.44634206498847,21.207548358307,20.94635919296599,19.558787924501026,21.322195171468216,0.957,0.9687,0.9785,0.9806,0.9302,2.5972167115618383,0.9813,3.288297907603067,3.373439185809989,3.3726760063481787,3.1359431444585306,3.4036260946134544,0.9419,0.9686,0.9759,0.9895,0.9172,5.241338554943743,0.9895,6.635981713245816,9.64970442916298,9.60801902436066,8.237278124719865,9.649651927939424,0.9529,0.9504,0.9619,0.9631,0.8939,3.6099634011112975
0.9607,0.9498,0.9559,0.9647,0.9641,0.8964,3.248337823595716,4.112672778119606,4.228410387194673,4.043694734411674,3.8962264998398384,4.207499924181239,0.9682,0.9712,0.9727,0.9925,0.939,16.457787050745782,0.9924,20.8369623073156,26.02558615511962,25.796196123629592,24.20195354323604,26.007151630518724,0.9438,0.9691,0.9741,0.9773,0.915,2.484050156053658,0.9774,3.1450193948660923,3.247071566772065,3.1449819105864707,3.061096481262259,3.241196060321976,0.9584,0.9328,0.9425,0.9794,0.943,5.916607977573193,0.9797,7.490930404903302,7.565800290439892,7.520641217572663,7.248048733179765,7.577653583655186,0.9572,0.9698,0.9792,0.9754,0.9003,3.689728735720229
0.9532,0.9477,0.9652,0.9581,0.9561,0.8816,3.1156203775152185,3.944641170165534,4.154168438329341,4.270890161113449,4.002487443519126,4.13277851472874,0.9605,0.9751,0.9778,0.988,0.9261,15.62145182291497,0.9882,19.77809056685271,21.601408978493087,20.92806343488232,20.47818490527184,21.6787055928222,0.9619,0.9768,0.9852,0.9938,0.937,2.682002945358473,0.9939,3.3956445121223955,4.394215526038487,4.365174985765595,3.620251628942032,4.398373138835094,0.9475,0.9547,0.964,0.9749,0.9271,5.105220623538629,0.9749,6.46364480079867,6.947613297755163,6.807922842657884,6.67515174756892,6.952776138495317,0.9859,0.9841,0.9869,0.989,0.9562,4.639134316249383
