T1_B1_O1,T2_B1_O1,T1_B1_O1,T3_B1_O1,T4_B1_O1,T1_B1_O1,T1_B1_O2,T1_B1_O2,T1_B1_O2,T2_B1_O2,T1_B1_O1,T1_B1_O2,T1_B9_O1,T2_B9_O1,T1_B9_O1,T3_B9_O1,T1_B1_O1,T1_B1_O2,T4_B9_O1,T1_B9_O2,T1_B9_O2,T2_B9_O2,T1_B1_O1,T2_B1_O1,T1_B1_O1,T3_B1_O1,T1_B1_O1,T1_B1_O2,T4_B1_O1,T1_B1_O2,T1_B1_O2,T2_B1_O2,T1_B7_O1,T2_B7_O1,T1_B7_O1,T3_B7_O1,T1_B1_O1,T1_B1_O2,T4_B7_O1,T1_B7_O2,T1_B7_O2,T2_B7_O2,T1_B6_O1,T2_B6_O1,T1_B6_O1,T3_B6_O1,T1_B1_O1,T1_B1_O2,T4_B6_O1,T1_B6_O2,T1_B6_O2,T2_B6_O2,T1_B5_O1,T2_B5_O1,T1_B5_O1,T3_B5_O1,T4_B5_O1,T1_B1_O1,T1_B1_O2,T1_B5_O2,T1_B5_O2,T2_B5_O2,T1_B3_O1,T2_B3_O1,T1_B3_O1,T3_B3_O1,T1_B1_O1,T1_B1_O2,T4_B3_O1,T1_B3_O2,T1_B3_O2,T2_B3_O2,T1_B4_O1,T2_B4_O1,T1_B4_O1,T3_B4_O1,T1_B1_O1,T1_B1_O2,T4_B4_O1,T1_B4_O2,T1_B4_O2,T2_B4_O2
0.9616,0.982,0.992,0.9888,0.9887,0.8986,3.2683558161566157,4.138017264299519,5.243587750517661,4.695754012293749,0.9229,14.985547681318463,0.9443,0.9521,0.9555,0.9735,0.9157,2.4725692837789035,0.974,3.130483631211688,2.906461969499144,2.895642124392824,0.9597,0.9846,0.9923,0.994,0.9445,6.162831158087779,0.994,7.802669955047579,11.959883033170478,10.509479855851568,0.9668,0.9908,0.9962,0.9934,0.9185,3.917767458860897,0.9935,4.960227800821673,7.380238421266425,6.370300920736137,0.9769,0.9496,0.9524,0.9984,0.963,6.388608730882464,0.9985,8.088523621743727,11.011754603256156,9.98283395190535,0.9344,0.9541,0.9567,0.9614,0.9605,0.892,0.5123320166102243,0.6486560365632197,0.5526441308662098,0.5493649118289692,0.9454,0.9725,0.9848,0.9978,0.9165,9.456370661977806,0.9978,11.97257191626548,18.465395476281447,14.68503653264916,0.9726,0.9807,0.9842,0.9912,0.9633,6.181873078810584,0.9913,7.826778651018463,9.644945981139507,9.537047118326276
0.9623,0.9686,0.9754,0.973,0.9727,0.8971,3.361980306191643,4.256553855147748,4.760159980139544,4.525014336506912,0.9379,15.906045763685782,0.9786,0.9888,0.9901,0.9975,0.9589,3.212599698949158,0.9976,4.06742526374247,5.214885799525435,5.158343216076771,0.9521,0.9784,0.9851,0.988,0.9338,5.556902188196503,0.9883,7.035512191515636,9.320847196046884,8.04055542535114,0.979,0.9954,0.9974,0.9971,0.9418,4.336364294543725,0.9971,5.490207102424644,8.193728336301609,7.229874273336035,0.974,0.9753,0.9798,0.9983,0.9588,6.286685810053444,0.9983,7.95948050962802,10.63572671910983,9.990367251254908,0.9798,0.9784,0.9904,0.9906,0.9904,0.9514,0.6241769303844094,0.790261238124753,0.7162351392485968,0.6850899325173012,0.9425,0.9783,0.9842,0.9863,0.914,9.036123524605532,0.9863,11.44050319194774,12.778590254637084,11.800691588818449,0.9832,0.993,0.9954,0.9979,0.9763,8.809484978427548,0.9979,11.153559459504594,21.71201949819386,16.05062845670998
0.9707,0.9693,0.9829,0.9774,0.9773,0.9159,3.4340709558564955,4.347826767182927,4.712068269098916,4.321015267347025,0.9088,14.439202345610983,0.9706,0.9766,0.9878,0.9973,0.9457,3.085984796263305,0.9973,3.907119996292189,5.18822522146248,4.5163520462456965,0.9312,0.9436,0.9482,0.964,0.9063,4.591186673160857,0.9641,5.812833970905426,5.838137498244623,5.687323599081511,0.9662,0.9704,0.9827,0.9796,0.9166,3.9048655746153305,0.9803,4.943892914795423,5.628487902026098,5.138693816167453,0.9289,0.9701,0.9801,0.9873,0.9045,3.870857584807355,0.9873,4.9008358987098815,6.525328416635232,5.645168156397395,0.9671,0.9783,0.9851,0.9917,0.9917,0.9355,0.5762948720132905,0.7296384677365266,0.7412452285384108,0.6713793165304545,0.9835,0.9833,0.99,0.998,0.9689,13.04758406581973,0.998,16.519354427343714,18.816857360598508,17.96110963057888,0.9839,0.9838,0.9978,0.9979,0.9773,8.919833403455403,0.9979,11.29326997865807,21.59487096294457,15.58557864113629
0.9778,0.9754,0.981,0.9852,0.9852,0.9288,3.5922469924080174,4.548091122371267,4.678438664788365,4.488131303881995,0.9596,17.47434406426615,0.9427,0.9727,0.9826,0.982,0.913,2.449813209110108,0.9822,3.1016724995161504,3.433739213557168,3.233524994185055,0.9516,0.9799,0.9858,0.9924,0.932,5.697679816420737,0.9924,7.213748677622603,10.94359937765497,9.104864239547098,0.9634,0.9514,0.9549,0.9625,0.9139,3.856217980207932,0.9614,4.882300910482631,4.637487287554583,4.524385949779779,0.963,0.9877,0.994,0.9972,0.9454,5.485016423465015,0.9972,6.944498681283427,9.065524868361528,7.541826197014911,0.9716,0.9827,0.9892,0.9889,0.9886,0.9379,0.6169755856315395,0.781143721370231,0.6723988907333631,0.6673912802006883,0.9709,0.9909,0.992,0.9963,0.9493,11.56910030001675,0.9964,14.647467860515237,16.745750911132593,16.304829332764143,0.9831,0.9911,0.9959,0.9976,0.9757,8.830786967878925,0.9976,11.18052959527683,20.73660568144341,16.700308254297543
0.98,0.9595,0.9673,0.9745,0.9746,0.9327,3.644765114230284,4.614583544559461,4.233157573142631,4.070389675631707,0.8834,13.197931761013766,0.9458,0.9707,0.9744,0.9922,0.9148,2.643169862799007,0.9922,3.346478517017858,4.12627645913534,3.8026943027947446,0.9454,0.9878,0.9935,0.9932,0.922,5.422600887806862,0.9932,6.865475288898429,11.3943398334273,9.1406796589928,0.9718,0.9771,0.9837,0.9809,0.9272,4.080466261270625,0.9807,5.166218363392676,6.105499375552869,5.634112187018447,0.9615,0.9747,0.9803,0.9906,0.9439,5.384225702846218,0.9907,6.816889031214107,7.026788774934794,6.700147425500339,0.9706,0.9879,0.9913,0.9977,0.9977,0.9374,0.593549369091636,0.7514841329006582,0.8034113525757618,0.7890412348874267,0.9548,0.9799,0.9826,0.9846,0.9281,10.080676589454669,0.9847,12.762996475713138,12.000099404508129,11.980753626011197,0.956,0.9764,0.9812,0.9849,0.9438,4.435310012429967,0.985,5.615480821650003,7.411825606000843,6.321630904962149
0.9517,0.966,0.9709,0.9709,0.9709,0.8782,3.109937580796795,3.937446264759551,4.363319671620861,4.247889007138914,0.9678,19.03572639445844,0.9597,0.9538,0.9601,0.991,0.9341,2.688498922084896,0.9911,3.4038689727853213,3.982966259225566,3.5444215048457166,0.9596,0.9735,0.9825,0.988,0.9442,6.171447736577509,0.9884,7.81357927843686,9.202056885764955,9.000506521112767,0.9698,0.9809,0.983,0.9829,0.9244,4.093293602603052,0.9824,5.182458871732145,6.57972307740479,6.085833400738439,0.9608,0.9849,0.9988,0.9989,0.9434,5.207818963140814,0.9989,6.593543050696553,11.692921728418636,8.966926886604814,0.9577,0.9776,0.9856,0.9942,0.994,0.9227,0.5463970326795293,0.6917852527601226,0.7640462421731246,0.6713825968874491,0.9315,0.9561,0.9572,0.9721,0.9005,8.607803649473004,0.9722,10.898213692995558,10.514348897231123,10.436991900669092,0.9452,0.978,0.9781,0.9833,0.9298,3.99154821070361,0.9833,5.053640526385061,6.680477679471184,6.6433630904250345
0.9766,0.9766,0.9802,0.9801,0.9802,0.9274,3.575780551221274,4.5272432031895535,4.6272718704525735,4.522712613016786,0.9478,16.65941144932878,0.9644,0.9785,0.9829,0.9848,0.9387,2.867152324144004,0.9851,3.6300594194900406,3.490314509268675,3.4159989091043568,0.9599,0.9799,0.9821,0.9929,0.9444,6.333664773392165,0.9929,8.01895988466838,11.196934081095042,10.26218123912633,0.9702,0.9723,0.9736,0.9747,0.9219,4.099722622861903,0.9753,5.190598559795528,5.248270712977559,5.199636742152817,0.9465,0.9605,0.9723,0.9855,0.924,4.440137227984879,0.9855,5.621592488319213,6.254175395282358,5.814207845986803,0.9734,0.9793,0.9893,0.9917,0.9913,0.9429,0.5765118581370254,0.7299131906787748,0.7104801858650042,0.7015607814741323,0.9537,0.9848,0.9937,0.9948,0.9274,9.663227155821634,0.9949,12.23446988298221,15.899803398511368,13.912261836322791,0.9757,0.9907,0.9932,0.9932,0.9669,6.826677863324123,0.9932,8.64315651209162,11.108818814577027,10.48402944644992
0.9868,0.978,0.9834,0.9891,0.9892,0.9489,3.859226849953989,4.886110396247204,4.809239231441584,4.63378351916369,0.9701,19.19649591139851,0.9804,0.9877,0.9881,0.9982,0.9597,3.4960036564345374,0.9982,4.426238849169152,5.548810407216331,5.384481222096665,0.9454,0.971,0.9727,0.9722,0.9231,5.135880987694151,0.9724,6.5024634372451935,6.65193712816205,6.514317657819131,0.9635,0.9783,0.9862,0.9837,0.9135,3.855983784647637,0.9839,4.882004398925678,6.280719370618177,5.501720357880766,0.9437,0.9851,0.9966,0.9972,0.9202,4.455056843953206,0.9972,5.640481994825349,9.054042916942173,7.41454801185885,0.9346,0.9618,0.9669,0.9719,0.9716,0.8942,0.4925922568143783,0.6236638167979947,0.5930808890970927,0.575840103720177,0.9616,0.962,0.9856,0.9843,0.9376,9.984847868011464,0.9847,12.641669139874274,12.427442270065583,11.188736980491369,0.9288,0.9644,0.9762,0.9753,0.9071,3.2962657516068665,0.9754,4.173353623384938,5.43227280498099,5.1098890601298805
0.9766,0.9861,0.9956,0.9903,0.9906,0.9265,3.5650718351061426,4.513685055100584,5.507370546671204,4.9308241094541945,0.9517,16.78753009685986,0.9307,0.9511,0.9563,0.9767,0.8987,2.194233853538992,0.9772,2.7780872336391056,3.103280438951445,2.993077415504276,0.9625,0.9349,0.9424,0.997,0.9475,6.577357234330616,0.997,8.327495327950919,15.326236473511068,10.504805421056126,0.9476,0.97,0.9859,0.9801,0.8854,3.520994836924207,0.9805,4.457879815495482,5.9300085285484805,5.119934522824003,0.9506,0.9729,0.984,0.9873,0.929,4.677143485602563,0.9874,5.9216626278434585,6.444585878289586,6.389916452204947,0.9698,0.9864,0.9925,0.9972,0.9971,0.9366,0.6051095204050392,0.7661202705807436,0.8109906028271265,0.7272074113058845,0.9519,0.9702,0.9783,0.9788,0.9258,9.514929455969195,0.9794,12.046712344708144,11.651928103132631,11.215311573980184,0.9544,0.9668,0.9702,0.9865,0.9397,4.4032614239361365,0.9866,5.574904574771274,7.6938746793895,6.919177818341241
0.9747,0.9725,0.9726,0.9789,0.979,0.9228,3.5189708644263007,4.4553172936619045,4.490830044356847,4.490807701268678,0.8906,13.54240055196336,0.9762,0.9781,0.9788,0.9878,0.9557,2.999986349348733,0.9879,3.798238626559957,3.5251334877200176,3.5164339045994555,0.9718,0.9868,0.9897,0.996,0.9588,7.534587265103088,0.996,9.539430201645418,14.121184962246629,12.172675727053903,0.9592,0.9725,0.9773,0.9739,0.904,3.735713760783303,0.9742,4.729732289301589,5.379734358050266,5.2055922356029765,0.9708,0.9922,0.9961,0.9989,0.9543,5.947286102971343,0.9989,7.52977152859808,11.721528575973274,9.641969355088222,0.9651,0.982,0.9909,0.9987,0.9987,0.9331,0.5919077137273798,0.7494056571711365,0.8425235582482871,0.7317707811747878,0.961,0.9807,0.9921,0.9941,0.9344,10.771012471039771,0.9941,13.637020589624882,15.432339924865076,14.380589448315115,0.9622,0.9691,0.9783,0.9923,0.949,5.06276301251165,0.9923,6.409889843470569,10.46551894000333,8.257086878695922
0.9379,0.9639,0.9831,0.9761,0.9765,0.8587,2.968863494198569,3.758834437062278,4.761736032634689,4.184436867196075,0.9423,16.025775641509878,0.9883,0.9841,0.9855,0.9999,0.9782,4.152325780212518,0.9999,5.257198644216408,9.35951095634866,7.372496736964863,0.9294,0.9783,0.9788,0.9785,0.9037,4.574404347382795,0.9785,5.791586114885152,7.336426882635112,7.232227827749218,0.9789,0.9919,0.9954,0.9947,0.9412,4.316387715304314,0.9947,5.46491504904242,7.686350274045827,6.497393053297218,0.9548,0.9644,0.9721,0.9848,0.9373,4.791195185820914,0.9848,6.066061809289142,6.125848121113227,5.878112168073877,0.9377,0.9896,0.9925,0.9929,0.9929,0.8991,0.509372233246437,0.6449086983458218,0.7175404010742432,0.7150220760071733,0.9443,0.954,0.9674,0.9964,0.9155,9.307713067744384,0.9964,11.784358721004963,16.992345724450598,13.487016817522049,0.9869,0.9881,0.9954,0.9979,0.9823,10.326721766575316,0.9979,13.074510658376438,21.71201949819386,18.69382185094831
0.9867,0.9827,0.986,0.99,0.9896,0.9478,3.849635509015442,4.873966940447413,5.08241556484689,4.894899078305274,0.9317,15.842109106265262,0.9464,0.9735,0.9798,0.9822,0.9188,2.446988781153971,0.9823,3.09809653279108,3.384517104047803,3.268659995753496,0.9531,0.9814,0.9844,0.9899,0.9341,5.924821756874197,0.9899,7.501329750159618,9.879526763341625,9.136084498165552,0.9731,0.9799,0.9856,0.9865,0.932,4.13875755276137,0.9864,5.240020110850718,7.025707595576013,6.117531087921917,0.9786,0.9687,0.9728,0.9993,0.9641,6.921270238266261,0.9993,8.76291852779588,12.286975175584985,12.017710751071611,0.964,0.9654,0.9741,0.9841,0.9837,0.9309,0.5777328616036143,0.7314590852229177,0.6598144617932862,0.6182192059382312,0.9768,0.9823,0.9895,0.9994,0.9587,12.516561558793292,0.9994,15.847034635555865,22.13852721852291,18.91519792145915,0.9795,0.9842,0.9911,0.9948,0.9721,7.7635418033314,0.9949,9.829306177585694,12.897567659544997,12.035536159144833
0.9587,0.9623,0.9699,0.9738,0.974,0.8903,3.272341768000933,4.143063819348673,4.667169857087254,4.339210064965516,0.9112,14.365527898961838,0.9577,0.9726,0.9792,0.9852,0.9298,2.7340446321441387,0.9856,3.461533726912843,3.552564304313836,3.371331571721693,0.9343,0.97,0.9742,0.9756,0.9098,4.791779351157853,0.9757,6.06680141243685,6.88253286947643,6.816584471529464,0.9721,0.9866,0.9921,0.9896,0.9268,4.093622668450391,0.9897,5.182875497165229,6.728549185824789,6.065378589954312,0.9741,0.9648,0.9777,0.9991,0.9594,6.20461774138634,0.9991,7.855575334030723,12.056189095128016,10.34925477574096,0.9598,0.98,0.9959,0.9959,0.9958,0.9248,0.562822725371131,0.7125815808710119,0.7898878335702635,0.7029530015168642,0.9702,0.9865,0.9885,0.9897,0.949,11.25742355260881,0.9897,14.252858511288554,13.327645078338517,13.315964822879703,0.9763,0.9753,0.9858,0.9966,0.967,7.087282607061951,0.9966,8.973104348069162,16.471537758686996,12.492815683584926
0.9786,0.9803,0.9814,0.986,0.9865,0.9305,3.6606544022342407,4.634700738578783,5.125518141646467,4.993492927790845,0.9611,17.6042356710984,0.9387,0.9411,0.9568,0.9697,0.908,2.3930277682869985,0.9697,3.0297772874571365,2.9759615217717736,2.6973587670160017,0.9667,0.9929,0.9964,0.9986,0.9514,7.206359206309049,0.9986,9.123865480324952,17.71642179331863,13.182525329000354,0.9578,0.9439,0.9474,0.9613,0.9054,3.745838579392839,0.9614,4.742551173340178,4.921100203012202,4.747831673041821,0.9529,0.9781,0.9837,0.9855,0.9329,4.683223023914614,0.9855,5.929359841950282,6.254423500891461,6.0645792937810015,0.9596,0.9578,0.9682,0.9673,0.9664,0.925,0.5527998581952436,0.6998917760442,0.5755134395329169,0.5643652650725195,0.9625,0.9772,0.9784,0.9898,0.9373,10.606208460183955,0.9899,13.428364653580225,13.650149228596508,13.272372939538512,0.989,0.9907,0.993,0.9985,0.9848,11.766597544802982,0.9985,14.897516219551628,25.06595640951416,21.392152843149788
0.9599,0.9651,0.9711,0.9713,0.9712,0.8909,3.2104204916495678,4.064666201407941,4.403703525363525,4.241835546746048,0.9499,16.64563317392914,0.9773,0.9829,0.9875,0.9959,0.957,3.15450592066294,0.9959,3.993873584849855,4.776297636729437,4.2015061895343,0.9543,0.9639,0.9758,0.9904,0.9364,5.714351542163855,0.9904,7.234856504564106,10.189301725875715,8.119851506231027,0.9623,0.9803,0.9888,0.9837,0.9136,3.8765676992122207,0.9831,4.908065390637185,7.159408965605433,6.5102770991461885,0.9644,0.9695,0.9705,0.9956,0.9482,5.3976812242085455,0.9958,6.833924869057166,8.240574412972261,8.18846133865443,0.9649,0.9767,0.9808,0.9879,0.9875,0.9345,0.571155408857382,0.723131468968752,0.6590467440169814,0.6545727352675773,0.9649,0.9738,0.9746,0.9976,0.9388,11.102213250910754,0.9976,14.056349029411232,17.88117895603386,17.51354631646608,0.9567,0.9713,0.9756,0.9859,0.9438,4.568668485827561,0.9859,5.78432402486917,7.54640303058579,7.4790786073977
0.9589,0.9809,0.9918,0.9859,0.9857,0.8923,3.335512435309913,4.223043272818726,5.159524101981276,4.679734716294529,0.8844,13.090380798731996,0.9765,0.9908,0.9947,0.9953,0.9541,3.2381764354699447,0.9953,4.099807593953968,4.736940479626532,4.288902390225366,0.9648,0.956,0.9653,0.9909,0.9503,6.741219150307966,0.9909,8.534958491515782,10.238482541512765,9.500314445090394,0.9473,0.9593,0.9619,0.9625,0.8875,3.5273173319372546,0.962,4.465884633510739,4.890774959172971,4.8114365840048805,0.938,0.9743,0.9891,0.9884,0.9123,4.093720941863111,0.9885,5.182999919688764,6.561644992620848,5.563701976315011,0.9456,0.9677,0.9698,0.9713,0.9711,0.9081,0.5333561298217206,0.6752743573120491,0.5801177897411323,0.5752052693218832,0.9561,0.9686,0.9784,0.9922,0.9322,9.532717130225237,0.9922,12.06923305766093,14.64666563087444,12.767553500189262,0.9961,0.9956,0.9994,0.9998,0.994,21.08407379723145,0.9998,26.69423596519705,58.65748133999269,36.43173118028378
0.9564,0.9669,0.9829,0.9747,0.9742,0.8881,3.2700636316136142,4.140179504350118,5.005976849166899,4.487179938739876,0.8972,13.689589768126565,0.981,0.9762,0.9793,0.9944,0.9627,3.35401617748426,0.9945,4.246470588838937,4.20644174849422,4.177753313309034,0.9772,0.9889,0.9947,0.9958,0.9667,8.252129984612106,0.9958,10.447900493197809,13.724786687603498,12.389828104278273,0.9685,0.9858,0.9888,0.9894,0.9252,4.0018520440795085,0.9893,5.066686058388389,7.447958837509086,6.3362053482039,0.9493,0.9323,0.9389,0.9931,0.9275,4.5156124145437735,0.9932,5.717150512773907,7.506030724638574,6.401179727161002,0.9587,0.9825,0.9839,0.9855,0.9851,0.9235,0.5543469152626758,0.7018504822604095,0.6500872494570631,0.642428412616142,0.944,0.9693,0.9732,0.9871,0.9155,9.087792350205,0.9872,11.505920332670229,13.041712940997051,12.0939550377762,0.9531,0.9585,0.9761,0.9875,0.9388,4.2844209014080405,0.9876,5.424442335779829,8.1282411832452,7.318521287893693
0.9761,0.9878,0.9955,0.9923,0.993,0.9255,3.5589614279674158,4.505948758425982,5.638745183829967,4.981489894369881,0.8735,12.724297950714972,0.9596,0.9688,0.9749,0.9792,0.9338,2.6712977881305227,0.9794,3.382090869888181,3.2129439432696563,3.1226207948039613,0.9524,0.9837,0.9925,0.9931,0.9331,5.7979371397614665,0.9931,7.34068300123742,11.271207363826418,8.511700645176557,0.9554,0.9555,0.9677,0.9646,0.8971,3.64864210355363,0.9642,4.619492143762217,5.046456808993578,4.659641141912816,0.97,0.9724,0.9859,0.9998,0.9532,5.981393404900844,0.9998,7.57295428230111,13.69981263164553,9.877043801808773,0.9815,0.9727,0.9756,0.9998,0.9998,0.9552,0.6306511139699122,0.7984581068122509,0.915954783171852,0.8126541840719469,0.9697,0.9892,0.9941,0.9988,0.9467,11.604760577771287,0.9988,14.692616814086485,20.1906342650488,18.93419142393424,0.8855,0.9314,0.9547,0.9567,0.8578,2.222773383478749,0.9569,2.8142207130546306,3.887781353838457,3.5230630282960207
0.9615,0.979,0.9844,0.9817,0.9818,0.8982,3.2631932016125087,4.131480953899399,4.790319288318761,4.585499700990587,0.9602,17.634254068945708,0.962,0.9545,0.9581,0.9946,0.9347,2.8646800118894573,0.9946,3.626929261279763,4.446087968596078,3.93193000348458,0.9814,0.9934,0.996,0.9967,0.9721,9.198574134561074,0.9967,11.646179521700144,15.224561098428785,13.71565124930441,0.9728,0.9731,0.983,0.9794,0.9272,4.112307766281999,0.9795,5.206532424917741,6.1615738036910095,5.435837629150971,0.9605,0.9804,0.9955,0.9955,0.9431,5.156659552906385,0.9955,6.52877087328094,8.332101121625891,7.423645370804636,0.9524,0.9652,0.9688,0.9868,0.9867,0.9161,0.553529665844607,0.7008157747831854,0.6597845703417244,0.6462616276653834,0.9274,0.978,0.9889,0.9957,0.8952,8.41126372077425,0.9958,10.649377377787989,16.317355956402057,12.711179235794583,0.9507,0.959,0.962,0.9856,0.9367,4.24534259859969,0.9857,5.3749658709221455,7.578432073939234,7.4316620322498625
0.9615,0.9622,0.9804,0.9763,0.9761,0.894,3.27672547455025,4.148613965784083,4.861417643586493,4.372659864407393,0.9416,15.973601451795767,0.9783,0.9837,0.9852,0.9949,0.9577,3.2853978354058766,0.9949,4.159593914407003,4.54854585163986,4.376958920038756,0.9491,0.9823,0.9867,0.989,0.9284,5.606485481425612,0.989,7.09828887035477,9.47807149156684,8.48863277083388,0.9675,0.9596,0.9687,0.9695,0.9224,3.9685141987618415,0.972,5.024477502393015,5.107221172907298,4.785470099038011,0.9362,0.9591,0.9649,0.9806,0.9115,4.044842866834542,0.9807,5.121116107248848,5.767535190742234,5.476763230792107,0.9504,0.9151,0.9252,0.974,0.9734,0.9164,0.5138201291201943,0.6505401139415257,0.5857610266485846,0.5718810984284644,0.9756,0.9871,0.9935,0.9942,0.956,12.11807903155284,0.9945,15.342521764254808,15.60247416208137,14.958916594824878,0.9334,0.9713,0.9761,0.9762,0.9154,3.4211554593835576,0.9763,4.331474646915658,5.550641825788001,5.014535951111994
0.9764,0.9852,0.9914,0.9905,0.9913,0.9263,3.5790969721329025,4.531442074964825,5.818180448445489,4.979067519129203,0.9678,18.27112210690818,0.951,0.9656,0.9699,0.9734,0.9236,2.509557158697385,0.9738,3.1773134360407145,2.9983794039850684,2.9665484546575938,0.9724,0.9918,0.9943,0.9966,0.9598,7.785241050745245,0.9967,9.856779275825774,15.095019531142556,13.0654531734537,0.9704,0.9741,0.9785,0.9795,0.9279,4.048167948982727,0.9797,5.125325944888431,5.550246325292756,5.306494639710083,0.9559,0.9776,0.986,0.9961,0.9371,4.948687885271826,0.9961,6.265461001417303,8.464962858667183,7.461308567105474,0.9489,0.9789,0.9835,0.9944,0.9944,0.9127,0.536499025156794,0.6792535309051227,0.7634115867583545,0.7174123158524227,0.9446,0.9426,0.9589,0.9654,0.9163,9.246305092374914,0.9656,11.7066109858935,10.228747388144107,9.51563977728361,0.9777,0.9723,0.9935,0.9967,0.9698,7.5584775834872975,0.9967,9.569677382639233,16.80412089713899,14.56708288074337
0.9612,0.9751,0.9894,0.9834,0.9827,0.8969,3.2503397334158888,4.115207366721158,5.20778050192424,4.483793708040662,0.9101,14.752132142483628,0.9823,0.9807,0.9837,0.9981,0.9658,3.4844423910132045,0.9981,4.411601300933389,5.447542384730098,5.020271968297621,0.9531,0.9734,0.9877,0.9898,0.9347,5.839037826020714,0.9898,7.39271997605962,9.803969531113092,8.209197247809604,0.9629,0.9546,0.9582,0.9687,0.9099,3.902682123192614,0.9692,4.94112847903898,4.748169851540448,4.670999323699153,0.9732,0.9685,0.9815,0.9999,0.9576,6.208910610005429,0.9999,7.861010471897706,14.015785396990768,10.246284506574238,0.9648,0.9731,0.9811,0.9903,0.9903,0.9349,0.5538464842631197,0.7012168939266312,0.7046537085547907,0.6826819656498706,0.9688,0.9788,0.9847,0.9945,0.9459,11.235261319657894,0.9945,14.224799233864433,15.852161955913118,14.905042714260688,0.9368,0.9677,0.9693,0.9708,0.9175,3.553075957895349,0.9708,4.498497251265612,4.909999746792249,4.814543918080615
0.9554,0.9602,0.9751,0.9716,0.9695,0.8851,3.215007596148543,4.070473866998106,4.53662200154308,4.270714581498634,0.9663,18.2168882873098,0.958,0.961,0.9686,0.9733,0.9313,2.584649899953427,0.9733,3.272387252118207,3.0230460097800256,2.924338493375285,0.9609,0.9707,0.9786,0.9924,0.9448,6.636208794354602,0.9924,8.402006423164718,10.915430374137555,10.556412512723828,0.9761,0.9744,0.979,0.9792,0.9383,4.265272071559406,0.9793,5.40019828373596,5.791219838494406,5.478388161368605,0.9222,0.9512,0.9583,0.9598,0.8974,3.5346171165929925,0.9601,4.475126783579526,4.32734004316466,4.281677606808921,0.9524,0.9686,0.9773,0.999,0.999,0.9143,0.5728279856884322,0.7252490939129334,0.858188775797034,0.755395883606178,0.9294,0.9843,0.9894,0.9898,0.8971,8.621490114038952,0.9898,10.915541924634583,13.761501714130665,12.79694564322884,0.9837,0.9873,0.9928,0.9979,0.9771,8.917208681190708,0.9979,11.289946856373891,21.71030355579648,15.42746204479924
0.9541,0.949,0.9583,0.9635,0.9635,0.8825,3.1463499295660617,3.9835474043894794,4.082614483044834,3.889674469910045,0.9392,15.904390146246836,0.9815,0.9846,0.9904,0.9982,0.9626,3.536243901350513,0.9982,4.47718643185241,5.558763543378715,4.81515996526021,0.9713,0.986,0.9893,0.9949,0.957,7.49857044830878,0.9949,9.493829839235913,12.41445030814055,11.569199173390274,0.9813,0.9899,0.993,0.9917,0.948,4.482840264412307,0.9922,5.6756581751398425,7.666474258703073,6.7828631238735335,0.9786,0.9814,0.9842,0.9989,0.9646,6.569254419617755,0.9989,8.31723647332882,11.692636896915795,9.8342401412359,0.964,0.9726,0.9809,0.9953,0.9953,0.9287,0.6016474776669897,0.7617370291512233,0.7515602079326038,0.7428368590219943,0.9536,0.9624,0.9689,0.9816,0.9274,9.517090298921262,0.9821,12.049448156212172,11.954815894294557,11.45158963366283,0.9773,0.9794,0.9856,0.9972,0.969,7.395743013264314,0.9972,9.36364153496554,18.817766040693492,13.078554506139165
0.9739,0.9675,0.98,0.9802,0.9801,0.9205,3.49648959005108,4.4268540825793625,4.662184404248487,4.32056251406427,0.9484,16.650763909477117,0.9721,0.9919,0.9974,0.9982,0.9458,3.229778612209736,0.9982,4.089175233345769,5.597839957613876,5.012010209830109,0.9844,0.9982,0.9995,0.9995,0.9765,10.239168517747748,0.9996,12.963660776792851,25.31638574380303,17.150464508875935,0.9617,0.9636,0.9685,0.9711,0.9079,3.804920755454892,0.9707,4.817354248130443,5.032718463803159,4.850466632631331,0.9576,0.9701,0.981,0.9905,0.9404,4.987478525258413,0.9906,6.31457326060409,6.957921864293102,6.791933326928075,0.9456,0.9727,0.9846,0.9901,0.9901,0.9081,0.5337256599977913,0.6757422140370426,0.7099426812852705,0.65738767953426,0.9692,0.9578,0.9629,0.998,0.9485,10.601555933787512,0.998,13.42247415828717,18.95185757150534,15.384285335871768,0.9411,0.9601,0.9662,0.9755,0.9239,3.577240029493745,0.9755,4.529091027180595,5.4530327404716585,5.058085631723983
0.9815,0.9833,0.9949,0.992,0.9921,0.9355,3.735322420579271,4.729236819220733,5.400584574290176,4.7254248820387454,0.9547,18.33964838593856,0.9804,0.9947,0.9988,0.9995,0.96,3.439936900305564,0.9995,4.355253553238985,6.85311077273691,5.57252520742606,0.9812,0.9803,0.9898,0.9983,0.9717,9.218600649427898,0.9983,11.67153479784634,17.207363871947642,15.832029634291697,0.9606,0.9754,0.9782,0.978,0.9057,3.765722671799563,0.9782,4.767726130502801,5.587896402386551,5.399591407669551,0.9463,0.9684,0.9818,0.9847,0.9246,4.222289612535116,0.9847,5.345778824072075,6.126067091289991,5.462095316344997,0.9582,0.9789,0.9851,0.982,0.981,0.9263,0.5129742581314812,0.6494691691143555,0.644881765944884,0.61662105389669,0.9615,0.9926,0.9931,0.9944,0.936,10.267597009292931,0.9945,12.999653672128922,15.410965449114292,15.205274225728845,0.9649,0.9739,0.9812,0.9919,0.9537,5.624187819821306,0.9919,7.12070154082894,10.123032838194243,9.563820560988484
0.9845,0.9872,0.9928,0.9928,0.993,0.9412,3.839421380835215,4.861034982873941,5.258375069878442,5.004565844537682,0.9449,16.19555017174145,0.9493,0.9775,0.9888,0.988,0.9208,2.5547588537353203,0.988,3.234542637805696,3.8033602017319295,3.3612032880628617,0.9521,0.9791,0.9804,0.9857,0.9321,5.768469495711412,0.9857,7.303374450187202,8.708707548617623,8.472127350277846,0.9753,0.9929,0.9967,0.9953,0.9339,4.190535098040809,0.9953,5.305574899962181,7.960304511397583,6.715987938172047,0.9698,0.983,0.9918,0.9974,0.9532,5.891252233687994,0.9974,7.458827870219825,9.379055614809436,8.04227091946939,0.9671,0.9364,0.967,0.9799,0.9797,0.9356,0.5736165281288449,0.7262474559076495,0.619610283003752,0.6000658031368644,0.9646,0.9454,0.9718,0.9939,0.9394,10.509314804981129,0.9939,13.305689020759472,15.351831513251469,13.634518890871483,0.9892,0.9809,0.9817,0.9985,0.9853,12.002884146264517,0.9985,15.196675212993249,24.923589450358097,22.278100369506465
0.9714,0.9754,0.9835,0.9804,0.9799,0.9143,3.437163285507911,4.351741920307077,4.743655405734259,4.484939043235013,0.9643,18.6715406360762,0.941,0.9874,0.9928,0.9922,0.9086,2.588527671269849,0.9921,3.2772968413909043,4.181262096587891,3.870929068407427,0.9501,0.9729,0.9775,0.9879,0.9295,5.692555912921294,0.988,7.2072613787072,9.23236790695337,8.424866426530418,0.975,0.9877,0.9934,0.9907,0.9344,4.18276073860925,0.9909,5.295731897744481,6.700130081485924,6.102426451108995,0.9724,0.9814,0.9828,0.994,0.957,5.9819491973631775,0.994,7.573657962969271,7.780516310085292,7.707593927086766,0.9566,0.9448,0.975,0.9719,0.9716,0.9206,0.5474105312586998,0.6930684284159732,0.6018237413579761,0.5734320330709415,0.9589,0.9568,0.9708,0.9766,0.935,9.815583547316526,0.9771,12.42736607109481,11.207956600460314,10.850004701289247,0.9899,0.9801,0.9947,0.9991,0.9867,12.529345088651803,0.9991,15.863219674832106,32.54000750783369,22.88646923504712
0.983,0.9747,0.977,0.9858,0.9857,0.9402,3.783346151706093,4.790038959402812,4.895245994965426,4.668693933115335,0.9505,16.706982304719766,0.9357,0.9724,0.9803,0.9858,0.9032,2.3675576849122804,0.9863,2.997529989226411,3.556489541112437,3.4281005751979965,0.9188,0.9416,0.9474,0.9641,0.8948,4.199527210837726,0.9641,5.316959681818621,5.932288222325437,5.576412452129038,0.9636,0.978,0.9798,0.9806,0.9107,3.829758945269334,0.9806,4.848801515211349,5.640982644426153,5.48679097400186,0.966,0.9661,0.9683,0.9855,0.9504,5.366798466052088,0.9856,6.794824662834551,6.3068299476844345,6.014845301194775,0.9293,0.9278,0.9516,0.9468,0.946,0.8887,0.470792762991124,0.5960637980522714,0.5404755074970946,0.5090848546931348,0.9654,0.9877,0.9923,0.9967,0.9409,10.820106804031488,0.9968,13.699178203093629,17.581654022902594,14.906467887953488,0.9769,0.9788,0.9899,0.9966,0.9682,7.0931075987730186,0.9966,8.980479284465513,16.473611772467084,12.561917793059148
0.9614,0.9761,0.9888,0.9832,0.9831,0.8967,3.254844815173889,4.1209111845244495,5.0040131886603225,4.499263284784362,0.9295,15.379103663782958,0.941,0.9659,0.9703,0.974,0.9119,2.3888323231039963,0.9741,3.0244654959707686,3.009712621156501,2.973749072438018,0.9214,0.939,0.9432,0.9427,0.8968,4.251477488546054,0.9436,5.382733164919678,4.747384126752226,4.578828550978563,0.9731,0.9849,0.9909,0.9884,0.9325,4.139917406284621,0.9883,5.2414885843503125,6.59162260425054,5.883769316728266,0.946,0.9788,0.9874,0.9894,0.923,4.462568803020005,0.9894,5.649992775797685,6.609461116078811,6.58593775687167,0.9698,0.9595,0.9685,0.992,0.9917,0.9363,0.6079846971079215,0.7697604895482215,0.7260471577842609,0.6953208485991724,0.9385,0.9732,0.9808,0.9892,0.9085,9.048810366990724,0.9892,11.456565816635006,13.656547832239108,12.489528865468204,0.9471,0.9785,0.9876,0.989,0.9309,4.079580205189485,0.989,5.165096540810578,8.919953788335832,6.924554400204525
0.9742,0.9756,0.9789,0.9827,0.9826,0.92,3.50972628517122,4.443612867733244,4.584869973791682,4.486311295592234,0.8833,13.028450870194645,0.9425,0.9689,0.981,0.9813,0.9112,2.514026459321632,0.9816,3.182971951876431,3.351387424972451,3.210670191332902,0.9584,0.9389,0.942,0.988,0.9421,6.247055619002433,0.9881,7.909305307177325,8.969313234646886,8.955005499385893,0.9622,0.9828,0.9878,0.9857,0.9084,3.7944648227881066,0.9859,4.804116145450304,6.125033098751229,5.645562670312069,0.9485,0.9714,0.985,0.9878,0.926,4.492982281517353,0.9878,5.688498833940835,6.426653184080214,6.42238701707038,0.9772,0.9724,0.9881,0.9894,0.989,0.9462,0.6213674068969609,0.786704141728441,0.6703372168344585,0.6651645783553365,0.9651,0.9856,0.9942,0.9978,0.9397,10.777958461630638,0.9978,13.645814806227794,18.62938226845728,15.289544658631236,0.9793,0.9416,0.9472,0.9948,0.9718,7.648274548751115,0.9948,9.68336800062719,12.718012992707092,11.93238451498556
0.9665,0.9705,0.9724,0.9792,0.9783,0.9047,3.323680147873141,4.208062587592387,5.622279205993324,4.74059576020288,0.9468,16.405967762232216,0.9613,0.9754,0.9799,0.9973,0.9345,2.812808268851867,0.9973,3.5612552097711148,5.215810644414434,4.126016193998716,0.9566,0.9682,0.9733,0.994,0.9387,6.305041638608582,0.994,7.9827205543888144,11.923799746544738,9.896667503819035,0.9344,0.949,0.9565,0.9539,0.8669,3.3861297858014248,0.9542,4.287129156360404,5.514221393131471,5.113546991541119,0.973,0.972,0.9897,0.9954,0.9573,6.208950922128572,0.9954,7.8610615104843555,8.200805910909038,7.947001897260048,0.9682,0.9852,0.9865,0.9944,0.9942,0.9355,0.5985941985242084,0.7578713173021349,0.7311268969289904,0.7218372810292952,0.954,0.9805,0.9857,0.9912,0.9284,9.568440749980246,0.9912,12.114462207608057,14.414274868575363,12.912900183558357,0.9223,0.9403,0.9471,0.9671,0.9003,2.989862711985112,0.9672,3.78542123807946,4.619102049199247,4.366314707629055
0.9829,0.998,0.9999,0.9995,0.9995,0.9385,3.7257779194248895,4.717152666583277,7.203648496492913,5.885120911470457,0.9666,18.67287547919341,0.9813,0.9961,0.9998,0.9998,0.9618,3.575275894131938,0.9998,4.526604264265616,8.107225210720207,5.835003293783988,0.9819,0.9931,0.9943,0.9985,0.9722,9.741632002139658,0.9985,12.33373710660117,17.227662967484715,17.20155559499575,0.9486,0.9675,0.9786,0.9728,0.8884,3.557004855182376,0.9728,4.5034715703783,5.501489497568968,5.013086151650174,0.9645,0.9878,0.9893,0.9907,0.9484,5.3432623223616025,0.9907,6.76502589721521,6.972535608385516,6.908401155399409,0.9606,0.9547,0.9781,0.9808,0.9806,0.927,0.5611922790013366,0.7105172966846414,0.6252972587400711,0.6067569609985646,0.9721,0.9495,0.9681,0.9933,0.9514,11.15222790997713,0.9933,14.119671854197213,14.84783388545024,14.459252434373244,0.9246,0.9646,0.9739,0.9755,0.9018,3.166036753764513,0.9755,4.008472603172828,5.45743950436452,4.6598023097409484
0.9857,0.9837,0.9881,0.9879,0.9888,0.943,3.858150937870173,4.884748199770404,5.006605964401027,4.857598593964672,0.9537,17.193051469640707,0.9699,0.9863,0.9934,0.9949,0.9453,2.967339999065109,0.9949,3.756905562264384,4.6160222164801175,4.119221567445839,0.9909,0.9835,0.9945,0.9998,0.9851,12.52697243173941,0.9998,15.860215688785908,30.069308138367788,21.379373273690707,0.968,0.9849,0.9884,0.987,0.9239,3.988796497170105,0.9872,5.050156622321812,6.940574269394717,6.270639635722622,0.9649,0.9878,0.9975,0.9978,0.9486,5.590375358394575,0.9978,7.077892080353242,9.589723083972745,8.372401338140946,0.9588,0.9886,0.9971,0.9985,0.9985,0.921,0.5801089183895941,0.7344673757990958,0.8406535044871631,0.7583248334536505,0.9651,0.9408,0.9446,0.9843,0.9412,10.267341518850875,0.9851,12.99933019943514,12.19369334122239,11.79324155427097,0.9246,0.9631,0.9735,0.9803,0.9027,3.0756952805020004,0.9804,3.894092591610275,6.219781579524465,4.965379643138899
0.9485,0.9486,0.966,0.9643,0.9638,0.8745,3.0782563493120416,3.897335123191023,4.238407574673095,3.9716398120940304,0.9284,15.327877416388937,0.9694,0.9529,0.9579,0.988,0.945,2.842443813197175,0.9883,3.5987763369175485,3.6779242254286526,3.511101507799437,0.9588,0.9857,0.9923,0.9938,0.9426,6.210289593323407,0.9938,7.862756382409886,11.88640993998021,9.688602374112063,0.974,0.9786,0.9827,0.9849,0.933,4.157432945015412,0.9848,5.263664750514115,6.45677245598467,5.852735050800362,0.9532,0.9749,0.9806,0.9816,0.9333,4.711609445682801,0.9817,5.96529947335999,5.854841256606703,5.61059122356096,0.9646,0.9801,0.9874,0.9878,0.9875,0.9325,0.583175711737631,0.7383501977848426,0.6646271433337549,0.6534559010541212,0.9526,0.9602,0.9669,0.991,0.9261,9.70432285751929,0.991,12.286500546924238,14.225422941196165,12.57066218724894,0.9769,0.9894,0.9942,0.9961,0.9682,7.047277229085285,0.9961,8.92245412696596,14.973511780209286,11.883937673682151
0.9507,0.938,0.9682,0.9599,0.9589,0.8749,3.078335131993413,3.8974348687860503,4.371216146376848,3.800360530504528,0.9531,16.938170143360303,0.958,0.9705,0.9796,0.9928,0.9307,2.6991985176614293,0.9929,3.4174155734944147,4.194090425650545,3.604497245318104,0.9463,0.9534,0.9597,0.9638,0.9246,5.198446162773124,0.964,6.581676285901663,5.908275647738226,5.664198743391521,0.9737,0.9856,0.9908,0.9893,0.9337,4.153703414187188,0.9892,5.258942846344857,6.728672226926689,5.907277096367986,0.9515,0.9813,0.9909,0.9978,0.9299,4.777456830517896,0.9978,6.048667879550542,9.589670953061356,7.791109633708008,0.9618,0.9753,0.9808,0.9911,0.9911,0.9263,0.5882553382691746,0.7447814382819186,0.7210818354139875,0.6894564362387321,0.9468,0.9723,0.9829,0.9801,0.9188,9.667147477238872,0.9804,12.239433344312204,11.85543690483728,11.260412358165246,0.9328,0.9312,0.9353,0.967,0.9139,3.3903545800071093,0.9672,4.292478106213053,4.594554927508566,4.362107830571267
0.9679,0.9859,0.9921,0.9884,0.9887,0.9082,3.3700443842893386,4.26676366591069,5.158313702564585,4.833878875630107,0.9168,14.45632002602036,0.9671,0.9863,0.9889,0.9921,0.9411,2.941738597024046,0.9922,3.7244920034001696,4.148360033658851,3.966562523730383,0.9641,0.9825,0.9868,0.9889,0.9488,6.785116847254383,0.9889,8.590536720461758,9.482079386962075,9.09818897131397,0.987,0.9982,0.9996,0.999,0.9578,4.690757005800947,0.999,5.938898505690764,10.490617465450276,8.966281242768682,0.9666,0.9766,0.9835,0.9935,0.951,5.51253824788074,0.9935,6.979343658692043,7.627114366970657,7.1593685257106845,0.9504,0.9717,0.9771,0.9823,0.982,0.9134,0.5426080728084688,0.6869881063531491,0.6353898707099535,0.6143344953980355,0.9512,0.9636,0.9711,0.9853,0.9246,9.464597708191157,0.9853,11.982988058564535,12.549755149040898,11.603976969856864,0.9575,0.9782,0.9806,0.9856,0.9446,4.6837625452692375,0.9856,5.930042922008107,7.558971416311709,7.058521840398725
0.9761,0.9601,0.964,0.9774,0.9781,0.9257,3.558234458964611,4.505028353655685,4.148956697926873,4.076768953864251,0.9253,15.090492646189386,0.9665,0.9489,0.9546,0.989,0.9403,2.939528739719961,0.9886,3.7216941355454094,4.686653685458851,4.427428055014902,0.9831,0.9817,0.9828,0.9981,0.9753,9.630368777704504,0.9981,12.19286837336278,16.90827087696945,15.692617275143618,0.9673,0.9618,0.9695,0.9682,0.9208,3.9499425491118334,0.9693,5.000964209715897,5.496717595497195,5.020992501008039,0.9162,0.9227,0.9249,0.9516,0.8888,3.5093553805093496,0.9519,4.443143270791981,3.9496507896415314,3.9255821735004464,0.9472,0.9668,0.972,0.9762,0.9758,0.9101,0.5454526931284573,0.6905896383333276,0.5964086569705012,0.5926195066145432,0.973,0.9782,0.9829,0.9898,0.9528,11.263877287001996,0.9898,14.261029489554202,13.547471712479718,13.335778602707917,0.9725,0.9747,0.9754,0.9869,0.963,6.244054840874612,0.987,7.905506066091676,7.888721991374355,7.725805485602507
0.9726,0.9899,0.9928,0.9925,0.9925,0.9189,3.46603991752368,4.388302199706702,5.8703355660716445,5.177521660505834,0.946,16.65830090826259,0.9685,0.9737,0.9928,0.9962,0.944,2.76503849171943,0.9962,3.5007745970090025,4.944265771662118,3.983461656452121,0.9236,0.9549,0.9642,0.97,0.8981,4.580709826691795,0.9702,5.799569389567591,6.401807349084898,5.856444787648362,0.9725,0.9739,0.9803,0.9815,0.9295,4.135908195980172,0.9809,5.236412582106614,5.556977273125942,5.256548231054046,0.9506,0.9541,0.9734,0.9947,0.9288,4.715723104892123,0.9947,5.970507716827079,7.957440834914851,6.904823525401612,0.9614,0.9826,0.9924,0.993,0.993,0.9268,0.5741952366719414,0.7269801502888708,0.7517123898126836,0.6877400513242737,0.9676,0.9887,0.9925,0.9949,0.9455,10.905318553103164,0.9949,13.80706354624895,15.89527608617165,14.6683796313093,0.9545,0.9662,0.9772,0.9919,0.9395,4.541663573783725,0.9919,5.75013350261762,10.121162643055008,7.4528635652649875
0.9867,0.9821,0.9862,0.9903,0.9897,0.9472,3.834682544040191,4.855035211253737,5.011629871161171,4.799256619360236,0.8089,10.902247373643991,0.9855,0.9851,0.9884,0.9973,0.9721,3.826126632154601,0.9973,4.844202696960348,5.245937260314576,4.927094342124397,0.9483,0.971,0.9732,0.9921,0.9263,5.604432841324551,0.9921,7.095690052890161,10.711085646968534,9.849587764769447,0.9616,0.9775,0.9866,0.9814,0.9082,3.78653940136716,0.9821,4.794081885867977,6.29165805554471,5.679912663909516,0.973,0.9909,0.9959,0.9984,0.9574,6.204441304788019,0.9984,7.855351950246654,10.873907635823794,8.729341885428424,0.9447,0.9786,0.9882,0.9904,0.9904,0.9071,0.5434305284782739,0.6880294053891816,0.7201846727930543,0.6597271978410535,0.9622,0.9776,0.9905,0.9939,0.9381,10.074433027993756,0.9939,12.755091594308166,15.4035268387196,12.88585575904842,0.9696,0.9693,0.9759,0.9929,0.9587,5.793869794886343,0.9929,7.335533395668184,10.797902462999351,9.029511832571124
0.9562,0.9606,0.9653,0.9717,0.9718,0.8846,3.1591330654133274,3.999731944813867,4.454187490773553,4.259532333566455,0.9483,17.63666546140136,0.9559,0.9547,0.9702,0.9899,0.9272,2.688745534182904,0.9899,3.4041812047381885,3.889811732356762,3.419069824906064,0.9537,0.9762,0.9865,0.9865,0.935,5.936653338507963,0.9865,7.516309541779144,8.941054464998608,7.916148823982263,0.963,0.9839,0.9933,0.9903,0.908,3.800651633157049,0.9905,4.811949175131796,6.881523513597731,5.729171816416748,0.9737,0.9645,0.9802,0.9974,0.9591,6.137783677587812,0.9974,7.7709577081056445,9.378684592149844,8.628717955033112,0.9402,0.9394,0.9464,0.9618,0.9606,0.9025,0.5078616024333267,0.6429961108748575,0.5515759786100023,0.5456076432379426,0.9697,0.9788,0.9834,0.9965,0.9476,11.15614440085069,0.9965,14.124630465732144,17.240189046276804,14.63620178124532,0.9879,0.9814,0.9888,0.9988,0.9834,11.120774528165455,0.9988,14.079849189751094,30.20332348618005,18.4028427771024
0.9649,0.975,0.9806,0.9811,0.9806,0.9029,3.3358718058719936,4.223498266605762,4.865613655258599,4.562188121558202,0.9419,16.21626938670439,0.9233,0.9489,0.9617,0.9658,0.8849,2.231363648756198,0.9665,2.825096721672565,2.8741760867651323,2.7864085750855003,0.9626,0.9865,0.9889,0.9905,0.9475,6.607571703266361,0.9906,8.365749423012938,10.24769380578932,9.53012297839555,0.9645,0.9863,0.9872,0.9874,0.9129,3.859365039338037,0.9873,4.8862853557954,5.953744674795294,5.880924098391963,0.9807,0.9638,0.9815,0.9998,0.9682,7.0394373463887865,0.9998,8.912528166705505,13.699617288974828,11.890043153572645,0.9524,0.9753,0.9828,0.9946,0.9946,0.9157,0.5590579081082776,0.7078150010654691,0.7396424396232972,0.7331846807497551,0.9476,0.9723,0.9745,0.9871,0.9205,9.33146187928425,0.9871,11.814426742262858,12.816354728855126,12.573551416860155,0.947,0.9598,0.9659,0.985,0.9307,4.094658058133519,0.985,5.184186388826071,7.404007082109153,6.330711007555513
0.9816,0.9831,0.9881,0.9871,0.9875,0.9367,3.718403573985601,4.7078161162022445,4.968756997742463,4.794076153434196,0.9623,17.802974655005812,0.9306,0.9793,0.9837,0.9811,0.8946,2.3509301898299766,0.9813,2.976478162074513,3.413092189292229,3.232398860343553,0.9717,0.9534,0.9648,0.9991,0.9583,7.722488597638573,0.9991,9.777329317210828,19.527845251356823,12.953701684265594,0.9694,0.9668,0.9762,0.975,0.92,4.0109689094429655,0.9745,5.078228787635856,5.366119931360038,4.955682526988885,0.9372,0.95,0.97,0.973,0.9133,3.919556020931432,0.9733,4.962492272972948,5.153872763513145,4.724986306220485,0.964,0.9713,0.9758,0.9847,0.9847,0.9299,0.5851546115408488,0.740855653742102,0.6601291416708506,0.632786579755056,0.9772,0.9755,0.9841,0.9941,0.9607,12.212848528243978,0.9941,15.462508031202344,15.576818932037703,14.891739141731708,0.9676,0.9844,0.9867,0.9895,0.9569,5.528779362780918,0.9895,6.999906295573922,9.364474439659633,8.475777174020166
0.9596,0.9324,0.9359,0.9598,0.9594,0.8905,3.222480404072388,4.079935079283746,3.762963070823499,3.7194841809036983,0.9148,14.486751874440628,0.9715,0.9684,0.9774,0.9947,0.9479,2.963150646499785,0.9948,3.751601484551716,4.552465599466143,4.228857123220156,0.9545,0.9572,0.9578,0.9846,0.9365,5.924554957060899,0.9846,7.500991958837117,8.232461743054047,8.193775156468321,0.9627,0.9687,0.9722,0.9721,0.9119,3.836428102993509,0.9718,4.857245237790314,6.205190574257832,5.45893863842233,0.9408,0.9773,0.9798,0.9796,0.9171,4.213761204718959,0.9796,5.334981132276772,5.683192795146444,5.40566887565077,0.9621,0.9597,0.9673,0.9911,0.9911,0.9283,0.5687001863360284,0.7200229478185041,0.726991181622316,0.6669774292219629,0.9763,0.975,0.9771,0.9964,0.958,12.0035436318647,0.9964,15.197510178019284,17.210242285540257,15.7624109757178,0.9958,0.9962,0.9998,0.9997,0.9932,19.1814944539604,0.9997,24.28540822060549,53.27130564524341,32.360323422592096
0.9665,0.9391,0.9491,0.966,0.9666,0.9047,3.324467205419975,4.209059069585168,3.9973133361167994,3.7960310158788806,0.9441,16.1972955885088,0.978,0.9859,0.9958,0.9962,0.9582,3.1482368706571022,0.9962,3.985936432772754,4.960803509768662,4.124047179493653,0.9749,0.9818,0.9862,0.9965,0.9628,7.869702056012188,0.9965,9.963714113283492,14.93212081451208,12.765213204808065,0.9746,0.9899,0.9928,0.9913,0.9342,4.170771693562044,0.9913,5.280552744011414,6.758277650000479,6.196610863520702,0.9809,0.9948,0.9959,0.9984,0.9688,7.054009951477814,0.9985,8.930978327837327,11.015001170577928,9.834337357510304,0.9446,0.9872,0.9895,0.9944,0.9944,0.9054,0.5562051612247346,0.7042031801626094,0.7401157657934068,0.7357730392165243,0.9524,0.9498,0.9603,0.9942,0.925,10.025192901580253,0.9944,12.692749393930796,15.509467331223776,12.587745939078705,0.9037,0.9351,0.948,0.9512,0.8792,2.555838590190287,0.9512,3.235909676262604,3.614377384096387,3.2434701616401465
0.9838,0.9809,0.9841,0.9871,0.9867,0.9414,3.768698397610661,4.771493653218435,4.864481298029835,4.711336478232933,0.9434,16.15719401591047,0.9592,0.9623,0.9706,0.9802,0.9317,2.6924031506512804,0.9806,3.408812059193357,3.157167620691758,3.1163475104785685,0.9648,0.9802,0.9859,0.9909,0.9509,6.557697441351925,0.9909,8.302604352997633,10.356074978391062,9.327420240627124,0.9864,0.9969,0.9987,0.998,0.9556,4.659414866293678,0.998,5.899216683491344,8.657826323147802,7.511236535490521,0.9345,0.9641,0.9744,0.9736,0.9095,3.9082820619291407,0.9736,4.9482184791718336,5.184620785905873,4.804403725437364,0.9577,0.9825,0.9886,0.9904,0.9904,0.9216,0.5591399166448705,0.7079188308683823,0.7090343024298843,0.6851105811234928,0.969,0.9761,0.9836,0.9935,0.9466,11.246436441745418,0.9936,14.238947891700343,14.981849689825731,14.669306097238108,0.9869,0.9864,0.9883,0.9977,0.9823,10.063270655016252,0.9977,12.740959077933072,21.244457608115088,16.769659094247075
0.9675,0.9765,0.9784,0.9826,0.9826,0.9091,3.4054333540267985,4.311569120388896,4.573012147519949,4.515341059837587,0.9134,14.336131579863608,0.9581,0.9748,0.9851,0.9864,0.9307,2.7163625607697397,0.9865,3.439146716216473,3.671098666421433,3.347224936441501,0.9194,0.9578,0.9621,0.9718,0.8948,4.355679143039979,0.9718,5.514661348238312,6.588644683512586,6.236129837652615,0.9553,0.9722,0.9795,0.9748,0.8987,3.6704361842740014,0.9748,4.647085309057938,5.545784797031405,5.200105553342041,0.9464,0.9648,0.9653,0.9761,0.9241,4.363868762481566,0.9762,5.525030105051695,5.287004599145988,5.244907116551143,0.965,0.9718,0.993,0.9937,0.9937,0.9339,0.5803618454699752,0.7347876030583349,0.758339077699504,0.7089859735058108,0.936,0.9684,0.9812,0.9792,0.9065,8.829663855146176,0.9794,11.179107638752118,11.749656202114387,10.419604041396385,0.9512,0.9743,0.9887,0.9923,0.9366,4.532369055297226,0.9923,5.738365849362012,10.413102503942769,7.785888359926015
0.9719,0.96,0.9697,0.9713,0.9714,0.9144,3.444648941011786,4.361219398724976,4.530964092933395,4.237219722526072,0.947,16.369700305680105,0.931,0.9571,0.9717,0.9748,0.8971,2.3042197873714856,0.9755,2.9173388080176137,3.120506897432169,2.945943914802449,0.9545,0.9741,0.9821,0.9857,0.9365,5.914527833258092,0.9857,7.488296764757521,8.662141457268131,8.516156361352726,0.9859,0.9974,0.9985,0.9982,0.9541,4.618289504129599,0.9982,5.847148466868698,9.590688916393004,7.793699826321751,0.9585,0.9625,0.9728,0.996,0.9413,4.878396627553246,0.996,6.176466273079907,8.464360682045253,7.460432605215755,0.9712,0.9867,0.9923,0.9959,0.9959,0.9395,0.5735718429883988,0.7261908807080617,0.7761966431883067,0.7503728823159638,0.9653,0.9862,0.9969,0.9986,0.9396,10.888957727862111,0.9986,13.786349345863856,19.520923243877107,15.677552210098549,0.989,0.9918,0.9922,0.9982,0.9849,11.682508339261616,0.9982,14.791052112262172,21.709803678669847,21.70962151876672
0.9718,0.9857,0.9904,0.9885,0.9883,0.9173,3.4558761248700254,4.37543397120365,5.161585445083252,4.827442367071535,0.96,17.494870970385854,0.9469,0.9676,0.979,0.9878,0.9182,2.503236487527559,0.9879,3.1693109271665554,3.713080765512682,3.188703586165432,0.9457,0.9639,0.9698,0.9797,0.9234,5.163563690848989,0.9798,6.537512100860988,7.630968273530826,6.9428696463345885,0.9826,0.9724,0.9797,0.9824,0.9478,4.459093714787405,0.9824,5.645593017659241,6.2779219192061255,5.69436514492625,0.9728,0.9805,0.9898,0.9954,0.9583,5.874453550203639,0.9954,7.437559303948021,8.23312957694284,7.659225736548517,0.9759,0.9902,0.9929,0.9951,0.995,0.9447,0.6066203378859882,0.7680330943891154,0.7552676303917988,0.7436515191140085,0.9654,0.9855,0.9932,0.998,0.9393,10.939525796888852,0.998,13.850372834867272,19.03388347568957,17.193329768168518,0.9835,0.9852,0.9909,0.9956,0.9769,8.66500465496606,0.9956,10.970635045375698,13.52986019931236,13.196742027666804
0.9921,0.9831,0.9904,0.9913,0.9911,0.9623,4.155326332107203,5.260997598871606,5.148251109750509,4.887066160718742,0.9494,16.604249327653203,0.9627,0.9754,0.988,0.9878,0.9373,2.790466993557345,0.9878,3.532969249467101,3.754298463763507,3.391285322504767,0.9138,0.9321,0.9485,0.9883,0.8884,4.215597759300318,0.9883,5.337306367040664,9.160431847923295,6.887746243246606,0.9769,0.9838,0.9913,0.989,0.9372,4.259145098997578,0.9888,5.392441013822628,6.777397763012341,5.916095860632174,0.9645,0.9667,0.9924,0.9972,0.9484,5.387382711309402,0.9972,6.820886073231264,9.065513127170064,7.946244166098267,0.964,0.9701,0.9765,0.9862,0.9859,0.9305,0.585656194534151,0.7414907005982319,0.6586103638176566,0.6436814852604911,0.9499,0.9499,0.9755,0.9949,0.922,9.773496225703948,0.9949,12.374079931752192,15.82354186666571,13.95546493944629,0.9841,0.9771,0.9871,0.9985,0.9777,9.33196376589089,0.9985,11.815062173519372,24.92607430651358,15.883826533827428
0.9765,0.9755,0.9804,0.9819,0.9831,0.9255,3.555892840321646,4.502063664706246,4.724493227060179,4.491476131484319,0.8758,12.784494977640794,0.9672,0.9907,0.9954,0.9973,0.9415,2.932947904807373,0.9973,3.713362237180129,5.194156309384873,4.713926065737178,0.9583,0.982,0.9858,0.9853,0.9425,6.065551757922785,0.9853,7.679505936199467,8.709213260531337,8.325693707175322,0.9661,0.9835,0.9925,0.9885,0.9186,3.9439926473025047,0.9892,4.993431126479921,6.5565999386374285,5.67088509784978,0.9328,0.9594,0.9776,0.9878,0.9085,3.856401942907719,0.9879,4.882533822953159,6.51986563698451,4.962810994555053,0.9412,0.9658,0.9813,0.9968,0.9968,0.9029,0.5231609476997396,0.6623663870644749,0.8015068138515409,0.7137270677809125,0.9821,0.9547,0.9607,0.9914,0.9673,12.510541437674751,0.9919,15.8394126486845,14.423877841426542,13.787007913732603,0.9841,0.9768,0.9857,0.9967,0.9778,8.911550127696055,0.9967,11.282782644957225,16.724453684374765,14.569626611787804
0.9718,0.9748,0.9841,0.9851,0.9837,0.9169,3.454941709718664,4.374250921913471,5.843836458055592,4.841972610806813,0.9188,14.634116018402914,0.937,0.9663,0.9798,0.9785,0.9066,2.305616747540701,0.979,2.9191074787569438,3.265167524019112,3.093270921506367,0.8968,0.9462,0.9573,0.9599,0.8674,3.660600536147508,0.9599,4.634632539518033,5.706321889152177,5.141776479187596,0.9753,0.9941,0.9972,0.995,0.9357,4.203478134330382,0.9952,5.321961887986542,7.672413922216664,6.834402295427974,0.9222,0.9667,0.9735,0.973,0.8975,3.5448403958923578,0.9732,4.488070327250446,5.154424162429355,4.768518170952644,0.9521,0.9787,0.9863,0.9857,0.9856,0.9161,0.5488410893175952,0.6948796369496433,0.6661110450285646,0.6436911769193256,0.9506,0.969,0.9777,0.9794,0.9253,8.883590641230727,0.9802,11.247383550059858,11.751712052026118,11.252886724190214,0.964,0.9656,0.9777,0.9882,0.9519,5.328562700834564,0.9882,6.746414922437964,8.245957381950177,8.222036398738474
0.9575,0.9586,0.9788,0.9742,0.9744,0.8884,3.1836863241572764,4.03081846485401,4.759574213592569,4.090430858620586,0.9297,15.277522521998492,0.9695,0.9614,0.986,0.9942,0.9443,2.903003236162077,0.9946,3.675449732300633,5.239318560898626,4.4607484043225405,0.9854,0.9896,0.9956,0.9967,0.9782,10.313742153148077,0.9967,13.058077360575648,14.980577890767156,14.88191627921142,0.9732,0.9884,0.9912,0.9895,0.9318,4.148951545785326,0.9895,5.252926575598758,6.425384625961898,6.084510673161049,0.9658,0.9721,0.9791,0.9939,0.9498,5.480349654056029,0.9939,6.938590153121522,7.829437243356405,6.771444360251039,0.9765,0.9941,0.9967,0.9968,0.9967,0.9456,0.6147744963110381,0.7783569545306246,0.795038396451702,0.757918700409927,0.9597,0.9711,0.9809,0.9852,0.9356,9.728868350883843,0.9852,12.317577235331656,12.334982853504528,12.049125430858028,0.9682,0.9857,0.9877,0.9915,0.9576,5.618075770074487,0.9915,7.112963164472373,9.793373743745548,9.621747200772347
0.9682,0.9546,0.966,0.9694,0.9679,0.9097,3.3912562604746967,4.293619710601202,4.335315910069674,4.115559875490948,0.9305,16.04011819426893,0.9772,0.9632,0.972,0.9931,0.957,3.09522938042263,0.9931,3.9188244284300406,4.120918761754598,4.020303359115079,0.982,0.9778,0.9922,0.9995,0.9723,9.822250131234886,0.9995,12.43580653501606,24.923065343101072,16.482263887389294,0.9657,0.9784,0.9844,0.9811,0.914,3.9212226850098943,0.9818,4.964602411867976,6.072773556699109,5.807497922622396,0.9791,0.9916,0.9947,0.9999,0.9645,7.177757107444924,0.9999,9.08765278331385,14.016212209706458,13.618305863292894,0.9503,0.9683,0.9901,0.9968,0.9968,0.9132,0.5433254072626796,0.6878963129630683,0.8005590865903796,0.6996591826049499,0.9226,0.9366,0.9519,0.9555,0.8913,8.072504397008489,0.9556,10.22047917666325,9.55520122157517,9.027616135547012,0.9645,0.986,0.9918,0.9951,0.9527,5.545402679023856,0.9951,7.020952831958715,12.997823806365137,9.734690221934605
0.964,0.9697,0.9831,0.9777,0.9808,0.8971,3.3641625219912936,4.259316726499986,4.741388759569313,4.332384093235175,0.9308,15.217119761635434,0.9807,0.9863,0.9933,0.9942,0.962,3.3686461115410653,0.9942,4.264993333334307,4.228039191836352,4.178706289142646,0.9545,0.974,0.9779,0.9857,0.937,5.862966569104243,0.9857,7.423015806000517,8.79199211259797,8.104500043848473,0.9631,0.9778,0.9861,0.9827,0.9114,3.8381370399733865,0.9834,4.859408897784546,5.967312989221547,5.479702303646333,0.9714,0.9825,0.9865,0.9954,0.9564,5.883610516349809,0.9954,7.449152804207125,8.200753367049112,7.301279094197764,0.9805,0.9788,0.9827,0.9937,0.9935,0.9522,0.6392498538152345,0.809344844956021,0.7216826316542009,0.7191727580923184,0.9679,0.9841,0.9892,0.9965,0.9455,11.25518603941178,0.9965,14.250025628714194,17.248370408159865,14.709445334308102,0.9351,0.9632,0.967,0.9773,0.9167,3.4574895340728053,0.9773,4.377476684883256,5.72571453701706,5.2242887506703
0.9712,0.9683,0.9803,0.9814,0.981,0.9165,3.441993183732142,4.357856983464484,4.727536421161497,4.404559121149337,0.9361,15.859330629795217,0.9434,0.9818,0.9898,0.9918,0.9146,2.427540329776152,0.9918,3.0734731343326027,4.148809717903248,3.577502750608274,0.9158,0.9596,0.9617,0.964,0.8905,4.338345038712701,0.9641,5.492714893506283,5.822652135092552,5.762684674369176,0.9483,0.9801,0.9887,0.9854,0.8875,3.5318279415473484,0.9852,4.471595450046324,6.283823320319094,5.522949539947856,0.9796,0.9895,0.999,0.9999,0.9674,6.653963383204155,0.9999,8.4244852471706,14.016239432454809,11.077571732510824,0.9716,0.9874,0.9913,0.9997,0.9997,0.9378,0.6213518897054489,0.7866844956403216,0.895463816561305,0.8255327491418705,0.9553,0.981,0.9844,0.9882,0.9306,9.73904658327434,0.9882,12.330463745773304,13.304136489110183,12.346379477040967,0.957,0.9654,0.9707,0.9923,0.9438,4.715029844071087,0.9923,5.969629989490317,10.403853372244091,7.951030176241264
0.9605,0.9377,0.9414,0.9631,0.9636,0.8923,3.249636572757886,4.114317105346308,3.823392439326796,3.749514157219009,0.9327,15.649174651637676,0.9755,0.9937,0.997,0.9973,0.9534,3.155930187005243,0.9973,3.995676827533616,5.215249092899519,4.894257728237432,0.9614,0.9578,0.9588,0.989,0.9472,6.314086061732514,0.9892,7.994171565581491,9.236207212494874,9.154756306327656,0.9594,0.9832,0.9878,0.9848,0.9051,3.7497015367124606,0.9847,4.747442006829246,6.13737025488239,5.688020244104825,0.979,0.9835,0.9849,0.9983,0.9654,6.441784708715072,0.9983,8.155848945758201,10.635946398443563,9.319675764797775,0.9527,0.9626,0.976,0.9771,0.9765,0.9188,0.5201102829906845,0.6585039853115027,0.633857761798113,0.5839670032247646,0.9231,0.9713,0.9792,0.9811,0.8915,8.284233020303315,0.9812,10.488545674872936,11.62497507522349,11.530897429916983,0.9755,0.9767,0.9791,0.9961,0.9658,6.939696142221864,0.9961,8.786247293991318,14.965844117745077,13.017042113555856
0.9697,0.9824,0.986,0.985,0.9852,0.9137,3.408023057274677,4.314847905610554,5.003272584252947,4.820370866064249,0.9151,14.419410230784337,0.9664,0.9557,0.9625,0.992,0.94,2.94436613373667,0.9921,3.7278186890155087,4.065130408551161,3.686598554094034,0.9662,0.9779,0.9853,0.998,0.9514,6.971242704667597,0.998,8.826187933068752,16.6394628928876,11.582032936701385,0.959,0.9707,0.9803,0.9766,0.9019,3.718208027568691,0.9762,4.707568537757711,5.627155961050541,5.178641407183156,0.9122,0.9424,0.9589,0.9812,0.8852,3.448237621173944,0.9815,4.365762973935987,5.818021516297239,4.916207868414444,0.9836,0.9805,0.9898,0.9944,0.9944,0.9591,0.6512951435372459,0.8245952092452389,0.7674111033731001,0.7146600711364839,0.9539,0.9629,0.9666,0.9973,0.9258,10.211738874903055,0.9973,12.92893250911654,17.858521729510816,15.476277540406231,0.9823,0.9806,0.9861,0.9972,0.9746,8.534784436653723,0.9972,10.805765140797511,18.818039759963344,14.879594873195314
0.9792,0.9776,0.9805,0.9861,0.9857,0.9316,3.638609888306756,4.606790503480116,4.668348241445443,4.546568046968361,0.9447,16.21325150513263,0.9687,0.9828,0.9852,0.9891,0.9432,2.9391631352706176,0.9895,3.7212312491253297,3.888573977749224,3.717697164212684,0.9583,0.9665,0.9818,0.9833,0.9425,6.016975723080629,0.9834,7.618004532400529,8.348914098058167,7.286040590761606,0.9839,0.993,0.9946,0.9936,0.9548,4.706682172699503,0.9937,5.959061125451232,10.791265413255209,8.488530535630566,0.9456,0.9883,0.9929,0.9954,0.9223,4.555232378742481,0.9954,5.767312767157204,8.241399853212732,7.055443761005379,0.9525,0.9417,0.9625,0.9898,0.9894,0.9179,0.5257486512347864,0.665642640479106,0.7010142848710642,0.6289478632343193,0.9487,0.9685,0.9834,0.9939,0.9213,9.555722476257904,0.9939,12.098359788166762,15.404526554544429,12.98248480411762,0.9649,0.9532,0.977,0.996,0.9537,5.563515547219926,0.996,7.043885268179644,14.084163512103297,10.276349038889798
0.9772,0.9899,0.9915,0.9915,0.9919,0.9281,3.6195943696864914,4.582715234823231,5.377633594991808,5.110945167465685,0.9429,17.054672716261457,0.9598,0.9909,0.9988,0.9991,0.931,2.94772250344368,0.9991,3.7320681393734905,6.478832801763939,4.843722983269156,0.9718,0.9907,0.995,0.9977,0.9588,7.547382290885341,0.9977,9.55562979574175,16.113451774774127,11.91981088357373,0.9773,0.9833,0.9877,0.9865,0.9403,4.290105212623331,0.9863,5.431639158668037,6.124867561500324,5.671464286083293,0.9491,0.9759,0.9947,0.9954,0.9256,4.7426759871905935,0.9954,6.004632364982695,8.131783725749534,7.606569581489079,0.9378,0.989,0.9924,0.9926,0.9926,0.8965,0.5411261457738284,0.6851118603142508,0.7212389261436818,0.7160461473289909,0.9556,0.9775,0.9848,0.9894,0.9309,9.774550681188622,0.9895,12.375414962344164,13.687267614854433,12.619978044433152,0.9847,0.9748,0.9926,0.9979,0.979,9.085209224668304,0.9979,11.502649875392027,21.592280779886757,16.33146734456649
0.9626,0.9794,0.9875,0.9834,0.9833,0.8963,3.260297561369177,4.127814826344108,4.927290988618462,4.598625021891088,0.9506,17.366502430156114,0.9346,0.969,0.9745,0.9726,0.9026,2.34275674864534,0.9735,2.9661298883144878,3.080485022887487,2.9592895658809955,0.9578,0.9608,0.9685,0.9963,0.9416,6.211775240726932,0.9963,7.864637338753151,14.630558866835962,10.573172218610743,0.9418,0.9586,0.9631,0.962,0.8773,3.4269390666364288,0.9628,4.3387971870577084,4.841071245072921,4.702658455563174,0.9806,0.9605,0.9659,0.9998,0.9676,7.029819360181206,0.9998,8.900350975722192,13.69855113793437,12.24249468937392,0.9824,0.9723,0.9754,0.9946,0.9945,0.9566,0.6482377493118017,0.8207242873504692,0.7290260820234747,0.7278748421977672,0.9588,0.9629,0.9656,0.9801,0.9336,10.183040512756463,0.9804,12.892597934578278,11.616888328900222,11.370158367074104,0.9649,0.98,0.9944,0.9941,0.9537,5.502370457405716,0.9941,6.966470368606109,12.282830284728668,9.408908014202575
0.9618,0.9414,0.9623,0.9675,0.9664,0.8982,3.259066882567437,4.126256682000328,4.243443446633289,3.847321755550365,0.9028,13.819568322193938,0.9499,0.9651,0.971,0.9726,0.9222,2.4764571678066787,0.9737,3.135406024039604,3.0704539609671664,2.9418177415143067,0.9315,0.9367,0.9383,0.9617,0.9065,4.572472904424224,0.9618,5.789140743341433,5.5601588459401015,5.537952024492679,0.9684,0.9932,0.9962,0.9941,0.9199,3.94922619404076,0.9941,5.000057243088573,7.437711653588185,6.975241559279106,0.9445,0.9884,0.9958,0.9978,0.9208,4.524732631561209,0.9978,5.7286974855012165,9.589718388506546,6.911121165188277,0.9427,0.9771,0.9823,0.9784,0.9781,0.9053,0.5226192081419445,0.6616804985722158,0.627755820971748,0.6067081572804932,0.9469,0.9638,0.9746,0.9882,0.9201,9.184270445173912,0.9884,11.628069830786242,13.238404712695193,12.750538992716429,0.9271,0.9505,0.9638,0.963,0.9068,3.06539173651141,0.963,3.8810474259934327,4.307003876670544,3.9276940205580777
0.9843,0.9896,0.9968,0.9941,0.994,0.9425,3.786281039532887,4.793754777746709,5.631636579287473,5.05738191626892,0.9083,14.257956486687831,0.9754,0.9893,0.9937,0.9947,0.9529,3.189698847856019,0.9947,4.038430832743828,4.5652380085129325,4.326389654240412,0.9819,0.9826,0.9838,0.9991,0.9723,9.706396248113585,0.9991,12.289125636283362,19.57505047121136,16.544171445762224,0.9668,0.9757,0.9863,0.9839,0.9189,3.92762369851181,0.9838,4.9727066409880125,6.026186870097189,5.33364077403642,0.9466,0.9709,0.9806,0.9865,0.9243,4.356540443857879,0.9866,5.515751828545445,6.426610169030903,5.425886703977183,0.9524,0.9689,0.9755,0.9879,0.9878,0.9173,0.5320439749361251,0.6736130572959402,0.6930467072590181,0.6421510946734936,0.9752,0.9832,0.9849,0.9997,0.954,12.83044620177284,0.9997,16.24443936891664,29.522253769217077,21.581305368372977,0.9192,0.9588,0.9593,0.9607,0.8969,2.8819666084013886,0.9609,3.648815567064996,4.086495307101829,4.068953070987812
0.9496,0.9494,0.9525,0.9616,0.963,0.8739,3.073789031323276,3.891679117540951,4.24029398169022,4.11873377549006,0.9569,17.442922459720982,0.9635,0.967,0.9705,0.989,0.9385,2.7579062707435544,0.989,3.491744596852631,3.8216270833760673,3.621812431800326,0.9597,0.9588,0.9685,0.9853,0.9444,6.121911305865912,0.9854,7.750861931542419,8.64277388096783,8.196120130980992,0.98,0.9852,0.991,0.9892,0.9434,4.394031893274461,0.9901,5.563219201645558,6.386939364584842,5.8239225491590645,0.9647,0.9672,0.978,0.9866,0.9485,5.454599323834494,0.9869,6.905988038476787,6.426562789022137,6.300018550733905,0.9633,0.967,0.9699,0.9761,0.9758,0.9311,0.557407008094392,0.705724820820919,0.5827399211843193,0.5818811505543631,0.9407,0.9677,0.9845,0.9852,0.9124,9.01977210579151,0.9853,11.41980090090166,12.544268568580764,11.350338640654403,0.9592,0.9687,0.9811,0.9919,0.9458,4.972200793490539,0.9919,6.295230348947323,10.205568341980454,8.917112452680882
0.9801,0.9599,0.9607,0.9778,0.9783,0.9321,3.646084552202026,4.6162540655839015,4.159764625438044,4.141346023438135,0.9438,16.149294817054844,0.9527,0.9756,0.9786,0.9788,0.924,2.5541308075365805,0.979,3.233747477743772,3.248681850958074,3.1666561939265154,0.9434,0.9692,0.9761,0.9784,0.9196,5.163711868680961,0.9784,6.537699706636301,7.393676467768255,6.9266140510331695,0.9833,0.9913,0.996,0.9939,0.9496,4.5084790247990245,0.9937,5.708119032856441,7.316299056129088,6.44591755033658,0.9754,0.9945,0.9986,0.9997,0.9603,6.53302029428115,0.9997,8.271360979767664,13.430199371891778,11.25235430841556,0.9387,0.9526,0.972,0.978,0.9774,0.9005,0.5078214551410134,0.6429452809780984,0.6131034162854332,0.5972581500774944,0.9572,0.9657,0.9749,0.9896,0.9322,9.980984798174914,0.9897,12.63677816392918,13.764514256432228,12.200816474407594,0.9462,0.958,0.9694,0.973,0.9307,3.824052066345081,0.973,4.841576119678498,5.217428540288794,4.779836982493594
0.9825,0.9696,0.9813,0.9815,0.9796,0.9387,3.835379450955526,4.855917554856906,5.433566618936115,4.980049451611121,0.9312,15.604695656551486,0.961,0.9845,0.9893,0.9899,0.9344,2.804298449698321,0.9899,3.550481052808349,3.901061996780797,3.805540671056432,0.9583,0.9612,0.9659,0.9823,0.9425,6.023077742169377,0.9823,7.625730209088332,7.877111112379465,7.769402758424874,0.9815,0.9857,0.9901,0.9895,0.9466,4.426337506866249,0.9894,5.604120864223352,6.246671682263245,5.838847332733527,0.929,0.9166,0.933,0.9737,0.9054,3.774471157522777,0.9739,4.778802459701778,5.184497111946626,4.928081502125346,0.9758,0.9653,0.9711,0.9905,0.9904,0.9432,0.6216865852944771,0.787108248806619,0.7082170053380901,0.6826206727957171,0.9655,0.9757,0.9844,0.9909,0.9431,10.405238720257598,0.9909,13.173919819481656,14.154079820785896,13.640247928572226,0.9186,0.9551,0.9572,0.9647,0.8963,2.9206088730559,0.9647,3.6977399704244913,4.439401425183596,4.280451157735244
0.955,0.9733,0.98,0.9771,0.9774,0.8824,3.1588452600103527,3.999367558622993,4.691786451805173,4.445810603028127,0.9293,15.313537074584657,0.9697,0.9733,0.9783,0.9824,0.9452,2.8489712334843222,0.9825,3.6070406078105854,3.3084869483647728,3.2586428906169047,0.9194,0.929,0.9362,0.9515,0.8962,4.087488842421052,0.9521,5.175109550177406,5.12234000141964,4.889934284969881,0.9683,0.9886,0.9921,0.9908,0.9184,4.036766535593499,0.9906,5.110890782961195,6.623312926194143,6.060358722524373,0.9307,0.9604,0.9732,0.9726,0.9071,3.841388752191251,0.9726,4.863525842833656,5.092711171240832,4.773731839830368,0.9782,0.9743,0.9795,0.9833,0.9827,0.9501,0.6022748098799391,0.7625312852462311,0.6258395058331849,0.6116363064972994,0.9305,0.9646,0.991,0.991,0.9005,8.106596095059619,0.991,10.2636421745252,14.350820875720654,11.007811045817949,0.9892,0.9881,0.9936,0.9991,0.985,12.051334069584676,0.9991,15.258016948847631,32.539274267860954,20.421517811921056
0.9745,0.9723,0.9789,0.9813,0.9803,0.9227,3.5246637166476056,4.462524930192301,4.73495250710934,4.460183136189526,0.9415,15.965479834915651,0.9604,0.9852,0.9875,0.9871,0.9342,2.768359640838685,0.9873,3.50497945509846,3.6245038874528688,3.549207314343476,0.9236,0.9489,0.9588,0.9617,0.9002,4.216720833456591,0.9622,5.338728274724268,5.86589623251688,5.493760978986918,0.9445,0.9665,0.9733,0.9687,0.8826,3.46849688660154,0.9692,4.391412932146474,5.239675754590678,5.016196171370375,0.9572,0.9787,0.9897,0.9913,0.9394,4.985906384524569,0.9913,6.3125827963264864,7.025355629526886,7.025157011044053,0.9671,0.9645,0.9689,0.9933,0.993,0.9349,0.5884668867301792,0.7450492766793004,0.745561152062883,0.6941880735862336,0.9459,0.9775,0.9823,0.9878,0.9162,9.907243478806636,0.9878,12.54341536324214,13.155856139546907,12.667250307531152,0.9623,0.9817,0.9884,0.9898,0.9497,4.925757064802545,0.9898,6.236428626631984,9.395185933462916,7.701922637687956
0.9576,0.9741,0.9805,0.9814,0.9813,0.8883,3.188685515437486,4.037147867461518,4.86285783823835,4.600550302439439,0.9386,15.87076384699602,0.9558,0.9754,0.9855,0.9834,0.9275,2.6312339993147225,0.9838,3.331366695680005,3.560675994990451,3.2297078405885484,0.9612,0.9825,0.9849,0.9904,0.9475,6.095503935802848,0.9905,7.717427948410737,10.226232885642013,9.267788145433869,0.9618,0.9641,0.9785,0.9736,0.9091,3.8028115134253033,0.9735,4.814683767795995,5.43378619956724,4.911993797622507,0.969,0.9889,0.995,0.9984,0.9529,5.737960192778784,0.9984,7.264747070134862,10.873903815635416,8.403863077789554,0.9777,0.9898,0.9946,0.9973,0.9973,0.9456,0.6473238450615274,0.8195672066107111,0.811557126158837,0.7756308583427918,0.9455,0.939,0.9488,0.9875,0.9189,8.95476724458317,0.9878,11.337499201492498,13.063047521538646,11.95807102864887,0.945,0.9757,0.9779,0.9824,0.9286,3.9759653514568183,0.9825,5.03391129731165,6.554070454553795,6.162056973297688
0.9718,0.969,0.9851,0.9824,0.9833,0.9158,3.4534647246777497,4.372380932860198,4.800355462240383,4.292548813180045,0.9042,14.192737373358469,0.9728,0.9856,0.9991,0.9995,0.9474,3.2122015453280177,0.9995,4.066921167294348,6.855921915115594,5.204604867275637,0.9379,0.9761,0.9884,0.9884,0.9124,5.127413480524926,0.9884,6.491742850863924,9.348321354490004,8.47022136014116,0.9584,0.9576,0.964,0.968,0.903,3.728772096940506,0.9687,4.720943550730819,5.061508468168458,4.836379205498776,0.9304,0.9692,0.9801,0.9825,0.9062,3.9412215116999594,0.9827,4.989922632420503,5.9054142494597,5.054247727137402,0.9624,0.9309,0.9536,0.9993,0.9993,0.9298,0.5631730983200867,0.7130251829123058,0.8683035295727458,0.7440328945935637,0.9579,0.9792,0.9866,0.9941,0.9328,9.999199160550884,0.9941,12.659839100439635,15.584358581287614,13.18841915382117,0.9958,0.9937,0.9953,0.9996,0.9934,19.290759848410943,0.9996,24.42374753066217,52.3253230156104,33.22531458526951
0.9795,0.9832,0.9881,0.9868,0.9871,0.931,3.6314103520542473,4.597675276441323,5.71981291557756,5.265869614565784,0.9313,15.46049995561822,0.9434,0.9496,0.9517,0.9806,0.9144,2.429666711216611,0.9807,3.0761653146232577,3.189732982792159,3.114970495778706,0.9752,0.984,0.9868,0.9936,0.9633,7.953563184412793,0.9936,10.069889455457044,11.648019194337715,11.161408592367932,0.9684,0.9826,0.986,0.9853,0.9211,4.004022192865021,0.9853,5.069433651871375,5.858325858731233,5.648210865991146,0.931,0.9501,0.9566,0.9664,0.9071,3.884472545665408,0.9666,4.91807360055522,4.724570872700907,4.516567339874172,0.9694,0.9911,0.9947,0.9937,0.9937,0.9361,0.6069189807747036,0.768411201761408,0.7524474497774077,0.7160318641864762,0.9643,0.9823,0.9882,0.9933,0.9385,10.777953243072329,0.9933,13.645808199087815,14.671893130376564,14.499992912067476,0.9866,0.991,0.9965,0.9979,0.982,9.961071107582953,0.9979,12.611565732939228,21.616973080556324,16.196653892678086
0.9626,0.9754,0.9782,0.9801,0.9798,0.9009,3.299651392393121,4.177640133426158,4.570192831308482,4.473650607847773,0.9524,17.223927149553283,0.9792,0.9913,0.9934,0.9995,0.9587,3.399561927173129,0.9995,4.304135393140947,6.910398026749757,5.944246490305806,0.9617,0.9869,0.9908,0.9962,0.946,6.6993843101497,0.9962,8.481992015231787,14.548595794682598,10.945361940246835,0.9872,0.9928,0.9956,0.9943,0.9549,4.740189962485292,0.9942,6.001484845640046,8.890721215498713,7.471642434598487,0.9596,0.9762,0.9946,0.9993,0.9409,5.368818159790901,0.9993,6.797381767394125,12.249631391156608,8.844109403867707,0.9812,0.9769,0.9881,0.9901,0.9901,0.955,0.6285905996493478,0.795849319914055,0.6681835703903185,0.6622342522526816,0.9493,0.9701,0.9824,0.9892,0.922,9.517396801603487,0.9893,12.049836214753515,13.68235684413517,12.764733596825351,0.9902,0.9914,0.9978,0.9991,0.9867,12.910866751095904,0.9991,16.346258644485793,32.5417624834943,24.90768362739129
0.97,0.9816,0.9918,0.9866,0.9867,0.9148,3.419474099375784,4.329345901720513,5.2079796085895005,4.732316183865751,0.9455,16.344665840501975,0.9671,0.9914,0.9975,0.9982,0.94,3.0154109332701484,0.9982,3.817767465570057,5.6145900840488565,4.364848075556419,0.9579,0.9853,0.9905,0.9905,0.9416,6.23523985960664,0.9905,7.894345547860757,10.283334255716166,9.14645379682548,0.9555,0.9714,0.9752,0.9734,0.9004,3.676563544301147,0.9735,4.654843069535413,5.404630769808563,5.273483834125091,0.931,0.9425,0.9469,0.9684,0.9072,3.824179588028171,0.9687,4.841737573007292,4.846549337818568,4.616517386156301,0.9552,0.9643,0.9808,0.9958,0.9955,0.9189,0.5416888318796361,0.6858242689231002,0.7791778511957039,0.7003131393385671,0.9501,0.9256,0.9372,0.9939,0.9233,9.274628742890744,0.994,11.742471143543138,15.249244369367204,12.639875741910013,0.9682,0.9859,0.9924,0.993,0.9571,5.82074062525078,0.993,7.369554159076027,10.872837418018287,10.153462114816168
0.9694,0.9815,0.9884,0.9894,0.9891,0.9121,3.392492942380244,4.295185455386487,5.405507565211851,4.701197201959747,0.9406,15.888661425537704,0.9753,0.9879,0.9902,0.9951,0.9529,3.173382047051054,0.9951,4.017772371050241,4.662423543282105,4.286868167257635,0.9789,0.9964,0.9994,0.9994,0.9689,8.790132071875043,0.9994,11.12905702894524,21.947001935185664,15.174362723133472,0.9399,0.9337,0.9428,0.9492,0.8754,3.392574139485764,0.9482,4.295288257848443,4.435435701486329,4.3035761363719445,0.955,0.9735,0.9939,0.994,0.9368,4.9181066962931705,0.994,6.226742607498586,7.802159862953575,6.758155046520251,0.9483,0.9536,0.9704,0.9823,0.9821,0.9128,0.5238732439515572,0.6632682148803895,0.6244996817686137,0.6098627289555077,0.9607,0.971,0.9727,0.9748,0.9355,10.248063367741388,0.9749,12.974922415643515,10.631808070927972,10.536440019191282,0.962,0.9835,0.9907,0.9917,0.9482,5.197357410961989,0.9917,6.580297833234811,9.85871195017483,9.78107410260395
0.9807,0.9702,0.9749,0.9811,0.9818,0.9333,3.6660222658394095,4.641496911798599,4.458572097835816,4.319937708230242,0.9149,14.455217152674784,0.9579,0.9723,0.981,0.9948,0.9293,2.7820750510430563,0.9948,3.522344334384883,4.525346520070032,4.210037550072622,0.9932,0.9693,0.971,0.9999,0.9888,14.375588107414895,0.9999,18.20072082693067,39.12440409759464,24.20881969681123,0.98,0.9957,0.9972,0.996,0.9433,4.359342954046129,0.9962,5.519300045506716,8.215563633033973,7.276832308588821,0.9501,0.9646,0.9689,0.9934,0.929,4.5662384537465535,0.9934,5.781247396965223,7.584669692008055,7.098232321993687,0.9557,0.9822,0.9932,0.9929,0.9929,0.92,0.5419571686797799,0.6861640062020569,0.7519469458193103,0.6898492801330062,0.9654,0.9937,0.9972,0.9994,0.9398,11.107052984970249,0.9994,14.062476545575109,22.094266941009906,17.923633263736576,0.9929,0.9826,0.9887,0.9995,0.9888,15.082450422119113,0.9995,19.095668814928008,42.43148966183174,24.44086835487637
0.981,0.99,0.9926,0.9925,0.9925,0.9335,3.723420731467833,4.714168265554084,6.104710891596994,5.400699858427638,0.9633,17.818496758134987,0.943,0.9716,0.9754,0.9801,0.9133,2.4709032191626394,0.9806,3.128374251286938,3.290173153614199,3.16367652236286,0.9797,0.987,0.9977,0.9988,0.9706,8.900918529409418,0.9989,11.26932213461752,18.278708760893025,13.785831341903348,0.9649,0.9627,0.9674,0.9748,0.9171,3.925414428691876,0.9751,4.969909516938303,5.212796134091544,5.012941424777217,0.9171,0.9556,0.9671,0.9651,0.8909,3.40219357427766,0.9654,4.307467282863069,4.694367965714925,4.269495741150337,0.9734,0.9685,0.9704,0.9979,0.9979,0.9412,0.6116284367374116,0.774373774741623,0.8221747430330851,0.7810035289246753,0.9734,0.9719,0.9779,0.9955,0.9521,11.714998546548491,0.9955,14.832187486204376,16.213159657158606,14.800801763053624,0.9625,0.973,0.98,0.9949,0.9486,5.347603159186368,0.9949,6.770521766922416,12.930981196682684,9.376827998822082
0.9736,0.9844,0.9907,0.9897,0.9896,0.9212,3.5070095253665503,4.440173218072364,5.604418830186384,5.056440930317802,0.9087,14.928367484460138,0.9658,0.962,0.9657,0.9855,0.9403,2.851413036876598,0.9862,3.610132139198728,3.4847375185019613,3.3648206202834223,0.9617,0.9834,0.987,0.9909,0.9472,6.474955562998,0.9909,8.197846076858735,10.331448893124533,9.642110301766149,0.9573,0.98,0.9842,0.9818,0.9002,3.688790099727902,0.9816,4.670322931669372,6.158714219833716,5.7197125054569975,0.9562,0.9777,0.9824,0.994,0.9381,4.930533678787101,0.994,6.242476227396649,7.828410821209286,6.762982753687703,0.9714,0.9894,0.991,0.9968,0.9968,0.9393,0.5912086250774862,0.7485205513059077,0.7908522131608046,0.7626421408575886,0.9618,0.9717,0.9798,0.9941,0.9356,10.674691532102576,0.9941,13.515070064450928,15.515949993192343,14.8381370975334,0.9829,0.9588,0.9809,0.9983,0.9757,8.557563676657532,0.9983,10.834605601783252,22.851553715065016,14.708799722519084
0.9858,0.9828,0.9906,0.9914,0.9913,0.9453,3.816737811543219,4.832315649170369,5.097609381072831,4.805553160587508,0.9368,15.681792223238872,0.9724,0.9876,0.989,0.9926,0.9492,3.0197183674620858,0.9929,3.8232210446947534,4.144279502996966,4.022049918235759,0.9832,0.9926,0.9945,0.9994,0.9751,9.86529232393093,0.9994,12.490301622603852,21.90202022029106,16.39499105043952,0.9599,0.9643,0.9692,0.9728,0.9043,3.73965839890616,0.9727,4.734726537655182,5.369223700797326,5.009513636159209,0.9504,0.9687,0.9778,0.9954,0.9288,4.676791904042603,0.9954,5.921217495597535,8.198146639121031,7.008981032988759,0.9776,0.9844,0.9872,0.9894,0.989,0.9466,0.6189551504150959,0.783650019249324,0.6645794280400822,0.6584677832539436,0.9588,0.9854,0.9904,0.9925,0.9331,10.39769347864227,0.9929,13.164366899963776,14.741164227968572,14.10653289684254,0.9628,0.9649,0.971,0.9895,0.95,5.075738736551949,0.9895,6.426318216975717,9.207489088216107,7.751885162820827
0.9687,0.9444,0.9523,0.9671,0.9675,0.9047,3.4007866360455696,4.305685979044981,4.3074504211425015,4.123424268757442,0.935,15.701324446334713,0.9735,0.9897,0.993,0.9962,0.95,3.0917584498122617,0.9962,3.9144299341960016,4.898801523038017,4.533955796246598,0.9527,0.9894,0.9958,0.997,0.9324,6.179854515892307,0.997,7.824222978174149,15.300519378252678,10.54558840174502,0.9712,0.9904,0.994,0.992,0.9294,4.068374865225766,0.992,5.150909624565718,7.112760715158432,6.358635331723853,0.9603,0.9492,0.9619,0.9979,0.9426,5.242575819493543,0.9979,6.637548195708426,9.89109570629462,8.13771467683261,0.9664,0.9799,0.9834,0.9942,0.9942,0.9355,0.568720984518569,0.7200492800917513,0.7398384721729716,0.7290298671694264,0.9227,0.9488,0.9711,0.9721,0.8918,8.01241345611252,0.9722,10.14439891954243,10.926812294745272,10.041378402598372,0.9567,0.9865,0.9933,0.9935,0.9432,4.77831641274144,0.9935,6.04975618397062,11.308134224939764,8.484745746782561
0.9769,0.976,0.9837,0.9862,0.9862,0.9267,3.5723297304991406,4.522874169789456,4.842531391848468,4.591637880890243,0.9448,16.617276659314193,0.9697,0.9821,0.9895,0.9924,0.9443,2.922257291763353,0.9924,3.6998270091234335,4.217493604663008,3.82488664216386,0.9791,0.9783,0.9823,0.9976,0.9692,8.649939445386465,0.9976,10.951561204938104,15.851910568671322,14.095032232205549,0.9394,0.9639,0.9798,0.9722,0.8739,3.442106587879502,0.9735,4.358000562788773,5.5551142071234,5.018499050018734,0.9536,0.9856,0.9895,0.9906,0.9356,4.756981010724652,0.9906,6.022743745040375,7.013653740579635,6.485288135662143,0.9677,0.9879,0.9918,0.9968,0.9967,0.9334,0.6255797687033553,0.7920373511030662,0.7889370935428872,0.7613536511634231,0.9831,0.9761,0.9782,0.9978,0.9677,13.191523964878638,0.9979,16.70159461807904,18.63874246092135,16.492211347453374,0.9961,0.969,0.9844,0.9997,0.9939,20.4986210982265,0.9997,25.95300290729759,53.26353115458934,37.53956448372546
0.9699,0.9777,0.9803,0.9844,0.9844,0.9135,3.44814900462338,4.365650777823702,5.239166528229701,4.889545008754313,0.9154,14.489302037961352,0.9883,0.9589,0.9627,0.9999,0.978,3.981350678986977,0.9999,5.040729581350229,9.297503731423877,6.395763197286351,0.9902,0.9931,0.9948,0.9995,0.9837,12.596419731912595,0.9996,15.948141894878594,25.27330039346042,23.034100513837117,0.9646,0.9717,0.9787,0.98,0.9146,3.870592464722696,0.98,4.900500234067126,6.345079764781605,5.584846126650476,0.9585,0.9651,0.9868,0.988,0.9407,5.1434743423605145,0.9884,6.512077271989879,6.520012829745846,6.418322699414353,0.9665,0.9569,0.9631,0.9945,0.9944,0.9351,0.578430069651436,0.7323418100855025,0.7592941776731335,0.6902454140701099,0.983,0.9966,0.9992,0.9998,0.967,13.907027833867645,0.9998,17.607483550952722,32.31014949383445,22.310337218924698,0.9839,0.9747,0.9794,0.9985,0.9771,9.282445143272776,0.9985,11.752367373190364,25.059354098517964,16.046681864343444
0.9873,0.9737,0.9809,0.9846,0.9842,0.95,3.870760758690111,4.900713308585878,4.781880959288247,4.507779762820079,0.917,14.503132771386696,0.9587,0.9743,0.9855,0.9962,0.9313,2.694197858428465,0.9962,3.4110843123335,4.869461689111613,3.8349837135392697,0.9551,0.9665,0.9854,0.9905,0.9379,5.928022021741081,0.9906,7.505381558473766,10.228300821219015,8.728721501858619,0.9802,0.9917,0.9947,0.9927,0.947,4.481338506912406,0.993,5.673756822040325,8.515538938581951,7.338941080320557,0.9626,0.9824,0.9877,0.9989,0.945,5.4986551648359,0.9989,6.961766491286563,11.721385300831876,9.545282646533666,0.9713,0.9813,0.987,0.991,0.991,0.938,0.6032502389915422,0.763766261708696,0.7234922999675756,0.6895577414674984,0.9604,0.9819,0.9928,0.994,0.9342,10.52375429956575,0.9941,13.323970652637971,15.4948606481744,13.962778808100763,0.9929,0.9813,0.988,0.9993,0.9888,14.760316600475097,0.9993,18.68781991769709,38.279965740231496,25.71059843848101
0.9841,0.9864,0.993,0.9917,0.9917,0.9429,3.774205903472826,4.778466625447533,5.297279266715988,4.848936185693988,0.9591,18.19450993348807,0.9799,0.9937,0.9972,0.9973,0.9605,3.243481490693741,0.9973,4.106524246405213,5.279033325696451,4.371856652963893,0.9572,0.9755,0.9807,0.9827,0.9419,5.986007421262142,0.9827,7.578796020604642,8.223487703695653,7.945463132520863,0.9508,0.9544,0.9592,0.9659,0.8918,3.579813554068147,0.9666,4.532349328821541,5.01079817174684,4.822161255819255,0.9758,0.9832,0.9875,0.9984,0.961,6.38245053353063,0.9985,8.080726818582674,11.008787902288685,10.085528110205727,0.9395,0.9286,0.9482,0.9677,0.9671,0.9018,0.5050146974192555,0.6393916862770788,0.5677513729899417,0.5588667443883804,0.957,0.9534,0.9693,0.9945,0.9322,9.833031729304828,0.9949,12.44945695787688,15.683171465714722,15.219140721410588,0.9869,0.995,0.9981,0.9979,0.9824,10.229723634649073,0.9979,12.95170274911165,21.617467341879493,16.728100734021712
0.978,0.9531,0.9629,0.973,0.9726,0.9293,3.599325978098204,4.557053722114819,4.190100459566773,4.0484182560234725,0.9341,15.411173199039354,0.9313,0.9623,0.9692,0.9754,0.8992,2.25470051744125,0.9756,2.8546431881362424,3.0291138928718757,2.991679812371204,0.9584,0.9844,0.9907,0.9943,0.9419,6.246362532684879,0.9943,7.908427800776853,12.216362597629743,10.234677375267191,0.9584,0.9779,0.9827,0.981,0.9047,3.852039108321727,0.9807,4.877010102203762,6.374274380524739,5.745089872793312,0.947,0.9799,0.9912,0.9979,0.9232,4.656308859518348,0.9979,5.895284213961617,9.892841981330102,7.357227488679672,0.971,0.974,0.9799,0.9898,0.9896,0.9369,0.6146551648909475,0.7782058707734438,0.6745945407784659,0.6704143892613103,0.9811,0.9778,0.9972,0.998,0.9646,13.166326803495352,0.9981,16.66969286237057,18.90643390160469,18.29058172766568,0.9811,0.9802,0.9816,0.9952,0.9732,8.056909375625747,0.9952,10.200734549288256,12.9922147025249,12.869446611095462
0.976,0.9819,0.9929,0.9881,0.9895,0.9259,3.5605280363067795,4.507932218220242,5.2671762511899445,4.8492158710090125,0.9396,16.12250164229789,0.9604,0.9705,0.9761,0.9921,0.9328,2.870550362330259,0.9921,3.6343616256971982,4.091224338506052,3.731716566851589,0.9615,0.9518,0.9613,0.9877,0.9466,6.403040994912072,0.9877,8.106796099122786,9.055899432927664,8.664658603736621,0.9863,0.9911,0.9937,0.9925,0.9548,4.638576796877572,0.9925,5.872833910057601,7.0267062844437245,6.610082215964872,0.9504,0.9818,0.9871,0.9915,0.928,4.759592125119772,0.9915,6.026049638600879,7.140597369596005,6.921112720380495,0.9327,0.9589,0.965,0.9706,0.97,0.8913,0.4969128477052167,0.6291340534258074,0.5736023857953358,0.57129540804958,0.9673,0.9819,0.9915,0.9946,0.9454,10.762607345826671,0.9949,13.626378984121446,15.870472020169847,13.418400158496675,0.9912,0.9575,0.9623,0.9988,0.9871,13.326642508600637,0.9988,16.872666220468442,30.19096216481776,26.698167202520807
0.9689,0.9836,0.992,0.9878,0.9876,0.9111,3.3858703215619,4.286800652500049,5.185168037678222,4.728556783382964,0.9467,16.6470609979774,0.954,0.9844,0.9928,0.9959,0.9239,2.7470210703187026,0.9959,3.477963004572888,4.800320486101715,3.957693555628167,0.951,0.978,0.9824,0.9872,0.9307,5.634919135139626,0.9873,7.1342883014369285,9.092927407303431,8.625428794648759,0.9688,0.9803,0.9874,0.983,0.9208,3.961150249046933,0.9835,5.015154113885837,6.1872420048731325,5.683285382423582,0.9775,0.9906,0.994,0.9974,0.9639,6.426991576189011,0.9974,8.137119578079412,9.379074647108872,8.643123104841706,0.9684,0.9819,0.9912,0.9949,0.9949,0.936,0.5931826947867345,0.75101989195218,0.7677192260976446,0.719234881642808,0.9512,0.9706,0.9766,0.9816,0.9239,9.592876202127105,0.982,12.14539957444701,11.539487196038852,11.470858140218096,0.9682,0.9885,0.9933,0.9958,0.9569,5.93102672413309,0.9958,7.509185768012626,13.746434807670829,9.9036258048187
0.9754,0.9726,0.984,0.9829,0.9821,0.9246,3.547267955520966,4.491143824818747,4.790218105398548,4.501782792063218,0.8812,12.957661112926832,0.9579,0.9778,0.9871,0.9959,0.9296,2.767962977321627,0.996,3.504477245249217,4.768611852753181,4.151301740724803,0.9865,0.998,0.9986,0.9993,0.9786,10.96698605309194,0.9993,13.885139861666724,21.3571314909689,18.38923822584816,0.972,0.9911,0.9944,0.9922,0.927,4.095551190388624,0.9923,5.185317170448027,6.827003175174338,6.40250681594774,0.9726,0.9563,0.9671,0.9906,0.9572,6.068118601510662,0.9906,7.682755779141562,6.97178643547386,6.775177574995226,0.9277,0.9651,0.9723,0.9777,0.9777,0.887,0.4765208079479144,0.6033159915878442,0.6276767840529058,0.600022485286944,0.9607,0.9682,0.9779,0.998,0.9354,10.355439227703382,0.998,13.110869413854452,18.85120244564835,14.794353743773325,0.9692,0.976,0.9943,0.9956,0.958,5.89275478536683,0.9956,7.4607302288176225,13.531607667036605,10.233550172428302
0.9611,0.9712,0.9785,0.9766,0.9763,0.8931,3.256175908204926,4.12259646184817,4.564099035707655,4.354265621950301,0.9355,15.570061788133629,0.9805,0.9883,0.9925,0.9984,0.9613,3.329439113291859,0.9984,4.215353929070373,5.707515944920768,4.985740591039998,0.965,0.9736,0.9801,0.9899,0.9504,6.8242130277857695,0.9899,8.640035820041831,9.97670209564532,9.208456321927343,0.9746,0.9926,0.9962,0.9952,0.9329,4.219033357679698,0.9952,5.341656127656321,7.437711653588185,6.590024125968823,0.9352,0.9763,0.9877,0.9867,0.91,4.029306042981787,0.9869,5.10144516291125,6.455162028010903,5.636783522487031,0.9781,0.9886,0.9919,0.9946,0.9946,0.9473,0.6274016643564395,0.7943440264133081,0.7475178073313429,0.7370094844643207,0.9548,0.9819,0.9869,0.9909,0.9278,10.07271283802046,0.991,12.752913687064346,14.05715408048814,13.767090129807602,0.9749,0.9788,0.9921,0.9961,0.9651,6.75014068682616,0.9961,8.546253917782982,14.972545531780908,11.000637250771122
0.965,0.9476,0.9551,0.9683,0.9679,0.9005,3.3095685390808187,4.190196087096632,3.992311611311898,3.8657620420538894,0.9134,14.357297338689971,0.9697,0.9857,0.9925,0.9947,0.9438,3.000331055799585,0.9947,3.798675054331282,4.576306669802398,4.062515716606407,0.9454,0.9819,0.9874,0.9879,0.9222,5.371909641547459,0.9879,6.801295847011059,9.282539653302972,8.422854675580647,0.9847,0.9909,0.9943,0.992,0.952,4.543291902670226,0.9922,5.752195105889512,6.849777141299193,6.392468338638576,0.9515,0.9754,0.9926,0.9965,0.9304,4.620709943895704,0.9966,5.850212950083724,8.675127623191543,6.75376231667784,0.9671,0.9762,0.9827,0.9808,0.9805,0.9347,0.5929116089630098,0.7506766741748696,0.6317655347894028,0.6150457971990988,0.9692,0.9718,0.9822,0.9871,0.9474,11.04270348043921,0.9873,13.9810045836234,13.064898097170268,12.446573660889864,0.9225,0.9273,0.9378,0.9533,0.9012,2.954410529710419,0.9537,3.740535751136888,3.670212150046154,3.5550601298617583
0.9836,0.9979,0.9991,0.9989,0.9988,0.9388,3.790020186261266,4.79848885646583,6.568593521134993,5.851016841401537,0.9192,14.628589460335135,0.9769,0.9871,0.9914,0.9947,0.9569,3.078495883143382,0.9947,3.8976383934544914,4.605802944433996,4.0652997345943085,0.9419,0.938,0.9467,0.9679,0.9188,4.999133858051896,0.968,6.329329906157236,6.152889791709114,5.673937564067254,0.9686,0.96,0.9662,0.9721,0.9181,4.023997957540004,0.9723,5.094724673945547,5.6178647004961615,5.227134329916211,0.9533,0.9787,0.9856,0.989,0.9356,4.634419773698135,0.989,5.867570764105263,6.683144407730244,6.1065987456939,0.9473,0.974,0.9769,0.98,0.9799,0.9118,0.5267177242072865,0.666869569527268,0.6195646341145995,0.608229473701132,0.9711,0.9779,0.9854,0.9912,0.9502,11.38517043119347,0.9913,14.41459695678784,14.413375052337347,13.248992892560713,0.9512,0.9493,0.9573,0.982,0.9374,4.191032452051967,0.9821,5.3062045925661705,6.443028278001189,6.214541175577372
0.9751,0.9368,0.9495,0.9668,0.966,0.9219,3.531976793346516,4.471783909121597,3.883817445235133,3.7226212946203816,0.9156,14.425046763263758,0.9806,0.9854,0.9876,0.9997,0.9601,3.536358593631601,0.9997,4.4773316420638825,7.151941843814883,6.197953847542064,0.953,0.9772,0.9813,0.9826,0.9344,5.7680841874530975,0.9827,7.302886617064169,8.178376029262273,7.482591330964272,0.9588,0.9663,0.9677,0.9725,0.903,3.7276106209564017,0.9729,4.719473023057383,5.466362066495284,5.314558594190773,0.9592,0.9808,0.9847,0.9941,0.9409,5.174109033558275,0.9941,6.55086340428189,7.865035267774665,7.406871985002974,0.941,0.9328,0.9401,0.951,0.9494,0.9025,0.5198820610258619,0.6582150368359849,0.5339794246595131,0.5195654832840297,0.9716,0.9921,0.9957,0.9992,0.9508,11.431508332495929,0.9992,14.473264692605678,21.364675863196368,16.659373082318833,0.9809,0.9863,0.9931,0.9979,0.9729,8.23409745870616,0.9979,10.425069777169622,21.592754908349,14.2284720884712
0.9626,0.9672,0.974,0.9765,0.9758,0.8987,3.289239624663905,4.16445794732439,4.636533805347264,4.455434231136684,0.9188,14.625000050570009,0.9541,0.9754,0.9803,0.9875,0.9268,2.509269410450878,0.9873,3.1769491222148045,3.6834258807972553,3.426065159054504,0.9932,0.9888,0.9951,0.9999,0.9888,14.65524447527282,0.9999,18.554789644207798,39.20337655754414,24.79017353855171,0.9424,0.9624,0.9701,0.9666,0.8795,3.4463586276561013,0.9658,4.3633840078583335,5.427398900593703,5.04808559789088,0.9532,0.9866,0.9936,0.9934,0.9338,4.793857683400124,0.9935,6.069432758343851,7.627243340183671,6.568836928532423,0.9709,0.9837,0.9903,0.9976,0.9976,0.9377,0.5957882290902826,0.7543187206407546,0.8109838195053262,0.7823527866632456,0.9607,0.9571,0.9654,0.9843,0.9354,10.294687315823904,0.9847,13.033952311085606,12.370540062343132,11.798786839439336,0.9445,0.9609,0.9689,0.9795,0.9286,3.881651288484659,0.9795,4.914501648302268,6.12490116083162,5.761488521473679
0.9865,0.9799,0.9878,0.9907,0.9911,0.9479,3.842850073359951,4.865376000088529,4.937158474728276,4.653929717963937,0.9258,15.003990811760596,0.9773,0.9766,0.9795,0.9919,0.9572,3.104616471610671,0.9919,3.930709286622545,3.959793806691203,3.9308853767909535,0.9717,0.9734,0.9777,0.9933,0.9586,7.537905153909445,0.9933,9.543630931900632,11.303206966274228,11.04815684095839,0.9603,0.9723,0.9791,0.9795,0.9095,3.802519851760436,0.9788,4.814314499248614,6.468754782736601,5.72307307658633,0.97,0.9732,0.9896,0.9989,0.9538,5.762071212447344,0.9989,7.295273677781177,11.692827000213043,8.351273807522281,0.9516,0.9455,0.9543,0.9772,0.9772,0.9174,0.5125210943400498,0.648895425098104,0.5932462565675017,0.5829581443855975,0.9663,0.9895,0.9966,0.9988,0.9409,11.336000959539051,0.9988,14.352344211362546,20.42043208091506,16.317988446150473,0.9412,0.9609,0.9748,0.9796,0.9226,3.7661431510285577,0.9797,4.768258493074911,6.069521567884957,6.031631514073755
0.9598,0.9649,0.9777,0.973,0.9732,0.895,3.228675841779711,4.087779031911566,4.555097686705103,4.230927458284205,0.9643,18.76136816528585,0.9765,0.9807,0.9843,0.9908,0.9561,2.9582482602724767,0.991,3.7453946453989584,4.046790828665654,3.76853132153928,0.9591,0.9687,0.9756,0.9857,0.944,6.108441128492204,0.9857,7.733807537938747,8.793762250233982,8.123190772254947,0.9328,0.973,0.9842,0.9802,0.8626,3.262100847650594,0.9809,4.130097940602382,7.009264739888337,5.775501755301079,0.9396,0.9634,0.9641,0.9662,0.9162,4.018831137001521,0.9663,5.088183038397761,4.588429325816924,4.586439510364605,0.9678,0.9529,0.9546,0.9937,0.9936,0.9358,0.585334544232614,0.7410834638787022,0.7177072694306847,0.7163073697433651,0.9587,0.9907,0.993,0.9949,0.9329,10.349851550792616,0.9949,13.103794938238984,15.873381031682932,14.887759395518636,0.9605,0.9854,0.9933,0.994,0.9471,5.119622720271426,0.994,6.4818790838066045,12.23281659520676,9.100072838698328
0.9687,0.9355,0.949,0.962,0.9621,0.9085,3.403446780664504,4.309053949051266,4.086330919405825,3.807873393459696,0.9391,15.969093513830902,0.9748,0.982,0.9941,0.9962,0.9523,3.078241705516179,0.9962,3.8973165828962992,4.9106474256486985,4.277379225749222,0.9013,0.9337,0.9365,0.9385,0.8736,3.6710337672331335,0.9388,4.647841900059906,4.481739595791892,4.431270150159868,0.9668,0.9717,0.9807,0.9768,0.9225,3.979620419935647,0.9753,5.0385389257947,6.319596249876828,5.900088307440461,0.9404,0.9683,0.979,0.9817,0.9171,4.060345512735913,0.9818,5.140743779384507,5.854832898306992,5.036099216242285,0.9769,0.9893,0.9921,0.9977,0.9977,0.9447,0.6401480148507379,0.810481993442933,0.8247439691653182,0.7720583045648852,0.9649,0.9891,0.9935,0.9931,0.9393,10.864504268814066,0.9931,13.755389180751957,14.865297104339412,13.828616672387184,0.9726,0.9815,0.9827,0.9913,0.963,6.355153290022147,0.9914,8.046166179760087,9.644187418916262,9.612762967245052
0.9791,0.9827,0.9852,0.9881,0.9883,0.9319,3.630020416311381,4.595915499224957,4.802725501857688,4.717567197416665,0.941,15.959646264976854,0.9403,0.9559,0.9681,0.9691,0.9104,2.4000208219408226,0.9691,3.038631089912382,2.9661685652892222,2.852469225737547,0.9536,0.9605,0.9653,0.9879,0.9356,5.723503912828781,0.9879,7.246444186551946,9.168838243962837,8.288664062202667,0.986,0.9954,0.996,0.9961,0.9542,4.621072293411702,0.996,5.850671715480532,8.185620183902806,7.701989301650456,0.8978,0.942,0.9645,0.9826,0.8649,3.0201613379150016,0.9827,3.82378188307492,5.952583079034579,4.412112104299699,0.9593,0.9694,0.9775,0.9799,0.9795,0.9235,0.5657861177269072,0.7163334883801264,0.6292640946465121,0.6046077357471318,0.9406,0.971,0.9766,0.9781,0.9128,8.922001314323222,0.9786,11.296014738746354,11.589386083555656,11.049074319939008,0.9307,0.9514,0.9631,0.9716,0.9107,3.365102056380185,0.9717,4.260506257181565,4.996574439590841,4.81664163106723
0.9864,0.9841,0.9909,0.9905,0.9901,0.9463,3.8234212100226928,4.840777401760323,5.484095627728795,5.102994614254031,0.9579,17.288786972290804,0.9611,0.9535,0.973,0.9899,0.9355,2.736297324058837,0.9899,3.4643858270385666,3.9056242612281538,3.529452499284432,0.9286,0.9303,0.9361,0.9617,0.9034,4.522712098934996,0.9621,5.726139318838634,5.732795763231562,5.467882724045354,0.9772,0.9853,0.9856,0.9872,0.9355,4.308973264743862,0.9872,5.455527722156903,5.832921171752551,5.802442892471653,0.9736,0.9909,0.994,0.9989,0.9586,6.12479439962709,0.9989,7.754512174181047,11.72151589186636,10.048069935009586,0.9781,0.9928,0.9962,0.9958,0.9957,0.9473,0.6346057143137753,0.8034649681874466,0.7885105498018593,0.7421385211563833,0.9784,0.9924,0.9933,0.9973,0.9618,12.428733155511056,0.9973,15.735836384961129,17.58559420101252,17.38570377672331,0.978,0.9871,0.9923,0.9949,0.9707,7.154806885577281,0.9949,9.058595844703204,12.93752931417618,11.286921628331392
0.972,0.967,0.9759,0.9781,0.978,0.919,3.4715080881519182,4.39522537017423,4.494701603387285,4.238058552562947,0.9174,14.821402185576892,0.9737,0.9804,0.9907,0.9913,0.9507,3.046163130797157,0.9913,3.856702370898559,4.089959133004018,3.7480050361202735,0.9721,0.9415,0.9557,0.9907,0.9597,7.489998253218269,0.9908,9.482976709016084,10.153088748628358,9.760759491608423,0.9574,0.9695,0.9775,0.9738,0.9058,3.745950775148369,0.9734,4.742693222737331,6.890616101475026,5.996039464780338,0.9318,0.9611,0.9756,0.9759,0.9075,3.881849567381341,0.9761,4.914752686299282,5.308118375868513,5.188109504945665,0.9783,0.9694,0.9798,0.9925,0.9923,0.9485,0.6268466651052879,0.7936413500181658,0.742663504462447,0.6903568885398829,0.9582,0.9814,0.9918,0.9962,0.9322,10.382855820150237,0.9962,13.145581158613858,16.74476283155697,14.285427294093546,0.9369,0.9503,0.9586,0.9777,0.9192,3.4734368149920645,0.9777,4.397667302880329,5.82419140144195,5.324075395025628
0.9655,0.9766,0.9879,0.9858,0.9854,0.9052,3.3398406178946205,4.228523121178573,5.101355145416081,4.524119741775137,0.9708,18.84399989687668,0.9697,0.9836,0.9926,0.9982,0.9433,3.0976531342020346,0.9982,3.9218931074685983,5.586130376976465,4.519637324804634,0.9771,0.9756,0.9796,0.9962,0.9663,8.291522320503292,0.9962,10.497774550726373,14.514987382382769,12.728054553936254,0.969,0.9766,0.98,0.9804,0.9225,3.984396892246515,0.9803,5.044586347188391,5.663026689992163,5.408773404037133,0.9426,0.9828,0.9905,0.9928,0.9182,4.397430005004994,0.9928,5.567521500966046,7.412390575239802,6.33488587623771,0.9454,0.9758,0.982,0.9865,0.9862,0.9074,0.5430372019204046,0.6875314204149248,0.6605981463985533,0.644990033676769,0.9772,0.9786,0.9872,0.9945,0.9615,11.9134365497795,0.9949,15.083426925681511,15.228540110848302,15.185315734412429,0.9599,0.9758,0.9895,0.9919,0.9468,4.944280704980046,0.9919,6.25988113522155,10.210334991164103,8.220721697897716
0.9686,0.9624,0.9657,0.9744,0.9744,0.9102,3.374669898474215,4.2726199614396725,4.565600535764135,4.433949635542245,0.9042,14.035501984760476,0.9618,0.9756,0.986,0.9951,0.9342,2.9167854793119656,0.9951,3.6928992277971417,4.626437880335525,4.143759174408787,0.9688,0.9879,0.993,0.9963,0.953,7.209505752643465,0.9963,9.127849276394636,14.712814854598678,12.023956144094898,0.9459,0.9452,0.9631,0.9612,0.8844,3.477164681838838,0.9613,4.402387100307127,5.127856168552038,4.503638898113574,0.9684,0.9772,0.9845,0.9989,0.9524,5.778625637788771,0.9989,7.316232992408046,11.72125841987306,8.97029454243844,0.9671,0.9758,0.9826,0.9949,0.9949,0.9349,0.5920508351631149,0.7495868611174863,0.7531892291381727,0.7379651367054161,0.9873,0.9788,0.9801,0.9998,0.9749,14.751848240896267,0.9998,18.677098252092552,31.85527404947688,25.54932363566554,0.9885,0.9884,0.994,0.9989,0.9841,11.453625320128406,0.9989,14.501266685597102,30.4629423496234,19.474525982701245
0.9668,0.9462,0.9488,0.9658,0.9648,0.9071,3.3591769137997343,4.25300452124139,3.8589462991325223,3.8194084836523183,0.9379,15.811395787546155,0.9714,0.9877,0.9918,0.9986,0.9461,3.074995878056102,0.9986,3.893207088452536,5.787435734226621,4.640874311627317,0.9482,0.9858,0.987,0.9879,0.9268,5.489725013910547,0.9879,6.9504601584450665,9.16795036620783,9.004064227924452,0.9416,0.9654,0.9806,0.9726,0.8784,3.412293176775698,0.9734,4.3202542411534886,5.562550419643092,4.966292822932043,0.9619,0.9645,0.9818,0.9938,0.9452,5.206844239626396,0.9939,6.592308967580314,7.780483025493867,7.185249913056891,0.9169,0.9665,0.9873,0.9935,0.993,0.8782,0.4524746597396575,0.5728715167440117,0.7503999718121074,0.6023516279467229,0.9767,0.9701,0.9734,0.9973,0.9605,11.720975722479178,0.9973,14.839755100804556,18.16497876175848,15.537203899785691,0.9866,0.9892,0.993,0.9983,0.9814,10.465850169468826,0.9983,13.250659084530591,22.857547556003578,20.232113811820657
0.9812,0.975,0.9777,0.9836,0.9833,0.937,3.6917539111655455,4.674075369771879,4.550383668032984,4.490257608611684,0.9441,16.239202575694073,0.9497,0.9455,0.9509,0.9701,0.9226,2.453252574062438,0.9707,3.106027028934463,2.941066529138316,2.8356299408871237,0.8891,0.9296,0.9416,0.9466,0.8575,3.4733691849750565,0.9466,4.397581677509743,4.890369161391994,4.5734379512501375,0.949,0.9635,0.9695,0.9695,0.8895,3.5519204821904173,0.9697,4.49703432045745,5.337751789672787,5.177362826772809,0.9532,0.9562,0.974,0.9833,0.9331,4.789406596410414,0.9835,6.063797302523136,5.975853618195114,5.585008410655656,0.9698,0.9703,0.9873,0.9867,0.9866,0.9377,0.5739659955896785,0.72668991152374,0.6590360985887436,0.6480632101396594,0.9397,0.9604,0.9646,0.9763,0.9102,9.18948821639096,0.9765,11.634675974239345,11.27051994853132,10.849650923585498,0.9708,0.9811,0.9917,0.9923,0.9605,5.986827209481148,0.9923,7.579833942420419,10.414416175865917,9.314925552511545
0.9724,0.9694,0.9804,0.9809,0.9816,0.9178,3.467489672795573,4.390137713549611,4.631205170126265,4.295965129555011,0.9396,15.919424732099705,0.9646,0.9824,0.995,0.9974,0.938,2.9443199165988188,0.9974,3.7277601741765216,5.281567361845448,5.039812746981608,0.9667,0.9879,0.9903,0.9918,0.9521,6.872216902032363,0.9918,8.700812819719687,10.35453813997691,10.317129216673312,0.9827,0.9871,0.9893,0.9908,0.9473,4.442004642196623,0.9908,5.623956794007595,7.185193510132078,6.83552627430654,0.9418,0.9804,0.9893,0.9974,0.9177,4.419059074816557,0.9974,5.594905748375265,9.27791092828538,6.974356715472886,0.9386,0.9058,0.9381,0.9618,0.9616,0.9017,0.4929306039943415,0.6240921931899086,0.5741219829014713,0.5215662880458507,0.9235,0.9433,0.9559,0.9577,0.8925,8.012787129135255,0.958,10.144872021464698,9.564480648971376,9.247617456391875,0.9504,0.9673,0.9689,0.9768,0.9367,4.109901271423501,0.9769,5.203485597145292,5.546934031725165,5.507456680110895
0.9866,0.986,0.9869,0.9907,0.9909,0.9479,3.839981661732496,4.861744346283625,5.305633765424004,5.258257746639602,0.9535,18.165582111004287,0.9497,0.9635,0.9737,0.9833,0.9216,2.5187887169362773,0.9834,3.1890013762521456,3.455076841716004,3.133789237392244,0.9308,0.9684,0.9727,0.9722,0.9043,4.771937563945375,0.9724,6.0416800172589085,6.65193712816205,6.485736877009446,0.9529,0.9582,0.9696,0.9691,0.8935,3.6789405314777057,0.9687,4.657852538065429,5.085987151071328,4.716687368852284,0.9791,0.9899,0.9972,0.997,0.9663,6.342646127579815,0.9971,8.030331045207747,9.065536941353026,8.670109517247608,0.9592,0.9782,0.9876,0.9986,0.9986,0.9227,0.5706707692858757,0.7225178739299429,0.8445393587450729,0.7561672200196257,0.9848,0.9945,0.997,0.9965,0.969,13.811083719602712,0.9966,17.48601011795818,17.183726172073875,16.74193548415005,0.932,0.9592,0.9657,0.9645,0.9131,3.2981141033916312,0.9645,4.175693794414679,4.42236284513848,4.083680155628473
0.9644,0.973,0.9831,0.983,0.9835,0.9044,3.318835583828119,4.201928956254818,4.907061423258366,4.4055398738630736,0.9559,17.576320880545936,0.9834,0.9844,0.9958,0.9991,0.9687,3.5939364064602257,0.9991,4.550230064673703,6.471261767320824,5.673901513944008,0.9491,0.9829,0.9901,0.9909,0.9284,5.620425082965589,0.9909,7.1159375949963,10.379784127463427,8.907671970881191,0.9906,0.9972,0.9985,0.9976,0.9661,4.990161893138603,0.9977,6.317970633240142,11.590013431352745,8.99268143309066,0.9807,0.9876,0.9931,0.9984,0.969,6.796320563884259,0.9984,8.604721581427496,10.873888683695457,10.13308437205938,0.976,0.9686,0.9821,0.9904,0.9904,0.9438,0.6183633467589418,0.7829007453379175,0.7210610201985074,0.6567507466889144,0.9349,0.9483,0.9683,0.9811,0.9059,8.373911972392538,0.9811,10.60208687811496,11.954058481824957,10.757674451740352,0.9824,0.9946,0.9956,0.9966,0.9749,8.44335064976953,0.9966,10.690002167012118,16.476793795722664,15.056641385912144
0.9824,0.972,0.9785,0.9838,0.9825,0.9388,3.7178013078533994,4.707053595903678,4.743541334194182,4.427209646758802,0.9277,15.28786456548602,0.9572,0.9514,0.957,0.9777,0.9298,2.653967561634529,0.9782,3.3601493248213488,3.110696278579857,3.0155641742711503,0.9692,0.9616,0.9666,0.9986,0.9541,7.507674835976818,0.9986,9.505356770656592,17.87485438387806,13.514263640653946,0.9545,0.9782,0.9825,0.9799,0.8963,3.643084615098043,0.9802,4.612455889306175,6.007722179883103,5.6188398611427,0.9311,0.9523,0.9653,0.9679,0.9071,3.919884609914007,0.968,4.962908294654562,4.736576733254038,4.695691486106857,0.9409,0.9871,0.9915,0.9932,0.9932,0.901,0.5461947746370657,0.6915291768251157,0.7406757664517079,0.719276582545392,0.9759,0.988,0.9903,0.9986,0.9573,11.8569683802103,0.9986,15.011933406094188,19.63407655990564,17.381757868224717,0.9745,0.9813,0.9915,0.9952,0.9648,6.506366822409047,0.9952,8.23761541075248,13.06851787003879,10.751215021689225
0.9805,0.9629,0.9641,0.978,0.9782,0.935,3.6663813042433695,4.641951485045119,5.524105152148669,5.063530846608296,0.9427,16.324812897442833,0.988,0.9819,0.989,0.9982,0.9772,3.835224052664591,0.9982,4.8557208073646185,5.464923183358619,5.337063485488567,0.9588,0.9914,0.9952,0.9948,0.9419,6.456079525058335,0.9948,8.173947402641632,12.476659357815798,11.76578766403609,0.9662,0.9651,0.9721,0.9754,0.9202,3.93621997399284,0.9756,4.98359025903637,5.303817557902487,5.076466299577882,0.953,0.9816,0.9857,0.986,0.9327,4.7873055392722526,0.9861,6.061137184959434,6.330041613632684,5.981924963725394,0.9755,0.9871,0.9891,0.9937,0.9937,0.9429,0.6230597992267302,0.788846854784325,0.7400891284665068,0.7189402300735472,0.9685,0.9933,0.9957,0.9951,0.9467,10.794228407927749,0.9951,13.6664139461176,16.04278491742341,14.9232598903542,0.983,0.9846,0.989,0.9982,0.9757,8.702205621872624,0.9982,11.017734642839054,22.4389717934797,14.843566899186698
0.9754,0.9775,0.9828,0.9861,0.9858,0.9241,3.591243225075484,4.546820267303765,4.734137101379488,4.545126254181474,0.9311,15.33424008305632,0.9737,0.9857,0.9901,0.9928,0.9503,3.0657593605866644,0.9929,3.881512869432196,4.240257573812392,3.9277175566404665,0.9673,0.9644,0.9699,0.9963,0.9524,7.060130408622868,0.9963,8.938727348677237,14.63297963068718,11.19966777887552,0.9527,0.9563,0.9605,0.9607,0.8939,3.605751199223136,0.9592,4.565188600150582,4.826916771444713,4.690170204259607,0.9264,0.9636,0.9693,0.97,0.9015,3.886900213969751,0.9701,4.921147235716271,4.861883511499169,4.802332588595494,0.9482,0.9634,0.9768,0.9826,0.9824,0.9128,0.5229335558143251,0.6620784895402959,0.6546262962565637,0.5942397406913815,0.9514,0.9899,0.9923,0.9935,0.9231,10.06910933795156,0.9935,12.748351348587216,15.209039756264508,14.380794837397348,0.9756,0.9887,0.9961,0.9961,0.9659,6.9795022479207365,0.9961,8.836645219392281,14.974281666002335,12.284312253268604
0.9557,0.9389,0.9424,0.9596,0.9593,0.8842,3.152818376500862,3.991737009987832,3.961479191639385,3.925099296892828,0.9328,15.366617552509515,0.9674,0.9795,0.98,0.9931,0.9425,2.8926111649265587,0.9931,3.662292483640059,4.100557681171413,4.079754459776673,0.9216,0.9326,0.9415,0.949,0.899,4.037807927486544,0.9493,5.112209273931796,5.002150551005187,4.811059717620114,0.9622,0.9754,0.9844,0.9799,0.9098,3.808167697050779,0.9803,4.821465153165181,5.730833980481147,5.313733690738975,0.9525,0.9745,0.9797,0.9862,0.9326,4.622319422553006,0.9862,5.852250687357466,6.409927214279718,6.070480083872895,0.9845,0.9732,0.9796,0.9978,0.9977,0.9593,0.6742400395925165,0.853645404923113,0.8075416558218288,0.7815091079125873,0.9713,0.9935,0.9943,0.998,0.9501,11.538562625919392,0.9981,14.608804560148196,19.037335912259792,18.194698135044916,0.9531,0.9753,0.9802,0.989,0.9379,4.406986786178853,0.9891,5.579621201155687,8.9819556502421,7.157726075204017
0.9893,0.9932,0.9969,0.9963,0.9964,0.9542,3.949632968200289,5.000572253873654,5.690212505603331,5.229937101974471,0.9636,18.370200279744047,0.9686,0.994,0.9982,0.9982,0.9415,3.060606673697613,0.9982,3.874989128290237,5.622963013877533,4.500655612462999,0.9583,0.946,0.9536,0.9879,0.9419,6.249798016286547,0.9879,7.912777416074138,9.056571159964893,8.0778430717466,0.9509,0.9762,0.985,0.9791,0.8922,3.582555777159799,0.98,4.535821217175839,6.224096466502093,5.495363394979808,0.9443,0.9738,0.9764,0.9845,0.9208,4.523160058400299,0.9847,5.726706473734061,5.933418151816213,5.91700587631536,0.9369,0.9421,0.9513,0.9504,0.9493,0.897,0.516932822687453,0.65448104952024,0.5379419970931463,0.525141035937927,0.9553,0.9556,0.9847,0.986,0.9285,10.211631327847456,0.986,12.92879634537005,12.694125761800452,11.61871410298252,0.9691,0.9733,0.9756,0.9949,0.9575,6.108327817371273,0.9949,7.733664076393854,12.928772457676937,11.155824079020624
0.9683,0.9923,0.9967,0.9944,0.9944,0.9116,3.433772368977837,4.347448730724143,5.625631410019636,5.187405628817566,0.9112,14.24958724930288,0.9509,0.9752,0.9795,0.9845,0.9222,2.6073246668313974,0.9851,3.3010954412147493,3.5025933423698548,3.3663800752575668,0.9477,0.9819,0.9864,0.9854,0.9268,5.325500881511061,0.9853,6.742538397991577,8.759241678255481,8.158501989617513,0.9711,0.9782,0.9808,0.9823,0.9294,4.06745195157984,0.9817,5.1497411371625335,5.5734808458724325,5.490741443093794,0.9484,0.974,0.977,0.9762,0.9261,4.389705679247031,0.9763,5.55774184564715,5.328913466309769,5.244601312252419,0.9781,0.9902,0.9962,0.9973,0.9973,0.9473,0.62720467265254,0.7940946181121584,0.8125307935125291,0.7731440352033031,0.9758,0.9596,0.9644,0.9919,0.9572,11.8252744138003,0.9922,14.971806141023968,14.31317979729364,14.006626728099048,0.9783,0.976,0.9852,0.9973,0.9706,7.761984207113131,0.9973,9.827334127905504,19.35661920053565,14.392644991801944
0.971,0.948,0.9588,0.9699,0.9694,0.9161,3.4935443563520754,4.423125165478711,4.147530427830679,3.974257407401201,0.9138,14.493084038196455,0.9721,0.9899,0.9947,0.9973,0.9475,3.07063317018153,0.9973,3.887683528130606,5.2614443400490565,4.251774441629359,0.9792,0.9774,0.9837,0.9984,0.9694,8.706127728756522,0.9984,11.02270036472214,17.18383808993504,13.242643661526705,0.9547,0.9647,0.971,0.9707,0.8966,3.639394627326144,0.9706,4.607784050019371,5.152689399832409,4.884442691728619,0.9407,0.9747,0.987,0.9901,0.9161,4.335241628218404,0.9902,5.488785711089813,6.837523397519927,5.855789176297445,0.9769,0.9741,0.9789,0.999,0.999,0.9449,0.6348789408901319,0.8038108963402018,0.857464485214612,0.7532598262288862,0.9673,0.9658,0.9763,0.9875,0.9457,10.429275971029677,0.9878,13.204353029412308,13.111662936503013,12.539446701768956,0.944,0.9646,0.9754,0.9841,0.9275,3.845852401923927,0.9841,4.869177204158605,7.030530062771824,5.601332703635943
0.9719,0.9662,0.9797,0.9794,0.9797,0.9183,3.462939400854445,4.384376681119614,4.614279953002743,4.219269635807318,0.9196,14.75199801707808,0.9578,0.9586,0.9716,0.9809,0.9309,2.620616156264531,0.9813,3.3179236006430086,3.3076115058007,3.1429164785469963,0.9193,0.9621,0.9755,0.9794,0.8949,4.306684053895017,0.9795,5.452629385945369,7.621442341426346,6.694184044126448,0.9552,0.9705,0.9785,0.9748,0.8966,3.654026791815401,0.9751,4.626309618432488,5.436427768298378,5.147254823510634,0.9125,0.9444,0.96,0.9586,0.8858,3.416689074329942,0.9586,4.325819822441068,4.33331155750185,4.198644884956499,0.9734,0.947,0.9477,0.9997,0.9997,0.9415,0.6069471912041107,0.7684469185714753,0.8844961726352832,0.8442878815572319,0.9401,0.9688,0.9842,0.995,0.9107,9.315920798213892,0.995,11.79475040792462,15.873330474337337,14.525480104590631,0.9907,0.9923,0.9974,0.9979,0.9869,12.410684943954273,0.9979,15.712985809560948,21.61724985585392,21.43987984688692
0.9825,0.9751,0.9769,0.985,0.9844,0.9402,3.739938321021664,4.735080942931648,4.9984087060522775,4.784324622154803,0.9543,17.293262615639883,0.9753,0.9877,0.989,0.9947,0.9534,3.086839457008705,0.9947,3.90820206970112,4.557868053113867,4.265059074037697,0.9235,0.9654,0.9781,0.9821,0.899,4.458392731953035,0.982,5.644705513594886,8.051692491764413,6.458051521026793,0.9794,0.9832,0.9888,0.9879,0.9424,4.337431914972437,0.9879,5.491558800958778,6.345596156679195,6.121688635521377,0.9426,0.9652,0.969,0.9758,0.9203,4.151589232770509,0.9759,5.256266112325008,5.216762783979911,5.185637362850793,0.9734,0.9925,0.9944,0.9997,0.9997,0.9406,0.6218133857058863,0.7872687889439378,0.8963572842971269,0.805935999961441,0.9526,0.9572,0.9679,0.9933,0.9256,9.79542482992441,0.9934,12.401843415274303,15.10403874715928,13.39014020444932,0.9707,0.9719,0.9915,0.9937,0.9603,6.046408294737711,0.9937,7.655268678809459,11.86857100156879,9.84139255970091
0.9825,0.9938,0.9965,0.9946,0.9946,0.9379,3.7244446653998593,4.71546465325682,5.558880190974767,5.301159777541397,0.9055,14.338888316055066,0.9612,0.9754,0.991,0.9897,0.9356,2.738761527023044,0.9897,3.4675057181955258,3.964168466473003,3.419553539386889,0.9308,0.9526,0.9583,0.9639,0.9058,4.560872652106949,0.964,5.774453834369703,5.782288170766598,5.703056278428256,0.9649,0.9703,0.9724,0.9738,0.9137,3.863763405991299,0.9742,4.891854063172958,5.394293202096,5.259684225081265,0.9885,0.9931,0.9978,0.9991,0.9787,7.907469027439168,0.9991,10.011530320751664,12.05676745913642,11.048382095601758,0.9684,0.9772,0.9854,0.9874,0.9871,0.9359,0.595171116631582,0.7535374036264029,0.6710875002180717,0.650734981656799,0.9645,0.9826,0.987,0.994,0.9389,10.689656830818194,0.994,13.534017409212016,15.409892794251304,13.68008999467238,0.9724,0.985,0.9915,0.9956,0.9627,6.44122650626033,0.9956,8.15514221383407,13.530047255870867,11.683046228669957
0.9665,0.9688,0.9787,0.9778,0.9773,0.9038,3.345722481492644,4.235970062235161,4.679863542025851,4.31348106129702,0.9605,17.65369312443808,0.9581,0.9684,0.9735,0.9868,0.9306,2.743647073859639,0.9871,3.4736912372431887,3.619358352693572,3.413422186130041,0.9877,0.9932,0.9963,0.9995,0.9794,11.328077084311737,0.9995,14.342311909393253,24.94529435052678,21.61675547708092,0.9796,0.9891,0.9952,0.9929,0.9423,4.354575998569897,0.9928,5.51326467323749,9.016509494691858,6.955011104481079,0.9493,0.9776,0.9809,0.9819,0.9273,4.518985309456957,0.982,5.721420885452556,5.774543590629564,5.75014272853682,0.9468,0.9622,0.9673,0.9856,0.9855,0.9132,0.503426887419121,0.6373813833717148,0.6612534267232273,0.6291185203269356,0.9748,0.9884,0.995,0.9979,0.9547,11.838848560724388,0.9979,14.988992168947352,18.68758689581088,16.505091228202918,0.9593,0.9709,0.9742,0.9793,0.9469,4.603828450134694,0.9794,5.828839538937696,6.103455824245805,5.924319134339205
0.9607,0.9743,0.9775,0.9805,0.9806,0.8916,3.231573892165923,4.091448210913337,4.866511485773836,4.571635994458102,0.9035,13.853313806782984,0.9456,0.9432,0.9601,0.9793,0.9172,2.4842682713996878,0.9796,3.1452955475000914,3.289617484824734,2.9407511878989365,0.9425,0.9792,0.9839,0.9827,0.9187,5.21873640757642,0.9827,6.607365466644427,8.261133174204371,7.512142315624916,0.9678,0.9796,0.9843,0.9834,0.9194,3.9601611355987303,0.9834,5.01390181188592,5.811796261679521,5.496029801471969,0.9639,0.9816,0.9865,0.998,0.9465,5.46884361273521,0.998,6.9240225233078005,9.933747126085851,7.72874757824466,0.941,0.9784,0.9873,0.9847,0.9847,0.9019,0.5306548745729116,0.671854337741476,0.6719228449877637,0.6276660844144095,0.9723,0.9705,0.9735,0.9986,0.951,11.88063647928302,0.9986,15.041899238483648,19.586114238071065,19.12346381234508,0.9958,0.9874,0.9901,0.9997,0.9932,19.11575153266299,0.9997,24.20217207416471,53.2663237191412,32.53759238077991
0.9687,0.9777,0.9857,0.9841,0.985,0.9108,3.4022683233549227,4.307561921571216,4.82935636934592,4.565026511559052,0.8958,13.49612399079819,0.9805,0.9981,0.9994,0.9991,0.9605,3.419768723080858,0.9991,4.329718920463467,6.499164137483111,5.924277563614488,0.961,0.9809,0.9846,0.9928,0.9449,6.6510011868783,0.9928,8.420734853937391,11.038097930529863,10.126923775275635,0.9534,0.9562,0.9627,0.9678,0.8951,3.616091362000729,0.9684,4.578280128275467,5.175314715820335,4.8651433488367095,0.8812,0.9227,0.9389,0.9475,0.8477,2.775752661632683,0.9478,3.51433965007162,3.853207912103872,3.4271912366469293,0.9671,0.9829,0.991,0.9944,0.9944,0.9332,0.6218122932562766,0.7872674058095421,0.7578262233243247,0.685425983107445,0.9377,0.966,0.9777,0.9749,0.9087,8.55524626252608,0.9752,10.831671557810107,11.264265062733626,10.11526097530724,0.9712,0.9858,0.9935,0.9935,0.9607,6.115961879247079,0.9935,7.743329449938146,11.308226163619896,9.785587001483684
0.9566,0.9565,0.96,0.9675,0.9692,0.8864,3.1702731618203672,4.01383625715049,4.339587674727321,4.174138728540499,0.9475,16.8388996788331,0.9724,0.9667,0.9728,0.9846,0.9491,3.028131264605244,0.9847,3.833872490124616,3.3675101105198384,3.3307436691982013,0.965,0.9786,0.9817,0.9859,0.9513,6.514878812654175,0.9862,8.248392316502391,8.862940853010338,8.546158085383718,0.9552,0.9685,0.9867,0.9834,0.8981,3.730294965372664,0.9833,4.7228716320714055,6.046087969009397,5.05388716224358,0.9574,0.9506,0.961,0.9915,0.9404,4.940238955782588,0.9915,6.254763935963632,7.164849483083605,6.2973372976129145,0.9414,0.9789,0.9875,0.9873,0.9873,0.9026,0.5282051805573309,0.6687528161511358,0.6660145537082955,0.6560145186308429,0.9505,0.9783,0.9849,0.9907,0.9224,9.712051126666104,0.9908,12.296285194909805,14.16005976066588,13.129560966981876,0.97,0.9769,0.978,0.9898,0.9589,5.906413415831237,0.9898,7.47802322010976,9.359737064301068,9.165536972775625
0.9862,0.9879,0.9907,0.9931,0.9927,0.9455,3.8421296917561496,4.864463935527296,5.051326279348888,4.944453672771127,0.9547,17.211867668821505,0.9707,0.9548,0.9734,0.988,0.9497,2.775254930333827,0.9879,3.513709479789222,3.829181149791875,3.5234993665670338,0.9648,0.9385,0.958,0.9938,0.9496,6.687425832215446,0.9938,8.46685156207119,11.560346575201397,10.215254741663063,0.9622,0.9602,0.9766,0.971,0.9096,3.804752847076996,0.9722,4.817141661800913,7.707536088597616,5.881149649314452,0.9153,0.9402,0.9456,0.9631,0.8889,3.36810235350736,0.9631,4.264304889279363,4.453034045170409,4.452789831701229,0.9781,0.98,0.9862,0.997,0.997,0.9476,0.6218616325095412,0.7873298735129688,0.8097639903496457,0.7586946900789222,0.9811,0.9881,0.9889,0.9998,0.9649,13.13356761286166,0.9998,16.628216932566176,31.88275247117606,20.962684235209828,0.9817,0.9634,0.9668,0.9961,0.9738,8.06720887704244,0.9961,10.2137745966617,14.96020436073446,14.25226114380208
0.98,0.9837,0.9851,0.9886,0.9884,0.9343,3.649059992845504,4.620021227253003,5.04576179313307,4.903823774063572,0.9059,13.9982781709213,0.9798,0.9668,0.9695,0.9989,0.9597,3.315093958366104,0.9989,4.197191739247471,5.990359979660956,5.040504117267604,0.9699,0.9898,0.9915,0.994,0.9553,7.241279022528463,0.994,9.168076946429036,11.995742566608753,11.686707187159822,0.9628,0.9653,0.9754,0.9737,0.91,3.810397593148126,0.9733,4.824288391841583,5.319624921560029,4.9337543679906535,0.9521,0.9725,0.9943,0.9939,0.9307,4.762039589498293,0.994,6.029148337280509,7.7806781081003376,6.886479907400334,0.9412,0.9583,0.9701,0.971,0.9696,0.905,0.4983503342123498,0.6309540339659646,0.5999386443716448,0.5693471305958523,0.9578,0.9778,0.9819,0.9926,0.9318,10.187023659222124,0.9927,12.89764093777874,14.719151935536646,13.46501479465496,0.9603,0.9794,0.991,0.9919,0.9471,4.915478718377916,0.9919,6.223415363283079,10.121476234504128,7.902644335866744
0.9875,0.9955,0.9979,0.9961,0.9965,0.9485,3.870150315886285,4.899940435923541,5.917346494166404,5.4657152170934005,0.9446,16.268010264786568,0.9471,0.9834,0.9923,0.9973,0.9175,2.581742486471115,0.9973,3.268706218638073,5.179501136675306,4.06733589836228,0.9105,0.9242,0.9496,0.9639,0.8858,3.950743318449728,0.964,5.001978052005816,5.906746029596095,5.1117726548072575,0.9678,0.9706,0.9732,0.978,0.9187,3.934981389860214,0.9782,4.982022105869339,5.232378167470411,5.128560840452787,0.9367,0.9471,0.955,0.9612,0.9116,4.012897007153351,0.9612,5.080669923810011,4.455768247460287,4.179974808742474,0.9845,0.9915,0.9953,0.996,0.996,0.9585,0.6956263028412295,0.8807222385115974,0.7604952613931589,0.7577994430811323,0.9709,0.9784,0.9859,0.9973,0.9484,11.77941313561446,0.9973,14.91374185072922,17.913574869882474,17.328189625521812,0.9344,0.9642,0.9722,0.9812,0.9163,3.470433623306047,0.9812,4.393865006024121,6.304165961789941,5.803572012355365
0.9788,0.9823,0.9907,0.9893,0.9898,0.9311,3.638931268517553,4.60719739824173,5.155356384305959,4.72276360119066,0.9484,16.659058691011026,0.9837,0.99,0.9983,0.9984,0.9692,3.5113439981039773,0.9984,4.445661030302124,5.751462070451989,4.913108719336289,0.9799,0.9478,0.9715,0.9976,0.9707,8.969903720682069,0.9976,11.356663271422793,15.894177797303206,14.976412013290988,0.9383,0.9369,0.9479,0.9497,0.8727,3.366161820066325,0.9507,4.261848008409398,4.460279977638756,4.236211898886747,0.9702,0.9656,0.981,0.9969,0.9536,5.869877526232309,0.9969,7.43176566725106,8.844955973600527,8.413122833936823,0.9648,0.9736,0.9974,0.9966,0.9963,0.9344,0.5633935233950027,0.7133042598601029,0.7991679810494192,0.6988001974190974,0.9743,0.9832,0.9873,0.9963,0.9539,11.55466880625146,0.9963,14.629196358356506,16.881355887333424,14.580994541178018,0.9622,0.9639,0.9718,0.9929,0.9483,5.261663069185802,0.9929,6.661714282021343,10.795673454434596,9.571902307069037
0.9427,0.9317,0.9352,0.9513,0.952,0.8605,2.976302731030722,3.7682531454821167,3.8323703207651856,3.7596871456514585,0.9124,14.353525411188684,0.9597,0.9811,0.9866,0.9836,0.9337,2.712151462673951,0.9837,3.433815106807274,3.5539921979913736,3.3186378661425304,0.9447,0.9623,0.97,0.9724,0.9226,5.0170332259615975,0.9726,6.351992032803378,6.6541925323357,6.501334214500373,0.9732,0.9775,0.9791,0.9814,0.9292,4.165398709681812,0.9813,5.273750088086593,5.539938082121963,5.424280158481748,0.9828,0.9799,0.9951,0.9984,0.971,7.05827282668173,0.9984,8.936375491482165,11.008924867766432,9.804963520603415,0.9656,0.9738,0.9798,0.9886,0.9883,0.9347,0.5817879373600556,0.7365931570413067,0.6747279831341333,0.66066295503627,0.9794,0.9896,0.9915,0.9933,0.9645,12.207214487161185,0.9933,15.455374854590076,14.42882592610413,14.423208820598015,0.9397,0.9711,0.9838,0.9859,0.9223,3.521736353134843,0.9859,4.458818638271816,7.619726255599917,5.57347644365534
0.9677,0.9842,0.9923,0.9881,0.9879,0.9087,3.403381866100968,4.308971761676412,5.1424193260599775,4.811401702284135,0.9189,15.137760054017829,0.9662,0.9633,0.9669,0.9961,0.9414,2.8304168495332283,0.9961,3.583549174981111,4.799259585876293,4.1332250974362434,0.9495,0.9642,0.9763,0.9876,0.9301,5.544527493852193,0.9876,7.019844772875338,9.096406394640605,7.942555118693527,0.9575,0.9577,0.9603,0.9672,0.9012,3.700909535175741,0.9676,4.685667170772351,5.081128901524281,4.95384382572805,0.9421,0.9712,0.9744,0.9824,0.9185,4.280424219477604,0.9824,5.41938219552634,5.898966806047749,5.646074612517274,0.9719,0.978,0.9789,0.9829,0.9824,0.94,0.6006503381665489,0.7604745654845257,0.6256125233071137,0.6239014230713829,0.9577,0.9545,0.9748,0.9837,0.9328,9.914677046766414,0.9843,12.55282689438598,12.01319578897276,11.888766847863476,0.9912,0.9881,0.9934,0.9985,0.9871,12.88711425420706,0.9985,16.31618595726172,25.066285742774078,23.81655798411274
0.9789,0.9588,0.9679,0.9776,0.9774,0.9294,3.620899382880856,4.584367492849033,4.637984379931432,4.450438085746306,0.9616,17.823798035414264,0.9622,0.9844,0.9862,0.9921,0.9344,2.9430189878565947,0.9921,3.726113087415548,4.00781449025805,3.9713409844366976,0.957,0.9694,0.9724,0.9785,0.9419,5.761671876770674,0.9785,7.294768084749922,7.330362838363333,7.19608625133896,0.9702,0.9737,0.9813,0.9809,0.9279,4.054690165503904,0.9809,5.133583627369852,5.64505056610382,5.323121167671313,0.9532,0.9738,0.9848,0.9874,0.9349,4.743919627243852,0.9878,6.006206919376535,6.520000161896641,6.371125802579696,0.9646,0.9641,0.9744,0.9968,0.9968,0.9339,0.5653682325594148,0.71580441011116,0.7973682997413313,0.696543794257227,0.9243,0.9756,0.9841,0.9853,0.8912,8.56503371423661,0.9853,10.8440633065761,12.503091802897895,12.033422214687482,0.9862,0.9852,0.996,0.9976,0.9814,9.803152472960392,0.9976,12.411627270550149,20.73672826182784,16.73560554967332
0.9825,0.99,0.993,0.9916,0.9913,0.9385,3.714012072726116,4.702256100998847,5.297279266715988,5.121438012630671,0.8972,13.590553111558656,0.9419,0.9652,0.9697,0.9906,0.9111,2.4935851871763703,0.9906,3.157091557635633,3.9287560433422586,3.5213550384586525,0.9657,0.9882,0.9936,0.9933,0.951,6.938887406194723,0.9933,8.785223365193227,11.454660717875091,10.054661526192897,0.9641,0.9672,0.9797,0.9748,0.9122,3.851556294448738,0.9749,4.876398818655014,5.482361826216236,5.013554836511721,0.9141,0.9522,0.9659,0.9687,0.8875,3.4256769549952764,0.9688,4.337199246057912,4.8452281023082415,4.496484514206035,0.9578,0.9704,0.9894,0.9903,0.9903,0.9228,0.5456504531854591,0.6908400194350475,0.7168146110599954,0.6366821385315515,0.964,0.9905,0.997,0.9973,0.9385,10.7158520011852,0.9973,13.56718272942718,17.942832053409784,14.3999649333698,0.9644,0.9836,0.9891,0.9948,0.9523,5.448158550479991,0.9948,6.897833469991733,12.738580974692042,9.18046343616368
0.9781,0.9887,0.9906,0.9923,0.9922,0.9302,3.6157876674739806,4.577895625098504,5.305094431281968,5.080345204796614,0.9445,16.310480400571706,0.9561,0.9629,0.9722,0.9883,0.9275,2.725577284429752,0.9886,3.4508133424150014,3.743222038522057,3.588380440179556,0.9801,0.9882,0.9916,0.9956,0.9709,9.013637264616664,0.9956,11.41203366865303,13.288955492091588,13.161289630000892,0.9604,0.9638,0.9709,0.9724,0.911,3.852141366242252,0.9715,4.8771395694540685,6.164827761026395,5.558020526800318,0.9683,0.9896,0.9958,0.9993,0.9524,5.745971260439433,0.9993,7.274889765162547,12.249639153962704,9.633895433084517,0.9466,0.9771,0.9854,0.9953,0.9952,0.9097,0.5415860207001606,0.6856941011997671,0.7736581198317921,0.7035272884152498,0.9517,0.9408,0.9493,0.9877,0.9257,9.460495016935726,0.9878,11.977793701462671,13.200366119058083,12.132557728014614,0.9587,0.9718,0.9831,0.984,0.9462,4.630325599679987,0.984,5.862387190552349,6.981161646496452,6.240376877778552
0.9715,0.9836,0.986,0.986,0.986,0.9127,3.465588452681357,4.387730606704949,4.827153574524006,4.734030222925547,0.9485,17.213313313454186,0.9594,0.9906,0.9926,0.9913,0.9309,2.8853845416725434,0.9918,3.653142962146752,4.100519475659118,3.951888315644292,0.9816,0.9869,0.9907,0.9977,0.9719,9.495415651251788,0.9977,12.022006203346905,15.954072914450762,15.834347505944336,0.9691,0.9833,0.9893,0.9866,0.9234,3.98863934521965,0.9862,5.049957654546981,6.422205299525343,5.774336917652614,0.9568,0.9854,0.9964,0.9984,0.938,5.1362418577781614,0.9985,6.502920329554906,11.00893152694426,8.293188904820859,0.9605,0.9797,0.9823,0.99,0.9899,0.9244,0.5805862199558258,0.7350716802972723,0.6865734742123422,0.6752421252795002,0.9352,0.9822,0.9858,0.9904,0.9044,8.747767149844375,0.9904,11.075419423793129,14.099981869345225,13.12512852132514,0.9577,0.9682,0.9778,0.9812,0.9451,4.629082373193576,0.9814,5.860813159769418,6.247076003447977,6.2017778548318105
0.9548,0.9441,0.9513,0.9597,0.96,0.8812,3.1322553810883065,3.965702503707262,3.9805606256388737,3.7932519581044346,0.9352,15.498771891281988,0.9555,0.9661,0.9805,0.9918,0.9272,2.628347645756481,0.9918,3.3277123258602224,4.132779320094355,3.575096122207011,0.9688,0.9873,0.99,0.996,0.9534,7.189011641848469,0.996,9.10190198391597,14.38987264969466,12.285792926216924,0.9464,0.9637,0.9703,0.968,0.8854,3.494301175715095,0.9684,4.424083363351371,5.211604718350024,5.018776733478104,0.9586,0.9793,0.9828,0.9824,0.9409,5.045924988500125,0.9824,6.388571468735496,5.845677475428435,5.772958975557971,0.9297,0.9593,0.9795,0.9814,0.9808,0.8863,0.5041407563624991,0.6382852023493004,0.6434010049863579,0.6043101460508042,0.9448,0.9918,0.9968,0.9964,0.916,9.40845513230095,0.9964,11.911906768348985,17.18247269597006,14.46605614553443,0.9818,0.9709,0.9737,0.9982,0.9737,8.379998806233134,0.9982,10.609793328983251,22.43150725327852,14.32166531299147
0.9619,0.9824,0.994,0.9902,0.9903,0.8932,3.2527158351626437,4.118215714221512,5.359457179417772,4.741053553185579,0.9317,15.887632999741475,0.9313,0.9684,0.974,0.9764,0.8973,2.3320481245234124,0.9768,2.9525718566967614,3.1520496834088223,3.04331270876809,0.9604,0.9809,0.991,0.9909,0.9456,6.137348270406576,0.9909,7.770406445472593,10.450964552225392,8.35991442664557,0.9723,0.9832,0.9907,0.9867,0.9286,4.103718661865491,0.9889,5.195657886048783,6.41156028539208,5.948403496361232,0.9203,0.9581,0.976,0.9764,0.894,3.624145548434325,0.9765,4.588477415347871,5.328912128521284,5.275804176815991,0.964,0.9894,0.9939,0.9945,0.9944,0.9299,0.5906980559720724,0.7478741272653011,0.766301751917282,0.7192616985152167,0.9656,0.9422,0.9622,0.9955,0.9432,10.527598513480886,0.9956,13.328837755378087,16.17150386384265,14.336812080052011,0.9837,0.9903,0.9959,0.9979,0.9771,9.074598846702305,0.9979,11.489216231788408,21.712167673299238,17.20665857496309
0.9721,0.9763,0.9806,0.9816,0.9816,0.9167,3.4632491573403468,4.3847688592539695,4.667188881499701,4.507700542177913,0.904,14.023178785842418,0.9384,0.9527,0.96,0.9762,0.9072,2.388055437307385,0.9765,3.023481892281453,3.0725181265680592,2.9776446037671382,0.9715,0.9827,0.9901,0.9913,0.9583,7.438302708764915,0.9913,9.417525739945376,10.28924304183906,10.243074676495327,0.973,0.9875,0.9957,0.9917,0.931,4.131794684191249,0.9921,5.2312045252863255,7.096844043009189,6.037929168957169,0.9674,0.9671,0.9832,0.9993,0.9504,5.8463110950647295,0.9993,7.401928555102099,12.249295058176248,10.29244449651086,0.9517,0.9951,0.9987,0.9994,0.9994,0.9128,0.5760881434572254,0.7293767317499513,0.8798259711057295,0.7808542062343394,0.9654,0.976,0.9828,0.9935,0.941,10.524209721230289,0.9935,13.324547255314178,15.182566832090476,13.292911326786358,0.9335,0.9623,0.9677,0.9749,0.9157,3.4114203238260514,0.9749,4.319149134862131,5.310648758477765,5.277799032464539
0.9671,0.9853,0.9919,0.9888,0.9882,0.908,3.388812188382333,4.290525306845223,5.423054653962659,4.972279257691021,0.9332,15.545869563820212,0.9852,0.9894,0.9922,0.9982,0.9724,3.608833536330651,0.9982,4.56909110186176,5.585054109614757,5.093005684504089,0.9596,0.9475,0.9766,0.994,0.9449,5.911066130708283,0.994,7.483913954035333,12.013407532175648,10.176681954852752,0.9502,0.9669,0.9753,0.9715,0.8906,3.572403511907774,0.9728,4.522967583346573,5.378016899952779,5.073645770234521,0.9647,0.9659,0.9846,0.9939,0.9491,5.262491218635725,0.994,6.662762789868701,7.829657425247161,6.998692126174928,0.9619,0.9456,0.9493,0.979,0.9787,0.9278,0.5673314069215073,0.7182899563185254,0.6025938537593605,0.5947761932604214,0.9584,0.949,0.9565,0.9795,0.9336,9.903338500522278,0.9796,12.538471327627194,11.518628792740865,11.29041300258244,0.9876,0.9832,0.9862,0.9985,0.9831,10.680141679427082,0.9985,13.521970415878483,25.062506083243985,20.266676447727697
0.9819,0.9891,0.9916,0.9919,0.9921,0.937,3.7246688509384502,4.715748491272409,5.134550506114151,4.994874264340209,0.9074,14.026508121827574,0.9833,0.9809,0.9956,0.9991,0.9697,3.3868508171417684,0.9991,4.288042043543523,6.337012635810022,5.077737236268304,0.9599,0.9676,0.9728,0.9953,0.9439,6.416748994001272,0.9953,8.124151595305213,12.985944009339876,10.626765661035355,0.9629,0.9754,0.9781,0.9784,0.9144,3.870191763397498,0.9779,4.899992912008338,6.079702634373033,5.794792879817945,0.9572,0.9768,0.9778,0.9858,0.9401,4.942046667949877,0.986,6.257052653770962,6.238716508726722,6.185172629425669,0.9804,0.99,0.9937,0.9947,0.9946,0.9515,0.6497485120087567,0.8226370417976308,0.7549314460394709,0.7364737474512238,0.9467,0.9694,0.9885,0.9907,0.919,9.454889384056708,0.9907,11.970696492059698,14.10731423339657,12.15789221527549,0.9421,0.9433,0.9484,0.9708,0.9251,3.577619918196957,0.9709,4.529571998684564,4.883132596677553,4.828038778291466
0.9767,0.9732,0.9848,0.9819,0.9818,0.9262,3.574546640561291,4.525680967037549,5.0631613861877245,4.61468871797749,0.9303,15.20753879439964,0.9691,0.9728,0.9738,0.9935,0.9433,3.004021439500562,0.9935,3.8033473948980703,4.156744740556978,4.082663237916115,0.978,0.992,0.9932,0.9974,0.9666,8.639698128809668,0.9974,10.938594824535318,15.456724525208337,15.369665052289596,0.9369,0.9529,0.96,0.9589,0.8711,3.345497289597406,0.9606,4.235684950086212,4.762678163254391,4.564628434163097,0.9574,0.969,0.9844,0.9895,0.9408,4.764337684609101,0.9895,6.032057921725541,6.784624971102802,6.225822233110859,0.9689,0.971,0.9776,0.9821,0.9818,0.9362,0.5897576855675353,0.7466835381165997,0.6186861174512457,0.6145782171211797,0.9351,0.9607,0.9691,0.9696,0.9044,8.766960273859507,0.9696,11.099719556030216,10.592812403987324,9.87853506902479,0.9583,0.9656,0.9768,0.991,0.9451,4.787485107860692,0.991,6.061364534110164,9.57636476548906,7.811129423065241
0.9846,0.9953,0.9993,0.9981,0.9984,0.9429,3.926523215138583,4.971313335162811,6.542777475215703,5.458473335701122,0.9462,16.460941914297656,0.9748,0.9909,0.9943,0.9991,0.9512,3.1864139682711947,0.9991,4.034271894978865,6.418424997565857,4.975527568709658,0.9545,0.9769,0.9806,0.9909,0.9365,5.89519056699434,0.9909,7.463814136137895,10.332877379876637,9.250997932973169,0.9683,0.9806,0.985,0.9817,0.9192,3.9752497215810823,0.9819,5.033005248843485,6.221711584413832,5.969893261342879,0.9517,0.9913,0.9981,0.9984,0.9295,4.871145829514857,0.9984,6.167286144247396,11.008938205963236,7.715021654568151,0.9853,0.9973,0.9983,0.9998,0.9998,0.9604,0.6854590049649316,0.8678495720976722,0.9218385355449752,0.8613804094671259,0.9495,0.9805,0.9821,0.9853,0.922,9.624646455891112,0.9853,12.185623425814953,12.248489919611922,12.120489810466308,0.9276,0.9219,0.9555,0.9729,0.9074,3.050364818637089,0.9729,3.8620220661211184,5.184225692581618,4.548346151382023
0.9702,0.9834,0.9892,0.986,0.9861,0.9071,3.481669136807886,4.408090124542139,5.133367572060079,4.934778723697797,0.9172,14.702188004176922,0.9841,0.9849,0.9917,0.9989,0.9697,3.6118346695184846,0.9989,4.572890792483671,6.008871047649709,5.555206320586486,0.9034,0.9522,0.9535,0.9598,0.875,3.98561257168792,0.9599,5.046125501062495,5.519218464545081,5.48837986047052,0.9583,0.9628,0.9738,0.9699,0.9032,3.725480499350432,0.9711,4.716776107398143,5.251366190445206,4.842652101801889,0.9602,0.955,0.9622,0.9961,0.9426,5.146238443268386,0.9961,6.515576859525757,8.473636911229656,7.499916183096965,0.9716,0.9453,0.9616,0.9911,0.991,0.9402,0.5770152570360255,0.7305505366264206,0.7245903183825253,0.6612923045049783,0.9455,0.9481,0.9593,0.9816,0.9179,9.217203981554595,0.9817,11.669766497178571,11.930896327337924,11.039463129317308,0.9766,0.9751,0.9814,0.9963,0.9676,7.077823900297004,0.9963,8.96112881844726,15.359133014532002,13.428487872949248
0.9768,0.9676,0.9685,0.9789,0.9792,0.927,3.569662819860256,4.519497633424751,4.296490909528684,4.272986855356487,0.9464,16.467882267815213,0.9594,0.9581,0.9777,0.9925,0.9327,2.726473534894555,0.9928,3.451948071956429,4.165419815909326,3.5348338807791384,0.9503,0.9737,0.9797,0.9853,0.9298,5.67209686845182,0.9853,7.181358483187915,8.65202865157997,7.890731660446437,0.9607,0.984,0.9866,0.9855,0.9054,3.753805343878318,0.9852,4.752637776768898,5.906489564733466,5.7777801106484565,0.9459,0.9552,0.9722,0.9887,0.9239,4.325173781455263,0.9887,5.476038958268638,6.609062394756301,5.908908469198829,0.9512,0.9813,0.9818,0.9865,0.9865,0.9161,0.5299188567235347,0.6709224763595243,0.65305528273646,0.6520297906997915,0.958,0.9697,0.9815,0.9931,0.9328,10.096601648942531,0.9932,12.783158959482506,14.849217627214678,12.85275274063811,0.9842,0.9719,0.9885,0.9985,0.9777,9.30642662268615,0.9985,11.782729971823423,25.063550318901623,16.03303470700109
0.9782,0.9827,0.9935,0.99,0.99,0.9296,3.6079948903770753,4.568029304545392,5.327170311768748,4.737328609065825,0.9367,15.626774633899004,0.9858,0.9847,0.9934,0.9997,0.9729,3.7459180434870394,0.9997,4.742651781661973,7.177118541324526,6.192193771855774,0.9609,0.9869,0.9884,0.9897,0.9462,6.287368394107058,0.9897,7.960344719266464,9.799983513627154,9.248720274324867,0.9836,0.9784,0.9798,0.9835,0.949,4.48395505528973,0.9838,5.677069595485834,10.098493016242925,7.174710235912018,0.9736,0.9859,0.9878,0.9989,0.9586,6.188160212905609,0.9989,7.834738699095104,11.692771299645182,10.03399473014888,0.9872,0.9783,0.9788,0.9968,0.9966,0.9648,0.6726334565607579,0.8516113337583135,0.7523052077442737,0.75159659536217,0.9766,0.9742,0.9827,0.9988,0.9581,12.421418477970622,0.9988,15.726575379229908,20.38180559059606,18.07103601089281,0.959,0.9863,0.988,0.9891,0.9459,4.920810894809997,0.9891,6.230166353497539,9.037617234630376,8.230077224444132
0.9697,0.9748,0.9905,0.984,0.9856,0.9126,3.40937018827297,4.31655348836891,5.041690564081916,4.464300670887763,0.9204,14.723398748382142,0.9347,0.9741,0.9764,0.9764,0.9026,2.357704419863815,0.9766,2.9850549151605112,3.1273180461385786,3.070117346105224,0.9714,0.9866,0.991,0.9941,0.9579,7.403302869693893,0.9941,9.37321295808495,12.12361848913394,10.851894300258625,0.9563,0.971,0.9806,0.9745,0.8983,3.669263992526817,0.9753,4.645601214314353,5.56304459210924,5.148452443860491,0.9481,0.967,0.9736,0.9753,0.9251,4.4470447425718325,0.9754,5.630337991019046,5.268814887474809,4.863788848485355,0.9728,0.9761,0.9832,0.9986,0.9986,0.9395,0.6330545692740651,0.8015010862496159,0.8402654491604709,0.7965260249956703,0.9875,0.9914,0.9953,0.9977,0.9752,14.449939522600788,0.9978,18.294856060965905,18.22516121490886,17.761923404788927,0.9724,0.9863,0.9909,0.9963,0.9627,6.470934915494478,0.9963,8.19275559414538,15.363945043028536,11.251532646856989
0.9816,0.9813,0.9852,0.988,0.9876,0.9374,3.715030703273677,4.703545774164453,4.81220137812425,4.664711269631797,0.8666,12.42363935276223,0.9486,0.9702,0.981,0.9929,0.9208,2.4854406262317976,0.9929,3.146779848723103,4.213095580747334,3.4047056282136365,0.9648,0.9808,0.9928,0.9962,0.9491,7.067814965245616,0.9962,8.94845665287852,14.403811519693807,12.748580231267466,0.946,0.9698,0.9795,0.9721,0.885,3.4878427412835644,0.9731,4.415906434436254,5.542156214683805,5.078210076700138,0.9684,0.9934,0.9962,0.9984,0.9524,5.757299989522216,0.9984,7.289232902557622,11.015003490132356,8.765475429169783,0.9412,0.979,0.9857,0.9865,0.9864,0.9027,0.5223366276014644,0.6613227275029581,0.6679775464971711,0.6463974986433829,0.9582,0.9749,0.9796,0.9811,0.9333,9.971919544654977,0.9812,12.625300779678264,11.648899504491515,11.417912985870627,0.9428,0.969,0.9824,0.9831,0.925,3.785569713868224,0.9831,4.792854178776925,6.682693372316903,5.942254184291952
0.9858,0.9883,0.9908,0.9913,0.9914,0.9474,3.925302978023526,4.969768410885079,5.244787445008719,5.110948427953441,0.9162,14.451707051545965,0.9583,0.9483,0.9568,0.9879,0.9323,2.5979384449408407,0.9876,3.2892116836270144,3.796073171439209,3.368972183716873,0.9608,0.9722,0.9832,0.9857,0.9454,6.387471924263503,0.9858,8.087084327590937,8.831232737694874,8.105696757404495,0.9684,0.9776,0.9799,0.9825,0.9235,3.9869936750685366,0.9824,5.047874095754824,6.28303163418392,5.710762299527298,0.9499,0.9841,0.9892,0.9943,0.9277,4.702340544433396,0.9943,5.953564253711773,7.937851404016741,6.899544893767141,0.98,0.987,0.9877,0.9949,0.9947,0.9497,0.6644639002430712,0.8412679785712371,0.7420690737945932,0.7366362585249502,0.9812,0.9869,0.9913,0.996,0.9654,13.026998416400051,0.996,16.49329123915767,16.45349539640448,15.440388722082709,0.9369,0.9771,0.9892,0.9908,0.9167,3.772012992134274,0.9908,4.775690212630682,9.535121231406729,6.365930601617621
0.9681,0.9701,0.9718,0.9758,0.9761,0.9086,3.3616749400021004,4.256167235503089,4.397774586378188,4.341249371389406,0.895,13.474520180813624,0.9293,0.939,0.9524,0.9815,0.8944,2.285215348657237,0.981,2.893277567466896,3.3458095075392094,3.075637806291317,0.9378,0.9696,0.9781,0.9806,0.9138,4.89521363321794,0.9806,6.197758036794959,7.836587728245087,6.913076864889305,0.9686,0.9699,0.9738,0.979,0.9238,3.9970555231766607,0.9786,5.060613253767043,5.266196486244119,5.104389418338002,0.9579,0.9809,0.9942,0.9961,0.9407,4.9587463157481455,0.9961,6.278195832416124,8.544295198660482,7.228506473290921,0.96,0.9628,0.9719,0.9727,0.9722,0.9244,0.5725804919565622,0.724935745736391,0.5949953176590161,0.578580841267,0.9572,0.972,0.9787,0.9886,0.9317,10.101212893075267,0.989,12.788997187908194,13.399459446319316,12.948661765410597,0.9887,0.9802,0.9851,0.9992,0.9844,11.87918434267866,0.9992,15.040060709670705,33.07294084564606,19.759647706407808
0.9737,0.9626,0.9744,0.9787,0.9778,0.9214,3.5089618897134973,4.442645077878427,4.462253207670631,4.230069854135237,0.9269,15.049182491599607,0.9737,0.977,0.9859,0.9982,0.9507,3.028254447205284,0.9982,3.8340284498041295,5.540920731724983,4.31440578266321,0.9504,0.9791,0.9854,0.9933,0.9304,5.561645777957344,0.9933,7.0415179807960095,11.41850972373067,9.486348557461648,0.9692,0.9583,0.9646,0.9732,0.9256,4.016853607651152,0.9739,5.085679317550712,5.487795915449583,5.096506448273818,0.9458,0.9751,0.9819,0.9915,0.9224,4.565504202064999,0.9915,5.780317771702395,7.151171063113797,6.536625703129874,0.9805,0.9688,0.9801,0.9898,0.9897,0.9524,0.6343132842010444,0.8030947267195192,0.679101950939365,0.6680746981546438,0.9383,0.966,0.9786,0.9816,0.9091,8.759983457467568,0.9819,11.090886311333607,12.050878310154715,11.052901516524926,0.9435,0.9633,0.9682,0.9824,0.9257,3.8156273961846856,0.9824,4.830909768604538,6.549108218135272,5.8733110629004255
0.9813,0.9885,0.989,0.9915,0.9915,0.9346,3.690571941688984,4.672578895588833,5.001463066852018,4.99369192684739,0.8848,13.275196398888864,0.9527,0.9697,0.9714,0.988,0.9239,2.576705978997164,0.9881,3.2623295705460995,3.708829067865448,3.541958329410453,0.9708,0.9819,0.9832,0.9944,0.9561,7.538021739765312,0.9945,9.5437785395393,12.03744626300008,11.993817992649916,0.9648,0.9804,0.9869,0.9832,0.9148,3.8669985504535247,0.9842,4.895950032030148,5.950271132152403,5.56534339815372,0.9285,0.956,0.9647,0.9644,0.9056,3.694007572407715,0.9645,4.676928697148867,4.622312446548388,4.296216191688461,0.9553,0.9668,0.9779,0.9971,0.997,0.9189,0.5495962814783872,0.6958357746454757,0.7998384489521304,0.7466720657784282,0.9196,0.9101,0.9173,0.9556,0.8888,7.7516109867073775,0.9561,9.814200746003449,9.26520861341744,9.115905193542655,0.9583,0.9734,0.9782,0.9878,0.9451,4.71734555245957,0.9878,5.972561873847355,8.246219070811014,7.0867370135774
0.9708,0.9817,0.9916,0.9895,0.9902,0.913,3.4252436704028524,4.336650670803362,5.189277284287403,4.741659261987286,0.9342,15.555101227659367,0.9231,0.9084,0.9269,0.9471,0.8876,2.07253462881613,0.9488,2.6240056338127853,2.55381243055394,2.3972809787038374,0.9895,0.9976,0.9985,0.9998,0.9819,12.023761276950935,0.9998,15.223107441327262,30.098288787814603,20.684224405788854,0.9767,0.9789,0.9814,0.9811,0.9392,4.269120146791449,0.9807,5.4050702752326645,6.093458185083321,5.81528255505247,0.9524,0.9827,0.9913,0.994,0.9304,4.923441565727037,0.9941,6.233497007283027,7.865131270182034,7.434120163660935,0.9621,0.9894,0.9938,0.9913,0.9912,0.9268,0.5910655842745485,0.7483394494475574,0.7357262833526893,0.6887457201777801,0.9689,0.954,0.9644,0.9981,0.9462,11.197501923287142,0.9981,14.176992617063618,18.956594718553315,16.10743483328578,0.9581,0.9772,0.9793,0.9899,0.9445,4.996319522615268,0.9899,6.3257667174227885,9.419505180005022,9.234844514651488
0.9748,0.9751,0.9823,0.9838,0.9838,0.9227,3.5234174990669604,4.46094711242892,4.772452718730252,4.54083512423615,0.9215,14.772798602972683,0.9786,0.9912,0.9953,0.9973,0.9587,3.274222995781436,0.9973,4.145445614193444,5.201732378020441,4.390140295792469,0.9822,0.9849,0.997,0.9993,0.973,9.444717101930877,0.9993,11.957817515160688,21.340490596902743,15.617939021160648,0.9924,0.9909,0.9936,0.994,0.973,5.234514624038105,0.9941,6.627342034616479,10.704820906129823,9.060523270037358,0.967,0.9714,0.9728,0.9968,0.9507,5.627408905954432,0.9968,7.124779710642271,8.844545964501387,8.505575296978304,0.9379,0.9736,0.9802,0.9799,0.9799,0.8995,0.5111446179060203,0.6471526885148475,0.635943737091919,0.6111291394521414,0.9474,0.9763,0.982,0.9848,0.9191,9.698165206324814,0.9851,12.27870443524499,12.416627164158808,11.601324924536751,0.9958,0.9941,0.9976,0.9997,0.9934,19.55529162718945,0.9997,24.758667327989667,53.2704819711959,35.911890507964785
0.9904,0.9954,0.9968,0.9969,0.9972,0.9558,4.004426681150426,5.069945768544822,5.631636579287473,5.491647292045121,0.8756,12.95665050947146,0.96,0.9481,0.9604,0.9925,0.9342,2.7369040016887656,0.9925,3.465153932669568,4.129715145098866,3.598914546254119,0.9263,0.9539,0.9588,0.9615,0.9012,4.462351077635808,0.9617,5.649717116888629,5.806416617535821,5.534658691831334,0.9749,0.9743,0.9769,0.9788,0.9339,4.16694605514203,0.9779,5.275709159432671,8.16707440193841,7.000229842634576,0.9641,0.9857,0.9917,0.9961,0.9464,5.574971652549135,0.9961,7.05838967476829,8.529383789377704,8.37044519206781,0.9746,0.9827,0.9866,0.996,0.9959,0.9425,0.6184689434778057,0.7830344397917317,0.7858413800612465,0.7303858071270862,0.9786,0.9762,0.9889,0.9941,0.9624,12.2284194789269,0.9941,15.48222218301806,15.589094215491132,14.538500448745886,0.9847,0.9703,0.9786,0.9967,0.9791,9.23054860862695,0.9967,11.686661933390887,16.721320133331414,14.916400484954274
0.9787,0.9777,0.9868,0.983,0.9851,0.9331,3.635325977727269,4.602632792558571,4.872867374958428,4.551335079661918,0.9273,15.134066442954689,0.9792,0.9556,0.9761,0.9982,0.9597,3.2571233791471346,0.9982,4.123796040883262,5.455960526515683,5.0042117519566025,0.9857,0.986,0.9885,0.998,0.9784,10.420962995790443,0.998,13.19382809363647,16.543817190837643,16.249063613870288,0.9547,0.9723,0.9804,0.9763,0.8977,3.650906282913672,0.977,4.622358787973662,5.523355109311405,5.203014098769522,0.9709,0.9691,0.9734,0.9961,0.9548,5.850762655133086,0.9961,7.407564609880734,8.483285643415645,7.641136927227936,0.9751,0.9764,0.9816,0.9949,0.9948,0.9435,0.5979720848937391,0.7570836683777089,0.7650534395721451,0.720532360046614,0.9559,0.9858,0.9933,0.9945,0.9305,10.101990626370275,0.9945,12.789981864602776,15.749305298485517,14.677562263585134,0.9465,0.9794,0.9843,0.9868,0.9307,3.957072439345868,0.9868,5.009991258954276,7.794701980831544,6.535888301365643
0.9889,0.9866,0.9918,0.9917,0.9914,0.9536,3.961260623811168,5.015293857752672,5.423217536237589,5.057980039577522,0.9549,17.187828298337806,0.9773,0.9751,0.9767,0.9964,0.9564,3.159396936255549,0.9965,4.000066027809133,4.892077078324723,4.66079319917765,0.9525,0.986,0.9927,0.9948,0.933,5.9021253073675375,0.9949,7.472594109005557,12.4343200197533,10.126304801918137,0.9832,0.9859,0.9916,0.9897,0.9491,4.488032826918859,0.9898,5.6822324022150745,6.535393060384609,5.966487012831005,0.9645,0.9832,0.996,0.9989,0.9481,5.596844423676469,0.9989,7.086082468831764,11.721528561032828,9.221550411197796,0.9818,0.9821,0.9834,0.9973,0.9973,0.9544,0.6507202185495746,0.8238673051679348,0.7886020369128854,0.7821970270943437,0.9565,0.9771,0.9864,0.9871,0.9316,9.82441791870556,0.9871,12.43855113887303,12.6999520112897,12.61384214749502,0.9752,0.9895,0.9969,0.9973,0.9652,7.041812965415973,0.9973,8.91553590304171,19.29540580869564,11.708398975297891
0.9754,0.996,0.9974,0.9966,0.9969,0.9204,3.5736463842554955,4.5245411657597145,5.870482911106782,5.554059713494853,0.9556,17.413286967837873,0.9597,0.9868,0.9912,0.9973,0.932,2.798516260187859,0.9973,3.543160307649127,5.171717266248301,4.372337621283974,0.943,0.947,0.9553,0.9758,0.9203,5.0493500575651,0.9761,6.392907898340933,6.966106106742932,6.725541656284151,0.9632,0.9574,0.9711,0.9694,0.9119,3.828579058991452,0.9701,4.847307678535534,5.171863171439963,4.7827669105781645,0.9773,0.9695,0.976,0.996,0.9641,6.227251561700463,0.996,7.884231681284565,8.483436272582399,8.149029610531745,0.9678,0.9931,0.9968,0.9958,0.9957,0.9355,0.5894573248146087,0.7463032557816767,0.7772674721705264,0.7501080764285637,0.9069,0.9383,0.943,0.9438,0.8714,7.377485568125897,0.944,9.34052605200273,8.517808530995845,8.492299918843193,0.9505,0.9776,0.9838,0.9878,0.9361,4.344924909884228,0.9878,5.501045571693171,8.249361734227069,7.918797349203375
0.9609,0.9716,0.9752,0.9774,0.9776,0.8955,3.2424513075726504,4.105219946696048,4.549037523319345,4.414892527955562,0.9308,15.427099928666248,0.9416,0.957,0.9584,0.9736,0.914,2.29914118274772,0.9739,2.910908861342956,2.9436679424303933,2.931919055938093,0.9514,0.9622,0.9701,0.9732,0.9333,5.274068441212453,0.9733,6.6774205412243886,6.861706658444142,6.101870058789003,0.9675,0.9458,0.9471,0.9636,0.9187,3.944634916871197,0.9645,4.994244294541502,4.464459279440732,4.4202990326971765,0.9352,0.9647,0.9842,0.9865,0.9099,4.044327763490372,0.9865,5.120463942475191,6.426650817448492,5.876231901347657,0.972,0.9935,0.9949,0.9955,0.9955,0.941,0.5831704853152588,0.7383435806882888,0.7665087722867535,0.7504072111924546,0.962,0.9593,0.9782,0.9927,0.9373,10.411859291809836,0.9929,13.182302027822391,14.709556568928337,13.600539648365098,0.9287,0.9396,0.9485,0.9795,0.907,3.2949416633205924,0.9795,4.171677214665613,6.0912102732405335,5.275318092177304
0.9752,0.976,0.9923,0.9851,0.987,0.9239,3.535760964731337,4.476574992896519,5.1424193260599775,4.534008479112105,0.9061,13.999319069542643,0.9636,0.9762,0.9805,0.9896,0.9388,2.7507135676525163,0.9897,3.482638021179149,3.937587133736436,3.640753705165127,0.9827,0.9968,0.9991,0.9997,0.9742,9.991804740659758,0.9997,12.650477134090163,25.778952232915284,17.02610715143847,0.9631,0.978,0.9884,0.984,0.9106,3.831228957520127,0.9849,4.850662676117528,6.04762531145779,5.4831360522437205,0.9437,0.9695,0.9764,0.9893,0.9208,4.29793539262176,0.9894,5.441552834485064,6.682926655601028,6.519143777299097,0.9566,0.9692,0.9792,0.9766,0.9762,0.9216,0.5376691394282119,0.6807349953871711,0.6217365245633617,0.5896105863042705,0.9459,0.9778,0.9856,0.9877,0.9193,9.12723818446179,0.9878,11.555862123693224,13.164406523454746,12.238852839851866,0.9749,0.9464,0.9497,0.996,0.9652,6.747168740951656,0.996,8.542491180789515,14.070448307199287,11.828800500767043
0.9824,0.9772,0.9802,0.9873,0.9873,0.9365,3.705180581037786,4.691074679167364,4.734126140709222,4.639135969366892,0.9252,14.899371783170585,0.9553,0.9751,0.9809,0.9852,0.9275,2.5839572248132168,0.9855,3.271510266303329,3.5450387691289444,3.407288161652525,0.9896,0.9835,0.9954,0.9996,0.9821,12.117783609293776,0.9996,15.342147734474382,25.27453942138533,22.540847037970757,0.9582,0.9524,0.9567,0.9617,0.9019,3.864622103211152,0.961,4.892941247102869,5.305719722427993,5.12187587181705,0.9128,0.9452,0.9701,0.9792,0.8862,3.4100915339315074,0.9793,4.317466773505674,5.597080256360655,4.515294945067184,0.9443,0.9582,0.9768,0.9734,0.9735,0.9083,0.5101873259282994,0.6459406752110325,0.6220527243207512,0.5709075230515606,0.9373,0.9457,0.9548,0.9772,0.9091,8.342954719641657,0.9773,10.562892355381182,11.558602111533714,10.826289781961751,0.9684,0.9785,0.9889,0.9897,0.9576,5.693056296005458,0.9898,7.207894906376005,9.36556249914818,9.148741337724973
0.9625,0.9765,0.9868,0.9827,0.9821,0.8992,3.270743948034509,4.141040842972103,5.102648947155827,4.587121522332459,0.9639,17.929745408998848,0.9765,0.9654,0.9692,0.9937,0.9555,3.117620843212536,0.9937,3.9471739303843623,4.11284888585785,4.095003998617462,0.9587,0.9803,0.9909,0.994,0.9419,6.311768972937303,0.994,7.991237933511782,12.072551499921309,11.04104859591738,0.9647,0.98,0.985,0.9831,0.9128,3.858810213081242,0.983,4.88558289842587,6.227115917439853,5.658983213845449,0.9728,0.9911,0.9932,0.9998,0.9572,6.216321265843422,0.9998,7.870392994340889,13.700024365501983,10.308591577160987,0.9322,0.8829,0.8928,0.9507,0.9495,0.8929,0.4729498710790449,0.5987948808996932,0.5156711636161961,0.5058352207930957,0.957,0.9788,0.9867,0.9964,0.9313,10.228187280194058,0.9964,12.94975759331573,17.154823832810884,16.495466964516353,0.9528,0.9649,0.978,0.9849,0.9388,4.239751513991515,0.9849,5.3678870808710695,7.380483685188574,5.851450772823167
0.9712,0.9815,0.9868,0.9831,0.983,0.909,3.498873053472676,4.42987175058804,4.881684903347484,4.671698092693196,0.8982,13.695896581939635,0.9582,0.9779,0.982,0.9989,0.9307,2.745616220275364,0.9989,3.476184344579888,5.970163830803763,4.440693707236447,0.9769,0.9884,0.9957,0.9983,0.9654,8.420216158427316,0.9983,10.660711927527895,17.190709026688793,13.880135234577734,0.9658,0.9831,0.9917,0.9881,0.9191,3.9216778029754544,0.9881,4.96517863003537,6.464373895336951,5.658572167634899,0.957,0.9654,0.9672,0.99,0.9393,4.942503775123496,0.9901,6.257631390445445,6.742252620069874,6.727093353666155,0.9392,0.9802,0.983,0.9831,0.983,0.8981,0.539528392357632,0.6830889681959476,0.6423741568194961,0.6286051729443427,0.9824,0.9954,0.9964,0.9986,0.9661,13.683281954030829,0.9986,17.324202180851042,19.519490065359985,18.405290823067368,0.9843,0.9923,0.9972,0.9971,0.978,9.020899311624689,0.9971,11.421228039640674,18.11124981078901,15.604505668116838
0.9844,0.986,0.9883,0.9886,0.9885,0.9416,3.7547976243049073,4.753894088433606,4.925808532188752,4.837095552744276,0.9187,14.901012843699132,0.9573,0.9868,0.9926,0.9922,0.9307,2.6238008254805725,0.9924,3.321955663532832,4.100519475659118,4.025906569432145,0.973,0.9852,0.9874,0.9924,0.9612,7.612419591457317,0.9924,9.637972566152454,10.9527783675402,10.244007444798354,0.9783,0.989,0.991,0.9914,0.9432,4.377522091117958,0.9916,5.542316383777302,7.289994921123783,6.493224605524944,0.9446,0.9782,0.9924,0.9941,0.9222,4.342910639087672,0.9941,5.498495333041089,7.865136521676883,6.463584031298982,0.9535,0.9833,0.9879,0.9901,0.9901,0.9169,0.5531765861753382,0.7003687458030826,0.7070930522397205,0.6763691508051386,0.9442,0.9546,0.9607,0.9837,0.9171,8.844618436200092,0.9848,11.19804141403924,12.239298152663846,11.83480552170261,0.996,0.9939,0.9995,0.9997,0.9937,19.813381231382994,0.9997,25.085430782754816,53.27119052363764,35.61758898058236
0.9648,0.9637,0.9659,0.974,0.974,0.9045,3.3307255461480607,4.216982662803099,4.378017604302787,4.33899865256217,0.9503,16.652029683087065,0.9736,0.9717,0.9768,0.9995,0.9493,3.15372407646775,0.9995,3.992883703404973,6.759681762490122,4.876428431690155,0.9601,0.9843,0.9898,0.9899,0.9444,6.381923490571124,0.9899,8.080059537237515,10.021372482021466,9.345136440861229,0.9725,0.976,0.9787,0.9812,0.9297,4.109855471913661,0.9813,5.203427611058991,5.446187425748127,5.335161493995908,0.957,0.9763,0.9839,0.9825,0.9402,4.800874843553834,0.9828,6.078317081684311,5.930530046672087,5.749575108283109,0.9553,0.9799,0.9869,0.9912,0.9911,0.9183,0.5548820249363917,0.7025279767538746,0.7336367752007762,0.6802996668097351,0.9709,0.9674,0.973,0.9977,0.9497,11.385317890756346,0.9977,14.414783653173206,18.16467579396694,17.599828906941575,0.9742,0.979,0.9884,0.9964,0.9642,6.7574691290166,0.9964,8.555532350735277,15.653442868701545,12.236984246149834
0.9772,0.975,0.9852,0.9853,0.9857,0.9275,3.5894458794100155,4.544544674372036,5.230232531329674,4.5500363830483295,0.9399,15.783107851613488,0.9649,0.9639,0.974,0.9883,0.9393,2.846221986530633,0.9883,3.603559826647792,3.785539784568992,3.357146653762282,0.978,0.9768,0.987,0.9971,0.9663,8.648668107259127,0.9971,10.949951582419748,15.430155554034124,14.967958432735507,0.9524,0.9373,0.9416,0.9561,0.894,3.60546287407894,0.9555,4.564823555922987,4.485002176233125,4.41927693026248,0.9394,0.9735,0.988,0.9874,0.9129,4.303032137999157,0.9876,5.4480057489012825,6.455162139901999,6.400019042128158,0.9706,0.9873,0.9892,0.989,0.9888,0.9389,0.5702116243654514,0.7219365572941778,0.6798274030287534,0.6687864275995965,0.9762,0.9776,0.9866,0.9963,0.9582,11.764075475464182,0.9964,14.89432306462825,16.87896664689054,16.236898938956358,0.9825,0.9835,0.9964,0.9976,0.9754,8.27573404498222,0.9976,10.477785247127064,20.7369694599708,14.472504561321877
0.9767,0.9872,0.9894,0.9886,0.9885,0.9268,3.568986033180877,4.518640763756622,5.043266852463058,4.882653011913405,0.9542,17.179485520079204,0.9837,0.9846,0.9902,0.9927,0.9704,3.284804055184286,0.9927,4.158842137995145,4.07265997749111,3.967668448434022,0.9587,0.965,0.9665,0.9892,0.9427,6.103278371599158,0.9892,7.727271047312728,9.436592512116524,9.06119822125632,0.9587,0.9692,0.9812,0.9756,0.9035,3.7409943042853264,0.9766,4.736417907822144,5.567541738898209,5.083543614454265,0.9369,0.9641,0.9792,0.9794,0.9116,4.065741634517949,0.9794,5.147575729866748,5.653396838564244,5.347275113778218,0.9677,0.9694,0.9937,0.9935,0.9931,0.9357,0.5853558583441961,0.7411104493621259,0.7549314460394709,0.7016964076619409,0.9629,0.9751,0.9839,0.9829,0.9394,9.855912279119709,0.9829,12.47842568572548,12.308126668956954,11.38830574534088,0.9796,0.9875,0.9941,0.9979,0.9718,8.11780059528271,0.9979,10.277828027586793,21.593316751042277,14.101272050319816
0.9575,0.9376,0.9432,0.9566,0.9555,0.8905,3.1849966538164063,4.032477453977716,4.126024703911545,3.904049287927071,0.9478,16.480522408813183,0.9512,0.9601,0.9611,0.9796,0.9236,2.530462477579713,0.9797,3.203781353035286,3.072529501079021,3.0558207315743613,0.9386,0.9591,0.9678,0.9872,0.9145,4.917361739827211,0.9873,6.225799429065548,9.002349486997204,7.415538518221747,0.9811,0.9753,0.9768,0.9816,0.9444,4.381546772374797,0.9815,5.547411973566448,5.874363864008657,5.674838479247984,0.9457,0.9581,0.9636,0.9663,0.9241,4.187843078593501,0.9666,5.302166573704152,4.73227530828586,4.590041417206134,0.9362,0.9676,0.9896,0.9968,0.9967,0.896,0.5109998439756755,0.6469693923693591,0.7930360116516765,0.6922374380546386,0.9673,0.979,0.9887,0.9931,0.9443,11.07491153410195,0.9931,14.021782727008851,14.419847450633016,14.330935701061843,0.9349,0.9729,0.977,0.9809,0.9167,3.4337984321284702,0.9809,4.347481728896113,6.273250003889933,5.7313312353042285
0.962,0.9693,0.9759,0.9736,0.9737,0.8951,3.274904726509119,4.1463087434484684,4.494555359066336,4.326487912091534,0.9566,17.37797396335975,0.9345,0.9657,0.968,0.9687,0.8998,2.480058560016724,0.969,3.13996569378762,2.9230845140256267,2.888878668603006,0.9447,0.9828,0.9894,0.9892,0.9208,5.421214004896032,0.9892,6.863719376827836,9.511118257543666,8.270724615470757,0.959,0.9822,0.9864,0.9838,0.9029,3.7162402001662738,0.9846,4.705077100404376,6.452170731166618,6.036147292916612,0.9733,0.8613,0.8706,0.9979,0.9583,6.036780224757641,0.998,7.643078720909997,9.908458086809132,8.498290752169437,0.9807,0.9789,0.9808,0.9983,0.9981,0.955,0.6160212115325798,0.7799354023498317,0.8247510013875649,0.7901171689736497,0.991,0.9601,0.9621,0.9998,0.9821,16.139400669183047,0.9998,20.433857988896037,31.80731065889818,24.699987581612444,0.9589,0.9671,0.9728,0.9856,0.9467,4.6263298370243255,0.9856,5.857328214179142,7.554976069537134,6.420361688989709
0.9743,0.9754,0.9778,0.9806,0.9798,0.9226,3.5213042161668104,4.458271516007643,4.841600245704159,4.623590245040935,0.9327,15.53833826620028,0.9425,0.9783,0.9793,0.9881,0.9102,2.5656066908459847,0.9883,3.248276924942469,3.705513509064984,3.600580934723057,0.9641,0.9887,0.9955,0.996,0.9488,6.86986256525363,0.996,8.697832028525468,14.193094077068247,11.886082504621369,0.973,0.9873,0.9909,0.9891,0.9329,4.133008281515036,0.9893,5.232741043021913,6.630856619755843,6.123645906623705,0.977,0.9785,0.9834,0.9991,0.9623,6.620573339725143,0.9991,8.382210603850297,12.056429218982172,10.884400618574135,0.9374,0.9613,0.9745,0.9948,0.9947,0.8972,0.5252776159235455,0.6650462695942793,0.7632315377223438,0.6954071189423335,0.9376,0.9824,0.9883,0.9931,0.9051,9.39421606261367,0.9932,11.893878891487397,14.735134998141197,13.660869389768289,0.9368,0.9693,0.982,0.9821,0.9192,3.396819966171948,0.9822,4.300663836615541,6.443954514907127,5.0769625152616165
0.9779,0.9454,0.9547,0.9693,0.9695,0.9298,3.647234771675316,4.61771034155443,4.47688292041154,4.198226935096036,0.9451,16.29219723774819,0.9878,0.9942,0.9962,0.9999,0.9756,4.010903234011476,0.9999,5.078145636937268,9.405630175567133,6.780142584759851,0.9662,0.9861,0.9885,0.9899,0.9517,6.83346491389038,0.9899,8.651749497065293,10.01753367129922,9.171031291310166,0.9618,0.9775,0.9813,0.98,0.9089,3.7971537405101823,0.98,4.807520544659602,6.443925710246953,5.866581722521413,0.9726,0.9527,0.9639,0.9918,0.9576,5.876563538418641,0.9921,7.440230729016854,7.299015006151022,6.762643285614393,0.9556,0.9422,0.9542,0.9827,0.9827,0.9193,0.5441410178020478,0.6889289454800565,0.6135386928798958,0.6078029244287995,0.9587,0.9765,0.981,0.9877,0.9336,10.008551228487969,0.9878,12.671679616208834,13.297856950470818,12.441482180064336,0.9926,0.9832,0.989,0.9994,0.9886,14.800309090854949,0.9994,18.73845382200338,41.7395913330954,24.24571576750489
0.9716,0.9879,0.9909,0.9893,0.9895,0.9174,3.450639554442888,4.368804026346943,5.2096647662213735,4.957435138602417,0.8979,13.882114674879528,0.9828,0.9801,0.9874,0.9991,0.9673,3.4488759533965503,0.9991,4.366571156981556,6.384426873429642,5.02330479630954,0.9342,0.9727,0.9833,0.9827,0.9098,4.770903633705192,0.9827,6.040370973377331,8.249451505746451,7.367218869044485,0.9612,0.9774,0.9791,0.9793,0.9062,3.7738061603397104,0.9792,4.77796051654166,6.325532690388702,5.98937005208802,0.9828,0.9642,0.9766,0.9996,0.9708,7.123657570293249,0.9996,9.019158154418918,13.17793145419974,11.969371363679649,0.9388,0.9704,0.9754,0.9901,0.9901,0.9007,0.5058223911735128,0.64041429546879,0.7123551196216293,0.6596228744662289,0.9654,0.9645,0.9683,0.9865,0.941,10.406684409552486,0.9865,13.175750185450836,12.873607583976105,12.086062225157445,0.949,0.9674,0.979,0.9818,0.9361,4.0292613316036,0.9818,5.101388554492443,6.392994039400245,5.527963761564671
0.9321,0.938,0.9441,0.9475,0.9484,0.8504,2.8885460419108155,3.657145691134332,3.8541719211433785,3.73446113354198,0.9207,14.995861469296798,0.9791,0.9957,0.9973,0.9991,0.9587,3.3901071736773947,0.9991,4.292164868695094,6.344861981156737,5.496040608447465,0.9436,0.9701,0.9733,0.9722,0.92,5.273548138344131,0.9725,6.676761793409619,6.687300845794624,6.483649758238983,0.9695,0.9857,0.9945,0.9916,0.9253,4.043364781552359,0.9915,5.119244725196275,6.869194432001048,5.846398596413532,0.9484,0.9795,0.9871,0.9906,0.9259,4.459492449970845,0.9907,5.646097850414844,7.02533988965236,6.153969225866662,0.9585,0.9793,0.9843,0.9901,0.99,0.9227,0.5563912666649613,0.7044388055253168,0.6857853981404873,0.673200484956424,0.96,0.9808,0.9846,0.989,0.9349,10.248411184112747,0.9891,12.975362780839497,13.352473886483471,13.07305455371831,0.9649,0.9697,0.9785,0.9956,0.9537,5.6390353620229146,0.9956,7.139499795798291,13.479147331185304,10.184244067187455
0.9667,0.9648,0.9703,0.9761,0.9758,0.907,3.380078132662932,4.279467247261999,4.383442222795493,4.260349032589934,0.9433,16.1168186425635,0.9507,0.9599,0.964,0.9842,0.9222,2.601322878950401,0.9843,3.293496665785999,3.453371985281472,3.274831587349964,0.9857,0.9829,0.9889,0.9993,0.9782,10.59465508994653,0.9993,13.413737101320772,21.300300510927094,17.987123020200574,0.9678,0.9867,0.9931,0.9896,0.9213,3.955539388318921,0.99,5.00805028558008,6.703035125656914,5.917464086089839,0.9493,0.9815,0.9898,0.99,0.9267,4.632032638205091,0.99,5.864548446940893,6.837535456361838,6.308427860972804,0.9618,0.9755,0.9822,0.9864,0.9864,0.9286,0.5565514944665859,0.7046416675901093,0.6651897694954885,0.6472451222111422,0.9561,0.9723,0.9761,0.976,0.9313,9.849666470013526,0.9763,12.470517958609864,11.104671160419024,10.873373623750414,0.9777,0.9904,0.9931,0.9965,0.9699,7.3920838930106685,0.9965,9.359008776589942,16.109793183099857,13.263997637580172
0.9789,0.9595,0.9633,0.9757,0.9752,0.9306,3.6188720022793466,4.581800656065571,4.532142527807577,4.461920037600335,0.9099,14.227095473329427,0.9475,0.9563,0.9733,0.9783,0.9179,2.5868586129902997,0.9784,3.2751836712330658,3.238860170750442,2.937538144219576,0.9607,0.9668,0.9732,0.985,0.9463,6.115599630235634,0.985,7.742870811788675,8.355168255659454,8.311058299820951,0.9629,0.982,0.9908,0.9853,0.9143,3.8856294662621753,0.9876,4.919538360719699,6.469548573814858,5.9211766038150575,0.9645,0.9942,0.9973,0.9996,0.9476,5.705569209589446,0.9996,7.223737322364276,13.178615892211711,9.440121348330388,0.9552,0.9709,0.977,0.9764,0.9762,0.9188,0.5500950547502607,0.6964672641545985,0.6076043424239723,0.6000321082338067,0.9695,0.9916,0.9955,0.9977,0.9459,11.697138205987418,0.9977,14.809574771510752,18.22648894559344,16.394047323781585,0.9744,0.9817,0.9883,0.9962,0.9644,6.729854379974906,0.9962,8.520569722823424,15.157122890411433,11.848661883217869
0.9654,0.9714,0.9726,0.9783,0.9783,0.9061,3.325921537121819,4.210900377578777,4.450229317143842,4.405450135420565,0.9383,15.82873196528556,0.9548,0.9632,0.9868,0.9899,0.9277,2.5228389171165464,0.9899,3.194129275175197,3.9648214625023512,3.5015090511220013,0.9419,0.9701,0.9799,0.9835,0.9174,5.1643329460121,0.9835,6.538486043517374,8.317839633864594,6.975113082721432,0.9653,0.9865,0.9892,0.9886,0.9147,3.881488739280272,0.9887,4.914295847143556,6.234193423399216,5.951961127055876,0.9647,0.9945,0.9977,0.9984,0.9481,5.700703297500742,0.9984,7.217576662582349,10.864741283057588,8.822420053511891,0.9759,0.9833,0.9851,0.9881,0.9877,0.9443,0.6132981442385741,0.7764877668694032,0.6584564223942829,0.6551053549970653,0.9752,0.9959,0.9973,0.997,0.9549,11.994666915919549,0.997,15.186271498420895,17.728429284223115,16.533438894019742,0.9534,0.9818,0.9883,0.9919,0.9382,4.505130544617802,0.9919,5.703879571311108,10.12706578441161,8.238241475794508
0.982,0.9961,0.9988,0.9974,0.9978,0.9358,3.699338626438189,4.683678266307148,6.464962979567439,5.913446253579702,0.9594,17.522897722519392,0.9471,0.9737,0.9784,0.9801,0.9175,2.547875682664545,0.9806,3.225827956073922,3.3032268753581397,3.1706327499537563,0.9543,0.9772,0.9852,0.9909,0.9353,5.951898957214366,0.9909,7.535611795560742,10.270065278255665,9.473557903663076,0.977,0.9797,0.9823,0.9843,0.939,4.265142693029877,0.9841,5.40003447948118,5.656078888614836,5.4938865486313,0.9753,0.9911,0.9953,0.9979,0.9606,6.242717498388677,0.9979,7.903812876424956,9.892884022930115,8.661271873431652,0.9769,0.9778,0.9861,0.9973,0.9973,0.946,0.61659909204568,0.780667048374444,0.8090135519741648,0.7187702976479041,0.9832,0.9557,0.9564,0.9998,0.9674,13.628095016784313,0.9998,17.254330810677388,31.790530052070874,21.91162639537077,0.9558,0.9499,0.9539,0.9806,0.9421,4.635682952907732,0.9806,5.869170056737779,6.1428482314836,6.119023937270966
0.9598,0.9671,0.9745,0.9741,0.9742,0.8949,3.231120782239216,4.090874535094422,4.456009290609654,4.24990942057854,0.9262,14.948201473385026,0.9722,0.9772,0.9875,0.9982,0.9489,3.007069562889261,0.9982,3.807206579122689,5.563419990331409,4.255393053908175,0.9633,0.9823,0.9848,0.9899,0.9483,6.648133354435857,0.9899,8.417103933430118,9.881339889661234,9.36262710678906,0.9381,0.9583,0.9774,0.97,0.8717,3.359546543304573,0.9713,4.253472503725076,5.366579757263581,4.747033849449927,0.9506,0.9753,0.9773,0.9793,0.9298,4.581106289187007,0.9794,5.800071344906028,5.609735587689974,5.486009206959526,0.9524,0.973,0.9783,0.9901,0.9901,0.9144,0.5679232056268997,0.7190392239618453,0.7061477069317399,0.6644582737051514,0.9663,0.9879,0.9911,0.9909,0.9423,10.906871897449909,0.991,13.809030212697095,14.07010136180444,13.803076164628855,0.9691,0.9779,0.9843,0.989,0.9583,5.758523565514298,0.989,7.290782054138483,8.984506695191135,8.282630589976666
0.9731,0.9807,0.9885,0.9857,0.9866,0.9158,3.52030753982484,4.457009638739076,4.958842139921561,4.647689672444017,0.9514,17.292129179223828,0.9722,0.9694,0.9847,0.9931,0.9488,3.0037305129916447,0.9934,3.802979057120835,4.190297675191057,4.04003332186644,0.9794,0.9953,0.9982,0.998,0.9699,8.893677343183112,0.998,11.260154175159023,16.73251635667051,14.437982639136822,0.9424,0.9721,0.9829,0.9772,0.88,3.429941428015062,0.9773,4.34259843267394,5.678618990622077,5.217216581896143,0.9763,0.9857,0.9909,0.9984,0.9623,6.439220430238839,0.9984,8.152602350466262,10.864680926169727,8.926547080325788,0.9523,0.9459,0.9505,0.9806,0.9802,0.9161,0.548636462576257,0.6946205620398036,0.6128154201482243,0.6087719180676658,0.9198,0.9189,0.955,0.9766,0.8891,7.692794386729105,0.9767,9.739733913189724,11.3629612728672,9.954223517086042,0.9452,0.9766,0.9814,0.9808,0.9302,3.837311436904129,0.9809,4.8583636138723225,6.275317142660194,6.015943723124384
0.9707,0.9641,0.9696,0.9768,0.9763,0.9161,3.474255390282978,4.398703689025676,5.037566281831575,4.621895702951324,0.9494,17.041579170037416,0.9618,0.9748,0.9762,0.9785,0.9357,2.7864525466592,0.9786,3.527886617249084,3.175989385450184,3.134784412980257,0.9761,0.9766,0.9813,0.9982,0.9636,8.460918703039408,0.9982,10.71224482106206,16.902625884333407,15.299651591348972,0.9595,0.9698,0.9777,0.9737,0.9036,3.72828598358696,0.9746,4.72032808975823,5.405238569733697,5.087800971650717,0.963,0.9949,0.9982,0.9983,0.9451,5.564859034191128,0.9983,7.045586237288855,10.63618215197982,8.895945065261056,0.9374,0.9683,0.9838,0.9901,0.9901,0.897,0.5295187072135129,0.6704158529458227,0.7059448822677512,0.6084896854812611,0.9334,0.9698,0.9771,0.9816,0.9024,8.88020650837405,0.9817,11.243098949186116,11.957802571024216,11.010389455269062,0.9844,0.969,0.9714,0.9977,0.978,9.094841806803077,0.9977,11.514845546064238,21.06860234434648,16.187416566683403
0.9883,0.9918,0.9939,0.996,0.9958,0.9503,3.912192447429767,4.953169360783828,6.025292133014831,5.319767168400437,0.9409,16.02287952472502,0.9582,0.9773,0.9859,0.9927,0.931,2.6898994218426417,0.9927,3.405642124945668,4.200914945106307,3.680239927708696,0.9747,0.9806,0.9835,0.994,0.9627,7.711933512194415,0.994,9.76396567865649,11.9163468131982,10.932568832413576,0.9649,0.9579,0.9676,0.9716,0.9176,3.9200878777000905,0.9701,4.963165649011127,6.616443221867887,5.596784810631816,0.9532,0.949,0.9545,0.9925,0.9345,4.676425145853331,0.9926,5.920753148444288,7.408383657861618,6.9542945838703325,0.9358,0.9598,0.9643,0.9769,0.9769,0.8955,0.5006700654615515,0.6338910116078359,0.6100349708339744,0.5994738958863987,0.9472,0.9849,0.9937,0.9933,0.9187,9.83578336704586,0.9933,12.452940765980394,14.88247919895239,12.772724660487969,0.9824,0.9927,0.9951,0.9979,0.9749,8.615721585323804,0.9979,10.908238475207536,21.711870213453103,15.017854223353824
0.9814,0.9849,0.9892,0.9904,0.9905,0.937,3.691944062513401,4.674316117598773,5.00058003608315,4.835305306050703,0.8955,13.534116675167107,0.9735,0.9908,0.9926,0.9965,0.9492,3.1483438802881265,0.9965,3.986071916093889,4.95737062172268,4.769500351940426,0.9598,0.9859,0.9876,0.9941,0.9428,6.592213592120897,0.9941,8.346304744207528,12.05429953382419,11.737885711148335,0.9669,0.9891,0.9955,0.9921,0.9165,3.946083880834011,0.9923,4.9960788065196144,7.118747855875835,6.269499068820238,0.9609,0.9888,0.9956,0.998,0.9433,5.300202099734709,0.998,6.710507982196948,9.933903954316872,8.267917545578976,0.979,0.9741,0.9882,0.9983,0.9981,0.9481,0.6476524034345428,0.8199831895380124,0.810359978789134,0.7953110437970714,0.9676,0.9506,0.9659,0.9934,0.9458,10.80102292965223,0.9935,13.675016390214896,14.93273440360896,14.49572126299264,0.9651,0.9797,0.9867,0.993,0.9548,5.3378680461966415,0.993,6.758196283441622,10.86969366245012,8.587813858390259
0.9251,0.9183,0.9323,0.9404,0.9379,0.8375,2.804193603120759,3.550348308097412,3.695029515741979,3.4868855908311893,0.9206,14.77004571058468,0.928,0.9365,0.9524,0.9587,0.8944,2.15238364936818,0.9594,2.725101305204629,2.825754003563409,2.5803613732762325,0.9732,0.9569,0.9657,0.9943,0.9612,7.714322179626169,0.9943,9.766989935385949,12.11262286323418,11.07762425327694,0.9799,0.9904,0.9933,0.9913,0.9433,4.342979251504787,0.9914,5.498582202214012,6.946327521592399,6.393856944982232,0.9028,0.961,0.9696,0.97,0.8717,3.2239112183785643,0.9702,4.081746612248332,4.945043409349186,4.6585712943785484,0.9549,0.9768,0.9834,0.9979,0.9979,0.9169,0.5648150360636632,0.7151040161581349,0.8221472179731156,0.7441267237467221,0.9673,0.9792,0.9886,0.9912,0.9453,10.71721520707108,0.9913,13.56890866436446,14.376935508886731,13.822586968842572,0.9452,0.9317,0.9521,0.9796,0.9302,3.834544409945957,0.9797,4.854860321707164,6.150274374081597,5.736094835222545
0.9768,0.9782,0.9826,0.9809,0.9811,0.9261,3.577817016374442,4.529821541790356,4.731822475616189,4.565921800813971,0.9706,18.547808681320586,0.9639,0.9693,0.973,0.9883,0.9388,2.783791414737442,0.9883,3.5245173972332045,3.780755857055171,3.532873624006437,0.9338,0.9479,0.9504,0.9624,0.9096,4.67081328575558,0.9625,5.913648054851194,5.658322213240769,5.6207742850330655,0.9458,0.9508,0.9715,0.9648,0.8846,3.4828187313030323,0.9642,4.409545609237025,5.401061991954219,4.678294357676322,0.9497,0.9694,0.9852,0.9961,0.9269,4.715802348948184,0.9961,5.9706080465618205,8.483824064791811,6.662865679634551,0.9764,0.9892,0.9959,0.9984,0.9984,0.9445,0.6317173496977468,0.7998080521969556,0.8437083602044394,0.7645947519788518,0.9671,0.9476,0.9524,0.9903,0.944,11.065904347377014,0.9903,14.010378860273685,13.576582254380268,13.363807693298124,0.9961,0.9718,0.9855,0.9996,0.9937,20.0874709661983,0.9996,25.432451767748653,52.32017084284082,38.272130875379176
0.9621,0.9659,0.974,0.9716,0.9709,0.8974,3.275569286579835,4.147150133187062,4.790133873928124,4.426719709563898,0.9639,18.111950609675965,0.9794,0.93,0.9418,0.9941,0.9593,3.3276229530044974,0.9921,4.213054515222381,6.685771679281471,5.745998634505949,0.9727,0.9759,0.9803,0.9987,0.9598,8.117602205308724,0.9987,10.277576848956436,17.949745549745316,13.81968292922828,0.9659,0.9672,0.978,0.9755,0.9192,3.9260003741357057,0.9763,4.970651373853184,5.392145874557942,5.016038414059411,0.9416,0.9543,0.9634,0.9835,0.9188,4.176839453273188,0.9835,5.288235045404738,6.013599201923321,5.334265899524388,0.9794,0.9737,0.9763,0.9989,0.9987,0.9506,0.6231648854622515,0.788979902922682,0.8203523311850193,0.8149984075107228,0.9432,0.9689,0.9799,0.9852,0.9148,8.92204162130423,0.9853,11.296065770822622,12.480582003007106,11.89245510716999,0.9787,0.9849,0.9875,0.9961,0.9707,7.66394148453889,0.9961,9.703203677773482,14.96983383820499,13.98302914904161
0.9685,0.9804,0.9947,0.9916,0.991,0.9102,3.3717774132126697,4.2689578283604535,5.340632199953857,4.664789647693297,0.9307,16.32783694038976,0.9756,0.9852,0.9971,0.9991,0.9544,3.0786533949156363,0.9991,3.8978378167944143,6.430588024302987,4.703923642722808,0.9658,0.9797,0.9843,0.994,0.9514,6.8296154535161495,0.994,8.646875751860422,12.042113093865831,10.745314122318126,0.9808,0.9802,0.9846,0.9848,0.9438,4.367263413249008,0.9846,5.529328022497677,5.825491217523647,5.625470377267002,0.9239,0.9347,0.9468,0.9454,0.9003,3.4730482505981137,0.946,4.39717534721182,3.8277329211470064,3.659405386824308,0.9512,0.9639,0.972,0.9824,0.9824,0.917,0.5138262372463189,0.650547847350242,0.6250023080628706,0.62180027138953,0.9629,0.9864,0.9888,0.9911,0.9373,10.696781245236393,0.9912,13.543037525600443,14.285641808894438,13.73239173930321,0.9496,0.9561,0.9696,0.9895,0.9349,4.3375496127007125,0.9895,5.491707816322762,9.3068979602236,7.797150575652975
0.9809,0.9828,0.9842,0.9865,0.9866,0.9333,3.8374897119664952,4.858589325308704,5.149987296668304,5.024987247337219,0.8833,13.114129541562416,0.9347,0.9645,0.9809,0.9904,0.9026,2.345426625501513,0.9904,2.9695101801633075,3.942305535368821,3.2949807754867817,0.9736,0.988,0.9936,0.9986,0.9612,7.779204620783125,0.9986,9.849136640567242,17.700969651854205,12.8881069662855,0.9658,0.9804,0.9898,0.9845,0.9153,3.88348517639703,0.9855,4.916823506835746,6.276607881137464,5.5609326527776375,0.9356,0.9761,0.9811,0.9811,0.9105,4.073867157071139,0.9811,5.157863334551752,5.803622708161252,5.460478548943976,0.9349,0.9586,0.9631,0.9641,0.964,0.8949,0.4922817979081213,0.6232707493395508,0.5691257030482406,0.5609298932445763,0.9349,0.96,0.9647,0.9669,0.904,8.886135465202441,0.9672,11.250605514289552,10.289897672471245,9.869884418293072,0.9441,0.9746,0.9773,0.9846,0.927,3.932611972580859,0.9846,4.979022221474919,7.197477788993727,6.667937815191078
0.982,0.9862,0.995,0.992,0.9914,0.9383,3.72439601160241,4.715403053398927,5.452903870396394,4.923131498213805,0.939,15.70397002204228,0.9552,0.9582,0.9627,0.9786,0.9253,2.736907593879156,0.9788,3.465158480689028,3.098038023458769,3.081281160688853,0.9689,0.9834,0.998,0.9987,0.953,7.602717277281386,0.9987,9.625688608767769,18.034291893217528,12.242905173994796,0.9895,0.9971,0.9988,0.9981,0.962,4.860345903471257,0.9981,6.153612516608491,9.398183500244636,7.854144386016568,0.9486,0.9704,0.9729,0.9903,0.9259,4.582457289173227,0.9903,5.801781826133138,6.900348602568672,6.671155172998526,0.9663,0.977,0.9873,0.9867,0.9862,0.9351,0.5752719526570311,0.7283433645732595,0.6646085367450039,0.6432232312009483,0.9631,0.9891,0.9908,0.9936,0.9383,10.400773140090523,0.9938,13.16826601406209,15.204015558720128,14.709553947478817,0.9438,0.9624,0.9665,0.9729,0.9274,3.720460588348344,0.9729,4.710420471855281,5.198539022831396,4.978455433084315
0.979,0.9724,0.9733,0.9809,0.9801,0.93,3.625355523014121,4.590009346380535,4.414855566378193,4.389538622980964,0.934,15.570877766921177,0.9721,0.9876,0.9966,0.9981,0.948,3.027675718828804,0.9981,3.8332957303121535,5.505294811713389,4.255169124933184,0.9722,0.9873,0.9909,0.9983,0.9589,7.795799223266407,0.9983,9.870146822882932,17.165358520792985,12.881109073316702,0.9763,0.9906,0.9952,0.9922,0.9371,4.227681133943494,0.9922,5.352604950088839,7.107128455695988,6.307635844121778,0.9502,0.967,0.9712,0.9796,0.9282,4.651212252452562,0.9797,5.888831474659697,5.578832199863973,5.563746201187652,0.9361,0.9584,0.9703,0.9731,0.9734,0.897,0.4936559381540942,0.6250105281094437,0.6166914378633028,0.5779180718460086,0.9172,0.9541,0.9569,0.9668,0.8832,7.864797387783804,0.9668,9.957504384922713,10.112831216182265,9.926125329603448,0.9993,0.9969,0.9978,0.9999,0.9988,49.234247966506246,0.9999,62.334757762018334,139.8854924831656,77.1422188372008
0.983,0.9851,0.9899,0.9925,0.9927,0.9411,3.748177259051345,4.745512141284587,5.781001810334969,4.951055233214165,0.9274,15.039873704734491,0.9537,0.9711,0.9818,0.9875,0.9246,2.649873417530604,0.9877,3.3549657891423923,3.7124045782447608,3.32871547165916,0.9719,0.9842,0.9929,0.998,0.9588,7.705919445045918,0.998,9.756351356627624,16.67483622067443,13.598946124600788,0.9593,0.9565,0.963,0.9693,0.9046,3.739639358293224,0.9695,4.7347024306149805,4.835812181034086,4.642520141714951,0.9591,0.982,0.9907,0.994,0.9425,4.9210344417555945,0.994,6.230449382999924,7.865126383421587,6.934202790369872,0.9721,0.988,0.9939,0.9948,0.9948,0.9394,0.615971747487237,0.7798727766489888,0.7761067285891544,0.7101565772130084,0.9657,0.9832,0.9867,0.9941,0.9417,10.847242384887991,0.9942,13.733534163208478,15.419591201508563,14.913239009920414,0.9172,0.9353,0.953,0.9622,0.8968,2.7055211924191984,0.9625,3.4254206190818217,4.266143824148285,3.834553459803372
0.9745,0.9895,0.9952,0.9921,0.9922,0.9219,3.512369307260536,4.446959159156427,5.408397077208129,5.025720794247927,0.9453,16.713119961067854,0.9786,0.977,0.9804,0.9946,0.9593,3.192345347244688,0.9947,4.041781526724616,4.427818447042825,4.296737786507856,0.9857,0.9915,0.9982,0.9993,0.9782,10.331655087230748,0.9993,13.080756663154002,21.35135752643558,16.618819149161602,0.9794,0.984,0.9894,0.9882,0.9426,4.336545786037296,0.9889,5.490436886137299,6.196144691602445,5.716143702941771,0.9745,0.9884,0.9955,0.9955,0.9597,6.364910659452038,0.9958,8.058519841792673,8.332101121625891,7.889111730301388,0.9804,0.9779,0.9831,0.9881,0.9878,0.9524,0.6308573217361668,0.7987191834345011,0.6699770539153325,0.6564332697435961,0.9545,0.9685,0.9762,0.9781,0.9292,9.5812260169599,0.9782,12.13064944622784,11.696860102871486,10.954956941588216,0.9569,0.9719,0.9776,0.9916,0.9438,4.682893290014063,0.9916,5.928942370704844,9.906905876949844,8.162855219702745
0.9737,0.9672,0.98,0.9781,0.9761,0.9211,3.505519779750694,4.438287073042697,4.651995803736774,4.367308174004758,0.9565,17.60447761727901,0.9636,0.9822,0.9909,0.9901,0.9377,2.858121792257071,0.9904,3.61862599578837,3.956577251091978,3.782826485209103,0.9491,0.9859,0.9892,0.992,0.9281,5.679636960266965,0.992,7.190904882619469,10.630929282254858,9.756790014346144,0.934,0.9389,0.9509,0.9489,0.8638,3.3006244313408084,0.9483,4.178872083737217,4.522272375685466,4.274213559255612,0.9601,0.9765,0.9944,0.9961,0.942,5.217532100173259,0.9961,6.60584071074081,8.479901987944306,7.254737878199873,0.9623,0.9743,0.9829,0.9911,0.9911,0.9272,0.5816949171987805,0.7364753855822197,0.7300603198222086,0.6535506261935374,0.9456,0.9662,0.9757,0.9829,0.9174,9.396353414438828,0.983,11.896584961220888,12.231942066287337,11.240474462965029,0.9828,0.9834,0.9907,0.9964,0.9753,8.473959272804631,0.9964,10.728755294786508,15.65446472832292,14.421857909563784
0.9785,0.9886,0.9921,0.9916,0.9917,0.9304,3.652704718870154,4.62463576130682,5.131189726675888,4.974717843721825,0.9432,16.11552004440886,0.9458,0.9735,0.9827,0.9899,0.9173,2.509619539431242,0.9899,3.17739241537105,3.9441195736087127,3.481775372208536,0.97,0.9861,0.9903,0.9961,0.9558,7.150090928330275,0.9961,9.05262504054249,14.39155934037781,11.657112120368769,0.9675,0.9737,0.9819,0.9809,0.9221,3.967182369036077,0.982,5.022791292350926,5.667161832794895,5.2582728677471575,0.9532,0.9826,0.9918,0.9926,0.9328,4.915990410145342,0.9926,6.224063208709561,7.412400155404837,7.046821371689344,0.9604,0.9764,0.981,0.9972,0.9972,0.9248,0.5740450893951541,0.7267900510284224,0.8005301803079323,0.7416779734343482,0.935,0.9692,0.9802,0.9933,0.9041,8.862792808414248,0.9933,11.221051719593554,14.846258247824087,12.822156584433708,0.9558,0.9773,0.9848,0.993,0.9418,4.674172506185976,0.993,5.917901114468158,10.868878632413626,7.532831591653192
0.9815,0.9795,0.988,0.9883,0.9885,0.9356,3.7381057458306177,4.732760746415349,5.004654660317838,4.697565738589295,0.9648,17.92084001048696,0.9697,0.974,0.9873,0.9935,0.9448,2.940770014630158,0.9935,3.7232656954663774,4.1466037014111,4.094060455397038,0.9636,0.9795,0.9855,0.9906,0.9488,6.45042914801089,0.9907,8.166793543304607,10.282180258036323,9.689704835175108,0.9672,0.977,0.9825,0.983,0.9165,3.9403619446784406,0.983,4.988834347247487,5.764243374610684,5.443991039048829,0.9645,0.9883,0.9946,0.9978,0.9481,5.4879291207052825,0.9978,6.948186404451854,9.5897111880426,7.839643258298947,0.9594,0.9623,0.9706,0.997,0.9968,0.9235,0.5651400834565132,0.7155155538850493,0.7988761303616339,0.71351752891853,0.9599,0.9816,0.9882,0.9871,0.9349,10.172442695646607,0.9873,12.87918019409002,12.931705796671816,12.511948378880351,0.9923,0.995,0.9961,0.9991,0.9885,13.8879428752004,0.9991,17.583320365272904,32.5410437337419,27.176559450922703
0.9323,0.9511,0.9673,0.9624,0.9621,0.8472,2.874236357721765,3.639028410289862,4.362359839024108,4.058744982159945,0.9048,13.99761071252898,0.9528,0.9846,0.9906,0.9924,0.9236,2.6574797543708617,0.9925,3.3645960604266483,4.223006295405954,3.673192774136068,0.9714,0.9662,0.9683,0.9963,0.9566,7.791746098615388,0.9963,9.865015221330443,14.629705793038136,14.147242408552522,0.9685,0.9797,0.9872,0.9833,0.9182,3.9752400029075727,0.9839,5.032992944173788,6.0064442049570985,5.503958233642357,0.9681,0.987,0.9938,0.9974,0.9521,5.763266073494726,0.9974,7.296786473792574,9.277964186732437,8.262958944611507,0.9425,0.9673,0.9712,0.9806,0.98,0.9041,0.5314262232673628,0.6728309309871243,0.6216809421105313,0.6083742828327718,0.9734,0.9565,0.9615,0.9964,0.9533,11.505502518962883,0.9964,14.566947644610009,17.085111939461186,15.4132783674352,0.9758,0.9671,0.9958,0.9958,0.9667,6.925790090269135,0.9958,8.768641045989131,13.874552267355488,13.026678573896731
0.949,0.9593,0.9784,0.9705,0.9712,0.8739,3.072499767280147,3.890046799284066,4.618209246486384,4.070523923558301,0.9435,16.131314082602472,0.9848,0.9952,0.9965,0.9991,0.9707,3.652360671808189,0.9991,4.624200168378074,6.474533148065861,5.399259876431125,0.9553,0.9901,0.9928,0.9938,0.9365,6.239886881124631,0.9938,7.900229073508107,11.686882077382524,10.538977497164089,0.9739,0.9822,0.9879,0.9856,0.9337,4.159780117824683,0.9857,5.266636471511886,6.092249707557336,5.689479803909388,0.948,0.9635,0.9707,0.9872,0.9242,4.541694871478079,0.9872,5.750173128168463,6.487764576363075,6.3155214350845,0.9516,0.9651,0.9761,0.9821,0.9821,0.9149,0.5468402250903261,0.6923463721579,0.6431210874814267,0.6174083489979627,0.9316,0.9759,0.9899,0.99,0.901,8.554264692914142,0.9901,10.830428806950415,13.908253887408764,11.79448246046552,0.9637,0.9578,0.9596,0.989,0.9523,5.181736355147711,0.989,6.560520244048671,8.972353481406286,8.263171684616696
0.9763,0.9842,0.9892,0.9883,0.9879,0.9261,3.5651417299562715,4.5137735479430985,4.993115184046348,4.751146625816613,0.9411,15.915880237163467,0.9546,0.968,0.9703,0.9846,0.9265,2.60102829104089,0.9851,3.293123692363281,3.4198355018707867,3.371050131600869,0.9624,0.9784,0.9819,0.9895,0.9477,6.395591820862977,0.9895,8.097364809338625,9.6321060208113,9.171183697825835,0.974,0.982,0.987,0.9857,0.9339,4.164464862244024,0.9856,5.272567757570226,6.6248910180139085,6.013752716481477,0.9762,0.9779,0.986,0.9979,0.9619,6.453603285306594,0.9979,8.170812271884877,9.77711540915768,9.433235512984067,0.9522,0.9824,0.9914,0.9936,0.9935,0.9161,0.5475702007794838,0.6932705836495987,0.7557314623535607,0.701404552290011,0.9373,0.9598,0.9688,0.9752,0.9081,8.703030508306938,0.9753,11.018779019430308,11.241212038000448,10.59286839939801,0.9673,0.9806,0.989,0.9932,0.9566,5.644845878306726,0.9932,7.146856405068936,11.089564675131042,8.965090013668197
0.9729,0.989,0.9915,0.9903,0.9902,0.9193,3.4841963066075947,4.411289737084114,5.201470378138124,4.978047553814946,0.9525,17.037229508876443,0.9148,0.935,0.9383,0.9435,0.8773,2.10213991380892,0.944,2.6614884500377127,2.491418298336644,2.458132947150505,0.9673,0.9843,0.9925,0.9976,0.9521,7.185590338062838,0.9976,9.09757032147537,15.895098282986844,12.038791170300078,0.9856,0.9985,0.9997,0.9994,0.954,4.603678716811835,0.9994,5.828649963778233,10.327504314305036,8.633020354747753,0.9387,0.964,0.9754,0.9888,0.9149,4.031673672077527,0.989,5.104442783312676,6.67857683123459,5.449742235248603,0.9742,0.9786,0.9837,0.9894,0.9894,0.9428,0.6009993257714861,0.7609164135621178,0.6960831385601576,0.6616974468483916,0.9624,0.9702,0.9767,0.9885,0.9358,10.852817698514617,0.9887,13.7405929858516,13.244953961607036,12.973692596308444,0.9371,0.9515,0.9624,0.9758,0.9195,3.487385608292457,0.9758,4.415327665074628,5.5123835222173385,4.700495215764622
0.9665,0.9693,0.9706,0.9774,0.9771,0.9072,3.3387147705622207,4.227097702417431,4.472785674890051,4.450975732918536,0.9408,16.206961273024135,0.9706,0.9632,0.9688,0.9878,0.9463,2.986711183081174,0.9878,3.781431133651732,3.536182740825669,3.494525118630039,0.9273,0.9609,0.9637,0.966,0.9028,4.490654242667676,0.9662,5.685551338168098,5.937888019560418,5.908490406425712,0.9662,0.9586,0.9629,0.9703,0.9186,3.947007290518016,0.97,4.997247921949319,5.467088107581375,5.114946755316679,0.963,0.9838,0.9846,0.9866,0.9459,5.360730695853932,0.9868,6.787142348163776,6.357564978793137,6.320323129999905,0.9487,0.9675,0.9778,0.9821,0.9818,0.9117,0.5451964879778182,0.6902652607575123,0.6227578072405761,0.6126732651044264,0.9672,0.9738,0.9782,0.9977,0.9422,11.439572925171507,0.9977,14.48347515486812,18.176463717439866,16.99313025873667,0.9425,0.9607,0.9796,0.9869,0.9247,3.7782844946935175,0.9869,4.783630469849606,7.83697573461761,6.056797051065611
0.9593,0.9657,0.9741,0.9717,0.9721,0.8939,3.216020481441637,4.071756266181469,4.524906039947709,4.253641072133933,0.9402,15.93803778689746,0.9461,0.969,0.9803,0.9843,0.9175,2.504533438631653,0.9846,3.1709529778983527,3.507210742786095,3.3358111737461678,0.9569,0.9859,0.9902,0.9953,0.9391,6.3334522672581,0.9953,8.018690833775212,13.049265183086325,10.440861663603709,0.9544,0.9704,0.9808,0.9748,0.897,3.662879447530963,0.9755,4.637517835727805,5.523711880644756,5.126639780839097,0.9426,0.9374,0.9425,0.9774,0.9194,4.28645008636363,0.9775,5.427011457029474,5.424601809526092,5.21351102619711,0.951,0.9788,0.9837,0.9839,0.9836,0.913,0.5559446507417434,0.7038733516687775,0.6435076705165068,0.6338367683775734,0.97,0.9477,0.9602,0.9941,0.9484,11.148678493034256,0.9941,14.115177989571087,15.33917548515207,14.77879142014366,0.9609,0.9423,0.9532,0.9887,0.948,5.041103543342964,0.9888,6.382467107882073,8.674045642194681,8.290317858340927
0.9582,0.9705,0.9762,0.9763,0.9776,0.8905,3.194833211558616,4.044931375168711,4.573988737850156,4.394784319556006,0.9534,16.91809080585491,0.9474,0.9682,0.973,0.9774,0.92,2.4349403651854447,0.9777,3.082842210407096,3.178576645942922,3.0725984220086837,0.9792,0.9719,0.9793,0.9962,0.9695,8.588032760926556,0.9962,10.87318206157669,14.34792399221206,14.201264006307346,0.9682,0.9911,0.9951,0.994,0.9182,3.965303023710233,0.994,5.020411880854333,7.168062518244334,6.414689897124332,0.9442,0.9656,0.9773,0.9806,0.9215,4.347824427434015,0.9806,5.504716608249181,5.751976069262255,5.375306094268026,0.964,0.9767,0.9804,0.9805,0.9799,0.9316,0.5671098097219344,0.718009395360927,0.624307167626749,0.611566818839962,0.9555,0.9915,0.9941,0.9964,0.9292,10.28769585089202,0.9964,13.02510052008786,17.06429476135009,15.56118812956289,0.9885,0.9812,0.9902,0.9982,0.9841,10.900552863684894,0.9982,13.801029776917105,22.43970567106836,19.757406124675622
0.9606,0.9545,0.9653,0.9688,0.9689,0.8914,3.222969105280226,4.080553816700621,4.224114192753651,4.073467062756318,0.9618,18.043216030629548,0.9655,0.9686,0.973,0.9773,0.9412,2.741479048097037,0.9776,3.470946331688308,3.0809550427361807,3.0401489899867924,0.9835,0.9767,0.9794,0.9969,0.9759,9.62960475486952,0.9969,12.191901055280136,15.223575365834538,14.13260291505564,0.9692,0.9881,0.9936,0.9906,0.923,3.992958857065179,0.9905,5.055426525011385,6.74747399335268,6.0568536452648285,0.9271,0.9549,0.9861,0.9872,0.9046,3.592259604826026,0.9872,4.548107090768345,6.525395906160196,5.018526541635232,0.9721,0.9928,0.9964,0.9977,0.9976,0.94,0.6073027623703464,0.7688971019992705,0.8256018454934649,0.7691160990477802,0.9179,0.968,0.9749,0.9787,0.884,7.951515896355821,0.9792,10.067297414136798,11.527303844336606,11.223884750707915,0.9533,0.9737,0.9842,0.9849,0.9388,4.365337235762675,0.9849,5.526889317490975,7.402259562857848,6.568993316776331
0.9655,0.9825,0.9924,0.9871,0.9872,0.905,3.3578298447497974,4.251299016914937,5.25686823190442,4.7149124966249225,0.9376,16.21986806899138,0.942,0.9788,0.9816,0.9863,0.9102,2.547005043651802,0.9863,3.22472565281554,3.5167283227573365,3.476475496696551,0.9457,0.9748,0.99,0.9924,0.9227,5.328984807027324,0.9924,6.746949344884986,10.966543264273808,8.533598756392184,0.9878,0.9881,0.9923,0.991,0.9591,4.747046200892053,0.9909,6.010165428321736,7.4429261957359,6.439775403827445,0.9322,0.965,0.9764,0.9828,0.908,3.891570658602561,0.9832,4.927060417025047,5.953038102387674,5.435009827884357,0.9527,0.9345,0.9588,0.9781,0.9779,0.917,0.5434951754941209,0.6881112540258381,0.6255270413730085,0.5883746086849992,0.9437,0.9651,0.9697,0.9772,0.9148,9.013157595504794,0.9779,11.411426366640118,11.447041275709756,11.05660347601447,0.9629,0.9861,0.9913,0.994,0.9495,5.348551106114363,0.994,6.771721948596115,12.20042403219095,9.28209592381942
0.9684,0.969,0.9736,0.9785,0.9785,0.9091,3.3653617278037835,4.26083502335463,4.423190785642708,4.305288655150448,0.9279,15.225111289682594,0.9072,0.9639,0.9702,0.9658,0.8689,1.977061066968541,0.9671,2.503127960318205,2.974902968127605,2.861728407303721,0.9444,0.9665,0.9788,0.9942,0.9208,5.338758348943783,0.9942,6.759323482665131,12.117423799129208,8.717975290780556,0.977,0.9904,0.9932,0.9912,0.9383,4.25958773295219,0.9913,5.393001426167237,6.704995624326896,6.288444999876585,0.9617,0.9813,0.9873,0.9979,0.9443,5.297937600010404,0.9979,6.70764093237702,9.77715155393185,7.786027918883352,0.9671,0.9795,0.9843,0.9868,0.9868,0.9336,0.609534302958618,0.771722422741463,0.657165391983966,0.6533588596246004,0.9748,0.9869,0.991,0.9994,0.9538,12.08987965489341,0.9994,15.306818947908322,22.078594838287152,19.16511168574676,0.9507,0.9716,0.9837,0.9895,0.9362,4.340356067724034,0.9895,5.495261027781739,9.213458783670122,7.282223559358055
0.9682,0.9512,0.9653,0.9729,0.9729,0.9097,3.388980703263193,4.290738661059241,4.809495793768876,4.37420566722583,0.9459,16.433926367772038,0.9397,0.949,0.9619,0.9756,0.9112,2.309954731480294,0.9762,2.924599736468161,3.0234339131554155,2.9364144184478875,0.9751,0.9948,0.9968,0.9969,0.9627,8.09610497102829,0.9967,10.250359516575614,15.315638006284535,13.169910790962698,0.9734,0.9809,0.9864,0.9852,0.9331,4.148060441911762,0.9852,5.251798362080861,6.093603516168045,5.575443931414322,0.9338,0.9545,0.9826,0.9809,0.9095,3.82446182291536,0.981,4.842094906449997,5.81066332148258,5.449681008519194,0.9497,0.9827,0.9909,0.989,0.9886,0.9129,0.5434631441461637,0.6880706996069492,0.6994634598332348,0.6450720947838957,0.9625,0.9758,0.9817,0.9935,0.9376,10.51224089697624,0.9935,13.309393702830148,15.180143700239348,14.384482047403404,0.9885,0.9813,0.9906,0.9971,0.984,11.175725730898256,0.9971,14.14942209992149,18.107758978990567,17.735116464845706
0.9534,0.9739,0.9825,0.9788,0.9786,0.8826,3.120329565247162,3.95060340354272,4.763062306051709,4.4354367685097,0.926,15.207894545865956,0.9366,0.9349,0.9398,0.9435,0.9055,2.31521509151331,0.9441,2.931259800995238,2.499822148525126,2.4618202695989795,0.9662,0.9713,0.9773,0.9987,0.9511,7.085288198828164,0.9987,8.970579257115883,17.89755728092447,11.821242838529814,0.9824,0.991,0.9949,0.9929,0.9465,4.432002029855725,0.993,5.611292633529681,7.033085554810974,6.384739053711382,0.9721,0.9943,0.9966,0.9997,0.9556,6.25375489832545,0.9997,7.917787166269889,13.430188301883543,10.388704922256338,0.9332,0.9597,0.9681,0.9713,0.9713,0.8938,0.4807623638827553,0.6086861632194334,0.5847020101631655,0.5798774167329802,0.9631,0.9889,0.9972,0.9972,0.9378,10.670125400308384,0.9972,13.509288952094051,17.727483929903624,14.466170372832131,0.9887,0.9782,0.9851,0.9988,0.9845,11.634903071974108,0.9988,14.730779782996953,30.201523616566785,20.22329637717766
0.9845,0.9926,0.9996,0.9983,0.998,0.9444,3.840263408311311,4.862101061486275,6.801687159230007,5.701362390282348,0.9614,18.000942786937472,0.9864,0.9965,0.9979,0.9982,0.9748,3.6020812214799287,0.9982,4.560542095267021,5.603677448065462,5.448328714524187,0.953,0.9718,0.9833,0.9943,0.9344,5.764760660280133,0.9943,7.298678748155859,12.161322551973992,8.874707253071703,0.9622,0.9401,0.9438,0.9632,0.9085,3.790630297754196,0.9628,4.799261309660311,4.926427417536539,4.595509270749563,0.9483,0.9675,0.9801,0.9906,0.9254,4.463405719384599,0.9907,5.651052383306863,7.026929788873536,6.142364036942047,0.9596,0.9698,0.9845,0.9835,0.9833,0.9255,0.5489475519732834,0.6950144277533441,0.6498907676661221,0.6224018344911533,0.9195,0.9475,0.9522,0.9665,0.8873,7.937301387501024,0.9669,10.049300633384249,10.10641448472476,9.824578637679574,0.9757,0.9937,0.9963,0.9967,0.9662,6.923120178014704,0.9967,8.765260709323098,16.729989213827462,12.343058577296604
0.976,0.9824,0.9842,0.9852,0.9851,0.9255,3.550886589423844,4.4957253240206585,4.800766608289671,4.696758639480688,0.9217,14.769974685701628,0.9866,0.9901,0.9967,0.9962,0.9744,3.762988247030365,0.9962,4.764264115489951,4.970537197964408,4.569317700100263,0.9624,0.9706,0.979,0.9857,0.9475,6.494929026032168,0.9857,8.223134184859298,8.795572904775753,8.147189730473686,0.978,0.9885,0.994,0.9915,0.9392,4.268986234188434,0.9911,5.40490073045408,7.549814278773876,6.984483178215759,0.9439,0.9796,0.9902,0.9957,0.9206,4.436002593246995,0.9958,5.616357688043686,8.33206855055047,6.4680015740328765,0.9641,0.9764,0.9793,0.9901,0.9901,0.9304,0.5923355569004043,0.7499473431245559,0.7063769891694763,0.6743758072823072,0.9752,0.982,0.9834,0.9936,0.9549,12.293402583079653,0.9939,15.564496336138902,15.176783822630426,14.704947719165226,0.9381,0.9697,0.9706,0.9707,0.9198,3.63667671944834,0.9707,4.60434294679997,4.856922978508747,4.778646111567536
0.9702,0.9758,0.9777,0.9811,0.9802,0.9145,3.462059430157304,4.383262563152761,4.798892003783123,4.609387823529502,0.9579,17.295770794621824,0.9283,0.9406,0.9529,0.9704,0.8944,2.2073937636725627,0.9706,2.794748802449989,3.023197911103474,2.7718433319140217,0.9166,0.9487,0.9637,0.9779,0.8924,4.2332642149848265,0.978,5.359673606941564,7.23695896688672,6.402033227395433,0.9769,0.9925,0.9972,0.9949,0.9381,4.243234222717717,0.9947,5.372296487204465,8.070327743936398,6.79092799047087,0.9732,0.9927,0.995,0.9979,0.9583,6.04584287509365,0.9979,7.654552809308002,9.892882402642655,8.704714869452493,0.9738,0.971,0.9765,0.9911,0.9911,0.9424,0.5978927431974755,0.7569832150221422,0.7195508977295096,0.6886373031203217,0.936,0.9694,0.9711,0.9792,0.9059,8.939318751595575,0.9795,11.317940091565095,11.421635318915197,11.331870249406697,0.976,0.9793,0.9831,0.9976,0.9659,7.463408282436685,0.9976,9.449311537798344,20.72993090152797,12.713226146446354
0.9589,0.9802,0.9839,0.9817,0.9821,0.8923,3.205132546629597,4.057971211934293,4.773934952632455,4.646710543831299,0.8848,13.229829403235158,0.9496,0.9774,0.9822,0.9824,0.9207,2.578349724134672,0.9829,3.264410692106822,3.4274661804508004,3.2873364746177187,0.9628,0.9807,0.983,0.9933,0.9475,6.770608127412714,0.9933,8.572167443502705,11.38370785754034,10.832680924736744,0.9628,0.956,0.96,0.9692,0.9091,3.868338877340508,0.9699,4.8976470002031744,4.89259654187123,4.762328001642159,0.9574,0.9881,0.9911,0.9906,0.9407,4.799001072949323,0.9906,6.075944728260465,7.026936692400723,6.755081223352892,0.945,0.9811,0.9913,0.991,0.9909,0.9067,0.5501212339687346,0.6965004092783564,0.7244553904550135,0.6325918898575449,0.9515,0.9885,0.9936,0.9972,0.9231,10.25792911042208,0.9972,12.987413287456198,17.717557783464578,15.020680368523974,0.9624,0.986,0.9879,0.9881,0.9488,5.2230196111424405,0.9881,6.612788367729763,8.319270814175765,8.117116612110943
0.9503,0.963,0.9703,0.9682,0.9672,0.8756,3.0798005071202192,3.8992901586977,4.344764075183366,4.137470067218658,0.9277,15.348218809918269,0.9578,0.968,0.976,0.989,0.9306,2.7116483322313867,0.989,3.433178100748376,3.840597335769608,3.392758322094448,0.9284,0.9413,0.956,0.9571,0.9034,4.473166788315544,0.9572,5.663410729223362,5.54954859744945,5.1626863503607945,0.9789,0.9899,0.9929,0.9911,0.9411,4.3123098349573326,0.9911,5.459752104667104,6.641998906811541,6.213966761666304,0.9514,0.9678,0.982,0.986,0.9301,4.692005094104387,0.9861,5.940478691948782,6.3388738646304095,6.180289356424372,0.9665,0.9806,0.9916,0.9904,0.9904,0.9351,0.5797790552693081,0.734049740950451,0.72097698081658,0.6492909970869709,0.982,0.977,0.9784,0.9963,0.9656,13.083095771167107,0.9964,16.56431527557381,16.854523428591445,16.183146460092743,0.9763,0.9809,0.9873,0.9964,0.9676,6.757753120232045,0.9964,8.555891907839376,15.65271093634659,11.198120737174309
0.9811,0.9917,0.9961,0.9936,0.9935,0.9347,3.674040397878146,4.651648550931557,5.51809601234569,5.166494762825158,0.9574,18.97107010902966,0.9434,0.9772,0.9833,0.9884,0.9138,2.4844168674732114,0.9883,3.145483682804886,3.818494370038368,3.4651695805866627,0.9483,0.9502,0.9553,0.9821,0.9271,5.3605357855310976,0.9821,6.786895575068603,8.007050791060243,7.415855197069404,0.9633,0.9826,0.9892,0.9861,0.9111,3.846420159299872,0.9855,4.869896033428043,6.59473438200855,5.880708254011175,0.9613,0.9901,0.9918,0.994,0.9439,5.297088283905547,0.994,6.706565625738931,7.828586480332421,7.5577416850599315,0.9456,0.9772,0.9937,0.9978,0.9978,0.9082,0.5285441172574177,0.6691819389258137,0.8281901607519336,0.6984032328019384,0.9867,0.9889,0.9906,0.9976,0.974,13.979745305353251,0.9977,17.699550072882854,18.214957160639475,17.09667936078996,0.9724,0.9658,0.9709,0.9915,0.9628,6.363791652588233,0.9915,8.057103083648286,9.78446092435385,8.718053368866716
0.9783,0.9784,0.9888,0.9876,0.9874,0.9306,3.606630333832587,4.566301659559098,5.000832497772048,4.645712201240023,0.9298,15.317582792288237,0.9561,0.9831,0.9904,0.9911,0.928,2.7085656933484663,0.9911,3.429275216963793,4.079611018574791,3.80986212100146,0.9477,0.9844,0.9921,0.994,0.9246,5.620169423569204,0.994,7.11561390839192,12.063632171511935,9.849683244127924,0.9721,0.9751,0.9787,0.9774,0.9278,4.094719412667103,0.9778,5.184264068899322,6.961531324833931,6.258539984797922,0.9812,0.9819,0.9928,0.9997,0.9693,7.112692460547195,0.9997,9.005275390122016,13.43014803524106,11.605588645625073,0.9496,0.9752,0.9824,0.9915,0.9916,0.9134,0.5372996669428131,0.6802672117034891,0.7351099659543676,0.6870874984224467,0.9221,0.9485,0.9607,0.9555,0.89,8.147695516625006,0.9564,10.315677548137089,9.556976743166038,9.107718492711133,0.9544,0.9826,0.9879,0.989,0.9397,4.414798662358728,0.989,5.589511702777051,8.95708996548727,6.974725541875396
0.972,0.9705,0.9774,0.9788,0.9783,0.917,3.451690074586909,4.370134074461952,4.653129823773244,4.386084266877174,0.9385,16.125324032423705,0.9614,0.9709,0.9801,0.9924,0.9344,2.839977520914489,0.9925,3.5956538005051693,4.08264349100956,3.97702988159912,0.9364,0.9466,0.9525,0.9772,0.9129,4.7261771324521655,0.9772,5.98374340747957,7.198933419936223,6.627572939337309,0.9241,0.9254,0.9402,0.941,0.8501,3.172176639536567,0.9414,4.016246222311843,4.286646202350127,4.049500542555481,0.9203,0.9511,0.9633,0.9612,0.894,3.619188693068888,0.9612,4.582201613619851,4.471020397815218,4.216363894409512,0.9615,0.9792,0.9857,0.9979,0.9978,0.927,0.5677227479255164,0.718785427412221,0.8259286968173799,0.7759679920651452,0.9588,0.9805,0.9939,0.9966,0.9331,10.400991097213565,0.9967,13.168541966372285,17.38759957232108,14.730490386060042,0.9652,0.9517,0.9537,0.9892,0.9547,5.511037945198456,0.9892,6.977444147515725,8.969552634536146,8.912632833383206
0.9831,0.9819,0.9889,0.991,0.9911,0.9385,3.7686702256112743,4.771457985064052,5.003230711847967,4.675264083280716,0.9563,18.6884755049372,0.9678,0.9779,0.9858,0.9981,0.9416,2.981292924079823,0.9981,3.774571155561463,5.453489477923952,4.400414500542363,0.9692,0.977,0.9791,0.9899,0.9545,7.297250934210842,0.9899,9.238942161199288,9.875107952556236,9.501366394977657,0.9811,0.9761,0.9816,0.9843,0.9438,4.371695773503063,0.9846,5.534939768673602,6.101309902304225,5.582273693795501,0.9747,0.9745,0.9792,0.9955,0.9606,6.089632390540436,0.9955,7.70999407124722,8.198203447184605,8.166297171199833,0.9761,0.9707,0.9719,0.9982,0.9982,0.9437,0.6245270833032157,0.7907045615891087,0.8193312811940132,0.7908377703864231,0.9459,0.9693,0.9709,0.974,0.919,9.092854155911882,0.9743,11.512329010483109,10.631605727204338,10.596983892297247,0.9937,0.9877,0.9927,0.9995,0.9902,15.832114405179516,0.9995,20.0448073661814,42.43353823385237,28.3715957165514
0.9798,0.9796,0.99,0.9888,0.9879,0.9322,3.663625211578922,4.638462036628543,5.22293012522263,4.611608577389983,0.9746,20.02947279813565,0.9799,0.9668,0.9689,0.9973,0.9601,3.267132756413523,0.9973,4.136468766333915,5.132989064949652,4.658093988011258,0.9717,0.9824,0.9898,0.9965,0.9583,7.706708648959603,0.9965,9.757350556103928,14.815546196485917,11.98691385724426,0.9501,0.9732,0.9833,0.9767,0.8912,3.559061110382896,0.9774,4.506074964867204,5.847278099050792,5.3801408891151965,0.9387,0.9516,0.9627,0.973,0.914,4.073407362315633,0.9731,5.157281195169341,5.098770965657295,4.612004595902351,0.9649,0.9552,0.9667,0.987,0.9868,0.9341,0.5725699286789399,0.72492237172584,0.67352385662782,0.6399878001748306,0.9642,0.9805,0.9865,0.9906,0.9397,10.285310509699004,0.9907,13.022080474660386,14.198394561842113,13.400561107714266,0.9493,0.962,0.9733,0.9795,0.9358,4.16668306559722,0.9795,5.275376192235105,6.093723914410478,5.981683880000087
0.9761,0.9893,0.9954,0.9918,0.9921,0.9253,3.55830312704659,4.505115293305074,5.497878435161184,5.030217750323269,0.927,15.65833093754852,0.9243,0.938,0.9481,0.9493,0.8898,2.1688789759019222,0.9501,2.745985795699654,2.622479302657596,2.5162525592393696,0.9872,0.9888,0.9952,0.9996,0.9794,10.988962797211208,0.9996,13.912964294407208,25.27417367563413,20.229279587858255,0.9795,0.9868,0.9924,0.9897,0.9414,4.357331130800412,0.9888,5.516752905662779,8.494973483010956,7.300689371892806,0.9479,0.9628,0.9752,0.9925,0.9241,4.601678210380521,0.9925,5.826117151986689,7.343156138396286,6.756316011247288,0.9424,0.9551,0.9686,0.9671,0.9656,0.9062,0.5064706395220222,0.6412350331756289,0.5820436725195365,0.5570061694268114,0.9572,0.9725,0.9838,0.982,0.9328,9.74109654681576,0.9822,12.333059174485088,12.00386841928688,11.50169818188805,0.893,0.9136,0.9228,0.9371,0.8679,2.2428259070115897,0.9371,2.8396089183906223,2.997784163127446,2.9519277891061058
0.9796,0.9743,0.9851,0.985,0.9843,0.9327,3.632970102636747,4.599650053730405,5.308914666595024,4.782486892370725,0.9498,16.97324513431372,0.9533,0.9629,0.9657,0.9751,0.9236,2.705530671612915,0.9751,3.425432620549672,3.017851005809509,2.955226113382755,0.9719,0.9638,0.9671,0.9958,0.9588,7.775400146219156,0.9958,9.844319851235593,13.522070467609543,11.70417211227223,0.9645,0.9606,0.9667,0.9726,0.9128,3.860520136824841,0.9729,4.887747807747147,5.029968674776914,4.792138378023546,0.9208,0.9498,0.9568,0.9647,0.8954,3.562941837299419,0.9647,4.510988296181751,4.651663942403347,4.497397736582458,0.9716,0.9834,0.9871,0.9957,0.9957,0.9397,0.590079187600492,0.7470905871154592,0.7644234145127681,0.7500706163706007,0.9306,0.9695,0.9754,0.983,0.8996,8.40418585272093,0.983,10.640416193068049,12.230088660202748,11.468724003967218,0.9408,0.9697,0.9789,0.9898,0.9223,3.760323324050149,0.9898,4.760890095670674,9.369284892260325,6.368457277906725
0.9816,0.9846,0.9867,0.9887,0.9886,0.9359,3.7010681113125954,4.685867941688652,4.904787775712978,4.807751653268744,0.8978,13.603033060018666,0.9434,0.9808,0.9892,0.989,0.913,2.5438225586174803,0.989,3.2206963552860914,3.85249393971516,3.70596910906438,0.9633,0.9906,0.9924,0.9921,0.9487,6.479092240613365,0.9921,8.203083463591417,10.861092579112151,10.351406823943249,0.9114,0.9435,0.962,0.9489,0.8342,3.0223257152919456,0.9518,3.8265221694623386,4.814243229787477,4.380678474487453,0.9608,0.9745,0.9826,0.9939,0.9431,5.264930723875816,0.9939,6.665851411600137,7.770154905640331,6.618201940491045,0.9777,0.9677,0.9741,0.9904,0.9904,0.9472,0.6221863171736952,0.7877409519944123,0.712826315639115,0.6828501477441936,0.9745,0.9927,0.9949,0.9955,0.9543,11.635357921536365,0.9955,14.731355661342867,16.332533376093455,15.299740202551314,0.9993,0.9954,0.9993,0.9999,0.9988,49.6467855226824,0.9999,62.85706549889024,139.88609867118754,83.45189606508266
0.9736,0.9758,0.9853,0.9831,0.9826,0.9166,3.520653615389767,4.45744779992561,4.858126387448058,4.506781336437006,0.9533,17.526286806803448,0.9783,0.9887,0.9937,0.9951,0.9571,3.370778824030791,0.9951,4.267693529273393,4.681222565720113,4.290724281852596,0.9663,0.9784,0.9938,0.996,0.9516,6.976166441461105,0.996,8.83242180385959,14.144515847002786,11.165999756418808,0.9658,0.984,0.9876,0.9859,0.9189,3.9285413653708687,0.9861,4.973868485511455,6.2632092836901645,6.105259973126526,0.9251,0.9555,0.9784,0.997,0.8997,3.904894042391658,0.997,4.943928957428644,8.84900109966181,6.387193176609234,0.9427,0.9698,0.9734,0.9771,0.9767,0.9062,0.5151572356820968,0.652233004908295,0.6134316162142776,0.6014449384445393,0.9468,0.9684,0.9855,0.9933,0.9196,9.308227530155792,0.9933,11.785010074303068,14.988237276478378,12.37692073605185,0.9824,0.9799,0.9807,0.997,0.9749,8.715207497124421,0.997,11.03419612600874,17.32790043783342,17.298855763831643
0.945,0.9685,0.9834,0.9776,0.978,0.8691,3.0369224235393006,3.845002847248678,4.730897916910547,4.301460965241889,0.9155,14.64075149958866,0.9673,0.986,0.9895,0.9962,0.941,2.976977461975838,0.9962,3.769107412415308,4.880040354029832,4.335279146203281,0.9513,0.9732,0.9821,0.9924,0.9316,5.645185170661593,0.9924,7.147285978132903,10.929151528423938,9.300148206639491,0.9695,0.9756,0.978,0.9771,0.9206,4.013643763514255,0.9773,5.0816153810635845,5.938364656742431,5.841517866011701,0.9688,0.9822,0.9919,0.9961,0.9525,5.740837399064468,0.9961,7.268389858727295,8.578958364888457,8.366310635818026,0.974,0.9857,0.986,0.9902,0.9901,0.9431,0.5788257773660783,0.7328428098073542,0.6876820425896589,0.6835111562665195,0.9672,0.9856,0.9883,0.9908,0.9443,10.910871299477764,0.9909,13.814093796825953,14.061030396551288,13.698730016992547,0.9958,0.9882,0.997,0.9997,0.9934,19.348983401823418,0.9997,24.497463515934847,53.270332528248495,34.17007603155834
0.9719,0.9711,0.9823,0.9826,0.9825,0.9161,3.455771892742038,4.375302004438289,4.771387260815081,4.360385270189219,0.927,15.010572545418174,0.9832,0.9933,0.9962,0.9989,0.9687,3.458947735875105,0.9989,4.379322892754175,6.084970503040305,5.433233387961127,0.9475,0.9829,0.9923,0.994,0.9243,5.548804528195387,0.994,7.02525986319832,11.959883033170478,9.151690212320512,0.9677,0.972,0.9789,0.9783,0.9233,4.000046445798624,0.9782,5.064400016941569,5.557292047238643,5.188865136430907,0.9544,0.9693,0.9725,0.9918,0.9353,4.969061446989006,0.9918,6.291255668480236,7.165585293586386,7.098625199627074,0.94,0.9677,0.9729,0.9985,0.9984,0.9009,0.5272054836205465,0.6674871145518693,0.8376477477260913,0.742306021216282,0.9697,0.9871,0.9933,0.998,0.9469,11.647243719000638,0.998,14.7464040948286,18.62579938336231,15.848056472698032,0.9834,0.9926,0.9955,0.9971,0.9769,8.736967801864397,0.9971,11.06174652803208,18.110628781978136,14.511958255086803
0.9786,0.9671,0.9805,0.9809,0.9802,0.9296,3.616710331236877,4.579063796128456,4.727314309669836,4.254405654294888,0.9502,17.72741307298064,0.9655,0.9844,0.9867,0.9913,0.94,2.8356363936101308,0.9913,3.5901575630260187,4.011446813558875,3.918314921269643,0.9444,0.9804,0.9849,0.9846,0.9203,5.3799288031890296,0.9846,6.811448789709033,8.564263159944872,7.868543648787294,0.9603,0.9796,0.9819,0.9824,0.9117,3.8476898873168097,0.9824,4.871503617409286,5.618244384103647,5.528471707873795,0.9482,0.9662,0.9795,0.979,0.9249,4.560172333173628,0.9791,5.773567170860709,5.585609967802625,5.288617990784715,0.9719,0.9771,0.978,0.9883,0.9881,0.9401,0.5908537078181342,0.7480711957800079,0.6519641589556522,0.6500944959683639,0.9593,0.974,0.979,0.9964,0.9349,9.909835610040712,0.9964,12.54669722250144,17.2189763326702,14.74736497033545,0.9937,0.9678,0.9691,0.9994,0.9912,16.164801879828413,0.9994,20.466018088376337,41.73035127245194,30.10692648583757
0.9691,0.9814,0.9905,0.9871,0.9858,0.9118,3.4261844491984976,4.337841777010043,5.100957305800058,4.6978079632400505,0.9391,15.81792443795174,0.9506,0.9792,0.9908,0.991,0.9211,2.656782774669789,0.991,3.3637136246705266,4.075382294852407,3.478389656218112,0.9346,0.945,0.9547,0.9845,0.9101,4.784839055742195,0.9845,6.058014406411568,8.429872395766472,7.20856596830972,0.9728,0.9709,0.982,0.9787,0.9316,4.11715847397221,0.9778,5.212673834634192,6.716712164205847,5.883838047251066,0.9639,0.9643,0.9928,0.9925,0.9478,5.305050764127578,0.9926,6.716646804924664,7.391501103858916,6.690665624561029,0.9791,0.9745,0.9811,0.9879,0.9877,0.9511,0.6138131283792835,0.777139780721311,0.6671337714166382,0.6536215959482755,0.9669,0.9805,0.9926,0.9965,0.9437,10.987263426467315,0.9965,13.910812746083764,17.25523996994214,14.729535537070324,0.9642,0.9805,0.9903,0.9898,0.9528,5.311617515891395,0.9898,6.724960872822266,9.37505808830792,7.902843277405811
0.9713,0.9772,0.9855,0.9844,0.9852,0.9141,3.4386574520699487,4.35363366263173,4.892497273010798,4.537049509182375,0.9545,17.154054334858053,0.988,0.9936,0.9946,0.9999,0.9765,4.095051565700586,0.9999,5.184684602973412,9.397347888591831,6.733867419157224,0.9715,0.9848,0.9934,0.9969,0.9574,7.619186005001966,0.9969,9.646539422896366,15.202922999309244,12.341925945974328,0.9775,0.9841,0.988,0.9875,0.9384,4.2518515818542255,0.9875,5.38320679895916,6.135946716002839,5.73850808393885,0.9709,0.9851,0.991,0.9996,0.9532,6.283490575031991,0.9996,7.955435069527249,13.1785459613607,10.521651734044593,0.9802,0.9909,0.9975,0.9968,0.9968,0.9544,0.6107517728869469,0.773263843524747,0.8049262884907267,0.7574792631173478,0.9292,0.9221,0.9332,0.9512,0.8995,7.978567138241734,0.9517,10.101546593920496,9.102775712263984,8.781432789392142,0.9452,0.9723,0.9809,0.9809,0.93,3.8644297876488034,0.9809,4.892697759195813,6.309009366596171,5.40740465645896
0.9582,0.9487,0.9543,0.9609,0.9611,0.8876,3.194111859599328,4.0440180820546585,4.084506411550054,3.978655984363882,0.8946,13.57471374173214,0.9865,0.9879,0.9967,0.9991,0.974,3.776156159509815,0.9991,4.780935815953344,6.428201927438399,5.843187912777581,0.9434,0.9622,0.9676,0.9852,0.9209,5.057846553742321,0.9852,6.40366518727918,8.605868622170018,7.849453182353725,0.9572,0.969,0.9796,0.9738,0.9025,3.7197106589514446,0.9746,4.709470997267466,5.505353481765514,5.0320856525105935,0.9619,0.9739,0.9903,0.9972,0.945,5.291946328936372,0.9972,6.700055472123002,9.053990947001202,8.273664856383359,0.9744,0.9406,0.9551,0.9857,0.9856,0.9426,0.614573165723914,0.7781020528331919,0.6376480089708751,0.6242246825612068,0.9734,0.9806,0.9864,0.9988,0.953,11.574949820884092,0.9988,14.654873852915848,20.46530855166464,16.791389220599672,0.9935,0.9979,0.9989,0.9994,0.9895,15.651281752394633,0.9994,19.815857802160902,41.74493151532992,27.597141815692503
0.9485,0.9462,0.9601,0.9589,0.9588,0.876,3.097128397477663,3.921228746013849,4.108154429660086,3.902673258425988,0.889,13.254067762373012,0.9558,0.9847,0.9922,0.9947,0.9262,2.749816586711092,0.9947,3.481502366792005,4.559028627656227,4.160591815494733,0.9688,0.9865,0.9918,0.9953,0.9535,7.049546149137155,0.9953,8.925326773297654,12.877154850246557,10.659522176851231,0.9625,0.9622,0.972,0.9713,0.9091,3.8048917788415646,0.9709,4.817317561266174,5.5581849409243205,5.10683567061027,0.9639,0.9791,0.9839,0.9895,0.9469,5.356012503994351,0.9895,6.78116871479292,6.678635711975658,6.603187311902389,0.9833,0.9721,0.9889,0.9903,0.9903,0.9578,0.6470434405606498,0.819212190593213,0.7168058117907292,0.6726698102730607,0.9495,0.977,0.9811,0.9821,0.9224,9.454878151011409,0.9823,11.970682270066137,11.960590889028165,11.624540179820462,0.9929,0.9795,0.9852,0.9995,0.9888,15.023678288689062,0.9995,19.021258280557475,42.42977185159192,24.39594996082005
0.9541,0.9514,0.9664,0.9644,0.9643,0.8818,3.1735627349045514,4.018001137286012,4.583731984936336,4.031602619529974,0.9355,15.564600303213034,0.9309,0.9598,0.9631,0.9663,0.8957,2.36174190051492,0.9671,2.990166710074626,2.88473194209688,2.847625576977601,0.9726,0.9829,0.9907,0.9976,0.9601,7.659020575124956,0.9976,9.696973386686366,15.731523814625689,12.408042797841944,0.9783,0.9946,0.9957,0.9956,0.9427,4.528324570799176,0.9953,5.733245186980212,7.180883557637486,6.914441102754919,0.9764,0.982,0.9945,0.9989,0.9617,6.681523344366247,0.9989,8.4593785089533,11.721520004543452,10.068128625436866,0.979,0.9827,0.994,0.9956,0.9955,0.9488,0.6373035287594986,0.8068806314078016,0.752137203962556,0.7458746886214784,0.954,0.9788,0.9815,0.9853,0.9273,9.953164158963729,0.9856,12.60155486149967,12.48347014190444,12.084226969526991,0.9649,0.968,0.9783,0.9911,0.9547,5.3840612773053165,0.9911,6.81668085445331,9.64177779623602,7.997404991057718
0.9738,0.9797,0.9909,0.9862,0.987,0.9212,3.511886733503112,4.446348179614467,5.079851334748079,4.61553847618781,0.9463,16.46156464927479,0.9825,0.9932,0.9969,0.9986,0.9659,3.4910951604407057,0.9986,4.4200242745307925,5.814562809222794,5.509862918924424,0.9574,0.9762,0.9837,0.9943,0.9414,6.266674736795384,0.9944,7.934144783875741,12.163162082256392,10.407258868836148,0.9589,0.9841,0.9898,0.9863,0.9041,3.749811096970007,0.9869,4.747580719461134,6.237270801528166,5.765277743913536,0.9464,0.9573,0.9624,0.9754,0.9241,4.352914339271369,0.9754,5.511160870820783,5.282345644084375,4.992510864006198,0.9698,0.9791,0.9885,0.9956,0.9956,0.9374,0.580594198816722,0.7350817822157888,0.7586570966451005,0.7497039790463645,0.9817,0.9898,0.9957,0.9998,0.9649,13.646475712393034,0.9998,17.277602339249256,31.901062535432796,21.9021366752021,0.9928,0.991,0.9961,0.9994,0.9887,14.816868701138503,0.9994,18.759419701209275,41.74382549460688,24.461103536082767
0.9794,0.989,0.9911,0.992,0.9914,0.9317,3.634097221410975,4.601077082245358,5.111263837602648,4.977567653284569,0.9241,14.88300339878667,0.9146,0.9621,0.9718,0.9697,0.8757,2.140216103478699,0.9705,2.7096961541785585,3.051866404867209,2.8642173345578064,0.9749,0.9778,0.9822,0.9947,0.9633,7.649650239365996,0.9947,9.68510974229637,12.383496685512066,10.814735473746778,0.9638,0.982,0.9901,0.986,0.9144,3.8639182374762058,0.9858,4.892050093040464,6.632188962380939,5.889164377380222,0.9363,0.9724,0.9733,0.9775,0.9115,4.047401152022066,0.9776,5.124355114526037,5.360558335604174,5.327912548678592,0.9426,0.9731,0.976,0.978,0.9777,0.9045,0.5272998532571717,0.6676065945618641,0.6138897138888154,0.6051861171224899,0.9511,0.9738,0.9774,0.9885,0.9231,9.780291728360984,0.9886,12.38268361779378,13.421689906834391,12.51393109094232,0.9684,0.9834,0.9874,0.9923,0.9577,5.718233564397248,0.9923,7.239771475860305,10.386942801398355,9.378929909473843
0.9598,0.9275,0.933,0.9593,0.9597,0.8931,3.2201402012560534,4.076972182891596,4.242059712133216,4.011813262521891,0.9284,15.482545387862992,0.9699,0.9809,0.983,0.9973,0.9448,3.024764097166111,0.9973,3.829609368916686,5.227704679222102,4.776502363659594,0.9529,0.9727,0.9865,0.9865,0.9345,5.718639121439905,0.9865,7.240284945671599,8.978788535577605,8.127911396084311,0.9663,0.9641,0.9679,0.9717,0.9165,3.900821694940248,0.972,4.938773018171094,5.033262050994666,4.899074020894856,0.9524,0.9636,0.976,0.9894,0.9304,4.856107649030832,0.9894,6.148246524950459,6.710949423701659,6.341517012066341,0.941,0.9422,0.9577,0.993,0.9929,0.9044,0.5000746736740307,0.6331371948160396,0.7428787599557685,0.6866121642948992,0.9537,0.9547,0.9629,0.9941,0.9266,9.912397700650711,0.9942,12.549941047768096,15.51815034538404,13.31086825629239,0.9193,0.9523,0.9654,0.9725,0.8967,2.919718705554912,0.9725,3.696612942434149,5.152924191798718,4.315146327441819
0.9504,0.9567,0.9784,0.9705,0.9688,0.8775,3.08585214140387,3.9069520439242673,4.808059194737403,4.301150743223912,0.9508,16.949972403358565,0.9366,0.9573,0.963,0.9697,0.903,2.475372024213168,0.9699,3.134032139684053,2.9288843837029845,2.875728515549463,0.9724,0.9912,0.9931,0.996,0.9588,8.115529872870855,0.996,10.274953099313612,14.13924817686088,12.96030552800682,0.9695,0.9927,0.9955,0.9942,0.9221,3.993451415286261,0.9945,5.056050145736043,7.691328764289873,6.786716381690265,0.9613,0.979,0.9894,0.9912,0.9452,5.031213349369717,0.9915,6.369945278647246,7.166086636480437,6.618804988621765,0.9799,0.9848,0.9946,0.9946,0.9946,0.9489,0.6630901808653495,0.8395287326564522,0.7486451695807321,0.7360551554089075,0.971,0.9716,0.9804,0.9909,0.9512,10.879567497323103,0.9909,13.774460512985232,14.326520878947449,12.849208523408652,0.9634,0.9859,0.9919,0.9956,0.9507,5.532637754091199,0.9956,7.004791348105668,13.486032220708983,9.7001404495605
0.9783,0.9571,0.9607,0.9765,0.9751,0.9304,3.6104809739373542,4.571176898403463,4.118227374762354,4.04960481110501,0.934,15.87240857492522,0.9744,0.9831,0.9884,0.9991,0.9507,3.1743273424504777,0.9991,4.018969195662587,6.434764811108828,5.150139093410662,0.9721,0.9723,0.9757,0.9982,0.9588,7.793878993828381,0.9982,9.867715648612773,16.885799071472817,13.28886739385142,0.966,0.9646,0.9706,0.9737,0.917,3.9046091844973567,0.9733,4.943568303035183,5.201049286530225,4.893997729901516,0.8894,0.9235,0.9239,0.9413,0.8558,2.9764174270664023,0.9414,3.768398360447221,3.5932024237089166,3.5882324790293687,0.9772,0.9829,0.9889,0.9937,0.9936,0.9475,0.6012279446134514,0.7612058645179534,0.7617268022154775,0.6982354936844468,0.9792,0.9857,0.9883,0.9964,0.962,12.885001678365494,0.9965,16.31351125603693,17.160954422064314,15.969876601102008,0.9647,0.963,0.983,0.9923,0.9536,5.395230966003216,0.9923,6.830822633154476,10.384202542224784,8.670457053878701
0.9731,0.962,0.9676,0.9762,0.9754,0.919,3.4805727208114465,4.406701968362908,4.284161291514563,4.165173799576803,0.9468,16.316362757649223,0.9627,0.9602,0.9642,0.9931,0.9373,2.7943506443385733,0.9934,3.537886282643779,4.140126548035172,4.00405649938699,0.9747,0.9909,0.9965,0.9988,0.9623,7.984280250815449,0.9988,10.10877988178532,18.266770263160996,13.059542167327043,0.9661,0.9729,0.9841,0.9798,0.9145,3.928845776874091,0.9805,4.974253896441796,5.731020524810415,5.22180940189936,0.9726,0.9818,0.99,0.9969,0.9576,5.924061592300902,0.9969,7.500367316965393,8.845248462226243,8.016142810138348,0.96,0.9663,0.9715,0.9797,0.9795,0.9241,0.5745185231011185,0.7273894584855597,0.6223842869362219,0.6056624488923759,0.9852,0.9944,0.9973,0.9992,0.9697,13.630643652113234,0.9992,17.257557600410426,21.36993574632221,19.99647695998348,0.9833,0.9789,0.9831,0.9971,0.9767,8.837348131032234,0.9971,11.188836587516802,18.104098482136784,16.936900970887777
0.9891,0.9849,0.9868,0.9913,0.9913,0.9537,3.975249431957084,5.033004882154798,5.169303368116184,5.035530607023066,0.9211,15.263970243954343,0.9769,0.9726,0.9751,0.9995,0.9555,3.266191192599101,0.9995,4.135276666226499,6.844838173443825,5.113358976830916,0.9754,0.9797,0.9835,0.9909,0.9641,7.633889703908108,0.9909,9.66515555998337,10.217780536336202,10.10192808050863,0.9624,0.9688,0.9735,0.9749,0.9096,3.802900036444428,0.9738,4.814795845489499,5.243594863351378,5.08244521496769,0.9217,0.9617,0.9778,0.9796,0.8968,3.540641575228352,0.9797,4.482754262117187,5.692594742108512,4.725236057769778,0.9585,0.981,0.9911,0.9911,0.9911,0.9235,0.5478324355329638,0.6936025952169549,0.7319968495080953,0.6740934620562564,0.958,0.9809,0.9842,0.9877,0.9317,10.357971663565792,0.9878,13.114075693681023,13.069566833273852,12.697393942060083,0.9788,0.9724,0.9729,0.9961,0.9708,7.740383862892707,0.9961,9.799986249545052,14.962555065008,14.05793833209036
0.9334,0.9591,0.9758,0.9664,0.9669,0.8512,2.913003531549246,3.6881109593174832,4.497830664150379,4.0522807987015925,0.9525,16.890916484488738,0.9267,0.9505,0.967,0.9647,0.8907,2.2977995696025038,0.9658,2.9092102646572853,2.958052952435436,2.7551743294517106,0.9752,0.9821,0.9852,0.9965,0.9633,7.936753609695264,0.9965,10.048607099954983,14.926901104393306,12.575094286656135,0.9433,0.96,0.9677,0.9649,0.8807,3.439411822959757,0.9656,4.354588760528441,5.204796010721269,4.886513459279804,0.9686,0.9865,0.9894,0.9966,0.9525,5.745717472380457,0.9966,7.274568447830962,8.544249580607149,8.537119433560914,0.9701,0.9716,0.9851,0.9894,0.9894,0.9379,0.5792777870147512,0.7334150925804208,0.6761847323397913,0.670089571739912,0.9249,0.9743,0.9805,0.9779,0.8918,8.55398870286947,0.9784,10.830079380011044,11.55118872128261,11.119673381631433,0.9534,0.9624,0.9697,0.9788,0.9394,4.267980525461356,0.9789,5.4036274174154775,5.96554623291538,5.724909873298151
0.9822,0.9736,0.9802,0.9856,0.9855,0.9388,3.707543920636859,4.694066868700102,4.65630049778998,4.481088225706045,0.9591,17.707557587731408,0.9642,0.9731,0.981,0.9906,0.9385,2.85760075605428,0.9906,3.617966319509608,3.984973687859999,3.5876942707094197,0.9902,0.9591,0.9608,0.9998,0.9835,12.267982813955392,0.9998,15.532312740041217,29.973807534423056,20.457441995861917,0.9468,0.9457,0.9542,0.9564,0.8827,3.500979663744942,0.957,4.43253889889322,4.810526404848183,4.527508284729235,0.961,0.9483,0.9559,0.9909,0.9445,4.943373962498127,0.9911,6.258733121891451,7.162238334378296,6.8399204535732965,0.9636,0.9842,0.9856,0.9911,0.9911,0.9278,0.6016062277808822,0.7616848032766665,0.6981727154953723,0.6943053058266512,0.9758,0.9815,0.9951,0.9973,0.9565,12.11487974550436,0.9973,15.338471195208252,17.936681514816037,15.598320529171469,0.9451,0.9515,0.961,0.981,0.9298,3.900420018741983,0.9811,4.938264461839847,6.31137466197606,5.923245211649276
0.9591,0.9796,0.9864,0.9848,0.9844,0.8898,3.200372519816016,4.0519446119430205,4.881562686813299,4.624528238568696,0.9039,14.014603939707804,0.9773,0.9799,0.9844,0.9947,0.9564,3.1515641922942823,0.9947,3.99014910579644,4.523167816752433,4.293549741911594,0.9727,0.9508,0.9542,0.9909,0.9616,7.2015815764445135,0.9909,9.117816593369575,10.193041056090916,10.059187021580918,0.9271,0.9318,0.9601,0.9499,0.8586,3.274541195835131,0.9514,4.1458484826048885,4.776037313846627,4.3101978867393935,0.9654,0.9857,0.9927,0.992,0.9498,5.303526928184009,0.9921,6.714717498632101,7.299534674901994,6.270485641763347,0.9813,0.9879,0.9994,0.9989,0.9989,0.953,0.6496188423742804,0.8224728689791556,0.8477677106092649,0.8218698373992939,0.976,0.9608,0.9764,0.9933,0.9587,11.526962198024703,0.9933,14.594117428880484,14.871455787909658,14.475975535891092,0.9536,0.9665,0.9741,0.9907,0.939,4.4083719582246745,0.9907,5.581374947125235,9.527453568942516,6.779976000832368
0.9937,0.997,0.9986,0.9982,0.9984,0.9647,4.18648934142854,5.300452626975265,6.08349965511481,5.738479200284752,0.9565,17.260226051849784,0.9357,0.955,0.9716,0.9643,0.9047,2.2878599520992715,0.9656,2.8966258610175157,2.999696421116596,2.76446284855736,0.9748,0.9847,0.9921,0.9983,0.9624,8.049157340974578,0.9983,10.190919812146904,17.17171842532814,13.168180530250469,0.9594,0.9819,0.9894,0.9858,0.9024,3.725453472189756,0.9857,4.716741888707226,6.37170236464585,5.656643965908382,0.97,0.991,0.997,0.9984,0.9532,5.961298731325263,0.9984,7.547512711415477,10.873915561852993,9.666505003065703,0.9421,0.9788,0.9799,0.9944,0.9944,0.9028,0.5396893896714439,0.6832928045288111,0.7390938681118138,0.7303841626557377,0.9654,0.9613,0.9679,0.9912,0.9405,10.944132737293437,0.9912,13.856205614406,14.320822447015004,13.412735858364456,0.9748,0.9863,0.9941,0.9961,0.9649,6.878166160347169,0.9961,8.708345088236701,14.97348631541926,12.433539931855202
0.971,0.9895,0.9961,0.992,0.992,0.9155,3.431861702056355,4.345029663415641,5.538803110756224,5.075635718040878,0.8926,13.552720271354715,0.9098,0.9329,0.9412,0.9532,0.8704,2.044251175124974,0.9534,2.5881963687720995,2.6177031803889053,2.554971149046507,0.9625,0.9729,0.977,0.988,0.9477,6.490686648415759,0.988,8.217762972908751,9.230849954226157,8.796616085805928,0.9769,0.9642,0.967,0.9754,0.9393,4.266400720861193,0.9752,5.401627250029363,6.648021940232676,6.336569441091461,0.9378,0.9638,0.976,0.9855,0.9128,4.018001863094041,0.9855,5.087133106891215,6.279043651046414,5.524530713134332,0.9611,0.9852,0.9978,0.9973,0.9973,0.9257,0.5781669113638708,0.7320086292452139,0.8160650572846321,0.6984540099155695,0.9547,0.9692,0.9877,0.9935,0.9274,10.112686872012386,0.9935,12.80352422400913,15.19575005006529,12.806524700109843,0.979,0.9712,0.9803,0.9977,0.9711,7.828550137080544,0.9977,9.911612273527734,21.240746943517077,13.09353152307374
0.9714,0.9727,0.9837,0.9807,0.9796,0.9169,3.4863505792732075,4.414017230045022,4.960801213865603,4.588731381106171,0.9485,16.445122917383916,0.976,0.9686,0.972,0.9951,0.9544,3.1194390410886816,0.9953,3.949475923993569,4.648104883586168,4.198272567182086,0.9708,0.9802,0.9853,0.9953,0.9569,7.224693141748617,0.9953,9.147077806533884,12.84690923734013,10.89842018938996,0.9794,0.9783,0.9809,0.9811,0.9412,4.319174988676789,0.9818,5.468443974895171,6.212874845327848,6.11698759282022,0.924,0.9342,0.9431,0.9741,0.8991,3.673321264957725,0.9743,4.650738067310001,5.197127006109846,4.78092153147421,0.9648,0.9677,0.9853,0.9903,0.9903,0.9349,0.5551987694779326,0.7029290023627722,0.7149547745073306,0.6277060103559964,0.9682,0.9841,0.9942,0.9968,0.9454,11.376856695128769,0.9968,14.404071057742058,17.166823162340762,17.03859924498495,0.9628,0.9764,0.9821,0.9916,0.9501,5.162725374225482,0.9916,6.536450720504579,9.854094990109411,8.802314869117218
0.9831,0.9835,0.9905,0.9908,0.9911,0.9391,3.7335777644026873,4.727027935676511,5.091077086263615,4.767839090404074,0.9475,16.58439905806238,0.9514,0.9761,0.9924,0.9946,0.9238,2.470792733695358,0.9946,3.128234367260601,4.559345943235142,3.591198600267992,0.9693,0.9886,0.993,0.9925,0.955,7.036285944563018,0.9925,8.90853822316958,11.05935987089622,9.921705726424443,0.9741,0.9897,0.9913,0.9906,0.9327,4.170603713954896,0.9905,5.280340067499576,6.76409045136795,6.531991595274727,0.9779,0.9556,0.9584,0.9986,0.9639,6.666691252965398,0.9986,8.440599816015713,11.050863168696589,9.442623120413234,0.9485,0.9665,0.9788,0.9805,0.9805,0.9117,0.541643191018098,0.6857664836990843,0.6356023506675947,0.6132281508112991,0.9654,0.9884,0.9934,0.9941,0.9418,10.561387400432364,0.9941,13.37161736855714,15.411920979067064,14.89175268992046,0.9885,0.9804,0.9852,0.9975,0.9841,11.360229300245669,0.9975,14.383019357450896,20.17668033784032,19.78505147214436
0.9679,0.9657,0.9723,0.9748,0.975,0.9107,3.3708469024784224,4.2677797223954,4.372039956048267,4.193401048313353,0.936,15.932283040329589,0.9665,0.9789,0.9831,0.9973,0.9409,2.8864122296237005,0.9973,3.6544441027579353,5.147049695955153,4.321596058368726,0.9709,0.9881,0.9921,0.9969,0.9568,7.38439332630715,0.9969,9.349271863113726,15.272048269797615,12.126300636291752,0.9747,0.9809,0.9894,0.9858,0.9343,4.2223130682193215,0.9866,5.345808520969123,6.3688072440225465,5.832899373963922,0.967,0.9821,0.9881,0.9989,0.9501,5.751411281745129,0.9989,7.281777296186508,11.69277777785018,9.326284183303866,0.9456,0.9631,0.9719,0.9733,0.9729,0.9099,0.5139552571705897,0.6507111975801745,0.5942130018800691,0.5831430922585816,0.962,0.9829,0.9865,0.9923,0.936,10.586127952900716,0.9925,13.402941018429123,14.308798156542595,14.252157158098695,0.9806,0.9433,0.9603,0.9973,0.9729,7.960759991234505,0.9973,10.07900122680362,19.27767786034904,13.96822923397544
0.9811,0.9844,0.9905,0.9916,0.9914,0.937,3.6930143774757855,4.67567122764239,5.1359673358250335,4.789372286919328,0.972,18.924517021358323,0.9658,0.9923,0.9924,0.9929,0.9393,2.92686996724864,0.9929,3.705667049763554,4.1095577671304895,4.109145532338023,0.9721,0.9914,0.9954,0.9986,0.9588,7.765026130099502,0.9986,9.83118546189186,17.968154858816053,13.308082025963682,0.9528,0.9353,0.9397,0.9594,0.8939,3.610204693626014,0.959,4.570827103961725,4.735859616237772,4.586718214956003,0.9426,0.9676,0.9781,0.9793,0.9192,4.25977605442181,0.9793,5.393239857212191,5.585607974950677,5.482080882437171,0.983,0.9809,0.9837,0.9978,0.9977,0.9566,0.6629420756764182,0.8393412188534257,0.8011629395514368,0.7826492147542564,0.9323,0.9432,0.9456,0.9619,0.9033,8.293165602515609,0.9621,10.499855085931095,9.538360752358765,9.529053697031271,0.9825,0.9931,0.9963,0.9963,0.9752,8.40782969499807,0.9963,10.645029608222128,15.36661372615089,14.164246332157456
0.9758,0.9613,0.9758,0.9773,0.9774,0.9246,3.5605087342902277,4.507907780220764,4.984289864536996,4.34691817674538,0.9115,14.276325136791236,0.9559,0.9746,0.979,0.9827,0.9261,2.7896498768741385,0.983,3.5319347100435343,3.4279724068866404,3.29038051679592,0.9531,0.967,0.9677,0.9844,0.9348,5.815358764925286,0.9845,7.362740264814314,8.28917341151997,8.234823860850879,0.9747,0.9855,0.9867,0.9881,0.9351,4.186688212456795,0.9874,5.300704414661363,6.28676886908602,6.029819135649843,0.9564,0.9647,0.9674,0.9984,0.9371,5.10949173941742,0.9984,6.469052397840858,11.00768988042214,9.10981444417016,0.9552,0.9766,0.9849,0.9916,0.9916,0.9179,0.5528942985287362,0.7000113455624594,0.7093277219008303,0.7055547261015405,0.9442,0.9509,0.9653,0.9765,0.9151,9.231601030416362,0.9766,11.687994389151177,11.111635487440134,10.835140009564247,0.9846,0.9876,0.989,0.9979,0.9782,9.429474983690518,0.9979,11.938519693267704,21.59036563098221,16.63619213205761
0.9697,0.9695,0.9821,0.9822,0.984,0.91,3.421969725367559,4.332505577110857,4.710876831876978,4.307641756099095,0.9078,14.206604345891265,0.9875,0.9816,0.9915,0.9991,0.9756,3.7505251442420535,0.9991,4.748484764218027,6.433942659472719,5.797920738940625,0.964,0.985,0.9857,0.9909,0.9488,6.703127190721066,0.9909,8.48673082131464,10.24171458825853,10.11621090633822,0.9705,0.975,0.9828,0.9822,0.9283,4.046451905608845,0.9824,5.123153287593191,6.310479908151512,5.356547621257789,0.931,0.9579,0.9686,0.9699,0.9069,3.922102738583723,0.97,4.965716634763784,4.914748578552805,4.481963370782487,0.9713,0.9841,0.9881,0.9937,0.9937,0.9377,0.6136424692023619,0.7769237116455625,0.7547532767662241,0.7166891081103859,0.9654,0.9896,0.9948,0.995,0.9406,10.79589272822678,0.995,13.668521117587936,16.03962844063182,14.790934539586324,0.9887,0.9727,0.977,0.9989,0.9844,11.661666087207186,0.9989,14.76466404325152,30.45423135331941,20.66490501214001
0.9669,0.9582,0.969,0.9745,0.9745,0.9063,3.3382404350496264,4.226497153196174,4.625741586860584,4.178675284292541,0.9729,20.733819434462013,0.9637,0.9627,0.9722,0.9888,0.9385,2.810958793552789,0.9889,3.558913616276413,3.808585406511931,3.509168136122737,0.9723,0.9895,0.9935,0.9976,0.9598,7.616548711449112,0.9976,9.643200384289006,15.897347835920026,11.485900746586502,0.9662,0.9733,0.9771,0.9751,0.915,3.914028371862753,0.975,4.955493797726124,5.691567746369724,5.531806565485804,0.9497,0.972,0.9888,0.9893,0.9275,4.656515794840289,0.9894,5.895546211731428,6.683161810682045,6.27326572347469,0.9617,0.9715,0.975,0.9836,0.9836,0.9269,0.5777205085012054,0.7314434451415095,0.6416304757953294,0.6312648561275106,0.9721,0.9864,0.9904,0.9988,0.9497,12.026590775839315,0.9988,15.22668982828512,20.477418614849583,19.09457937083633,0.9747,0.9676,0.9757,0.9948,0.965,6.611549440530976,0.9948,8.370785577703456,12.732217408721272,11.206102666246007
0.9769,0.9761,0.9881,0.984,0.9825,0.9267,3.5734975834068727,4.524352771192176,5.173374436483799,4.564746722931096,0.8986,13.652181930617711,0.9582,0.9846,0.9898,0.9904,0.9311,2.68566373712448,0.9904,3.400279386775228,4.00049586442128,3.5561081680447946,0.9706,0.9688,0.9691,0.9938,0.9554,7.4340307605623694,0.9938,9.412117089110316,11.366889038117977,11.36563129592928,0.9658,0.974,0.9798,0.9788,0.9189,3.9196367002052135,0.9786,4.962594419815751,5.7342291643253365,5.284251679016313,0.9499,0.9692,0.9801,0.9974,0.9274,4.7608117255524105,0.9974,6.027593756784358,9.277574136745445,7.083452852676395,0.9571,0.961,0.9701,0.9804,0.9799,0.9193,0.5699746423152692,0.7216365178033323,0.6356405313115028,0.6034400828363987,0.9919,0.9865,0.9889,0.9998,0.9843,16.186940706908164,0.9998,20.494047731970984,32.28252220465206,25.19273544324453,0.9829,0.9885,0.9912,0.9963,0.9758,8.291488735937318,0.9963,10.49773202980098,15.36410794728336,13.33235705509044
0.9909,0.9963,0.9985,0.9972,0.9975,0.9566,4.012302145454478,5.079916778155662,6.127985524083167,5.611305757998128,0.9431,16.104837405249445,0.9559,0.9829,0.99,0.9962,0.9272,2.6828759383868084,0.9962,3.3967497957653223,4.928311900804099,3.844398870562371,0.9631,0.9772,0.9831,0.994,0.9483,6.5739718914927145,0.994,8.32320919513773,12.036783843299224,10.478023770925176,0.974,0.9918,0.9946,0.9933,0.9321,4.192333208758733,0.9936,5.30785146151558,6.8825709041733525,6.584907745349795,0.9099,0.956,0.9662,0.9641,0.8841,3.260192333975799,0.9642,4.127681599487864,4.62231416423964,4.2219151335443605,0.9691,0.9671,0.9684,0.9951,0.9949,0.9352,0.6160437825315818,0.7799639791599452,0.7398063879405419,0.73581653483922,0.9448,0.9832,0.984,0.9871,0.9166,9.267235047505322,0.9871,11.733110094479697,12.73769755764,12.586329011360103,0.979,0.9864,0.9905,0.9969,0.9715,7.463549760110511,0.9969,9.4494906606019,17.271948764122428,12.859704182675106
0.9622,0.9608,0.9634,0.9788,0.9782,0.8978,3.287611778450085,4.162396955157285,4.74874619865027,4.557504508191339,0.9346,15.460123354600649,0.9493,0.9779,0.989,0.993,0.9209,2.5519448246439813,0.993,3.2309798369305165,4.269879250222915,3.5088804102740854,0.9493,0.9704,0.9737,0.9769,0.9303,5.391851590794859,0.9769,6.826544055869348,7.118313315204085,6.989231280497091,0.9714,0.9631,0.9679,0.9738,0.9259,4.111239365350199,0.9738,5.205179738200118,6.378437624849759,5.662504799888595,0.9313,0.9691,0.9721,0.9737,0.9071,3.955569087119875,0.9737,5.00808788679549,5.127939057730026,5.06355241527506,0.9635,0.9835,0.9859,0.9966,0.9965,0.9285,0.5920495492254723,0.7495852330107364,0.7871599955473367,0.7541713623783375,0.9381,0.9605,0.9784,0.9862,0.9081,9.062855194556214,0.9864,11.474347766400944,12.571664814170711,12.24345653984534,0.9867,0.9882,0.9916,0.9975,0.982,10.143509228421047,0.9975,12.84254795646658,20.179784299374308,17.890682883394824
0.9892,0.9889,0.9929,0.9939,0.9941,0.9539,3.9631780073900864,5.017721428922442,5.255485334888515,4.987558501615623,0.9409,16.148277914710683,0.9826,0.9865,0.993,0.9976,0.9671,3.4730442685907885,0.9976,4.397170305650869,5.3478851087588914,5.11687235369533,0.9549,0.9727,0.9858,0.9895,0.9385,5.764871732873234,0.9895,7.298819375533568,9.652373690090078,8.390500080924278,0.9476,0.9329,0.9476,0.9482,0.8852,3.551051630799003,0.9476,4.49593428048016,4.874998197925116,4.5545559543554095,0.9413,0.9557,0.9611,0.9737,0.9182,4.23339833597168,0.9737,5.359843415551863,5.186872347859321,4.892307265066926,0.9436,0.9818,0.9858,0.9877,0.9874,0.9053,0.547788705936282,0.6935472298172836,0.6789679731798473,0.6527127220118377,0.9836,0.984,0.987,0.9976,0.9689,13.18122156842367,0.9976,16.688550905340183,17.91594654119414,17.58769964812276,0.9531,0.9743,0.9883,0.9919,0.9381,4.390935763374417,0.9919,5.55929923708247,10.12706578441161,7.159465195373702
0.9605,0.9205,0.9237,0.9541,0.9541,0.8921,3.2484003966830417,4.112752000985842,3.5343159402799733,3.4858345592586795,0.9039,13.9818728504208,0.9878,0.9772,0.9807,0.9997,0.9765,3.857893709084804,0.9997,4.884422526185702,7.126706298960102,6.02227951854856,0.9612,0.9911,0.9944,0.9969,0.9454,6.617154000748766,0.9969,8.377881429025818,15.28710784261214,12.200330520670551,0.9823,0.9831,0.9852,0.9874,0.9471,4.4318266287381,0.9877,5.6110705607525,6.040368240289457,5.866119863979459,0.9338,0.9703,0.9795,0.9811,0.9085,3.9926938084223034,0.9811,5.055090950820019,5.80361261891368,5.109340147471663,0.9783,0.9846,0.9942,0.9979,0.9979,0.9487,0.6271547254550368,0.7940313806994663,0.8026937195054146,0.7875825875606924,0.9692,0.9718,0.9815,0.9964,0.9467,11.289062483262228,0.9964,14.292916096396224,17.14154276813236,14.714184278821335,0.9931,0.992,0.9956,0.9993,0.989,14.96490814357448,0.9993,18.946850263563928,38.28418270895061,28.043363922674708
0.9694,0.9802,0.9843,0.9848,0.9854,0.9126,3.3985042448386213,4.302796277081826,4.776566954890804,4.635574881967246,0.9469,16.451993671038295,0.9777,0.9589,0.9638,0.9915,0.9572,3.2307149821695527,0.9917,4.090360757590204,3.9158563010799554,3.856593739028136,0.9627,0.9854,0.9928,0.9958,0.948,6.527828898491757,0.9958,8.264788229855881,13.609418975595764,10.36980242085563,0.9665,0.9696,0.9843,0.9797,0.9219,3.967219024884122,0.9797,5.022837701781411,5.767625669650419,5.1064619729260485,0.9547,0.9844,0.9903,0.9954,0.9361,4.930148997399623,0.9954,6.241989187945569,8.131758704831347,6.882625310889686,0.9795,0.9877,0.9903,0.9956,0.9955,0.9489,0.6442445586944959,0.8156685673972234,0.7512505563149877,0.7453746840224855,0.9406,0.954,0.9681,0.9749,0.9128,8.82613912951006,0.9751,11.174645035426597,10.957581195533812,10.658592004038477,0.9558,0.9703,0.978,0.9925,0.9421,4.535298251732187,0.9925,5.742074461918354,10.52920403703066,7.486497628048597
0.9721,0.9946,0.9974,0.9956,0.9957,0.9168,3.462714965546401,4.384092526874592,5.820735681361674,5.402531404368961,0.8954,13.574297515058598,0.9451,0.9596,0.9738,0.9838,0.9159,2.51859571229339,0.9838,3.188757015910346,3.478982123073391,3.096694146857617,0.9521,0.9797,0.9849,0.9879,0.9338,5.590102645810041,0.9879,7.077546802957979,9.265302018344473,8.224586417688656,0.9637,0.9554,0.9612,0.9665,0.912,3.840593068206503,0.9667,4.862518439034616,4.806007152406311,4.664645060978852,0.9062,0.9465,0.963,0.9721,0.8757,3.314404627832501,0.9724,4.196318987989863,5.055907142968652,4.597249204102416,0.9682,0.975,0.9845,0.9904,0.9904,0.9359,0.5874166731127484,0.7437196166531037,0.7241512657711788,0.6751257155571795,0.9403,0.9753,0.9869,0.9925,0.9121,8.936542071487686,0.9926,11.31442457768895,14.80135058073042,12.246650425227026,0.9649,0.9497,0.9596,0.9932,0.9544,5.394977585965297,0.9932,6.830501832412356,11.075343894970748,8.895862849069365
0.981,0.9781,0.98,0.9858,0.9852,0.9361,3.6842939011822633,4.664630360770695,4.917880789781368,4.818591999817232,0.9442,17.245410685732367,0.9382,0.923,0.9355,0.9563,0.9098,2.25877604316437,0.9551,2.859803151356893,2.6820528239685326,2.609360845398484,0.9757,0.9614,0.9659,0.9987,0.9634,8.314215416022316,0.9987,10.526505945445978,17.872978897935386,14.628419933542569,0.9846,0.9972,0.9976,0.9974,0.9531,4.573303909089903,0.9974,5.790192866135499,7.727340523727773,7.614211581311784,0.9806,0.985,0.9936,0.9979,0.9683,6.649053863257275,0.9979,8.418269376120335,9.892874571283173,8.796692477812467,0.9643,0.9808,0.9887,0.995,0.9949,0.9341,0.5556014315110698,0.7034388068450639,0.7789143678967443,0.7202552585029135,0.9794,0.9846,0.9881,0.9988,0.9627,12.813362576283126,0.9988,16.2228100417596,20.46915195366869,18.93174430628148,0.9895,0.9816,0.9903,0.9992,0.9857,12.351415984587389,0.9992,15.637946251173563,33.07552884860495,21.278341993750782
0.9774,0.9591,0.964,0.9777,0.9778,0.9288,3.5895349471372957,4.54465744171253,4.17587276074564,4.051477672946006,0.9441,16.223448807837485,0.9575,0.9732,0.9769,0.9816,0.9293,2.740377213241846,0.9819,3.469551314771653,3.346319472360094,3.234882127525388,0.9662,0.9871,0.9897,0.9929,0.9515,6.944561699517683,0.993,8.792407504575186,11.231930347054462,10.812220193735776,0.9471,0.9774,0.9888,0.9818,0.8852,3.507827950166856,0.9821,4.441209413683764,6.1952936234844245,5.476551208806708,0.9642,0.9643,0.9792,0.9878,0.948,5.405067076977261,0.9879,6.843275988698864,6.525306250370259,5.946670901500205,0.9511,0.9438,0.9656,0.9668,0.966,0.9168,0.5179697908820575,0.6557939397112627,0.5786760086306754,0.5633602746401513,0.9344,0.9427,0.9696,0.9792,0.9051,8.343296294993507,0.9792,10.563324818914078,11.718438802880211,10.74232819373804,0.9833,0.9875,0.9932,0.9979,0.9765,8.965527811942525,0.9979,11.351122997679733,21.59278483107427,17.143276785886272
0.9774,0.9691,0.9751,0.9791,0.9791,0.9287,3.588910616912551,4.543866986390669,4.479485710115649,4.343683718572551,0.9324,15.461706056050694,0.9594,0.9831,0.9858,0.9922,0.9313,2.8399290478384285,0.9924,3.5955924294559694,4.123250282667,3.985008080409715,0.9741,0.972,0.9755,0.9938,0.9621,7.610384456161495,0.9938,9.635395911264492,11.81404399906885,10.814290214577362,0.9903,0.9948,0.9962,0.9954,0.9661,4.958402578084119,0.9954,6.277760631211561,7.912164473813403,7.310570635448536,0.9389,0.9847,0.9877,0.9869,0.9129,4.223825854741302,0.9871,5.347723837751406,6.455162028010903,6.12872807999651,0.961,0.9877,0.9926,0.994,0.9939,0.9254,0.5796934186400102,0.7339413176726854,0.756010201889662,0.7224087630566098,0.9714,0.9293,0.9507,0.9934,0.9515,10.809096534658964,0.9934,13.68523826285736,15.091303914730345,13.63002712359701,0.9613,0.9783,0.9922,0.9941,0.9481,5.113944254150009,0.9941,6.4746896613058444,12.282028525764767,8.828363148039772
0.9743,0.9608,0.9622,0.973,0.9731,0.9227,3.5600995266937114,4.507389688496878,4.93322935070982,4.672441731474343,0.9202,14.764803787915133,0.9593,0.9765,0.9851,0.9871,0.9311,2.7961839033223868,0.9873,3.540207344900052,3.712156102544619,3.3532162907233447,0.9853,0.9875,0.9906,0.9997,0.9772,10.669074519755307,0.9997,13.507958447670438,25.720199220255097,19.262045794230627,0.9844,0.9954,0.9978,0.9965,0.9529,4.592303668186536,0.997,5.814248181891129,9.125698972874696,7.4693706008951,0.949,0.9578,0.9658,0.9773,0.9269,4.4799771378553865,0.9773,5.6720332126850685,5.325612786826861,5.310858593412355,0.9459,0.977,0.9868,0.9887,0.9886,0.9079,0.5446537947692658,0.6895781648620449,0.6979895929031878,0.6522237006342777,0.9548,0.9593,0.975,0.9832,0.9287,9.965557454451782,0.9834,12.617245830774683,12.314085398655456,11.297292996565025,0.9883,0.9768,0.9818,0.999,0.9836,11.447056505655858,0.999,14.492950006134292,31.85895049370725,18.99160508685597
0.9821,0.991,0.9947,0.9934,0.9928,0.938,3.696363460963378,4.679911453025051,6.056897274553697,5.250605738211119,0.9258,14.961217050602276,0.9667,0.976,0.9814,0.9872,0.9416,2.866630186060643,0.9874,3.6293983481364815,3.548333454071557,3.5032274892125668,0.9749,0.9888,0.9923,0.9987,0.9622,8.163978635112008,0.9987,10.336293365142923,18.021985115319914,15.143400220923876,0.972,0.981,0.9923,0.99,0.9305,4.096829577766452,0.9903,5.186935717918828,6.591133866206896,5.774450655947664,0.9353,0.9686,0.97,0.979,0.9092,4.112783774870213,0.9791,5.2071350923954505,5.549533578158446,5.437821717901867,0.9799,0.996,0.9977,0.9983,0.9983,0.9487,0.6683786198786338,0.8462243475677743,0.8261146705121923,0.7981402819476413,0.9635,0.9651,0.9892,0.9913,0.9389,10.239714647338364,0.9916,12.964352223441145,14.345390706949123,13.909538094304107,0.9642,0.9778,0.9859,0.9923,0.9528,5.32673165120644,0.9923,6.744096657414459,10.385680067382292,8.43320572036088
0.968,0.9816,0.9858,0.9831,0.984,0.9085,3.358367535795416,4.25197977964543,5.094239849814915,4.826159120495731,0.9336,15.367918994288392,0.9515,0.9473,0.9599,0.9724,0.9239,2.4830945439318706,0.9735,3.143809508403186,3.028685888753118,2.870207621842708,0.9662,0.9838,0.9912,0.998,0.9513,7.055587305800667,0.998,8.93297539296335,16.663445775341863,11.52923687946461,0.9593,0.9833,0.9839,0.9846,0.9071,3.770653946170377,0.9843,4.773969544509487,5.874355938501111,5.770555884591097,0.9407,0.967,0.9729,0.9855,0.9172,4.151087499786992,0.9855,5.255630875568472,6.254201350019984,5.798117781842959,0.9358,0.9577,0.9684,0.9827,0.9824,0.895,0.508400590155701,0.6436785153087339,0.6403235468974169,0.6154288325826383,0.9427,0.9544,0.9711,0.9767,0.9158,8.655424120442564,0.977,10.95850527141918,11.520259405252894,10.838184604475693,0.9725,0.981,0.9885,0.9946,0.9628,6.472114260875937,0.9946,8.194248746000182,12.56329585097511,11.054320752521122
0.9794,0.9807,0.9905,0.99,0.9902,0.933,3.650853061771352,4.622291405467553,5.166316194805307,4.701598930473399,0.9336,15.572455566423631,0.9843,0.9852,0.9867,0.9998,0.9695,3.706438307204429,0.9998,4.692667067782338,8.034981130082933,5.876708675156179,0.9676,0.9882,0.9897,0.9899,0.9528,6.858473386367261,0.9899,8.683412356522494,9.94217395704672,9.61182146550491,0.9756,0.989,0.9923,0.9908,0.9348,4.204274938466596,0.9912,5.322970709992891,6.586733775717399,6.227988412513867,0.9619,0.9741,0.9799,0.9989,0.9442,5.378632665095053,0.9989,6.8098077683173965,11.721043971406596,9.00590868217826,0.9673,0.9805,0.9921,0.9973,0.9973,0.9351,0.5905055671586045,0.7476304200075488,0.8179318496847283,0.7532987807279194,0.9561,0.9697,0.975,0.9745,0.9311,9.927503925771804,0.9748,12.56906681737998,10.86260634407882,10.661546675349978,0.9885,0.9892,0.9962,0.9989,0.9839,11.44683171124867,0.9989,14.492665397239122,30.46419697645972,20.840357440900814
0.9744,0.9905,0.9921,0.992,0.9921,0.9221,3.5079636358744537,4.441381203364002,5.361733128268252,5.177106372459423,0.9176,14.821746341202251,0.9597,0.9876,0.9948,0.9951,0.9315,2.8558987091201224,0.9951,3.615811382901,4.688419882686732,3.8577471496249633,0.9385,0.9578,0.9756,0.9749,0.9149,4.776621408555222,0.9749,6.047610164081672,6.976372030704838,6.610804420665066,0.9512,0.9585,0.9646,0.9665,0.892,3.608572465437261,0.9663,4.568760563840558,4.8769467962262105,4.718123867144412,0.9743,0.9795,0.9909,0.9996,0.9586,6.490529682951308,0.9996,8.217564241241107,13.178545637810942,10.56056630869622,0.964,0.9828,0.9888,0.9963,0.9962,0.9316,0.5697444190067811,0.7213450354560129,0.7901194484488172,0.7096821533970986,0.9548,0.9857,0.9906,0.9912,0.9293,9.837411206127996,0.9912,12.455001749118177,14.38402250421507,13.646238159217663,0.9961,0.9911,0.9918,0.9998,0.994,21.044346738244396,0.9998,26.64393811967617,58.65363013038928,35.753689674390245
0.9812,0.9817,0.9879,0.9877,0.9879,0.9348,3.68001683751401,4.659215233319684,4.942382124528028,4.676306640132184,0.9506,16.674415795397113,0.977,0.9873,0.9908,0.9962,0.956,3.1706533731923825,0.9964,4.014317637180689,4.946140586047652,4.421182208824467,0.9529,0.981,0.9827,0.9895,0.9338,6.008545294173919,0.9895,7.607330890262496,9.45963983225546,9.411203683551738,0.9672,0.9805,0.9844,0.9821,0.9167,3.9529673684794018,0.9825,5.004793889061856,7.282237344083466,6.095137179916689,0.9532,0.9679,0.9825,0.9818,0.9349,4.687994332633708,0.9822,5.935400725796317,5.843595283185416,5.728884730166288,0.9465,0.9637,0.9706,0.9751,0.9745,0.9106,0.5262283935980119,0.6662500352344842,0.5947870790695229,0.5856047792162079,0.9779,0.9901,0.995,0.9978,0.9618,12.24568423009162,0.9978,15.50408083073025,18.491386989645164,15.80615915392255,0.9466,0.9588,0.9613,0.9791,0.9307,3.9576614402834354,0.9791,5.010736984384872,6.049786306302566,5.670018792904533
0.9713,0.9819,0.9905,0.9887,0.9886,0.9178,3.4532147341036827,4.372064423468446,5.16946675256846,4.673575907930184,0.9291,15.324826585597794,0.9377,0.9589,0.9661,0.9816,0.9059,2.39414310100482,0.9817,3.031189393819294,3.255136618054695,3.2070439524914085,0.9418,0.9731,0.9769,0.9764,0.917,5.1631638488013545,0.9767,6.537005866720897,7.127583827659403,6.877723254783806,0.9827,0.9896,0.9938,0.9923,0.9464,4.512862075244973,0.9923,5.71366834860902,7.499912818458534,6.436063607202664,0.9322,0.977,0.9891,0.9947,0.9071,4.104683562258183,0.9947,5.196879532254973,7.957992025739637,6.594370248234408,0.9463,0.9784,0.9824,0.9843,0.9841,0.9109,0.5200783766711556,0.6584635891892698,0.6443184774610428,0.6355252184804544,0.9623,0.9712,0.9777,0.9853,0.9368,10.571893004614324,0.9853,13.384918359612628,12.32267918324448,12.060836588926737,0.928,0.9519,0.9598,0.961,0.9068,3.1491676068666217,0.9611,3.987114824208736,4.104084447443783,4.085692881557517
0.9769,0.9738,0.9788,0.9809,0.9813,0.9274,3.572123305071424,4.522612817589227,4.634229154119753,4.452845397235161,0.917,14.979001655973436,0.9545,0.9705,0.9785,0.9799,0.9265,2.595983286360741,0.9799,3.286736286083424,3.328021905111391,3.0614793664223616,0.9516,0.9536,0.9732,0.9902,0.9324,5.610677553805802,0.9902,7.10359639158507,9.990910315113004,8.133304861370691,0.9687,0.9689,0.9769,0.9751,0.9246,4.001092814522339,0.9745,5.06572480900434,5.5232159639041285,5.291953315353586,0.9737,0.9577,0.9749,0.9974,0.9587,6.178402044616323,0.9974,7.822384025638379,9.277333170402969,8.73125498515705,0.9671,0.9928,0.9985,0.9979,0.9979,0.9332,0.6174964506850056,0.781803180959349,0.8294223475839044,0.7441236165425023,0.9482,0.9748,0.982,0.9865,0.9204,9.573546765427178,0.9868,12.12092685872307,12.906353125936947,11.666533011409618,0.9576,0.9812,0.9917,0.9932,0.9448,4.6803665720676575,0.9932,5.925743330247696,11.10829666210063,7.663289200160724
0.9675,0.96,0.9642,0.9743,0.9742,0.9101,3.3685257585787864,4.264840956217575,4.20291654488222,4.141932885576038,0.9293,15.145444631334897,0.9701,0.9764,0.9846,0.9878,0.9463,2.8865056714803226,0.9879,3.654562408119304,3.6042430075237935,3.515807649427472,0.9068,0.9687,0.9824,0.9835,0.8803,4.014129415597778,0.9835,5.082230258028979,8.321523379011829,6.369602192713212,0.9721,0.9859,0.9923,0.991,0.9274,4.089180881686811,0.9908,5.177251816224135,7.4429261957359,6.228659147238775,0.9527,0.9696,0.9752,0.9824,0.9333,4.581165620541057,0.9826,5.800146463461408,5.930441814152577,5.663175456792862,0.9853,0.99,0.994,0.9946,0.9946,0.9618,0.6596006761925857,0.8351107220749938,0.7600268881310048,0.7349164356061905,0.9656,0.9775,0.9839,0.9968,0.9414,10.786256654006706,0.9968,13.656321025637842,17.560829579106887,13.961025920634226,0.9317,0.9526,0.9552,0.9753,0.9127,3.3719310588535545,0.9755,4.269152356848271,5.425823756649221,5.304018831625516
0.9941,0.9853,0.9862,0.9925,0.9925,0.9654,4.227256246094429,5.35206700582765,5.549532444875028,5.277256238770101,0.9477,16.583048380251306,0.9785,0.9766,0.9858,0.9995,0.9572,3.381766203543684,0.9995,4.281604488994794,6.788323779631551,5.798085974045807,0.9463,0.9735,0.9791,0.9824,0.9251,5.036865994757204,0.9823,6.37710200989626,8.164303930082239,7.155983870387319,0.9698,0.9425,0.9485,0.9564,0.9211,4.029478834452657,0.9583,5.101663931653029,5.563853641093678,5.290225149409233,0.9794,0.9851,0.9987,0.9998,0.9666,6.622881179069381,0.9998,8.385132525326066,13.700070334407542,10.470177416664155,0.9755,0.9656,0.9797,0.9862,0.9857,0.9436,0.6053117718528753,0.7663763381663898,0.6580650172220747,0.63464004725526,0.9568,0.9896,0.9912,0.9912,0.9317,9.888298056474724,0.9913,12.519428842465746,14.278544038805002,13.84418145665369,0.978,0.9859,0.9923,0.9967,0.9703,7.346678631632212,0.9967,9.301521842473012,16.728026586956624,12.339328731898773
0.9737,0.9821,0.9869,0.9858,0.9861,0.918,3.492458426978,4.421750286257937,4.883211691561794,4.701651023665213,0.9039,14.00399687022658,0.9348,0.9455,0.9488,0.9722,0.9016,2.443969914301744,0.9724,3.0942743898373104,2.9181761244047983,2.8657788476242376,0.9416,0.9762,0.987,0.9883,0.917,5.106217778274764,0.9883,6.464907283755058,9.373542438428142,7.552981422529096,0.962,0.9816,0.9903,0.9855,0.9076,3.7825546486648,0.9862,4.789036849034832,6.251187501249953,5.650923166622808,0.9647,0.992,0.9968,0.9998,0.9481,5.689687966500362,0.9998,7.203630313893437,13.700059775187464,9.395746414306233,0.9759,0.9738,0.9804,0.9962,0.9962,0.9437,0.617012176423555,0.7811900484342325,0.7647271392841559,0.7488894544767598,0.9481,0.9858,0.9934,0.9936,0.9202,9.543464554702302,0.9937,12.082840213838056,15.244677784438403,12.870866530246465,0.9622,0.9866,0.9887,0.989,0.949,5.096514410930411,0.989,6.452621992969309,8.986517306947938,8.290118049541137
0.9693,0.947,0.9513,0.9704,0.9708,0.912,3.40523881025188,4.311322811374652,3.9387300374681296,3.858435786189188,0.9283,15.635821241347502,0.9817,0.9801,0.9903,0.9973,0.9658,3.280886823054951,0.9974,4.153882587967169,5.255197271633123,4.382558638084856,0.9419,0.9702,0.9788,0.9879,0.9181,5.128970926481208,0.988,6.493714710299622,9.23866061705098,7.605002718529892,0.9723,0.9872,0.9903,0.9878,0.9282,4.101991101430148,0.9879,5.193470647171292,6.324555451106867,6.030194396442152,0.9426,0.9249,0.9256,0.9779,0.9199,4.1703430316813215,0.9781,5.280010021504212,5.400991519276969,5.35241032459382,0.9799,0.9765,0.9924,0.9968,0.9967,0.9507,0.6449752376095129,0.8165936692328477,0.803629565205046,0.740830257807064,0.9458,0.9657,0.9737,0.983,0.9173,9.588240654667638,0.983,12.139530575936526,12.225093488807738,11.450859661767296,0.9587,0.9611,0.9657,0.978,0.946,4.674231870961289,0.9781,5.917976275337706,5.887454313283697,5.491278541786848
0.9578,0.9415,0.9584,0.9598,0.9588,0.8898,3.278353322339664,4.150674959946024,4.180379721027807,3.96082902913031,0.9367,15.715932403997718,0.9817,0.9905,0.994,0.9973,0.9646,3.3649788337476108,0.9973,4.260350246817447,5.195081298416634,4.659041536169443,0.9694,0.9886,0.9897,0.9931,0.9548,7.23628305445659,0.9931,9.161751624678235,11.145723303610506,10.988163532201126,0.9779,0.9734,0.9834,0.9823,0.9395,4.279783990395078,0.9819,5.418571610894304,5.889968586108037,5.469327339991528,0.9663,0.986,0.9893,0.9984,0.9508,5.396196958130771,0.9984,6.832045661590133,10.873827911222923,8.00751645918313,0.9833,0.9811,0.9942,0.9962,0.9962,0.9585,0.6470226363456375,0.8191858506823422,0.7916271365894061,0.6869957981818935,0.9381,0.9638,0.9745,0.9827,0.9087,8.787312381034292,0.9829,11.12548705981234,12.228200113635774,11.501065995923,0.9628,0.9772,0.9816,0.9929,0.9497,5.232065841326238,0.9929,6.6242416668143775,10.800523561619848,9.269608007217712
0.9657,0.9854,0.9881,0.9872,0.9875,0.9035,3.3189519820856623,4.202076326378005,5.400287399186613,5.005153250112684,0.9187,14.87895863534682,0.9747,0.9849,0.9886,0.9961,0.9529,2.994000735118778,0.9961,3.790660328353087,4.8568712800670495,4.190416372730505,0.9364,0.964,0.9751,0.9763,0.9121,4.921693694317129,0.9763,6.231284052979147,7.091163229492948,6.263961169207972,0.9609,0.977,0.9913,0.9838,0.9075,3.783357501925287,0.9856,4.79005332974852,7.287372033566985,5.902047925739945,0.9426,0.9678,0.9699,0.9724,0.9187,4.358937517037505,0.9725,5.518786727668745,5.0184804980401205,4.954915530007916,0.9936,0.9905,0.9981,0.9996,0.9996,0.9813,0.7714963354673908,0.9767801717690636,0.897224874920037,0.8401101004673752,0.942,0.9657,0.9748,0.9733,0.9136,9.071314640706666,0.9734,11.485058146844816,10.73931283338446,10.558264743580796,0.9659,0.9795,0.9869,0.9901,0.9557,5.477524445422345,0.9901,6.935013197992085,9.466327578484623,8.553286455472032
0.9643,0.9737,0.981,0.9792,0.9791,0.8978,3.33908758946478,4.227569722950697,4.711695463281975,4.515771164673932,0.9172,15.004040210801614,0.9517,0.9617,0.9701,0.9824,0.9237,2.5374622811563685,0.9826,3.2126437014686235,3.407533538181234,3.194892875656162,0.9816,0.9664,0.9794,0.9992,0.9722,9.18641789345605,0.9992,11.63078868349553,20.5178790462034,14.748573786180666,0.9629,0.9812,0.984,0.9828,0.9106,3.836946773607302,0.9828,4.8579019190316135,5.996857677272169,5.670915705223905,0.9645,0.9679,0.9951,0.9985,0.9482,5.4353136431996365,0.9986,6.881570721663756,11.053235318304978,8.854553694561808,0.9758,0.9765,0.9841,0.9953,0.9953,0.9429,0.6279563820696823,0.7950463463574411,0.777581830138197,0.6896200557138201,0.9722,0.975,0.9794,0.997,0.9514,11.394925341407284,0.997,14.426947505243092,17.677477318824657,16.28626642334469,0.9718,0.9844,0.9918,0.9967,0.961,6.36800750072832,0.9967,8.06244070701876,16.727957470769265,10.754751412424133
0.9715,0.9708,0.9847,0.9816,0.9807,0.915,3.446174300883217,4.363150634440208,4.857313430874605,4.370376971936523,0.9314,15.368417674543936,0.9726,0.9943,0.998,0.9995,0.9478,3.1278508133544207,0.9995,3.960125945232664,6.844569324328033,5.1122777634619005,0.9763,0.9731,0.9771,0.9955,0.9648,8.060356938158382,0.9956,10.205099457542511,13.23181706252755,12.633785841570486,0.9571,0.9809,0.9854,0.9841,0.9036,3.717684031805744,0.9841,4.70690511442333,6.234655460168399,5.659380865259451,0.9688,0.9829,0.9916,0.998,0.9527,5.746036264837672,0.998,7.274972066275797,9.933866809449247,8.33186757111053,0.9578,0.974,0.9907,0.993,0.993,0.9211,0.5660104387601375,0.7166174979434863,0.751414654480623,0.6704195028835711,0.9418,0.9666,0.9741,0.9778,0.9129,9.213134384820496,0.9782,11.664614040563782,11.333471367981296,11.148921384026048,0.9638,0.978,0.9803,0.9824,0.9536,4.980242191910586,0.9824,6.305411445303713,6.555626299352053,6.209242821701677
0.9802,0.98,0.9857,0.9866,0.9862,0.9343,3.656096158069397,4.628929612633507,4.840877525928548,4.621375823249085,0.9598,17.507117069629473,0.9816,0.979,0.9827,0.9995,0.9637,3.446128539343241,0.9995,4.363092696426994,6.776088500947498,5.491792584652537,0.9612,0.9731,0.9906,0.994,0.9463,6.390359844835724,0.994,8.090740681384089,11.908601149957445,8.986089585921324,0.982,0.9548,0.9566,0.9729,0.9459,4.44207633772418,0.9727,5.624047566661337,7.5618334727874945,6.986214874124653,0.9576,0.9806,0.9906,0.9934,0.9402,5.058371097940726,0.9934,6.404329304979633,7.52939031952527,7.400477379916342,0.9658,0.9744,0.983,0.9952,0.995,0.9345,0.5856634633079173,0.7414999034858694,0.7532994757333192,0.7331054828518037,0.9772,0.9867,0.9892,0.9994,0.9593,12.597916782833424,0.9994,15.950037289047522,22.13766386729056,17.543793308260025,0.9848,0.9947,0.9963,0.9979,0.9791,9.644316274182756,0.9979,12.210527093669628,21.71220202603605,17.656511402561986
0.971,0.9663,0.98,0.9778,0.9764,0.9138,3.4335427446260978,4.347158006707161,4.949570709132177,4.460631980059701,0.9639,18.279828960621085,0.9597,0.9855,0.9913,0.9975,0.9313,2.8877039022921758,0.9975,3.656079470539972,5.336396913882108,4.4597500672897255,0.9457,0.9645,0.9821,0.9846,0.9231,5.19952620242897,0.9846,6.583043708236751,8.53263916777097,6.866150123009325,0.9708,0.9685,0.9807,0.9769,0.9265,4.069279062557599,0.9738,5.152054415518698,5.806116457915808,5.360449358321652,0.9649,0.9664,0.9776,0.9895,0.9493,5.362005301438755,0.9896,6.788756107562033,6.742731764690639,6.5800823532155,0.9521,0.982,0.9928,0.9911,0.9911,0.916,0.5517970964573664,0.6986221941453131,0.7325410897201354,0.6741830000123787,0.9734,0.9784,0.9811,0.984,0.9533,11.574271264749854,0.9843,14.654014742966918,12.029547061311945,11.796122397083389,0.9616,0.9838,0.9892,0.9952,0.9477,5.35989011997918,0.9952,6.786078107402571,13.06691564994855,9.6262019767827
0.9794,0.9767,0.9824,0.9849,0.9851,0.9329,3.6435009829358833,4.612983046506369,4.722832930522516,4.5326672718466,0.9349,15.652756006908527,0.9748,0.9942,0.996,0.9973,0.9507,3.2599121435850846,0.9973,4.127326854552097,5.286243826270402,4.900426901949949,0.9804,0.9933,0.9973,0.9994,0.9709,9.517572576157892,0.9994,12.050058760333512,21.91790748628068,16.91829109565017,0.9588,0.9705,0.9872,0.9802,0.9019,3.7106843314163376,0.9799,4.6980428966338525,5.960445114536672,5.132058974901511,0.9563,0.9831,0.9896,0.9937,0.9381,4.93204900818313,0.9937,6.244394763674392,7.667873387317856,6.571880415115276,0.9781,0.9909,0.9956,0.9983,0.9983,0.9465,0.6407144426976987,0.8111991394152651,0.8438921775658916,0.7824976766908203,0.9563,0.9804,0.9918,0.9949,0.9312,9.961706331421215,0.995,12.61236998050506,15.975700266860184,13.468010909694543,0.9544,0.9669,0.973,0.9898,0.9392,4.554814044162626,0.9899,5.766783119893851,9.357430049123902,7.802999330767907
0.9728,0.9782,0.9884,0.9839,0.9835,0.9185,3.475270181872914,4.3999885017434535,4.944428063613245,4.590474267766194,0.8889,13.286646108390045,0.9715,0.9661,0.9734,0.9973,0.9472,3.0421617935707124,0.9973,3.851636336643211,5.158241744470935,4.421607592396568,0.9641,0.9857,0.9925,0.9937,0.9491,6.688530157665951,0.9937,8.468249732293968,11.68576997973769,9.670731050328502,0.9708,0.9733,0.9823,0.9803,0.9222,4.080129764474609,0.9803,5.165792329744683,5.616932441649812,5.258751919335763,0.9116,0.9561,0.9627,0.9664,0.8855,3.3033287007854093,0.9667,4.182295919536784,4.739760244200084,4.60367892804676,0.9806,0.9876,0.9969,0.9948,0.9947,0.9535,0.6306538925241318,0.7984616246989124,0.7767823963379091,0.7238539094410439,0.9548,0.9582,0.9636,0.983,0.9306,9.392728942878744,0.983,11.89199607104698,11.909569198082927,11.731546635913592,0.9547,0.9697,0.9756,0.9773,0.9414,4.2472394581795925,0.9773,5.377367456958399,5.683163355603049,5.602159839198964
0.9874,0.9941,0.9969,0.9951,0.9951,0.9495,3.863681708075488,4.891750626642452,5.65920108517639,5.308630610282437,0.9079,14.070145154385848,0.9765,0.9826,0.9867,0.9982,0.9545,3.193964285419982,0.9982,4.043831240555064,5.491095400576268,4.448456278987584,0.9633,0.9775,0.9816,0.9924,0.9487,6.495063065042787,0.9924,8.223303889680691,10.98496572304308,9.797874058145885,0.9871,0.9918,0.9955,0.9938,0.96,4.750427817352045,0.9936,6.01444684322262,7.081095825460928,6.470936639809784,0.9588,0.9849,0.9938,0.9961,0.9409,5.206942670944675,0.9961,6.592433590025756,8.465068805054448,7.102778440212196,0.97,0.9808,0.9864,0.9911,0.9911,0.9369,0.5971847279901343,0.7560868073737214,0.7237669487682652,0.6891166058462588,0.9726,0.9808,0.9846,0.9986,0.9514,11.739072587942092,0.9986,14.86266727620023,19.487489520692986,16.4480475840115,0.963,0.9787,0.9845,0.9877,0.9512,4.993429416831535,0.9877,6.3221075969654565,8.19916630364472,6.939450951749619
0.9792,0.9937,0.9967,0.9944,0.9948,0.9303,3.636395018937008,4.603986289922682,5.590669882686663,5.279600575738535,0.886,13.20492978753252,0.9637,0.9883,0.9961,0.9982,0.9373,2.8933108164474124,0.9982,3.663178302147938,5.589281882280188,4.5544506167831615,0.9633,0.9798,0.9884,0.9969,0.9477,6.852009118747903,0.9969,8.675228042293998,15.253494962296134,11.08280893291479,0.9811,0.9897,0.9919,0.9921,0.9451,4.3897159445321305,0.9922,5.557754842373747,7.102866189105368,6.374074971195721,0.9533,0.9857,0.987,0.9941,0.9339,4.95320701031413,0.9941,6.271182599216461,7.872021221552711,7.700236576197112,0.9473,0.9731,0.9964,0.9959,0.9959,0.9097,0.5511783164813362,0.6978387659117777,0.7810063923361493,0.6649732650997656,0.9713,0.9929,0.9952,0.9955,0.9496,11.695774342964954,0.9955,14.8078480045825,15.754507348686277,15.747334756023024,0.9576,0.9747,0.978,0.9852,0.9448,4.701372189116342,0.9853,5.952338233276625,7.380483685188574,7.330926602304681
0.98,0.9724,0.9778,0.9834,0.9833,0.9327,3.670453437658057,4.647107153313919,4.772395657531131,4.630761045492147,0.962,18.92514604518289,0.9306,0.9387,0.9465,0.9511,0.8987,2.094589433217629,0.9512,2.6519288975293627,2.590459664987997,2.5477463098413327,0.9709,0.994,0.9947,0.9951,0.9566,7.508134116102267,0.9951,9.505938258473453,12.458786987168963,12.340440637759531,0.9637,0.9621,0.9739,0.9709,0.9119,3.841079322436871,0.9713,4.863134078369279,5.244597122611376,4.885474865535953,0.952,0.9665,0.993,0.9929,0.9311,4.60975289691628,0.9929,5.836340393937154,7.485427704020299,6.460486951375493,0.9664,0.9831,0.9879,0.9856,0.9854,0.9355,0.5681057370502711,0.7192703243143392,0.6665665382535606,0.6377165673983516,0.9476,0.9757,0.9843,0.9907,0.9195,9.658460736007262,0.9908,12.228435188906596,14.107397770124557,12.605232745151236,0.9328,0.9562,0.9683,0.97,0.9152,3.351096444221489,0.97,4.242773957465825,4.835701235644106,4.597223106609182
0.9819,0.9818,0.987,0.9912,0.9907,0.9373,3.8073126110881104,4.820382541394916,5.056413574100351,4.725624028418753,0.9227,14.946571487427589,0.9515,0.9698,0.9776,0.9801,0.9233,2.606515360113935,0.9802,3.300070789874031,3.3355537250569283,3.0926492928876117,0.9631,0.9791,0.9807,0.9899,0.9481,6.602690529520421,0.9899,8.359569440671082,9.881651523561215,9.171707439670984,0.9637,0.9809,0.9872,0.9864,0.9112,3.8326310539238135,0.9864,4.852437849767835,6.593619987953091,5.793763659392175,0.9567,0.9811,0.9889,0.9895,0.9391,4.889254483419979,0.9895,6.190213244816493,6.730633609590798,6.578442121156736,0.9678,0.9759,0.985,0.9877,0.9873,0.9358,0.5868285757870451,0.7429750352722093,0.6700685659243358,0.6455899570836929,0.9481,0.986,0.9901,0.9893,0.9201,9.65379263221736,0.9894,12.222524971304624,13.681924927319454,12.907518271991531,0.9958,0.9881,0.9994,0.9997,0.9933,19.1486168814712,0.9997,24.24378240927368,53.27118777580889,32.77282560067024
0.9754,0.9749,0.9851,0.9828,0.9821,0.9246,3.5460171570961285,4.489560207315857,4.787080846359732,4.466472602043854,0.9171,14.796267228366808,0.9597,0.9809,0.9874,0.9855,0.9334,2.7404348507420107,0.9863,3.469624288763521,3.605069844667719,3.448431199012531,0.9658,0.9855,0.9881,0.9899,0.952,6.592656828527759,0.9899,8.346865919308076,9.900449240111412,9.59201457339278,0.9513,0.9794,0.9835,0.9825,0.8924,3.580726007441195,0.9827,4.533504572626966,5.889254704669842,5.590289918219439,0.9697,0.967,0.9776,0.9965,0.9534,5.651835895618941,0.9966,7.1557063632566935,8.674648081224502,8.1299255787343,0.9712,0.9921,0.9962,0.9983,0.9983,0.9371,0.6141941196620997,0.7776221481851127,0.840461457783332,0.7721495048512512,0.9672,0.9901,0.9912,0.9965,0.944,11.205882787383072,0.9966,14.187603505923168,17.38069882679978,16.599882594017437,0.9745,0.9816,0.9919,0.9956,0.9647,6.592409468296999,0.9956,8.346552740155328,13.530422042005632,11.70721994323127
0.9597,0.9688,0.9815,0.9762,0.9771,0.8911,3.25833471589047,4.125329696531164,4.671860908785625,4.309180173261924,0.8839,13.105674503733937,0.984,0.9882,0.9971,0.9991,0.9697,3.5717691058045675,0.9991,4.522164371103076,6.344547016062501,5.457058313706757,0.9472,0.9631,0.9687,0.9853,0.9246,5.376215449893506,0.9853,6.806747367676167,8.619154482315736,7.712664585291035,0.9772,0.9793,0.9818,0.9856,0.938,4.2482054510952665,0.9852,5.37859048639188,6.186376685930082,6.116762840662727,0.9409,0.9698,0.9857,0.9905,0.9177,4.209039956648034,0.9906,5.329003629481651,6.972509598276372,5.99644693904952,0.9665,0.9889,0.9982,0.999,0.999,0.934,0.599805866693182,0.7594053925631669,0.8624861857310868,0.7616044629290326,0.9748,0.9887,0.9952,0.9978,0.9547,11.7869966339038,0.9978,14.923343206459815,18.631260832291463,16.973858259991115,0.9707,0.9832,0.9885,0.9895,0.9604,5.972627412765134,0.9895,7.561855788490562,9.34692554621278,8.856205279520744
0.9604,0.9645,0.9679,0.9736,0.9738,0.8919,3.2473365406043717,4.111405068439971,4.254535617508388,4.168335500904696,0.9486,16.453121023504835,0.9844,0.9675,0.9749,0.9995,0.9699,3.6421792594784583,0.9995,4.611309631862095,6.844305076391541,5.428711212346936,0.9105,0.9649,0.9735,0.9846,0.8835,4.261197585522715,0.9846,5.395039636847017,8.47963153214568,7.126323366785868,0.988,0.9947,0.9954,0.995,0.9628,4.815797233023447,0.9952,6.097210099679661,10.853970098795712,8.688709984787842,0.9585,0.9598,0.9877,0.9925,0.9409,5.030032346383907,0.9926,6.368450028123936,7.374266069326483,7.207967484968228,0.9724,0.9749,0.9938,0.9935,0.9933,0.9405,0.5986637818218088,0.7579594156925715,0.7584350692537981,0.6889737803912712,0.9481,0.9681,0.969,0.9904,0.9199,9.68626307039303,0.9904,12.263635315865669,13.806685538039307,13.458158381079718,0.9457,0.9501,0.9624,0.9817,0.9301,3.971273819939943,0.9818,5.027971418208869,6.277162871243158,6.253374776860504
0.9746,0.9831,0.9917,0.9873,0.9877,0.92,3.520320319795076,4.457025819271568,5.2043427910679885,4.793770678876572,0.8963,13.577895470123682,0.9615,0.9768,0.9863,0.9913,0.9357,2.7618930972892293,0.9913,3.4967922593483167,4.0089170995587455,3.871985215072991,0.9414,0.9616,0.9709,0.9767,0.9171,5.006022658275066,0.9767,6.338051714876126,7.174600905496205,6.462913825443398,0.9654,0.9727,0.9772,0.9772,0.92,3.930265520711567,0.9773,4.97605141324866,5.86275061205152,5.419199337891135,0.9465,0.9851,0.9918,0.9954,0.9237,4.493344505212366,0.9954,5.688957440037542,8.195006805270856,6.833595021746496,0.9518,0.9764,0.9835,0.9929,0.9926,0.9158,0.5500539623554888,0.6964152376775066,0.7425087788033938,0.6807805634111898,0.9587,0.9811,0.9845,0.9936,0.9326,10.354657891332169,0.9936,13.10988017535804,15.220771989199896,14.623151463923625,0.9493,0.9733,0.9747,0.9818,0.9347,4.318536527747066,0.9818,5.467635628895415,6.318216920578314,6.2599866816150325
0.9791,0.988,0.9918,0.9911,0.9912,0.9302,3.630020683149557,4.595915837064851,5.116894360613931,4.945065071566087,0.9562,17.30840496012106,0.9637,0.9595,0.9602,0.9911,0.9363,3.019552993233069,0.9912,3.8230116668138754,3.864637758675284,3.8213815931572497,0.9331,0.9489,0.9541,0.9722,0.9082,4.629337512849987,0.9722,5.861136188338651,6.632734222612388,6.217653378635627,0.9766,0.9725,0.9747,0.9821,0.9374,4.24419407825561,0.982,5.373511746194138,5.418838207767563,5.353829571101181,0.9335,0.9646,0.9692,0.9743,0.9089,3.845547607667677,0.9743,4.868791308630282,5.206470169802299,5.067844205771849,0.9772,0.9866,0.9911,0.9967,0.9967,0.946,0.6230903474202227,0.7888855314031437,0.7880283001774998,0.7605701113844681,0.9654,0.9754,0.9797,0.9913,0.9408,10.780368075710616,0.9913,13.648865583200717,14.324761039924674,13.8760509029883,0.9828,0.9887,0.9913,0.9928,0.976,7.902673216978941,0.9929,10.00545841561128,10.708786527572936,10.04994167136852
0.9794,0.9909,0.9968,0.9952,0.9957,0.9321,3.633647569982765,4.600507785180562,5.999615209300933,5.096707409797444,0.9117,14.41167571829879,0.9581,0.9767,0.982,0.9837,0.9307,2.724311408909407,0.9838,3.4492106360230745,3.5242487401728484,3.3024579719180918,0.9816,0.9849,0.9953,0.9995,0.9719,9.714560193739944,0.9995,12.299461887856609,24.93858742107989,16.932022558333298,0.9709,0.9859,0.9898,0.9875,0.9244,4.065404422890437,0.9871,5.147148791181105,6.195441509941038,5.837140394528712,0.9527,0.984,0.9946,0.994,0.9319,4.8388616037575565,0.994,6.126411560492512,7.829765672888708,7.228994696558376,0.9524,0.9663,0.9743,0.9822,0.9815,0.9168,0.546936460684451,0.6924682146292616,0.6408756155772306,0.6106783564903726,0.9764,0.9907,0.9926,0.9965,0.9587,11.785704247379352,0.9965,14.921706934875225,17.25523996994214,16.167005494996136,0.9751,0.9799,0.9905,0.9937,0.9657,6.68627328765915,0.9937,8.465392342347238,11.86813102861785,10.673009983470958
0.9694,0.955,0.9614,0.9717,0.9708,0.9119,3.396819214920476,4.300662885467094,4.138452184260223,3.980184931890385,0.9343,15.470076936857016,0.966,0.9769,0.9779,0.9807,0.9416,2.8053635272721245,0.9809,3.551829531871256,3.2578806078920217,3.2384832000587576,0.9552,0.9864,0.9899,0.9905,0.938,5.986765541212876,0.9905,7.579755865132291,10.297742407610876,9.716999889751808,0.9872,0.9949,0.998,0.997,0.9569,4.703570444272156,0.997,5.955121411821973,9.2068909136477,7.528400471269021,0.953,0.9517,0.9642,0.9835,0.9335,4.649682342840501,0.9838,5.886894478584718,6.005327681430315,5.615944112527793,0.9243,0.9518,0.9717,0.9716,0.9716,0.884,0.4738540668360587,0.5999396698588183,0.6052117961382624,0.5757920458228589,0.9506,0.974,0.982,0.9812,0.9227,9.680389055876736,0.9816,12.2561983124161,11.990711620328405,11.242632273292744,0.9796,0.9571,0.9744,0.9967,0.9723,7.823883063628376,0.9967,9.905703360421224,16.719055619302942,12.83593484619769
0.9752,0.9763,0.9845,0.9822,0.9836,0.922,3.5391216299416026,4.4808298817280425,4.978625601769931,4.608429065500584,0.9542,17.011724299942998,0.9775,0.9794,0.9914,0.9947,0.9572,3.1830991759172003,0.9947,4.03007508509648,4.55351488038439,4.199286235919361,0.9215,0.9678,0.9808,0.9861,0.896,4.448494476923558,0.9861,5.632173478375236,8.846591045671463,7.406676182029707,0.9574,0.9762,0.9788,0.9794,0.902,3.7136591127627248,0.9791,4.701809223576597,5.457458780317461,5.33733394169632,0.9532,0.9804,0.9926,0.9952,0.9345,4.748376895688487,0.9953,6.01185020144648,8.131772788288911,6.933701128927813,0.9623,0.979,0.9896,0.9909,0.9909,0.927,0.5856633498047978,0.741499759781238,0.7236406762777411,0.6861289448836982,0.9481,0.9669,0.9803,0.9815,0.9221,8.962375711162405,0.9815,11.347132169207974,12.054527258136927,11.17856876209816,0.9937,0.9834,0.9886,0.9995,0.9902,15.820340145484243,0.9995,20.02990014902575,42.4314534250427,27.64320613379074
0.987,0.9867,0.9896,0.9918,0.9912,0.9479,3.869093373834677,4.898602257125718,5.010641524421741,4.870277665090377,0.9248,14.873108337451608,0.9582,0.9732,0.9816,0.9805,0.9315,2.614192284455983,0.9807,3.3097904309568884,3.370667186257453,3.158527325871118,0.9513,0.9381,0.9528,0.9861,0.9324,5.456478091487057,0.9861,6.908366718589729,8.763748593665724,7.382706782628187,0.9767,0.9668,0.9745,0.9791,0.9369,4.23744193017986,0.9788,5.36496295075074,5.286554920672487,5.046109119004358,0.9894,0.9973,0.9979,0.9994,0.9791,8.154376525527569,0.9994,10.324136275318835,12.24965110075946,12.158029808117568,0.9706,0.9741,0.9834,0.9901,0.9901,0.9377,0.5909851993250248,0.7482376752443711,0.7151704991439063,0.6552555641789037,0.9692,0.9767,0.986,0.997,0.947,11.165330763850708,0.9971,14.13626118491586,17.697284021053893,14.962966153134746,0.9589,0.9767,0.9837,0.993,0.946,4.841704910482182,0.993,6.130011429348907,10.86813021032624,8.02504193041952
0.9795,0.9898,0.9961,0.9938,0.9938,0.9322,3.661569326390203,4.635859110606143,5.530543373939476,5.067280634697468,0.9628,17.764160563003124,0.9545,0.9656,0.9799,0.9838,0.9263,2.5996094016635998,0.9839,3.291327257375899,3.5183456092255208,3.1792691777329223,0.9612,0.9704,0.9786,0.994,0.9459,6.431608629400791,0.994,8.142965161294704,11.899130127362763,9.454798546998548,0.9542,0.9776,0.9893,0.9836,0.8955,3.632476137679797,0.9837,4.599024651958139,6.148414795928182,5.424552639560133,0.9295,0.9688,0.9741,0.9761,0.9052,3.855590130217711,0.9762,4.881505998837429,5.367971490541013,5.02747622668887,0.957,0.9633,0.9808,0.9824,0.9824,0.9218,0.5427270262577394,0.6871387115670298,0.6553805168719692,0.6119825665899841,0.9565,0.9871,0.9927,0.9909,0.9317,9.713887105701374,0.991,12.298609700983253,14.348203633537402,13.372604318430655,0.9959,0.9939,0.999,0.9996,0.9935,19.308262983287083,0.9996,24.445907992487893,52.327145568070975,34.059689186138705
0.9807,0.9938,0.9965,0.9947,0.9947,0.9342,3.69740393269643,4.68122877899461,5.614987583044787,5.351923156435448,0.8977,13.6262768001699,0.974,0.9791,0.9824,0.9949,0.9507,3.11123263098646,0.9949,3.939085908771527,4.428298150654685,4.380928441884663,0.9827,0.991,0.9931,0.9992,0.9745,9.774552925355035,0.9992,12.375417803650276,20.568017580775614,15.69951743557106,0.9447,0.951,0.9596,0.9622,0.8827,3.472659135669705,0.9621,4.396682694519726,5.397589092459872,4.772092287242055,0.9409,0.97,0.9803,0.9816,0.9177,4.1774782001471324,0.9816,5.289043753434272,5.845491943352668,5.636197634658798,0.9593,0.9728,0.9806,0.9942,0.9939,0.9227,0.5715956804809932,0.7236888904008002,0.7564968656825978,0.6677921537410278,0.9754,0.9906,0.9921,0.9945,0.9556,12.124318716059966,0.9945,15.350421737105568,15.420651556145334,15.31233689995503,0.9529,0.9774,0.9862,0.9898,0.9379,4.422921554814354,0.9898,5.599795977534185,9.363202629458236,7.86764828221903
0.9719,0.9465,0.9521,0.9675,0.9673,0.9167,3.452690501529073,4.3714007003103,4.647445628461001,4.564725346712697,0.9234,15.376554681022816,0.9699,0.9706,0.9819,0.992,0.9448,2.968964754385631,0.9921,3.758962641096913,4.089538788714552,3.8917833522497456,0.9419,0.9759,0.9858,0.9853,0.9173,5.186401490158228,0.9853,6.566426702922696,8.700452823970476,7.627500170589979,0.9797,0.9771,0.9842,0.9846,0.9432,4.357925103075786,0.9851,5.517504925231108,5.784549165375906,5.473473365094246,0.9577,0.9726,0.9909,0.9928,0.9404,5.0228774877967375,0.9928,6.359391366820608,7.343558245096816,7.322367706052168,0.9717,0.9662,0.978,0.9904,0.9904,0.94,0.590350650015573,0.7474342816895505,0.7174209268021778,0.6726374825407083,0.9888,0.9953,0.999,0.9998,0.9766,15.40070740350647,0.9998,19.49860930168731,31.91008144072941,25.163662522410853,0.9817,0.9869,0.9896,0.9979,0.9733,8.42824245526553,0.9979,10.670873903993478,21.61323569811458,15.377037973612136
0.9631,0.9631,0.9676,0.9692,0.9694,0.9011,3.276373131111535,4.148167868934665,4.385864691572842,4.207103817957163,0.9418,16.100468873444385,0.9578,0.9678,0.9779,0.9829,0.9306,2.6863193747745013,0.9833,3.4011094799681114,3.425582218585257,3.27364874132814,0.9717,0.9757,0.9874,0.9933,0.9587,7.510877610894477,0.9933,9.509411756909136,11.428394078538986,10.828159956976805,0.9905,0.9986,0.9997,0.9992,0.968,5.015652503044611,0.9992,6.350243919810459,12.285180891409968,9.773563612508111,0.9733,0.9745,0.9865,0.994,0.9586,6.073294874961565,0.994,7.689309382882834,7.828531894683947,7.036136536604744,0.9512,0.9746,0.9792,0.9901,0.9901,0.9152,0.5383604826754665,0.6816102949119514,0.6962145287977092,0.6737613840349994,0.9804,0.989,0.9959,0.9998,0.9638,13.419823331107708,0.9998,16.990641090380038,32.301333766173364,23.17482973907028,0.9577,0.9755,0.9787,0.9869,0.9449,4.706886624775636,0.9869,5.95931997922002,7.874961123385339,7.077158308782693
0.962,0.9693,0.9812,0.9769,0.9767,0.8933,3.2511265204760256,4.116203506254705,4.66045694852762,4.302417895225519,0.9588,17.402715701272175,0.9495,0.9629,0.9825,0.988,0.9215,2.5107644842046386,0.988,3.1788420131215656,3.722838748834615,3.129776571806368,0.9719,0.991,0.9956,0.9982,0.9588,7.670097274639236,0.9982,9.710997433148805,16.963293957618003,12.181197087781024,0.9795,0.9959,0.9986,0.9977,0.9441,4.380799445209983,0.9978,5.546465793626432,8.647937083496707,7.251110281149129,0.9683,0.9583,0.968,0.9972,0.9524,5.74409351918327,0.9972,7.272512384555001,9.052954427700072,7.550354445031933,0.9621,0.9778,0.9821,0.9904,0.9904,0.9286,0.5629872876892517,0.7127899308034364,0.7210610201985074,0.6741637484756353,0.9453,0.974,0.983,0.9959,0.9148,9.749557624204105,0.9959,12.343771620215282,16.22917957394552,14.156337681701158,0.9868,0.9652,0.9979,0.9982,0.9819,10.409683100145086,0.9982,13.179546783538818,22.443635012010304,19.97310337501954
0.981,0.9924,0.9957,0.9951,0.995,0.936,3.679660591083924,4.658764194950253,5.616386437629522,5.262392644891689,0.8895,13.268367244449136,0.9597,0.979,0.9878,0.9927,0.9321,2.815441554448596,0.9928,3.564589173964129,4.228102167325681,3.9446895368613726,0.9466,0.9657,0.9762,0.9883,0.9246,5.244165361900603,0.9884,6.639560691988738,9.28184593708337,8.139443633869325,0.9775,0.9886,0.9905,0.9891,0.9405,4.304986153702285,0.9892,5.450479699465136,6.776688364683295,6.385328308159144,0.9728,0.9866,0.9893,0.9993,0.9576,6.047895778296139,0.9993,7.657151959881462,12.287760340537895,9.303786677610534,0.9476,0.9672,0.9728,0.9856,0.9855,0.9117,0.5351840362400654,0.6775886427638484,0.653572381671409,0.6399995990369409,0.9772,0.9816,0.9902,0.9992,0.9604,12.310146099603267,0.9992,15.585695056332494,21.352028563980024,18.5082531540616,0.9912,0.9786,0.9874,0.9982,0.9873,12.623430195639031,0.9982,15.982339446033892,22.438131878372367,18.886696184404823
0.9651,0.9707,0.9806,0.9793,0.9798,0.9038,3.3662433063271413,4.261951176966626,4.6318777592194325,4.336702356036026,0.9141,14.481348784971429,0.9558,0.9777,0.9885,0.9945,0.9268,2.6818390551442013,0.9945,3.3954370131307754,4.455377003094633,3.7708494054201793,0.9723,0.9644,0.9716,0.9962,0.9591,7.860857752472621,0.9962,9.952516470555452,14.327624233756936,13.230847528581334,0.9288,0.9214,0.9384,0.9382,0.8564,3.2439969710060894,0.9366,4.107176888452741,4.301005550689183,4.027334407210841,0.9771,0.9633,0.9642,0.998,0.9626,6.569342854099251,0.998,8.317348438926134,9.908461864465464,9.11197391430228,0.9568,0.9836,0.9925,0.9937,0.9937,0.92,0.5594336522069968,0.7082907251466024,0.7582324176307472,0.7061330464397038,0.9683,0.9941,0.9987,0.9988,0.9457,11.21629850097019,0.9988,14.200790687817635,20.452459930933028,16.952387020603815,0.9244,0.9623,0.9751,0.9748,0.9018,3.1175567980892205,0.9748,3.947092843794995,5.370818821141091,4.478355456354139
0.9688,0.9567,0.9647,0.9691,0.9692,0.9108,3.395303959188965,4.298744442454915,4.34841278128181,4.083496959322399,0.9442,16.25349827328415,0.962,0.9734,0.9767,0.9899,0.9358,2.7992730300349784,0.9899,3.544118442830431,3.785707753643395,3.7558006379949407,0.9488,0.9756,0.9854,0.996,0.9269,5.748282268223609,0.996,7.277815698153557,14.103095092301624,10.045015150675288,0.9603,0.9655,0.9742,0.974,0.9049,3.7539520556882167,0.9742,4.7528235264352094,5.829447736706015,5.387336506255908,0.9793,0.9826,0.9859,0.9999,0.966,6.878826400596688,0.9999,8.709181008713166,14.0159757336596,10.424139665730944,0.9752,0.9741,0.9829,0.996,0.9959,0.9434,0.6031586880971598,0.7636503504668282,0.7848715400527972,0.7285297146260289,0.9483,0.943,0.9501,0.9856,0.921,9.51677514225942,0.9856,12.049049140994422,12.490584534609049,11.731680251108664,0.981,0.9718,0.9892,0.9977,0.9729,8.257471706427275,0.9977,10.454663568681504,21.24496163978064,14.018499706695083
0.9691,0.9641,0.9701,0.9745,0.9748,0.9133,3.4491253540067413,4.366886919428715,4.647261966672374,4.551033133558023,0.9261,15.208576132244746,0.9702,0.9862,0.9934,0.9945,0.9474,2.850455332801101,0.9945,3.608919604143975,4.480523770610663,3.7237948881424527,0.9735,0.9758,0.9821,0.998,0.961,7.896980260554674,0.998,9.998250647151044,16.519135646092593,13.03994924897533,0.9634,0.9536,0.9561,0.9638,0.9106,3.8254190411263007,0.9624,4.843306826358777,4.848116323010295,4.727459796246885,0.951,0.9531,0.9614,0.994,0.9296,4.705771166149992,0.9941,5.957907713447822,7.870612677782692,6.698769864418934,0.9721,0.9645,0.968,0.9876,0.9874,0.9402,0.5982441953564117,0.7574281834353318,0.6614427577900335,0.6528183447143661,0.9721,0.9891,0.994,0.9994,0.9505,11.790495432664375,0.9994,14.927772984149255,22.08406650636148,18.33279874383318,0.9361,0.964,0.9757,0.9787,0.9167,3.5638510418465525,0.9787,4.512139426696432,5.954541368433925,5.660798109834353
0.9878,0.9931,0.9953,0.9947,0.9947,0.9499,3.9088702698225646,4.948963200540895,5.432449561101546,5.230940716243192,0.95,16.943411754066332,0.9545,0.9848,0.9949,0.9949,0.9245,2.7297711120351544,0.9949,3.4561230859101437,4.636688440434176,3.761672249802813,0.9688,0.9855,0.9904,0.9939,0.9536,6.97834741852942,0.994,8.83518310687229,11.907400121948877,10.339920018173318,0.965,0.9735,0.9806,0.9795,0.913,3.863777689237764,0.9781,4.891872146981389,5.568989124205667,5.294947182909498,0.9587,0.9833,0.9904,0.9907,0.9413,5.004126946170826,0.9907,6.335651581641945,7.092747929740968,6.540664911526246,0.9528,0.989,0.9959,0.9958,0.9957,0.9169,0.547473484058589,0.6931481320307054,0.7883060365884843,0.7057424867308587,0.9637,0.9887,0.996,0.9965,0.9378,10.75463698945156,0.9965,13.616287833054049,17.26589826095641,14.04022252305404,0.9432,0.9672,0.9702,0.9777,0.9254,3.810043876330355,0.9777,4.823840556177125,5.824088675170839,5.50357625211792
0.9678,0.9527,0.9725,0.9719,0.971,0.9105,3.36858775527276,4.264919449320659,4.510600543714439,4.060074565164076,0.9453,16.281367153021694,0.934,0.9731,0.9833,0.9838,0.9006,2.3668541173340114,0.9843,2.996639212655792,3.5492912661661986,3.2564228803556823,0.9551,0.9743,0.9787,0.9909,0.9384,5.838473443299315,0.9909,7.392005419390704,10.294287802473072,9.259800494461643,0.9723,0.9793,0.9857,0.982,0.9285,4.1083864750097225,0.9824,5.201567735668543,5.972387248099111,5.524213897558906,0.9737,0.989,0.9958,0.9955,0.9588,6.134572496972076,0.9955,7.766892079522301,8.20084273555578,8.167994880896861,0.9436,0.9787,0.9936,0.9904,0.9905,0.9076,0.5136660259559553,0.6503450061901139,0.7331633183942246,0.6437899290537478,0.9201,0.9648,0.9702,0.9685,0.8881,7.995210351240655,0.9692,10.12261832129562,10.481816070970048,10.049877432022006,0.9783,0.9884,0.992,0.994,0.9711,7.252738005192048,0.994,9.182584995968451,12.20063459637696,11.408139669744587
0.9683,0.9752,0.9862,0.9842,0.9834,0.9104,3.399371287637602,4.303894027226817,4.884425817857563,4.489773667318261,0.9156,14.60386226830246,0.9434,0.9365,0.9434,0.9611,0.9149,2.4028686077250256,0.9611,3.0422366296402785,2.737011072018274,2.6624031979832323,0.9353,0.9718,0.9798,0.9803,0.9108,4.892375544520897,0.9804,6.194164774406598,7.811235293855256,7.084154022512212,0.9476,0.9663,0.978,0.9721,0.8864,3.546329771271068,0.9735,4.489956003528304,5.716267361261733,5.0190659791659495,0.974,0.9836,0.9914,0.9989,0.9591,6.233467388132704,0.9989,7.892101447777355,11.692861011748237,9.101958897566416,0.964,0.9492,0.9594,0.9772,0.9769,0.9299,0.5831149323463791,0.7382732458908439,0.6161655221227431,0.5895289065554856,0.9349,0.9789,0.9872,0.9913,0.9049,8.59763105261045,0.9913,10.885334317613012,14.49574696565272,12.101849527799036,0.9414,0.9686,0.974,0.9812,0.9234,3.759602548778578,0.9814,4.759977532692463,6.330695533625008,5.782306771717852
0.9736,0.9652,0.9819,0.9784,0.9784,0.9169,3.523137852891269,4.460593056515794,5.121255142998144,4.565384454907039,0.9173,14.636208802849758,0.9701,0.9711,0.979,0.9902,0.9469,2.881171746497544,0.9904,3.647809204090505,3.9772593493500015,3.644484176916057,0.9324,0.9625,0.973,0.9857,0.907,4.695957572114412,0.9857,5.945482866268296,8.771294378891506,6.936487071759054,0.9529,0.9863,0.9946,0.9918,0.894,3.606822411578579,0.9918,4.566544846370361,7.153705985173586,6.163113868938321,0.9077,0.9536,0.9688,0.9806,0.8792,3.31780246698699,0.9806,4.200620942205828,5.727017400466753,4.642968567222715,0.9705,0.9934,0.9948,0.999,0.999,0.9369,0.6040087017339253,0.764726540239814,0.8628671996648702,0.811262660154819,0.944,0.9677,0.9829,0.9824,0.9161,8.833488443845201,0.9829,11.183949894294546,12.108288155706887,11.085067185228532,0.9478,0.974,0.9788,0.9868,0.9328,4.10520863071325,0.9868,5.1975443137090815,7.793774876662106,6.394007085375849
0.9581,0.9707,0.9831,0.9783,0.9777,0.8908,3.18976197686061,4.038510759448743,4.738946289556223,4.356500786976984,0.9477,16.434303290295226,0.9561,0.9716,0.9751,0.9911,0.9288,2.593493280152667,0.9913,3.2835837258186285,3.9883978201401575,3.820972601272503,0.978,0.9799,0.9876,0.9993,0.9662,8.772132733768753,0.9993,11.106268331502443,21.29348175896392,14.980442868062124,0.9669,0.9666,0.9741,0.9775,0.9195,3.940204767492035,0.9776,4.988635347521788,6.670291076221691,5.515985685892693,0.956,0.9826,0.9921,0.9968,0.9382,4.856286178839817,0.9968,6.148472558917789,8.732278806984063,7.033486580301599,0.9677,0.9833,0.9853,0.9875,0.9873,0.9354,0.5946921065049015,0.752930935944953,0.6699472559484447,0.6546871349275554,0.9351,0.9689,0.9843,0.9875,0.9045,8.713516540295858,0.9878,11.032055230419836,13.131233965147295,12.5517359757557,0.981,0.9828,0.9852,0.9979,0.9729,8.225444915036233,0.9979,10.414114918794269,21.588198323332943,14.47690860873732
0.9679,0.9846,0.9875,0.9866,0.9867,0.9086,3.3651674723894387,4.260589079429471,4.931640483205092,4.801353737932587,0.9386,15.759540994393642,0.9571,0.989,0.9942,0.9945,0.929,2.6818111653457724,0.9945,3.395401702266877,4.48906521901954,3.879495601075423,0.9522,0.9561,0.9667,0.992,0.9338,5.455931310322972,0.992,6.907674446993843,10.549465459816965,8.211972919209446,0.9504,0.9815,0.9893,0.9842,0.8912,3.5631405203587816,0.985,4.511239845883194,6.162443194231431,5.5757896839387975,0.9787,0.9945,0.996,0.9984,0.9643,6.857702929032213,0.9984,8.682436891813886,11.00892868795481,10.234745469663196,0.9769,0.9744,0.9849,0.999,0.999,0.9446,0.6399210528312085,0.8101946401656339,0.8601520937151634,0.7887050988289768,0.9765,0.9674,0.9807,0.9988,0.9584,12.153724086639778,0.9988,15.387651444630338,20.154204112019418,18.11839458340803,0.9697,0.9838,0.9896,0.9948,0.9585,5.996475037791692,0.9948,7.592048916051711,12.739033264370182,9.59830601879623
0.9907,0.9947,0.9968,0.9961,0.9961,0.9561,4.009380600208404,5.076217852657121,5.999615209300933,5.668590166787496,0.9564,17.376749439791244,0.9279,0.9572,0.97,0.9733,0.8919,2.2949171360457585,0.9738,2.9055608578937853,3.123138247165975,2.8297325274117684,0.9653,0.9834,0.9913,0.9958,0.9503,6.991820899735764,0.9958,8.852241683409904,13.600910901902068,10.792677866569631,0.9573,0.963,0.9775,0.971,0.9053,3.741684916369591,0.9715,4.737292281632208,5.501913245074261,5.003597806099679,0.9675,0.9743,0.9788,0.9984,0.9512,5.782275384592259,0.9984,7.320853883196159,10.86423357419123,9.597592918340617,0.955,0.9582,0.9586,0.9881,0.988,0.9192,0.5315927634059997,0.6730417850090373,0.6569399962839864,0.6568562261408515,0.9615,0.9736,0.9773,0.9892,0.9357,10.400656732279776,0.9893,13.168118631843726,13.668331026328683,12.977416734335945,0.9657,0.9756,0.9845,0.9923,0.9548,5.55463451327511,0.9923,7.032641121625339,10.468753080768767,9.09674107872321
0.9605,0.9683,0.9835,0.9767,0.9768,0.8928,3.2231890807547154,4.080832324415925,4.870708263361438,4.2894157945905,0.9398,15.808729032397975,0.9428,0.931,0.9336,0.9699,0.9141,2.369910786005221,0.9701,3.000509215937009,2.8107118989710607,2.7769679605749293,0.9506,0.9609,0.9681,0.9784,0.9307,5.558620451471185,0.9785,7.037687659394655,7.2893377289362995,7.067169290104831,0.9592,0.9837,0.9886,0.988,0.9036,3.731086270231552,0.9879,4.723873491523554,6.598452882335355,5.750081954244402,0.9704,0.974,0.9752,0.9979,0.9539,5.941014077874096,0.9979,7.521830609801471,9.776645915057047,8.75533998635392,0.9575,0.958,0.9685,0.9822,0.9818,0.9218,0.5516939410522903,0.6984915906030056,0.6187906619742831,0.6149524673237134,0.9441,0.9641,0.9673,0.9892,0.9155,9.141418534944956,0.9892,11.573815657033474,13.618216056846082,12.962134109403104,0.9223,0.9561,0.9631,0.9665,0.9,3.032757637317756,0.9666,3.83972987262282,4.564997901269706,4.4170413385878255
0.9662,0.9753,0.9806,0.9814,0.9812,0.9061,3.3596402247457053,4.253591112420873,4.690606204307814,4.473807266004396,0.9452,16.34484743022613,0.9839,0.9801,0.9938,0.9997,0.9693,3.6145451874281056,0.9997,4.576322539372965,7.178194808686234,6.145988188389024,0.9816,0.9744,0.9824,0.9986,0.9721,9.385114434463093,0.9986,11.882355453851217,17.91193114854221,14.90233859453913,0.9603,0.9474,0.9555,0.9634,0.9057,3.762419606821512,0.9642,4.763544168478743,4.811776236650818,4.618889597388514,0.9536,0.9659,0.9723,0.9828,0.9354,4.761117251999123,0.9829,6.027980579328265,5.845359702798289,5.828571568556032,0.9707,0.9641,0.9923,0.9942,0.9942,0.9369,0.6100564121693697,0.7723834575398347,0.7597819916479731,0.6990799365913436,0.9587,0.9834,0.9952,0.9941,0.9323,10.489844292180898,0.9941,13.281037690658316,15.60737249125948,14.817210839013384,0.9729,0.9839,0.9863,0.9898,0.9633,6.374485524722156,0.9898,8.070642437990807,9.373187247871966,9.081745278314774
0.9744,0.9927,0.9966,0.9949,0.9954,0.9223,3.52177438432515,4.458866789002925,5.755210906686488,5.210498778206235,0.8954,13.590548458731234,0.9622,0.9871,0.9907,0.9949,0.9353,2.855699308317269,0.9949,3.615558924475072,4.614177065634167,4.202924614360565,0.9712,0.9572,0.9637,0.9977,0.957,7.408761425780852,0.9977,9.380123955723068,16.01278617832317,11.590670557154514,0.9688,0.9745,0.9797,0.9773,0.9206,3.9921564780665024,0.9771,5.054410644753605,5.891824701194032,5.499308905900007,0.979,0.9855,0.9902,0.9984,0.9657,6.559346348122872,0.9984,8.304692009626594,11.014936961319616,9.98616516471499,0.9652,0.9696,0.9831,0.9901,0.99,0.9332,0.5889192225631849,0.7456219724295567,0.7086414543631674,0.6558628213082849,0.9609,0.9785,0.9802,0.9835,0.9356,10.271395459331575,0.9837,13.0044628338976,12.02623431105107,11.90686194346379,0.9497,0.9757,0.9782,0.981,0.9361,4.184121859157477,0.9811,5.297455192466407,6.222518844740661,6.177092548674893
0.9554,0.9494,0.9599,0.9591,0.9588,0.8851,3.1511887541991843,3.9896737691419935,4.106252892928069,3.931033860814773,0.8875,13.2205277497172,0.939,0.9738,0.9854,0.988,0.9079,2.423738250404462,0.988,3.0686593775186983,3.780605317189261,3.23209760546737,0.9679,0.9789,0.9912,0.9984,0.9525,7.273677766795325,0.9984,9.209096520385817,17.212140889505893,11.846237942730712,0.9704,0.981,0.9888,0.9832,0.922,4.090768923150055,0.9848,5.179262412181541,6.426699921223413,5.9887272698336,0.9754,0.9779,0.9917,0.9954,0.9608,6.307114794664539,0.9954,7.985345346802397,8.200825603375808,7.825116974629677,0.9833,0.9691,0.9761,0.9833,0.9831,0.9587,0.6369164636477622,0.80639057395847,0.6222866583731608,0.6121250475825786,0.9512,0.9822,0.9868,0.9856,0.9238,9.76003667377817,0.9862,12.357038990871985,12.550319441969426,12.119482928955676,0.9644,0.9827,0.9879,0.9919,0.9533,5.2402655866511925,0.9919,6.634623243859872,10.209268069672866,8.187741202262693
0.9605,0.961,0.9688,0.9725,0.9713,0.8974,3.251400956333472,4.116550965460474,4.329943388024134,4.127860892711854,0.9357,16.579124518499235,0.9526,0.9824,0.99,0.9899,0.9238,2.595298097449327,0.9899,3.2858687784728007,3.971881020587852,3.5778962458660386,0.9628,0.9759,0.9803,0.9921,0.9478,6.611753164384756,0.9921,8.371043509480629,10.78859114866622,9.544231376974851,0.9752,0.9841,0.988,0.9851,0.9335,4.257759517181579,0.9856,5.390686749049082,7.308262938373298,6.697065229027171,0.9422,0.9289,0.9452,0.985,0.9194,4.150189129491533,0.985,5.254493462140606,6.170539689784195,5.383016263382268,0.9604,0.9646,0.9652,0.9968,0.9968,0.9269,0.5525753759895433,0.6996075624227444,0.7751814870099263,0.7620283258255628,0.9726,0.9811,0.9889,0.9955,0.9515,11.553515264549889,0.9956,14.627735876161571,16.317355956402057,14.765806732113608,0.9758,0.9795,0.9857,0.9948,0.9667,7.059463355741981,0.9948,8.937882802828323,12.81320137693178,12.341151736016217
0.9812,0.9933,0.9985,0.9962,0.9965,0.9355,3.717003151686748,4.706043062111464,6.524494873938659,5.587418012257289,0.9055,13.991970605662877,0.9397,0.9816,0.991,0.9951,0.9076,2.531443458719824,0.9951,3.2050233588394472,4.615911906161707,3.8195738883301686,0.9656,0.9862,0.9902,0.9942,0.951,6.866402085702136,0.9942,8.69345076622347,12.165066714312983,10.694419403053548,0.9734,0.9714,0.9736,0.9811,0.9298,4.145322867150894,0.9801,5.2483323589098525,6.233137179033991,5.611802457901359,0.9228,0.9298,0.9396,0.9572,0.8982,3.6154281276953775,0.9572,4.577440417068917,4.220199506600996,4.171488465184859,0.9725,0.9787,0.9804,0.997,0.9969,0.9404,0.6033533051336721,0.7638967522364991,0.7947005600011195,0.7656383617744847,0.9577,0.9757,0.977,0.9894,0.9316,10.238586604813836,0.9896,12.962924025379513,13.420787620054304,13.242214552802288,0.9486,0.9496,0.9526,0.9791,0.9349,4.035223711246018,0.9792,5.108937435729507,6.020638853791392,5.914078798235827
0.9627,0.9747,0.9859,0.9809,0.9816,0.8968,3.265427162276272,4.134309338663604,4.876660107984806,4.462466137622656,0.9156,14.857169027509578,0.9748,0.9093,0.9141,0.9899,0.9537,2.9145576949885155,0.99,3.690078662806634,3.911501326844762,3.697584741214891,0.9589,0.9573,0.9677,0.9826,0.9442,6.040643922143016,0.9827,7.647970491385436,8.116775267742792,7.831907386678355,0.9533,0.9754,0.9829,0.9815,0.895,3.61554967833731,0.9814,4.577594310550257,6.313874424117891,5.414759097919289,0.9778,0.9799,0.9815,0.9991,0.963,6.838814896371792,0.9992,8.658523031257117,12.05636073114837,11.883446153443431,0.9572,0.9609,0.9654,0.9694,0.9685,0.9225,0.5394775199180479,0.6830245593478544,0.5721238574152437,0.5637689131080468,0.9578,0.9889,0.996,0.9951,0.9311,10.555777762694198,0.9954,13.364515088660854,15.988229891890024,13.969679117557588,0.9414,0.9752,0.9786,0.9806,0.9235,3.739943814632113,0.9807,4.735087898311099,6.192073304605675,6.132795846016543
0.9676,0.9677,0.9729,0.9761,0.9753,0.9072,3.349280572434846,4.240474908884353,4.422436142051026,4.282237597874907,0.9374,15.766611524045846,0.9125,0.9464,0.9562,0.9592,0.8729,2.0855423408199862,0.9593,2.6404745068084705,2.819180440777447,2.652778159373233,0.9527,0.974,0.9793,0.9804,0.9338,5.691538219171396,0.9805,7.205972891607348,7.677875021117617,7.561229471418704,0.959,0.9811,0.9891,0.9843,0.9033,3.720944869111572,0.9848,4.711033612612201,6.201215249729228,5.58797363597081,0.9508,0.9692,0.9954,0.9968,0.9296,4.657844984109602,0.9968,5.89722907873041,8.849460053349096,7.078116488458808,0.9582,0.9857,0.9874,0.993,0.993,0.9213,0.5697679307908079,0.7213748033802203,0.7240158361635901,0.7190895451725958,0.9589,0.9729,0.9734,0.9853,0.9342,10.009097448101452,0.9853,12.672371176833764,12.03099361729132,11.999822508557829,0.9476,0.9595,0.9662,0.9878,0.9325,4.115730515475413,0.9878,5.210865917367889,8.224450249761357,6.44045043594628
0.9773,0.9699,0.9742,0.9838,0.9832,0.928,3.5905350694560023,4.545923681881597,4.554552035099186,4.364827970684613,0.9394,15.804809213222589,0.9673,0.9647,0.9821,0.9906,0.9425,2.8587211875161183,0.9906,3.619384881316628,3.968143333838588,3.720896604656904,0.9324,0.9719,0.98,0.9843,0.907,4.728927203129495,0.9843,5.987225231546759,8.422491873113705,7.636717771752745,0.9222,0.9199,0.9311,0.9351,0.8479,3.133694360083573,0.9344,3.9675243738647104,4.428869561530485,4.125630672433655,0.9083,0.93,0.9409,0.9547,0.8806,3.3417226117685224,0.9548,4.2309058859629385,4.195720630725652,4.004555840416555,0.9623,0.9757,0.985,0.9968,0.9968,0.9278,0.5805245666948715,0.7349936220096867,0.7853383380585717,0.7640860267064291,0.9446,0.9802,0.9879,0.9871,0.9158,9.363316460610358,0.9871,11.854757359517826,13.142880335737187,12.277027473867156,0.9757,0.9904,0.9931,0.9966,0.9662,7.101009304474777,0.9966,8.990483517924323,16.475666704926486,13.471470161945897
0.9712,0.9569,0.9619,0.9745,0.975,0.9162,3.446354113227808,4.3633782922070194,4.13872858299457,4.028251757059509,0.9499,17.06053315634873,0.9564,0.9862,0.9901,0.9913,0.9269,2.8002497619452718,0.9913,3.5453550687471704,3.984194037273964,3.929630166517235,0.9754,0.978,0.9817,0.9991,0.9628,8.312573395172898,0.9991,10.524427006981064,19.567973737764586,13.215805525792652,0.9812,0.9888,0.9941,0.9915,0.948,4.481533505241566,0.9924,5.674003706559011,6.815797379129594,6.231904073829368,0.9613,0.9869,0.9979,0.9993,0.9437,5.3788810438625365,0.9993,6.810122237024522,12.24965110075946,8.962181527101107,0.9623,0.984,0.9878,0.9874,0.9872,0.9278,0.5748800689280346,0.7278472063434337,0.6706115259147759,0.6510435602316876,0.9673,0.9708,0.9902,0.9912,0.9448,10.875463700251924,0.9912,13.769264755826304,14.347057876841312,13.330696462328854,0.962,0.9736,0.9808,0.9937,0.9482,5.2100917576911465,0.9937,6.596420602473807,11.823068230901915,8.739199696398165
0.9682,0.9669,0.9721,0.9747,0.9753,0.9093,3.3667277000021394,4.262564460679481,4.475837574340144,4.337506005801476,0.9196,14.675095616957488,0.9561,0.9857,0.9917,0.9973,0.9261,2.843221623104555,0.9973,3.599761110609926,5.115071534378193,4.350093110282398,0.9547,0.9509,0.9628,0.9853,0.9374,5.811314730625996,0.9854,7.35762017242255,8.57217954380805,8.322954141731143,0.9833,0.9965,0.9974,0.9967,0.9494,4.499234453230002,0.9968,5.696414616658988,8.276200433203552,7.617059202823104,0.9318,0.9612,0.9805,0.9824,0.9071,3.991386651396055,0.9825,5.053435978520178,5.917833857009105,5.252446603768303,0.9642,0.9569,0.9662,0.9968,0.9968,0.9317,0.5817502290292564,0.7365454150778756,0.7943361247870602,0.7304889385629727,0.9474,0.9528,0.9564,0.9619,0.9204,9.250118580502445,0.9623,11.711439187165505,9.559914324332086,9.516713276281571,0.9644,0.9803,0.9885,0.9948,0.9531,5.397959837675217,0.9948,6.83427761747258,12.73820338707375,8.836385319742936
0.9694,0.975,0.9778,0.9806,0.9804,0.9119,3.388753698316674,4.290451253432711,4.544244519739491,4.470589162547455,0.8558,12.13558833289142,0.9883,0.9958,0.9992,0.9999,0.978,4.132108551596474,0.9999,5.231601908195219,9.425720705317405,6.731595415269936,0.9606,0.9618,0.965,0.9827,0.9463,6.09992295314378,0.9828,7.723022801320456,8.171886104538803,7.920928058142561,0.9603,0.9736,0.979,0.9772,0.9045,3.744292077686282,0.9777,4.740593170258211,5.507168047399864,5.2684117883292405,0.9498,0.9602,0.9674,0.9872,0.9281,4.600191319564279,0.9872,5.824234621376857,6.486504047794814,5.806697194627726,0.9524,0.9871,0.9892,0.9904,0.9904,0.9157,0.559328728369916,0.7081578826185247,0.712940254250972,0.6913430153662803,0.9792,0.9768,0.989,0.9979,0.9636,12.208550369693432,0.9979,15.45706619583089,18.67291899656399,16.580148004861414,0.9372,0.9527,0.9627,0.9792,0.9203,3.469087990477914,0.9792,4.392161320076986,6.043396934384456,4.738121435903947
0.9784,0.9829,0.9902,0.9872,0.9864,0.9311,3.619798228206759,4.582973337099665,5.339166174406171,4.945157031657638,0.9377,15.761057424044004,0.9593,0.9708,0.9797,0.9893,0.9313,2.783983263903021,0.9895,3.524760294642165,3.8924160358132833,3.382688792140918,0.9493,0.9572,0.9656,0.9876,0.9298,5.432974949914792,0.9877,6.87860973646724,9.031915425240213,7.685442206900462,0.9485,0.9595,0.9694,0.9663,0.8879,3.5361490118462724,0.9661,4.477066293645668,5.111092570971338,4.87207343627046,0.967,0.9752,0.9795,0.9855,0.9506,5.639419668120265,0.9855,7.139986360100057,6.161038450427577,6.144333037199448,0.9726,0.9913,0.997,0.9989,0.9989,0.9412,0.592440316663114,0.7500799779204843,0.8633747754626022,0.7592023153300054,0.936,0.9365,0.9422,0.969,0.9065,8.853154782322408,0.9692,11.2088491564073,10.23848561648828,10.050031378935708,0.9824,0.9916,0.9934,0.9956,0.9753,8.147097194471801,0.9956,10.314920021252368,13.486795335674534,12.933868735735471
0.9884,0.9959,0.9972,0.9966,0.9964,0.951,3.901503109358441,4.939635746951322,5.771446789358141,5.53188751839099,0.9591,17.722949378146883,0.9768,0.9741,0.9797,0.9973,0.9558,3.1852176516155115,0.9973,4.032757256043192,5.215345963793035,4.586943744611478,0.9696,0.9867,0.9913,0.9938,0.9554,7.027639852699712,0.9939,8.897591533331768,11.953377675894126,10.520392247224876,0.9607,0.9733,0.9812,0.9782,0.9065,3.775596299805016,0.9785,4.780226985809271,5.652804066863165,5.238262754864967,0.9609,0.9808,0.9962,0.9986,0.9436,5.158305359234776,0.9986,6.530854604485145,11.053239840100622,7.9215585760241565,0.9759,0.9719,0.9792,0.9853,0.9847,0.9455,0.5966362806813231,0.7553924262964834,0.664251999477814,0.6279316485650879,0.9354,0.9724,0.9845,0.9894,0.9056,8.541402944630901,0.9895,10.814144736476196,13.74760074820978,11.299091446868,0.9932,0.9859,0.9945,0.9995,0.9891,15.189993041086382,0.9995,19.23182694426469,42.43488256712182,24.74083290350007
0.9892,0.9951,0.9966,0.9969,0.9969,0.9537,3.974621126633714,5.032209394018988,5.550158086837577,5.434437088655018,0.9352,15.73684088670482,0.9922,0.9975,0.998,0.9999,0.9851,4.494538360373252,0.9999,5.690468962510829,9.41514757050598,7.072907670446544,0.9572,0.9583,0.9669,0.9898,0.9414,6.178829919462416,0.9898,7.822925751692605,9.70929918961312,8.534141427293827,0.9559,0.9654,0.9726,0.9744,0.8991,3.723614149448797,0.9744,4.714413149217148,5.336866529389126,5.065861464200182,0.9496,0.9817,0.9921,0.996,0.9273,4.647442989931286,0.9961,5.884059266777796,8.475140727788268,7.144440903914379,0.9853,0.9936,0.9962,0.9963,0.9963,0.9611,0.6709620897439645,0.8494952407953997,0.7833582403346855,0.7553904242662701,0.9106,0.9289,0.9457,0.9406,0.8753,7.5000815679986435,0.9418,9.49574304566655,8.690149171325132,8.279948696753632,0.9518,0.9618,0.9691,0.984,0.9371,4.381878843178332,0.984,5.547832403530408,6.960812155583609,6.261754401046173
0.9657,0.9651,0.97,0.9701,0.9695,0.9034,3.414111501114673,4.322556394875425,5.613084802643389,4.896777990749351,0.9576,17.296879439220632,0.9561,0.947,0.9526,0.9673,0.9283,2.668283370045123,0.9678,3.378274359452708,2.836107156284497,2.7758452940116256,0.9782,0.987,0.9933,0.9943,0.9687,8.042433799066593,0.9943,10.182407234552096,12.235631537531257,10.86673449281209,0.9653,0.97,0.9733,0.9748,0.914,3.8741470683238473,0.9743,4.9050006654450655,5.247517663162515,5.098396641264246,0.9612,0.984,0.9933,0.9974,0.9439,5.296678861708561,0.9974,6.706047262312545,9.314546907491792,7.793109815984335,0.9402,0.9681,0.9776,0.99,0.9898,0.9026,0.5071929957375605,0.6421495977637608,0.7037771780614474,0.623712184890479,0.9326,0.9709,0.9867,0.9884,0.9024,8.598442283441635,0.9884,10.886361405045838,13.310687570183212,12.461957155392282,0.9836,0.9847,0.9907,0.9977,0.9769,8.831996670605514,0.9977,11.182061182120146,21.07784172944536,15.01371744055626
0.977,0.9713,0.978,0.9817,0.9807,0.9262,3.569013556300692,4.5186756103741175,4.549870682455493,4.341580632995684,0.9194,14.790080134958377,0.9211,0.9664,0.9716,0.969,0.8819,2.2338611945823974,0.9692,2.8282588277370597,2.992108862584804,2.901914456488576,0.9454,0.98,0.9841,0.9844,0.9228,5.231800385830919,0.9845,6.6239055775131135,8.537692108567636,8.033340204713367,0.9674,0.9875,0.9946,0.9916,0.9219,3.962239198629879,0.9917,5.016532816948675,6.914721667545264,6.049773904258961,0.9409,0.9539,0.9763,0.9926,0.9184,4.13400869695096,0.9926,5.234007654302381,7.410218965190762,5.71482359925139,0.917,0.9586,0.9731,0.9903,0.9903,0.8771,0.4672540084543918,0.5915834329418604,0.7118669437539762,0.6414766547775279,0.9506,0.9631,0.9658,0.9885,0.9227,9.693037931000294,0.9887,12.272212867311412,13.109995462427555,12.969033563208107,0.9824,0.9844,0.9908,0.9987,0.9746,8.922176882717993,0.9987,11.29623702331067,25.31218736835771,14.468794399458536
0.9715,0.9714,0.9753,0.9788,0.9792,0.9163,3.45296817184014,4.371752254610263,4.554490607722438,4.46417281517089,0.9405,15.901524712277258,0.9593,0.99,0.9957,0.9962,0.9308,2.83072586631493,0.9962,3.5839404165868505,4.897851451820023,4.205305156931665,0.9662,0.9814,0.9885,0.9938,0.9514,6.923959992662587,0.9938,8.766323986306153,11.8647187277518,10.65990443409281,0.983,0.99,0.9912,0.9922,0.949,4.472147438346496,0.9922,5.662120145208784,6.654104175623743,6.494769385848081,0.9521,0.9702,0.979,0.983,0.9318,4.625021384901708,0.9832,5.855671602176821,5.97596293865306,5.473474927973503,0.9753,0.9735,0.9839,0.9983,0.9983,0.9426,0.6297271725151786,0.7972883181154421,0.8255407424644052,0.7919145575669152,0.9462,0.9318,0.943,0.9781,0.919,9.310267328117638,0.9782,11.787592632523957,11.27289626619044,11.096471752486568,0.9769,0.9705,0.9717,0.9946,0.9682,7.089746696058663,0.9946,8.976224094933551,12.501701231641,11.834453225511853
0.9811,0.9715,0.9741,0.9749,0.9747,0.9365,3.684759821428509,4.665220255546908,4.44623025443727,4.353807975318189,0.9487,16.854118530707645,0.975,0.9481,0.9566,0.9897,0.953,3.052612512576772,0.9897,3.864867838384129,3.824221945408537,3.5900339456887447,0.9612,0.9925,0.9959,0.9962,0.9451,6.689004545744124,0.9962,8.46885034806773,14.602407408833088,11.699552387914776,0.9631,0.9625,0.9771,0.9736,0.9117,3.83649481626386,0.9725,4.85732970248143,5.459618090012042,4.971247910183503,0.9704,0.9588,0.9801,0.9972,0.9547,5.765451772930017,0.9972,7.299553755724698,9.065133499755593,8.069468541125007,0.9735,0.9808,0.9916,0.9951,0.9951,0.9427,0.5868458438521388,0.7429968981156384,0.7595531311115786,0.7411151073162447,0.9683,0.9763,0.989,0.9964,0.9455,11.410326341497814,0.9964,14.44644648511152,16.939083061430978,15.278034821006107,0.9368,0.9666,0.98,0.9795,0.9175,3.543954272708519,0.9795,4.486948419710608,6.109549516463424,5.474977055085203
0.9806,0.9821,0.9876,0.9863,0.9861,0.935,3.687156535584505,4.668254700115664,5.578333968481587,4.914454543737239,0.9522,16.805146132342884,0.9724,0.9912,0.9942,0.9991,0.9471,3.1957576677465345,0.9991,4.04610181556164,6.464149921311705,4.898475948966358,0.9717,0.9825,0.9919,0.9933,0.9585,7.441092172877223,0.9933,9.42105743946163,11.427885736042647,10.73770967921191,0.9709,0.9884,0.995,0.9917,0.9278,4.079513593210558,0.9916,5.165012204363045,7.021883137655491,6.071761966116294,0.9426,0.9546,0.981,0.9896,0.9196,4.272179297243748,0.9898,5.408943420660444,6.784568299568924,5.639979019998605,0.9227,0.909,0.9313,0.9845,0.9839,0.8837,0.4539791082446741,0.5747762768855587,0.6538489394881066,0.5759301862869635,0.9768,0.9834,0.9933,0.9978,0.9582,12.715397263525745,0.9978,16.098777599059023,18.48625010408806,17.401658696792833,0.9569,0.9761,0.9784,0.9841,0.9439,4.657507082829974,0.9841,5.896801266886357,7.032080150314751,6.67072320581224
0.9575,0.975,0.9879,0.9798,0.982,0.8871,3.1796205501883694,4.025670848186049,4.961639388703688,4.549424335948714,0.9506,17.04255657275933,0.953,0.9764,0.9789,0.9809,0.9252,2.5092524196405943,0.981,3.176927610399616,3.3159811290536974,3.231232285724684,0.9451,0.9682,0.976,0.9838,0.923,5.044916823262042,0.9838,6.387295045544414,8.401773898212133,7.705578597038041,0.9619,0.9703,0.9732,0.9742,0.9091,3.807438821457553,0.9744,4.820542334488773,5.266068960065356,5.115807398647182,0.957,0.9837,0.9876,0.9905,0.9387,4.99949723752274,0.9906,6.329789975564738,6.963573871267599,6.494458669689643,0.9706,0.9725,0.9787,0.9845,0.9842,0.9371,0.6036828268045767,0.7643139547811011,0.6422305424373914,0.6304838820365528,0.9506,0.9841,0.9875,0.99,0.9235,9.5129025432905,0.99,12.04414610035488,13.901141410530736,13.044690908031392,0.9718,0.9796,0.9837,0.9932,0.9618,6.305233537377635,0.9932,7.982963514600007,11.103935764809297,9.386613435009735
0.9872,0.9946,0.9976,0.9964,0.9962,0.9489,3.8887707273694607,4.923515465240988,5.81917416181032,5.49086872716415,0.9378,16.190899439660978,0.9593,0.9787,0.9886,0.9906,0.9313,2.762485812328057,0.9908,3.4975426871479325,3.91776930883938,3.834468841381379,0.9641,0.9465,0.9705,0.9873,0.9493,6.569891050044916,0.9873,8.318042501756187,9.026999744058548,8.660301005436953,0.9627,0.981,0.9928,0.9882,0.9102,3.8137720234107246,0.9887,4.828560708403562,6.789460611504541,5.812859436312538,0.9761,0.9757,0.9808,0.998,0.9612,6.393038115342853,0.998,8.094131600311025,9.933509878590286,9.110122535856474,0.9696,0.9872,0.9888,0.99,0.9898,0.9363,0.603535513906598,0.7641274440860057,0.6761488175006223,0.6730930952645215,0.936,0.972,0.9842,0.9868,0.9059,8.966628659671057,0.9868,11.352516764809833,12.87580577616075,11.599159808824169,0.9559,0.9805,0.9882,0.9877,0.9427,4.60748486577232,0.9877,5.833468873038701,8.235388989896583,6.873447442579575
0.9717,0.9566,0.9638,0.9728,0.9741,0.9156,3.443659937358653,4.359967235734982,4.634294766440712,4.426973809903453,0.9411,16.039616682248315,0.9561,0.9391,0.9402,0.979,0.9283,2.660986503290044,0.9792,3.3690359036950617,3.08270728371543,3.074379346055652,0.9689,0.9728,0.9855,0.9981,0.9531,7.336081525216868,0.9981,9.288105001784633,16.862443999601105,12.443898819618058,0.964,0.9754,0.9827,0.9798,0.912,3.838272277343307,0.9795,4.859580119831039,5.619945143657642,5.337619918947491,0.9431,0.9673,0.9746,0.9862,0.9203,4.293454158075842,0.9862,5.435879209286511,6.387610720770223,5.775308371645627,0.9703,0.9893,0.9972,0.9962,0.9959,0.9376,0.5873167942804933,0.7435931615314897,0.7951049476708194,0.7170778997637991,0.9672,0.9917,0.9948,0.998,0.9438,11.204608732194414,0.998,14.185990443373408,18.828356801000236,15.99967485741687,0.9661,0.9648,0.9741,0.9856,0.9558,5.442782536884006,0.9856,6.891026978188323,7.555708164641599,7.26058484287566
0.9755,0.974,0.9791,0.9799,0.9802,0.9241,3.541199289047145,4.483460375386525,4.690866579447483,4.551810142723787,0.9584,17.48045675701428,0.9629,0.9742,0.9862,0.9939,0.9365,2.9014985180465525,0.9939,3.673544630809184,4.197268120865109,4.140323325417878,0.9568,0.9764,0.9849,0.9941,0.9395,6.149106435128733,0.9941,7.785293285019328,12.095092271909335,9.690548459033712,0.9709,0.9837,0.9946,0.9897,0.9229,4.08852030845221,0.99,5.176415474160153,6.99651034487451,5.907833226844152,0.9434,0.9767,0.9849,0.9906,0.9203,4.376055492942884,0.9907,5.540459545382214,7.013616680851118,6.307525768614995,0.9678,0.9578,0.9668,0.9847,0.9845,0.9369,0.5586088506072611,0.7072464559631629,0.6473916630267935,0.6268888517860084,0.9654,0.981,0.9834,0.9945,0.9421,10.489010251260956,0.9945,13.279981723707351,15.722686956197002,15.129708361322155,0.9715,0.9876,0.9934,0.9964,0.9607,6.269807515451232,0.9964,7.938111148889929,15.656367677342336,10.711806169113215
0.9754,0.9774,0.9854,0.9838,0.9832,0.9237,3.5363542385166857,4.477326128116893,4.876916815809544,4.551956667735673,0.9266,14.975915888635814,0.9569,0.9648,0.9684,0.9842,0.9279,2.780684443122787,0.9846,3.5205837061345866,3.4343165803046944,3.3166670916292054,0.9561,0.989,0.9909,0.9923,0.9384,6.251645097698239,0.9923,7.9151159787032,10.685077658785827,10.666798592215295,0.9748,0.975,0.9797,0.9827,0.9355,4.19359057018873,0.9825,5.309443388342847,5.585003086809223,5.329826917302006,0.9478,0.9718,0.9781,0.9852,0.9251,4.331211671634022,0.9852,5.483683442285996,6.161016765521081,6.062069680411677,0.9716,0.9827,0.9879,0.9886,0.9885,0.9393,0.6007278634132206,0.7605727190599595,0.6963180290476265,0.6547081852112899,0.9753,0.9868,0.9928,0.9966,0.956,11.937204953267909,0.9967,15.11351975201752,17.384035751797565,16.729084744411526,0.9464,0.9774,0.9828,0.9828,0.9304,4.044596253803509,0.9828,5.120803874114692,6.604796894174348,5.903079704908914
0.9583,0.9631,0.9659,0.9725,0.9718,0.8914,3.1958567567536784,4.046227270697289,4.266660204025088,4.18476557684885,0.9332,15.447626236243414,0.9588,0.9577,0.9632,0.9769,0.9313,2.711989178654859,0.9773,3.433609641395765,3.097400453719834,2.969509371976323,0.9418,0.9782,0.9891,0.9884,0.9174,5.1131873649476125,0.9884,6.473731375010579,9.361523797116863,7.637899334010841,0.9851,0.9837,0.9862,0.9882,0.9533,4.589062172346721,0.9882,5.810144171648119,5.968925142726519,5.759084874802751,0.9561,0.972,0.9744,0.9857,0.938,4.934386245625539,0.9857,6.247353905650198,6.307093466306478,5.9666137143551845,0.9677,0.9812,0.9917,0.9902,0.9902,0.9351,0.5973798321408167,0.7563338258714837,0.717503097075562,0.6515728257934261,0.9184,0.9797,0.9927,0.9912,0.8845,8.005447016212143,0.9912,10.135578812369287,14.35985391425796,11.757256808789844,0.9833,0.9946,0.9972,0.9973,0.9769,8.6558089724143,0.9973,10.958992526844488,19.2955029331342,14.782401088301004
0.9814,0.9861,0.9924,0.9905,0.99,0.936,3.686960460469085,4.668006452293718,5.175189776517506,4.838234022817423,0.9533,16.91865054846257,0.9697,0.9726,0.9766,0.988,0.9458,2.8296531249341856,0.988,3.5825822344906086,3.666489140762508,3.5494065603493272,0.9416,0.94,0.9505,0.9633,0.9193,4.719266014422296,0.9636,5.974993342513619,5.871719536300134,5.607199251117423,0.9458,0.9545,0.9584,0.9623,0.8844,3.4856723617175067,0.9626,4.413158548765412,5.3241984080825215,4.943308350981209,0.9724,0.9906,0.9936,0.9954,0.9572,5.85072533899657,0.9954,7.40751736446872,8.131782000448315,8.06289390136426,0.9617,0.9816,0.991,0.9911,0.9911,0.9277,0.5622924817501196,0.7119102472153602,0.7258860375341907,0.6911438410354186,0.9137,0.9445,0.956,0.9539,0.8795,7.533748467825719,0.9545,9.53836821274022,9.305482005400926,9.077769271291624,0.9456,0.9749,0.9807,0.9877,0.9299,3.998356448196645,0.9877,5.062260335815345,8.196888056980079,6.6261258886864605
0.9824,0.985,0.9861,0.9877,0.9875,0.9394,3.735068310466899,4.728915094142077,4.917664342736755,4.831783552679232,0.9333,15.413674451803416,0.9774,0.9934,0.9969,0.9982,0.956,3.2879056223824867,0.9982,4.162768986641519,5.593146351680961,5.414787384984948,0.9565,0.9788,0.9862,0.9901,0.9396,6.021601686408279,0.9901,7.623861396582576,10.026268243976538,9.54776178390408,0.9749,0.9794,0.9807,0.9832,0.9331,4.202947771431309,0.9826,5.3212904033146895,5.633227823984503,5.566684690777433,0.9478,0.9707,0.9745,0.9872,0.925,4.36909502627628,0.9872,5.531647000832564,6.51974601417406,6.241100122936281,0.9761,0.9855,0.9915,0.9906,0.9904,0.9441,0.6212551742680734,0.7865620456464728,0.7173596824129904,0.6869666639264642,0.9587,0.9633,0.9761,0.9959,0.9329,10.264861358094349,0.996,12.99619010435185,16.41003575263875,15.167784427734786,0.9476,0.9448,0.9551,0.9862,0.9324,4.074152367427345,0.9862,5.158224435192051,7.632629200724795,6.303678543942458
0.9619,0.9886,0.9955,0.992,0.9933,0.8962,3.264092118971972,4.132619059956961,5.465154246510583,5.061312992026823,0.9569,17.950876351291367,0.9704,0.9773,0.9943,0.9986,0.9461,2.971223499556241,0.9986,3.7618224051609808,5.802982162799181,4.409090444896019,0.9813,0.9949,0.9997,0.9996,0.9714,9.726707679689897,0.9996,12.31484164128806,25.32997000444823,17.009185212419343,0.9646,0.9659,0.9675,0.9728,0.9151,3.874831108178789,0.9729,4.905866718252176,5.02258320291836,4.967151011000488,0.966,0.9662,0.997,0.9974,0.9497,5.537088349679795,0.9974,7.010426181770653,9.27797775837551,7.890507738391522,0.9604,0.967,0.9676,0.9815,0.9809,0.9265,0.5590976042372167,0.707865259750911,0.6172510443580874,0.6166565001137072,0.9697,0.9754,0.981,0.9987,0.9482,11.118856150999896,0.9988,14.077420360615886,20.156425316444693,16.324914729301142,0.9575,0.9767,0.9847,0.9895,0.9445,4.725068910241958,0.9895,5.982340303626602,9.204863915141466,7.431089640889033
0.9678,0.9749,0.981,0.9785,0.9785,0.9074,3.3786073209451475,4.277605074162412,4.712180794596342,4.546732409892064,0.9205,14.949371974021522,0.9765,0.9657,0.9784,0.9948,0.9555,3.10621226581769,0.9949,3.932729698214904,4.548433139805796,4.139061607237293,0.9721,0.978,0.9973,0.9987,0.9588,7.688587953946964,0.9987,9.73440821046557,18.053411668971744,12.785151721799789,0.9677,0.9712,0.9752,0.9786,0.9216,3.9923676321138166,0.9786,5.05467798378961,5.383259059612418,5.130986430631447,0.9579,0.9451,0.9663,0.986,0.9406,4.991933889634909,0.986,6.3202141319613485,6.338353961449568,5.975580590728884,0.9276,0.9666,0.9791,0.9822,0.9819,0.8855,0.4916512494491112,0.6224724212026747,0.649029915987588,0.6054010787418624,0.9697,0.9838,0.9882,0.9935,0.9476,11.14972680159211,0.9936,14.116505237629353,14.99343539285384,14.660309205349504,0.9606,0.9752,0.9829,0.9895,0.948,4.84104180723799,0.9895,6.129171884076964,9.208311945847944,7.598603148244464
0.9746,0.982,0.9856,0.9849,0.9846,0.9233,3.5539415248645057,4.499593132884152,5.067224355674615,4.824523127181713,0.9429,16.09447169345593,0.9714,0.9777,0.9801,0.9864,0.9476,2.964350470683252,0.9866,3.753120564316767,3.5191041312918725,3.473677705467659,0.9307,0.9466,0.9611,0.9627,0.9048,4.645368569048408,0.9627,5.881432872985437,5.878453620771555,5.404201761202384,0.9468,0.9747,0.9851,0.9787,0.8862,3.5174467585124622,0.9796,4.45338764556395,6.035849519103173,5.344303354502221,0.9794,0.9835,0.9976,0.9993,0.9666,6.782985938295719,0.9993,8.587838807946843,12.24965073275383,11.074968126406036,0.9566,0.9604,0.9835,0.9847,0.9847,0.9208,0.5455971235653587,0.6907724995868159,0.6445633022210118,0.6361010221456439,0.9515,0.9802,0.9822,0.9873,0.9239,9.996551121121538,0.9873,12.656486456635982,13.082515285586434,12.526525492546789,0.9616,0.9617,0.9747,0.9932,0.9483,5.06286889279831,0.9932,6.410023896945402,11.1561095321775,8.12240467310204
0.9684,0.9737,0.9798,0.9819,0.9817,0.9095,3.36900050879874,4.265442030493726,4.713384207305449,4.490028139021836,0.9242,15.032252089374394,0.988,0.992,0.994,0.9999,0.9768,4.163400272170223,0.9999,5.271219895723908,9.393413155769048,7.45868756783234,0.916,0.9393,0.9506,0.9747,0.8917,4.2635518783642645,0.9746,5.398020372413014,6.827951946168724,5.987203219990724,0.9758,0.9938,0.9974,0.9955,0.9368,4.265689468419165,0.9951,5.400726743765682,7.644659626682607,6.771622144219004,0.9396,0.9681,0.9714,0.985,0.9149,4.19366366270173,0.985,5.309535929699326,6.108966454829583,6.035289517714388,0.9719,0.9963,0.9985,0.9987,0.9987,0.9393,0.6119575469827216,0.7747904563863259,0.8625698159931225,0.796442039778331,0.9506,0.9671,0.9903,0.9935,0.9231,9.596998214745408,0.9936,12.15061839404244,15.195223864332563,12.84427659321444,0.9964,0.9838,0.9919,0.9998,0.9946,21.534066744957467,0.9998,27.263965422833937,58.6536678840108,36.87600606301195
0.9629,0.9622,0.9737,0.9735,0.9732,0.9007,3.2844135703814725,4.1583477509252,4.590478334650388,4.233309523900989,0.9265,15.127226364365496,0.9659,0.9881,0.9887,0.9895,0.9407,2.852755364773073,0.9895,3.611831640820463,3.807414785080336,3.794964007276652,0.9692,0.9662,0.9705,0.998,0.9545,7.254019100618603,0.998,9.184206972059943,16.601011558822123,11.818933217987109,0.9763,0.9887,0.9939,0.9924,0.9388,4.275276016852184,0.9924,5.41286413184466,7.513402712521557,6.348415487664703,0.9487,0.9366,0.9403,0.9808,0.9267,4.437173311559664,0.9809,5.617839917293485,5.801036251808789,5.58502139348586,0.9164,0.946,0.9629,0.9692,0.9683,0.8772,0.4533803898515725,0.5740182483273277,0.5990783936061999,0.5514666488014623,0.9548,0.9797,0.9874,0.9912,0.9276,10.262134511997594,0.9912,12.9927376845848,14.309982167776154,13.225567836412436,0.9781,0.9763,0.9883,0.9971,0.9707,7.501077423803814,0.9971,9.497003884065531,18.106647113633915,12.572867849331454
0.9641,0.9624,0.9723,0.9716,0.973,0.9032,3.298110291784208,4.175688968594538,4.41110108812261,4.13696398971984,0.952,16.77723848510052,0.9769,0.9925,0.9971,0.9995,0.9553,3.270033696470114,0.9995,4.140141603904884,6.840055889899715,5.043297301747249,0.9584,0.977,0.9837,0.9902,0.9423,6.191759386179174,0.9902,7.839295559480255,10.006049496309478,8.217956872675495,0.9542,0.9441,0.9478,0.9598,0.899,3.6832990828543615,0.9573,4.663370835906435,5.296134389038752,4.901348120231674,0.9774,0.9579,0.9752,0.9983,0.9636,6.453407651943973,0.9983,8.170564583359656,10.6354787171309,8.859588920705948,0.941,0.9694,0.9768,0.9777,0.9774,0.9021,0.5282886028464623,0.66885843588536,0.6155098045551689,0.6035885364434668,0.9393,0.9724,0.9755,0.9776,0.9101,9.136546716036383,0.9777,11.567647518713724,11.34019824867292,11.1595086061671,0.9652,0.9755,0.9846,0.9898,0.9551,5.22715807454646,0.9898,6.618028015423214,9.372021173679183,7.989137384356752
0.9659,0.9638,0.9704,0.9774,0.9775,0.9062,3.368247182236689,4.264488254805041,4.612293606448771,4.342789885464176,0.9567,17.55962015182388,0.9664,0.9658,0.9711,0.9874,0.9423,2.7841850211220844,0.9875,3.5250157364920254,3.675515761264201,3.3265610051509604,0.9606,0.9881,0.9907,0.9928,0.9444,6.596627187125303,0.9928,8.351892731976658,11.029645171727411,10.92195429344363,0.953,0.9713,0.9849,0.9772,0.8933,3.6022692456068737,0.979,4.560780149850784,5.821029288085036,5.159676079099286,0.9638,0.9733,0.978,0.9991,0.9452,5.72207919331775,0.9991,7.244640370117919,12.056210017069906,9.50149706880721,0.964,0.9751,0.979,0.9879,0.9875,0.93,0.5837650080938828,0.7390962972406923,0.6661541454309473,0.6485512562486485,0.9713,0.9811,0.9813,0.9902,0.9506,11.365164260519874,0.9902,14.389267438125696,13.50434067789589,13.470359813434142,0.9738,0.9879,0.9898,0.9941,0.9645,6.524998268502538,0.9941,8.261204410827876,12.280674607959083,11.380363215698896
0.9769,0.9724,0.9749,0.9834,0.9835,0.926,3.5728766745328557,4.523566647592188,4.472511765086701,4.435414836383454,0.9405,15.845221533883928,0.9756,0.9783,0.9884,0.9973,0.9542,3.0866849118163726,0.9973,3.9080064023044345,5.245937260314576,4.3775691400842645,0.9904,0.986,0.9966,0.9995,0.9846,12.348818096823129,0.9995,15.634657103656004,24.947026104366824,22.37269709195776,0.9901,0.9962,0.9975,0.9969,0.9646,4.956712194359786,0.9969,6.275620461221499,8.03582056103385,7.447469052993682,0.952,0.9674,0.9833,0.9824,0.9318,4.554374607772977,0.9825,5.766226755939247,5.930529520575673,5.644541258644735,0.9473,0.9372,0.9502,0.9691,0.9682,0.9122,0.5207370693775113,0.6592975503440788,0.5836681554019455,0.5613009836456566,0.9863,0.9725,0.9738,0.9998,0.9719,14.300998221294924,0.9998,18.106283668350567,32.24091407772668,24.303018656057507,0.9562,0.9642,0.9674,0.9895,0.9426,4.76441488636035,0.9895,6.032155665728174,9.312160304520384,8.906916648027622
0.9733,0.9609,0.9702,0.9767,0.9748,0.9202,3.4955551401799982,4.425670989331056,4.364595772171295,4.085524983193412,0.9301,15.35321201660612,0.9534,0.9744,0.983,0.982,0.9248,2.581982483468156,0.9823,3.269010075308826,3.405014464351252,3.253564800001432,0.9664,0.9799,0.9849,0.9958,0.9513,7.198806068067697,0.9958,9.114302563004918,13.571696201281146,12.749902852062151,0.9623,0.9807,0.9853,0.9823,0.9134,3.849930417686928,0.9828,4.874340319982154,5.841727110317734,5.546377664021813,0.9238,0.9242,0.9457,0.9681,0.8985,3.717938745667418,0.9683,4.707227603900105,4.821004551309024,4.479363170485292,0.9549,0.9748,0.9764,0.9977,0.9977,0.917,0.5607694445531433,0.7099819522041186,0.8066178678219458,0.7833495289480998,0.9377,0.974,0.9891,0.9945,0.9065,9.172444359253715,0.9945,11.6130969972089,15.590077753347671,12.565336931662912,0.9476,0.9693,0.9774,0.9812,0.9326,4.140697238045495,0.9814,5.242475917881685,6.27339497360856,6.189265308422008
0.9491,0.9608,0.9695,0.9698,0.969,0.8741,3.086762553732994,3.9081047035939775,4.2915561062945855,4.101107731635418,0.9637,18.962037567787423,0.9555,0.9775,0.9882,0.9886,0.9261,2.749208867840218,0.9886,3.4807329428611458,3.877667126476152,3.4895769933333383,0.9857,0.9905,0.9967,0.9976,0.9785,10.273154020325578,0.9976,13.006689322126796,15.992935797495573,14.83678649883332,0.9679,0.9612,0.9791,0.9735,0.9169,3.975305259511484,0.9738,5.033075564600933,5.5673053927789695,4.976028284073045,0.9657,0.9575,0.9689,0.9903,0.95,5.3251131699191605,0.9903,6.742047522043212,6.97453075750466,6.760137493246227,0.972,0.9803,0.9828,0.9913,0.9911,0.9401,0.5999600278190675,0.759600573698967,0.7074471117835252,0.6927250230697779,0.9535,0.9486,0.9585,0.9864,0.9265,9.804590968352027,0.9865,12.413448528424146,12.80586447749062,11.608542059202536,0.955,0.9846,0.9888,0.9899,0.9408,4.636385913831533,0.9899,5.870060065232091,9.39450271948182,7.678829275327287
0.9591,0.9474,0.9577,0.9644,0.9641,0.892,3.250382795234377,4.115261886656673,4.168981787799535,3.951698287956777,0.8898,13.290028418366372,0.9357,0.9596,0.9703,0.9791,0.9033,2.3760283657634536,0.9792,3.0082545937597525,3.2676469023762413,3.020367528634252,0.9658,0.9873,0.9899,0.9953,0.9508,7.037929987794588,0.9953,8.910619722142814,12.867250672428224,11.139400596618644,0.9479,0.9724,0.9804,0.9747,0.8856,3.519906997236089,0.9753,4.456502517654173,5.516543437540639,5.2013091231972,0.9799,0.9861,0.9946,0.9998,0.9666,7.091326194087599,0.9998,8.978223874174342,13.700043379823446,12.42154951148797,0.9761,0.9885,0.9974,0.997,0.9968,0.9456,0.6007521711692394,0.7606034947526077,0.8129862043053517,0.7027381574105378,0.9468,0.9761,0.9839,0.983,0.9196,9.327598697777582,0.9832,11.809535624933863,12.25392275090516,11.271394430032696,0.9438,0.9493,0.9517,0.9644,0.9286,3.5832637735796844,0.9645,4.536717601037738,4.406321988479941,4.255479902916487
0.9744,0.9839,0.9929,0.9884,0.988,0.9218,3.527786919620338,4.46647917157483,5.485424196026015,5.152296908659787,0.9341,15.701382575386951,0.9614,0.9853,0.9899,0.9918,0.9347,2.806389837480141,0.9919,3.553128928142097,4.054459080880738,3.93178556995279,0.9595,0.9801,0.9855,0.9899,0.9436,6.211552893897721,0.9899,7.864355828700486,10.024384458523391,9.292837435751457,0.9665,0.9805,0.9872,0.9851,0.9197,3.968850989873385,0.9855,5.024903908669572,6.027198079573138,5.532958707508244,0.9721,0.9947,0.9968,0.9974,0.9564,6.035651667619277,0.9974,7.641649871303347,9.277977664828178,8.6068781218313,0.936,0.9564,0.9654,0.9765,0.9761,0.8958,0.5055308756613859,0.6400452119632458,0.6045173963283557,0.5923378929242062,0.9385,0.961,0.9729,0.9844,0.9101,8.72310067955165,0.9847,11.04418956827493,12.308836412323757,11.301519558347998,0.8967,0.9229,0.9313,0.9323,0.8717,2.392219704317736,0.9328,3.028754209541649,2.903502375882704,2.8194579584552977
0.9762,0.9623,0.9629,0.9772,0.977,0.9245,3.5805322105136512,4.533259209185207,4.25309355188789,4.241172144413428,0.9414,15.95321474143006,0.9731,0.9907,0.9945,0.9995,0.9483,3.18255211985449,0.9995,4.029382465455484,6.828073803257407,5.267217794580801,0.9819,0.985,0.9864,0.9965,0.9724,9.562246618938769,0.9965,12.106619909330655,14.92961990279698,13.257944948050527,0.9539,0.9512,0.9623,0.9612,0.8964,3.644604795128165,0.9613,4.614380566900454,4.965717270315169,4.556155602626998,0.9711,0.9636,0.974,0.9991,0.9547,6.117910635532091,0.9991,7.745796741630022,11.93572158589416,10.033843152050638,0.942,0.9564,0.9672,0.9721,0.9717,0.9038,0.5225624013000759,0.6616085762646073,0.5947626253064582,0.5778060818407995,0.946,0.9787,0.9854,0.9972,0.9177,9.70318409019234,0.9972,12.285058770347876,17.695508718503795,15.457125172847183,0.9937,0.9764,0.9803,0.9995,0.9905,15.91175569258607,0.9995,20.14564002969076,42.427605959571146,27.35538261250095
0.9765,0.9862,0.9889,0.9884,0.9884,0.9247,3.5670482708206617,4.516187391311357,4.979521248120811,4.832167932431412,0.9692,18.630938800042323,0.9737,0.9836,0.9913,0.9965,0.95,3.1294141650428475,0.9965,3.962105281829034,4.980583473431363,4.543549566565133,0.9722,0.9657,0.9739,0.9977,0.9597,7.578646973416712,0.9977,9.595213550802358,16.035058741005336,12.81977805605097,0.9654,0.9669,0.9755,0.9711,0.9175,3.907533215701994,0.9721,4.9472703759693255,5.335308485717812,4.978160879918477,0.9586,0.9793,0.9818,0.9937,0.9409,5.066141074137829,0.9937,6.414166757648607,7.667707000151338,7.473122432389487,0.972,0.9836,0.9855,0.9979,0.9979,0.94,0.605230726093652,0.7662737273217548,0.8226336081625277,0.7895032023178317,0.9649,0.9783,0.9833,0.9964,0.9407,10.38823518102364,0.9964,13.15239188835601,17.145966805797855,14.883337868624915,0.9531,0.979,0.9813,0.9853,0.9382,4.4266500967336055,0.9853,5.604516629660325,7.4926546040614355,6.998549559840469
0.9837,0.9843,0.9882,0.9898,0.9897,0.9418,3.783244275568106,4.7899099755217645,4.944303491488782,4.817627047288644,0.9135,14.630411588139754,0.9645,0.9878,0.9899,0.9915,0.9391,2.8153965538397907,0.9918,3.5645321993546872,4.054336709978728,3.951535926901689,0.9352,0.9576,0.9646,0.9727,0.9112,4.695812898528465,0.9727,5.945299697167376,6.793732985052452,6.082513658381676,0.9801,0.9849,0.9873,0.9887,0.9419,4.332995236416503,0.9887,5.48594158744431,6.4642188355165935,6.165796993280303,0.9286,0.959,0.9668,0.9657,0.9055,3.7241113270688087,0.9658,4.7150426184949,4.72473311699765,4.376919035885715,0.9598,0.9876,0.9925,0.9937,0.9936,0.9235,0.5823223541978346,0.737269774345374,0.7546954989466663,0.713345832615665,0.9381,0.9724,0.9789,0.9766,0.9091,8.767149914601882,0.9767,11.099959657387018,11.522506638829528,10.760839098584723,0.9648,0.9257,0.9349,0.9914,0.9546,5.297770791545159,0.9914,6.707429738630732,9.767040831610652,9.061966527230814
0.9724,0.9816,0.987,0.9867,0.987,0.9177,3.4672859689287496,4.38987980707763,5.083887831174927,4.800949231736245,0.9137,14.46306755673561,0.9572,0.9389,0.9523,0.9886,0.9296,2.669063982260885,0.9887,3.3792626811065443,3.779509287331109,3.686351609483329,0.9494,0.9536,0.9562,0.9761,0.9304,5.479339578995256,0.9761,6.937311311931999,6.813420985615156,6.763903061364975,0.9821,0.9938,0.9958,0.9947,0.9462,4.418165683221636,0.9947,5.593774638406977,7.848873445230811,7.071111170255902,0.9478,0.9599,0.9687,0.9793,0.9242,4.5080725279196585,0.9793,5.7076043731317005,5.60957971381672,5.232233722243523,0.9284,0.9574,0.9615,0.9649,0.9649,0.8849,0.5062548627652976,0.6409618413951783,0.5724939090290849,0.566125405510663,0.9659,0.971,0.9726,0.9994,0.9412,11.060349271534058,0.9994,14.003345660391034,22.026608243348207,18.21241616976303,0.951,0.9711,0.9828,0.9833,0.9368,4.245539233317476,0.9834,5.375214827248423,6.797405197931498,6.437661750671539
0.9777,0.976,0.9808,0.9864,0.9865,0.9277,3.5927859216223794,4.548773452729009,4.646647618703566,4.502347806542932,0.8669,12.793342716009182,0.98,0.976,0.9814,0.9917,0.96,3.33174325982985,0.9918,4.218271175138427,3.9577087859895066,3.9102755861054175,0.9543,0.9697,0.9726,0.9895,0.9365,5.727863137621943,0.9895,7.251963336995695,9.597829799964387,8.845924192674074,0.9667,0.9872,0.9909,0.9892,0.9205,3.9436293775160634,0.989,4.9929711959422285,8.392634471527208,6.612344431890753,0.9351,0.971,0.9839,0.9939,0.9092,4.073985869265669,0.9939,5.158013634316552,7.780549120881049,6.201313966439148,0.9856,0.9922,0.9934,0.9994,0.9994,0.9618,0.6747745787798232,0.8543221771321196,0.8784482314196511,0.84791005239351,0.956,0.9704,0.9805,0.9907,0.9307,10.033039612465036,0.9908,12.702683999260085,14.178515633428685,12.617040548790714,0.9629,0.9683,0.9701,0.9877,0.9501,5.233866620566626,0.9877,6.626521606944852,8.191842291998023,7.568152684432634
0.9649,0.9789,0.9894,0.9835,0.9841,0.9027,3.332933607847133,4.219778257268742,5.0084116802774,4.5904763679848415,0.9444,16.257063659723272,0.9697,0.971,0.9745,0.9928,0.9449,2.8995388318777517,0.9929,3.671063500952081,4.09563361249224,3.99422530105164,0.9597,0.987,0.9915,0.9953,0.943,6.505896042139177,0.9953,8.23701936277179,12.875750968436313,10.66277540156888,0.9421,0.9576,0.9698,0.9736,0.879,3.435806147548746,0.973,4.350023667882632,5.466599221307401,4.770054732702445,0.971,0.9839,0.9883,0.9925,0.9547,6.035508463323925,0.9925,7.641468562449656,7.343541546330087,6.937212800594557,0.938,0.9747,0.9803,0.9912,0.9911,0.9011,0.4956729186272857,0.6275641974432912,0.7295977459658816,0.6809933958940133,0.9654,0.986,0.9943,0.9938,0.9415,10.37916300254293,0.9939,13.140905736514036,15.43384374331902,13.42531403646906,0.9932,0.9686,0.97,0.9993,0.9892,14.874863459610433,0.9993,18.832846012570293,38.27167027761219,27.198131602714085
0.9686,0.9774,0.9851,0.9836,0.984,0.9102,3.378936599075796,4.278021968364274,4.796527688772516,4.539698567572353,0.9154,14.724596102546304,0.9646,0.9674,0.9709,0.9801,0.9398,2.77007955452864,0.9805,3.5071570125439977,3.251314306755858,3.1277945242162857,0.9663,0.9426,0.9475,0.9944,0.9516,6.96014748312882,0.9944,8.812140436143318,12.10220744398194,11.181113194761792,0.9479,0.9764,0.9798,0.9785,0.8878,3.5354243513956005,0.9787,4.476148811699299,5.730962090288328,5.43113789423489,0.9645,0.9787,0.9851,0.996,0.9485,5.374950462144768,0.9961,6.805145785278826,8.479752214194413,7.763586265010853,0.967,0.9855,0.9878,0.999,0.999,0.934,0.6020190941580141,0.7622075273289175,0.8629947919005121,0.7904451179265968,0.9666,0.9812,0.9851,0.9968,0.9438,10.855550201072411,0.9968,13.744052567180844,17.546279337021144,15.24894040220744,0.9395,0.9646,0.9703,0.9787,0.9214,3.634424446836961,0.9787,4.601491377548016,5.965917067007079,5.2075550211536825
0.9658,0.9458,0.9593,0.9694,0.9695,0.9005,3.352314949733522,4.244316689386418,4.177952149833905,3.9322601668685215,0.9277,15.29982817954217,0.9878,0.9784,0.9938,0.9998,0.9756,3.990579651591679,0.9998,5.052414247928213,8.065428305322607,6.498931530808433,0.9561,0.9758,0.9815,0.9814,0.9395,5.946566654366156,0.9813,7.528860645292681,7.982824034985177,7.480672217839548,0.9574,0.9467,0.9572,0.9611,0.9011,3.690519178148998,0.9607,4.672512092446314,4.782298556960557,4.428798115383644,0.9609,0.9807,0.9848,0.9894,0.9437,5.1005637895517015,0.9894,6.457748851728614,6.742908933347557,6.34313476846888,0.9845,0.9728,0.9764,0.9917,0.9917,0.9596,0.669938832698544,0.8481997100888486,0.7195499381034286,0.6933019913832926,0.9663,0.9654,0.9784,0.9988,0.941,11.238289656497582,0.9988,14.228633366630142,20.39390039048877,17.44511224253313,0.9885,0.9873,0.9888,0.9985,0.9841,11.142144244768788,0.9985,14.106905073875048,25.06364389369472,18.83710550673217
0.9742,0.9636,0.973,0.9769,0.9791,0.9199,3.5178256853907066,4.453867399315463,4.439165397566346,4.162860764678084,0.9404,16.07013937352729,0.9701,0.9775,0.9819,0.9878,0.9456,2.963419713645345,0.9878,3.7519421465102702,3.7278201511294218,3.485225710265152,0.9631,0.9746,0.9813,0.9908,0.9483,6.56406604751117,0.9908,8.310667551657401,10.239832325601052,8.653143306982662,0.9334,0.939,0.9456,0.947,0.8663,3.36777800232406,0.9482,4.263894233013128,4.524685219736629,4.347387840078965,0.9274,0.9687,0.9758,0.9879,0.902,3.997033195469995,0.9881,5.0605849849857805,6.52518657338355,5.934739249871611,0.9601,0.9811,0.9833,0.9824,0.9824,0.9268,0.5537512848998687,0.7010963634119497,0.6357535783991798,0.6279365249605507,0.9655,0.9774,0.9941,0.9986,0.9413,10.783456276967437,0.9986,13.652775509425146,19.641450842537488,15.585505080618734,0.9773,0.969,0.9832,0.9976,0.9686,7.550521072674805,0.9976,9.559603761235184,20.729951847346214,12.718890078754493
0.9764,0.9856,0.9923,0.9876,0.9894,0.9243,3.595920098884439,4.552741588497969,5.9915625744421614,5.254907874919483,0.9071,14.011014217242977,0.9766,0.9877,0.9927,0.9951,0.9545,3.215279174383955,0.9951,4.070817708210616,4.677160725847733,4.27772269302601,0.977,0.9744,0.9831,0.9953,0.9663,8.147908655571198,0.9953,10.315947400224392,12.952028299885336,12.450021662330409,0.9598,0.9841,0.991,0.9875,0.9063,3.76481222273298,0.9878,4.766573424320334,6.383843319126187,5.733408429677505,0.9601,0.9628,0.9836,0.9864,0.9431,5.027239670502228,0.9865,6.364914262233682,6.418398781910309,6.256193469159975,0.9605,0.9786,0.9844,0.999,0.999,0.9228,0.6006978163926382,0.7605346769687968,0.8600106776468355,0.8112605833822719,0.9512,0.9733,0.9857,0.9967,0.9241,9.702169103622587,0.9968,12.28377371076902,17.54805463957124,14.902733263350605,0.9885,0.9962,0.9981,0.999,0.9837,11.726189268933974,0.999,14.84635589534826,31.867153179418253,21.38251806982499
0.9872,0.9934,0.9965,0.9954,0.9956,0.9494,3.920303243392812,4.963438320349484,5.77556168836419,5.375593172191415,0.9442,16.244584745050275,0.9645,0.9669,0.988,0.989,0.9391,2.819592303728305,0.989,3.5698443766242267,3.9017776508375377,3.516137055845177,0.9736,0.9921,0.994,0.998,0.9602,8.250903501611628,0.998,10.446347661096338,16.569946922365588,15.406784991309062,0.9808,0.9966,0.9987,0.9981,0.9453,4.422460843904555,0.9981,5.599212678222287,8.666482631552528,7.397851228286466,0.9491,0.9831,0.9856,0.9871,0.9264,4.601263408508825,0.9872,5.825591977433216,6.410369238589684,6.348037945611202,0.9566,0.9823,0.9863,0.9905,0.9905,0.9205,0.5532019363888272,0.7004008413358134,0.7223744930333388,0.6838047683203071,0.9554,0.9761,0.9792,0.9936,0.9283,10.381896337461123,0.9937,13.144366371682548,15.206288150447046,14.259382565773745,0.967,0.9901,0.9913,0.9923,0.9559,5.72752568747596,0.9923,7.25153609632532,10.388799393830665,9.90696602559846
0.9724,0.9773,0.9819,0.9816,0.9814,0.9169,3.462205277000479,4.383447217697416,4.740364958645476,4.582766604645145,0.94,15.952459041200775,0.9522,0.9615,0.9649,0.9951,0.9236,2.6194113145718605,0.9951,3.316398168283297,4.564575688596317,4.036695999518292,0.9727,0.975,0.9763,0.9898,0.9611,7.480754747873337,0.9898,9.47127364274928,9.737063339450009,9.39620562772182,0.954,0.9582,0.9715,0.9656,0.8975,3.645315629201024,0.9648,4.615280543473078,5.156480410357444,4.769306448273909,0.9567,0.9803,0.9938,0.9961,0.9394,4.845297224486455,0.9961,6.134559605314015,8.483967431446496,6.969275599678303,0.9614,0.9809,0.9868,0.9867,0.9864,0.9269,0.5723202286621994,0.7246062302044489,0.6703719485177047,0.6455247486436785,0.961,0.9804,0.9898,0.9934,0.9356,10.338974820556524,0.9934,13.090024069940746,15.200354211707264,13.609176955352552,0.9772,0.9657,0.9717,0.9958,0.9691,7.093253580626936,0.9958,8.980664109945282,13.862544969308328,11.64852950842498
0.9741,0.9742,0.983,0.9846,0.9835,0.9213,3.5088109768468225,4.442454009315874,4.785510260625738,4.441803616466789,0.9704,19.281164019021794,0.9342,0.9541,0.9634,0.9706,0.9022,2.3091226441381454,0.9715,2.923546242913329,2.959109204574468,2.8561529596124213,0.9722,0.9865,0.9933,0.9987,0.9592,7.805112106469505,0.9987,9.881937727436323,18.000420278428262,13.211623300623524,0.971,0.9756,0.9861,0.9822,0.9269,4.063047991932428,0.9818,5.144165348577281,5.933364345998369,5.3435970453194415,0.9645,0.9669,0.9779,0.99,0.9484,5.393899159109146,0.99,6.829136452019261,6.846139202586849,6.634416142351119,0.9755,0.9741,0.9767,0.9976,0.9976,0.9426,0.6325470647269988,0.8008585422012937,0.813736799135303,0.7694017189141239,0.9673,0.9717,0.9837,0.9871,0.9455,10.732010136740747,0.9871,13.587640307380358,12.873406006426697,12.442305868068551,0.9837,0.9877,0.9929,0.9973,0.9772,8.813221850495296,0.9973,11.15829065830932,19.2934431818248,16.30034061719824
0.9723,0.9881,0.9917,0.9903,0.9904,0.9181,3.4688238480617604,4.391826893245955,5.544533447033622,5.146630405025217,0.9298,15.191589816836714,0.9555,0.9772,0.9842,0.988,0.9284,2.5142937112072943,0.988,3.1833103155611067,3.767692718707057,3.3262411507418097,0.9483,0.9708,0.9773,0.9862,0.9269,5.464100401982513,0.9862,6.91801721388407,8.890096477028434,8.01123089857415,0.9901,0.9956,0.9979,0.9971,0.9672,4.991215048169874,0.9972,6.319304017347172,11.411746957483718,9.054594237747438,0.9356,0.9588,0.9808,0.9899,0.9115,3.906837803229544,0.9899,4.946389924458329,6.837436228349032,5.346639375446138,0.9725,0.9914,0.9941,0.9962,0.9962,0.9401,0.6157238227734554,0.7795588828125821,0.7827664406958413,0.7548093741885945,0.9278,0.9819,0.9907,0.9937,0.8946,8.83810435489259,0.9938,11.189794031432289,15.203944362252956,12.884858855253595,0.9771,0.9916,0.993,0.994,0.969,7.11045147498353,0.994,9.002438111235287,12.117960974991142,10.937823251762792
0.9797,0.9868,0.9879,0.9903,0.9904,0.9329,3.646070156189711,4.616235839004285,5.045437877348384,5.018125812133834,0.9371,15.75091449990952,0.9848,0.9841,0.9887,0.9998,0.9715,3.560219350969959,0.9998,4.507541396251996,8.04269546859293,5.5857406278756905,0.9718,0.9765,0.9783,0.9965,0.9583,7.7772137762324896,0.9965,9.846616061540823,14.903932752103032,13.030061757420569,0.9795,0.9831,0.9872,0.9877,0.9419,4.333839695546256,0.9876,5.487010744737601,6.027198079573138,5.651427098713439,0.9525,0.9834,0.9893,0.9954,0.9315,4.78348124850954,0.9954,6.056295306629793,8.194982146900964,6.833570517328394,0.9164,0.9546,0.977,0.9719,0.9719,0.8758,0.4683731085075442,0.5930003090719105,0.6136227694382936,0.544048461005063,0.9515,0.9866,0.9947,0.9965,0.9235,10.125751187539276,0.9965,12.820064761893436,17.262432690121845,14.362742608834017,0.9719,0.9732,0.9767,0.9932,0.9627,6.190991003149045,0.9932,7.838322721018618,11.083332337282169,10.365985152242114
0.958,0.9601,0.9632,0.965,0.9646,0.8867,3.1938096743538336,4.043635489756509,4.136806327895579,4.06958611993947,0.904,14.626983891107889,0.9711,0.9803,0.9849,0.988,0.9473,2.995281182276904,0.988,3.7922814836814496,3.735725205441228,3.532836984079249,0.943,0.9571,0.9734,0.983,0.9201,5.063406292815521,0.983,6.410704291209105,8.288491228372378,7.664600988994024,0.9781,0.9902,0.9935,0.9925,0.9414,4.325828152466886,0.9924,5.476867447789261,6.836506456637988,6.336086729186018,0.969,0.9812,0.9831,0.9996,0.9525,5.920096551075402,0.9996,7.495347236543407,13.178244849776954,9.678462768783715,0.9623,0.9656,0.9695,0.9804,0.98,0.9296,0.5662166670192017,0.7168786005113816,0.6198700718909251,0.6044567294782692,0.9669,0.9847,0.9907,0.9909,0.9443,10.691575442571631,0.991,13.536446535355491,14.354535732101786,13.139392838507115,0.9286,0.9439,0.9469,0.9536,0.9086,3.089080356951644,0.9536,3.911039240184703,3.631495020932675,3.594153007175521
0.9678,0.9664,0.9726,0.978,0.9771,0.9085,3.3590455853958274,4.252838248279318,4.6298333049462,4.3435588905155935,0.9438,16.427756021232042,0.9617,0.9801,0.983,0.9883,0.9357,2.7768757312408665,0.9884,3.515761551996956,3.764959732418477,3.631641218962771,0.9642,0.9636,0.967,0.9937,0.9491,6.727115989232322,0.9937,8.517102686549958,11.579249097662338,10.2632719062943,0.9501,0.965,0.9679,0.9703,0.8894,3.5750368859765564,0.9703,4.526301659552754,5.022990429823283,4.905676273084884,0.9666,0.9817,0.988,0.9984,0.9497,5.759338890222391,0.9984,7.291814324768695,11.008796911541106,9.854354837529977,0.97,0.9909,0.997,0.9953,0.9953,0.9364,0.6139735816327934,0.7773429282274221,0.7834579986773648,0.7298477466641906,0.9709,0.9906,0.9933,0.9976,0.9499,11.323260801827391,0.9976,14.336214084924007,18.219476859474454,15.613365988251434,0.9659,0.9815,0.9899,0.9924,0.9558,5.424673032709349,0.9925,6.868098801105464,10.535593529363757,9.097892668061387
0.9715,0.9476,0.9656,0.9732,0.9732,0.9102,3.474669309518369,4.399227746086296,4.43120231597133,4.148956372105842,0.9208,14.976066891726454,0.9796,0.98,0.9984,0.9986,0.9601,3.225819650256314,0.9986,4.084162849800814,5.8279470864129,4.419209618920103,0.9456,0.969,0.9793,0.9909,0.9225,5.345979667369623,0.9909,6.768466287793448,10.296520387997717,8.116040952272,0.9792,0.9936,0.9962,0.9944,0.9418,4.329851283395403,0.9945,5.481961074730502,7.849095757307573,7.258174380842227,0.9437,0.9658,0.9781,0.9824,0.9215,4.257629639226114,0.9824,5.390522312478463,5.91781069703572,5.569317202362309,0.9634,0.9771,0.9869,0.99,0.9898,0.9291,0.5825309789523629,0.7375339110809556,0.7063927331891063,0.6606379773187271,0.9618,0.9855,0.9918,0.9907,0.9356,10.697147966812402,0.9908,13.543501826398176,14.17844025291314,13.28037341635158,0.9718,0.9849,0.9955,0.9966,0.9618,6.377029289617439,0.9966,8.073863061339393,16.476787256409377,11.287463500138418
0.9723,0.9723,0.9756,0.9827,0.9829,0.9199,3.481493247748709,4.407867433989329,4.553520739624387,4.46925504022596,0.8949,13.56583554741637,0.95,0.9559,0.9681,0.9765,0.9222,2.485184522023409,0.9767,3.146455598948786,3.1117145358659792,3.0007120621324925,0.9715,0.9793,0.9836,0.996,0.9581,7.593947308076448,0.996,9.614585079648322,14.120244837654086,11.88826836868152,0.9847,0.9943,0.9977,0.9955,0.9536,4.595329813917133,0.9954,5.818079540525827,7.743524326993857,6.855449223168703,0.9565,0.9793,0.9841,0.9865,0.9384,4.966153556290975,0.9866,6.287574030804295,6.438286949572361,5.901445636842288,0.9393,0.9705,0.9919,0.9974,0.9973,0.9001,0.5209402120600928,0.6595547463089375,0.8145900002659039,0.7329583190648774,0.9766,0.9668,0.9751,0.9964,0.9602,11.770429374471174,0.9964,14.902367642778696,17.011709183728737,14.797369569754323,0.9538,0.9788,0.9843,0.9876,0.9394,4.472044187749702,0.9876,5.661989421145643,8.132786694792406,7.033283624400907
0.9712,0.9786,0.985,0.9822,0.9824,0.9169,3.446324331178274,4.363340585591806,4.92456248311472,4.678137015597255,0.9304,15.2937443920632,0.9574,0.9824,0.9906,0.9913,0.9306,2.658140629217921,0.9913,3.3654327843577314,4.131632257823762,3.5840033218390914,0.9449,0.9535,0.9562,0.964,0.922,5.284281407069209,0.9641,6.690351027197196,5.791857940252347,5.721970897316215,0.9779,0.987,0.9888,0.9895,0.9397,4.270930029745522,0.9892,5.407361741441237,6.345596156679195,6.088599053906556,0.9333,0.9571,0.9696,0.9775,0.908,3.99004910048703,0.9776,5.051742524972048,5.3492079782178905,5.3322273933283615,0.9671,0.9559,0.9702,0.9973,0.9973,0.9353,0.5859383864727025,0.7418479796642994,0.7977903854548107,0.7678415871337619,0.9547,0.9952,0.9987,0.9988,0.9266,10.386190713146624,0.9988,13.14980341762416,20.204958247814467,15.83466302040936,0.9961,0.9951,0.9971,0.9998,0.9937,20.870501921655293,0.9998,26.42383575236397,58.65670422377082,35.32295037272882
0.9807,0.9848,0.9931,0.9897,0.991,0.9341,3.692538763926939,4.675069060318215,5.273628856321508,4.9084199307026655,0.9537,17.80620019395136,0.9722,0.9811,0.9839,0.9913,0.949,3.001838844173572,0.9913,3.800584043031845,4.04212659757564,3.863977596404285,0.9235,0.9573,0.9711,0.9792,0.8993,4.409105742672833,0.9793,5.582303980830728,7.527848390089668,6.254921897013622,0.9654,0.9752,0.9839,0.9785,0.9148,3.8774245866298296,0.9783,4.909150283203074,5.875384803516706,5.442617314476463,0.9608,0.9709,0.9802,0.9915,0.9434,5.204347909727046,0.9915,6.589148400982933,7.163875689007693,6.568317504294507,0.9401,0.9783,0.9877,0.9884,0.9883,0.9025,0.5017148591939717,0.6352138095972761,0.6973994209218188,0.6235895603675804,0.9707,0.9713,0.9779,0.9994,0.9476,12.00386070889404,0.9994,15.197911624586098,22.1044244380318,18.60292174906365,0.9795,0.9901,0.9936,0.9973,0.9718,7.890634338364895,0.9973,9.990216168331632,19.294013752613587,14.656610434434608
0.961,0.9708,0.9861,0.9796,0.9804,0.8928,3.260917865791483,4.128600184656669,4.834820592750031,4.349664083052309,0.9083,14.059710111657292,0.9769,0.986,0.992,0.9995,0.9559,3.2033224650339065,0.9995,4.055679494228488,6.9018611466924105,5.2334662092932245,0.9607,0.9924,0.9953,0.9962,0.9444,6.671243050155312,0.9962,8.44636277954078,14.58007359663194,12.081941056353994,0.9718,0.9643,0.9719,0.9743,0.928,4.097559574868963,0.9738,5.187859956521658,7.085168044854672,6.459706888651622,0.9338,0.9513,0.9654,0.9745,0.9085,3.984910370390926,0.9747,5.045236454320519,5.165305972094245,5.124739109413502,0.9809,0.9666,0.9952,0.9947,0.9947,0.956,0.5996726026456216,0.7592366689111121,0.776844318455574,0.7075959331712409,0.966,0.9897,0.9926,0.9913,0.9432,10.662248794255454,0.9913,13.49931649693174,14.326451970915915,13.908589658911763,0.984,0.9925,0.9951,0.9971,0.9775,8.841177729093284,0.9971,11.193685185338866,18.11043127728029,14.63996978167147
0.9572,0.9795,0.9885,0.9823,0.9843,0.8863,3.1743367548797194,4.018981112600917,4.9714113747023845,4.636465476122483,0.9323,15.301602184239297,0.9458,0.935,0.9435,0.978,0.918,2.4530962802653606,0.9786,3.10582914765501,3.1397381142899263,2.99155752319211,0.9733,0.982,0.9864,0.9928,0.961,7.819747835338039,0.9929,9.90046780865766,11.002747456209852,10.902753561848142,0.9833,0.9865,0.9878,0.9906,0.9504,4.521962616768198,0.9907,5.725190410482278,8.128767627616135,6.780880534054313,0.9731,0.9954,0.9964,0.9984,0.9574,6.219505857590333,0.9984,7.874424959148184,10.864736922565204,10.010109377155276,0.9595,0.9736,0.9801,0.9852,0.9848,0.9257,0.5423194598137235,0.686622697682204,0.6436789947450487,0.6404599935702459,0.9615,0.9906,0.9958,0.9965,0.9356,10.487506127298056,0.9966,13.278077374463807,17.273379882471804,15.282719198951218,0.9411,0.9585,0.9642,0.9724,0.9243,3.5186156475919828,0.9725,4.454867558848543,5.150349616879055,4.898824212626221
0.9327,0.9228,0.9388,0.9447,0.9456,0.8488,2.894337947097297,3.664478737168172,3.9706972108074328,3.781158750467108,0.9423,16.21753430335981,0.9648,0.9811,0.9848,0.9937,0.9379,2.9871921550287777,0.9938,3.782040085165821,4.201821191456164,4.139788874115358,0.9427,0.96,0.9656,0.968,0.9198,5.03826482525109,0.9688,6.378873048626167,6.208366242194844,5.950764809534509,0.9847,0.9947,0.997,0.996,0.9527,4.55756552856595,0.9961,5.770266733858746,7.7212007054770755,6.984836942986027,0.9647,0.9725,0.9748,0.9936,0.948,5.744993877029966,0.9936,7.273652314392279,7.528937108415292,7.507967238444466,0.9744,0.9514,0.9579,0.9944,0.9942,0.9431,0.592058649220084,0.7495967543801729,0.7572683314444812,0.714011491356592,0.9494,0.9601,0.9739,0.9749,0.9231,9.1609955780506,0.9749,11.598601863588655,11.179821485699437,10.50144577774862,0.9558,0.9829,0.9866,0.9885,0.9421,4.487653792965631,0.9885,5.681752512897498,8.471855115373046,7.331413179365281
0.9661,0.9467,0.954,0.9658,0.9656,0.9055,3.358437280620175,4.252068082543028,3.950155946542981,3.830789798778856,0.9464,16.479214342616714,0.9753,0.9757,0.9788,0.9973,0.9538,3.0523292197772864,0.9973,3.864509165534213,5.1223624373175936,4.52540261878154,0.9289,0.9463,0.9507,0.9673,0.9036,4.474142445572838,0.9673,5.664645994537733,6.100406283815077,5.851069154497814,0.9716,0.9903,0.9939,0.993,0.9272,4.076772126531108,0.9932,5.1615412736911175,7.492054851300098,6.357248073260816,0.9736,0.996,0.9982,0.9993,0.9585,6.232324169172843,0.9993,7.890654035053993,12.287886259988904,9.965933901340884,0.9729,0.9745,0.9785,0.9872,0.9869,0.941,0.6081876083064324,0.7700173924345006,0.6577244689443392,0.6498481485898335,0.9306,0.9726,0.9778,0.9828,0.8991,8.550514511972505,0.9829,10.825680757976055,11.987723826880588,11.752266466723148,0.968,0.985,0.9914,0.9911,0.9574,5.550418371816254,0.9911,7.027303126888283,9.648654770541476,8.101908587586621
0.9399,0.9608,0.9721,0.9714,0.9715,0.8559,2.9434998049072263,3.726721842816856,4.600806234558425,4.168692856047473,0.9287,15.129335375083848,0.9434,0.9627,0.9655,0.9786,0.9148,2.418853850920164,0.9789,3.062475311116917,3.1503175466485724,3.1003158534856854,0.9641,0.9834,0.9883,0.9971,0.9488,6.947391390333762,0.9971,8.795990134529882,15.43401285822147,12.201250320280735,0.9695,0.9713,0.9802,0.9773,0.9264,4.034074988543734,0.9757,5.107483054798752,6.073502868554938,5.794056726100004,0.9601,0.9683,0.9859,0.989,0.9426,5.105080318643918,0.9892,6.463467162833518,6.678838193340091,6.304590424533906,0.9623,0.9664,0.9728,0.9729,0.9725,0.9295,0.567837085801639,0.7189301889167732,0.5978405569451026,0.5868892011602389,0.9509,0.9638,0.9731,0.9852,0.9243,9.34899598566892,0.9852,11.83662641666035,12.55570776477182,11.577886310235824,0.963,0.9673,0.9705,0.9869,0.9511,5.099828061666981,0.9869,6.456817357466655,7.886571166990296,7.726974984105465
0.9797,0.9887,0.9932,0.9917,0.9913,0.9339,3.6605003376976697,4.6345056797332935,5.280343572029861,4.994966441213933,0.9493,17.02366103592077,0.9782,0.9586,0.9596,0.9911,0.9587,3.1313810003334317,0.9911,3.964595463084158,3.83303901244797,3.804252773555154,0.9338,0.9572,0.9627,0.9707,0.9089,4.893889376540969,0.9709,6.196081414878648,6.369266679365399,6.204169682570644,0.9558,0.9631,0.9789,0.9725,0.9018,3.699629169219526,0.9729,4.684046118252534,5.4624633792335935,4.946149435655422,0.9536,0.964,0.9744,0.9894,0.9353,4.801121425599915,0.9894,6.078629275588873,6.730303235495895,6.309560246994502,0.9644,0.9518,0.9642,0.9904,0.9904,0.9322,0.5854430350441493,0.7412208225007141,0.7177660760709639,0.6591357872972945,0.958,0.9103,0.9112,0.9804,0.9341,9.597858014405968,0.9805,12.15170697375633,11.268731753736288,11.264682100610116,0.9482,0.9784,0.9842,0.9853,0.9335,4.165108519743196,0.9853,5.2733826828701895,7.507847123950631,6.73014165366156
0.9801,0.9679,0.9706,0.9816,0.9823,0.9345,3.657130401248781,4.630239052722807,4.388071866796379,4.324506607328651,0.9325,15.557608029205914,0.9572,0.9806,0.9911,0.991,0.9293,2.7039695681934406,0.991,3.4234561304535776,4.062276401052043,3.6249258818281738,0.9583,0.9771,0.98,0.9938,0.9416,6.448887430777837,0.9938,8.164841597774226,11.613115527641314,11.021464424462517,0.9693,0.981,0.9885,0.9844,0.9251,4.008187591146495,0.9855,5.074707401417313,6.298814633227929,5.762235264798454,0.9549,0.9843,0.9864,0.9924,0.9367,4.953265186703272,0.9924,6.271256255487743,7.205436288112668,7.186705573880204,0.9461,0.9859,0.9944,0.9935,0.9932,0.9083,0.543574844124333,0.6882121213076717,0.752269999710258,0.6894490542760017,0.9767,0.984,0.9847,0.995,0.9591,12.247844517013707,0.9951,15.506815938252888,15.578369670571451,15.495938141775438,0.9733,0.9904,0.9929,0.993,0.9641,6.515136403360845,0.993,8.248718448310335,10.87298344567642,10.390638970900811
0.9721,0.9218,0.9375,0.9546,0.9538,0.917,3.4592011672801384,4.379643758531444,3.891522939487128,3.638368632314176,0.931,15.70674041577481,0.9653,0.9804,0.9883,0.9945,0.9387,2.9290389586235097,0.9945,3.708413177865936,4.454937607758962,4.100173701892428,0.97,0.9877,0.9882,0.9921,0.9554,7.211161664758645,0.9921,9.129945802386972,10.768152899015709,10.541299727992822,0.9604,0.9841,0.9886,0.9885,0.905,3.750366882129938,0.9883,4.748284390883832,6.51814299542475,5.955804266468983,0.9409,0.9767,0.9853,0.9861,0.9172,4.289012227408002,0.9861,5.430255346150349,6.35757163687992,6.077521965041161,0.9562,0.9788,0.9916,0.9951,0.995,0.9201,0.5482027395443392,0.6940714316834546,0.775489889339117,0.6855218272803614,0.9775,0.9792,0.9874,0.9986,0.961,12.29863859137638,0.9986,15.571125569290558,19.625078966569003,15.837963897588756,0.9587,0.9785,0.9827,0.9923,0.9452,4.888247741987645,0.9923,6.188938624284944,10.347621310215938,8.739735288087806
0.9697,0.9427,0.9464,0.9696,0.9689,0.9121,3.4033191761656503,4.308892390870652,4.050759332498602,3.943667468869399,0.9323,15.396707478506988,0.9807,0.9827,0.9843,0.9984,0.9618,3.417763726016269,0.9984,4.327180423147133,5.6745148375083545,5.132638850975705,0.9574,0.9848,0.9922,0.994,0.9419,6.051626905433548,0.994,7.661875885114319,11.959104242179077,9.911430077286942,0.9797,0.9845,0.99,0.988,0.9459,4.424648240334149,0.9881,5.601982108693958,6.396998521363923,6.07751005757898,0.961,0.985,0.9887,0.99,0.9437,5.2287473980831525,0.99,6.6200402345949705,6.837533605988625,6.4006781350879365,0.9777,0.9805,0.9927,0.9979,0.9978,0.9482,0.6090320645730312,0.7710865461027938,0.8280364373245888,0.754433408180261,0.9173,0.9729,0.9874,0.9875,0.8836,7.875081769652628,0.9877,9.970525289658807,13.169875667679584,10.907559604081394,0.9558,0.9777,0.9824,0.984,0.9424,4.465926061909804,0.984,5.654243351936928,6.967588113714102,6.118888019077455
0.9621,0.9745,0.9803,0.98,0.9802,0.8989,3.277892359375172,4.150091341511385,4.659476093438068,4.478477320592087,0.9457,16.49375523586287,0.9614,0.9786,0.9915,0.9991,0.9343,2.8565144037821213,0.9991,3.616590904863784,6.313571092868583,4.508369585103649,0.9736,0.9753,0.9876,0.9951,0.9611,7.884725499789179,0.9951,9.982735074652236,12.405244338890414,12.26561375108243,0.9536,0.9679,0.9759,0.9722,0.8965,3.635124438984419,0.9724,4.6023776273182335,5.331410388613797,5.054753596684019,0.971,0.986,0.9906,0.9972,0.955,5.849625861892923,0.9972,7.406125332666644,9.06548795751358,8.65189988033914,0.9431,0.9365,0.9373,0.9671,0.9664,0.9089,0.4924772082617852,0.623518155516408,0.5490623581119654,0.548522259690486,0.9539,0.9545,0.9584,0.9899,0.9272,9.795562581976943,0.9899,12.402017821123495,13.779463318816646,13.0339293742976,0.9221,0.9351,0.9655,0.981,0.9,3.0129261946221386,0.9811,3.814621574485645,6.301120659725828,5.191384107072576
0.9763,0.9877,0.9902,0.9905,0.9907,0.9259,3.556253820372118,4.502520696242879,5.14731467775381,4.950044748158373,0.9644,18.003281879416306,0.953,0.9626,0.9784,0.9838,0.925,2.5203682513554884,0.9838,3.191001201566128,3.515802097938738,3.1252298468677657,0.9414,0.9405,0.9586,0.9727,0.9192,4.696581269192601,0.9727,5.9462725199726085,6.719766905958871,5.993324620915488,0.9689,0.9788,0.9883,0.9865,0.9249,4.004060846126923,0.9865,5.069482590198187,6.58013985360509,5.551539725057118,0.9733,0.9805,0.9849,0.9984,0.9585,6.100661191746728,0.9984,7.723957474365866,10.864496888760025,9.43953460249562,0.9485,0.9665,0.978,0.9774,0.9771,0.9135,0.5167185249177013,0.6542097302634597,0.624331872681406,0.5979020658946991,0.9676,0.9728,0.9878,0.9909,0.9457,10.909983656706329,0.9912,13.812969965358588,14.1529182052743,13.71900887690956,0.9647,0.9479,0.9631,0.9937,0.9537,5.366133623224871,0.9937,6.793982915102108,11.815010842626371,9.043626928396945
0.9684,0.9725,0.9871,0.9829,0.9826,0.9083,3.433232965250124,4.3467657995920215,4.90386610936846,4.422609651365029,0.9695,20.00526532233205,0.9603,0.9627,0.9707,0.9832,0.9342,2.745081190594406,0.9834,3.4755069513640784,3.4430928483385457,3.232875236726024,0.9292,0.9792,0.9828,0.9823,0.9031,4.743463887503351,0.9823,6.005629913989024,8.131707348553473,7.4906678130707585,0.9827,0.9897,0.9912,0.9918,0.9477,4.492894049587468,0.9915,5.688387124791138,7.288478632793906,7.032659906712226,0.9275,0.9622,0.9806,0.985,0.9028,3.899660383309725,0.985,4.937302698583314,6.126059328483894,5.309632855312123,0.9524,0.9783,0.9849,0.9921,0.9917,0.9161,0.5511176244754736,0.6977619246551366,0.7359085907916927,0.6719169625432528,0.97,0.9846,0.9864,0.9904,0.9485,11.270817126749618,0.9905,14.269815918664882,13.905679260095075,13.506116295781515,0.9589,0.9596,0.9651,0.9878,0.9455,4.978218693575381,0.9878,6.302849523800564,8.239793604172403,7.891340466889399
0.9689,0.9818,0.9865,0.985,0.9849,0.9111,3.384852554421069,4.285512072481014,4.85933295617651,4.685922151092223,0.912,14.297742049275373,0.975,0.9679,0.9762,0.9945,0.9529,3.064155361957149,0.9945,3.879482070341096,4.3762231970089145,4.143370805244358,0.9558,0.9874,0.9904,0.9921,0.9387,6.011006516784277,0.9921,7.61044700803725,10.67189004768173,9.354823105970672,0.982,0.9783,0.9797,0.9865,0.9483,4.473757676835361,0.9864,5.664158844494103,6.2709481583241855,5.845117662292036,0.9525,0.9901,0.9935,0.9983,0.931,4.889148496327616,0.9983,6.190079056116529,10.636160725298838,8.0619567214663,0.972,0.99,0.9961,0.9946,0.9946,0.9396,0.6090091778743778,0.7710575695899915,0.7605994701323658,0.7354575920356244,0.956,0.9741,0.9854,0.9919,0.9313,9.76161332622372,0.9922,12.35903516736147,14.666312694952346,13.319338535102055,0.9585,0.954,0.9637,0.9839,0.9454,4.736780932621643,0.984,5.99716872303168,6.938218013263029,6.780208789244793
0.9541,0.9745,0.9814,0.9778,0.9789,0.8827,3.143606951616136,3.9800745603202135,4.668579033930548,4.457818904001629,0.9384,15.838019628198984,0.9753,0.9843,0.9921,0.9982,0.9534,3.0943563762625765,0.9982,3.917719130693409,5.514525563804867,4.548949458971913,0.9605,0.9811,0.9834,0.994,0.9447,6.4551047722817225,0.994,8.172713282476957,12.037878314957313,11.053002584545746,0.9458,0.96,0.9685,0.9645,0.8827,3.4952087642877605,0.9643,4.425232447904529,5.476358161317517,5.100849487796218,0.9724,0.96,0.9617,0.9874,0.9572,5.879427276748862,0.9876,7.443856466028814,6.456733257795114,6.396106139566491,0.9524,0.9785,0.9843,0.9941,0.9941,0.9161,0.5513734941912696,0.6980858775418266,0.752818540528212,0.7243079025678918,0.9397,0.9535,0.9577,0.957,0.9122,8.760527568802347,0.9571,11.09157520269785,9.468926622119106,9.285800063101084,0.9446,0.9736,0.9792,0.9802,0.9295,3.750700265732145,0.9802,4.7487064829628975,6.207753669411054,6.024803176913088
0.9754,0.9916,0.9938,0.9925,0.9925,0.925,3.58055270644737,4.533285158785662,5.755177374087568,5.370904661857685,0.934,15.579587538662576,0.9748,0.9819,0.9882,0.9921,0.9529,3.023830600112218,0.9922,3.8284274820162185,4.121123042224148,3.941233606877952,0.9725,0.9916,0.9973,0.9969,0.9597,7.936986059284528,0.9969,10.048901400963675,15.333510376931368,13.67537656283266,0.9609,0.9897,0.9936,0.991,0.907,3.778441248108006,0.9912,4.7838289330439085,6.8816809672923664,6.255320699712293,0.9491,0.9533,0.9806,0.9894,0.9266,4.549684468890868,0.9895,5.760288640030878,6.730539236310106,5.946153260143712,0.9395,0.9817,0.9883,0.9976,0.9975,0.9005,0.5238407567591805,0.6632270833235809,0.8133937386031396,0.7119586454003943,0.9579,0.9754,0.9897,0.9964,0.9322,10.140661552904678,0.9964,12.838942556347162,16.887083925112567,14.019632230341037,0.9824,0.9644,0.9694,0.9961,0.9752,8.18467997797904,0.9961,10.362503031102335,14.961259759781496,12.429991062583682
0.9725,0.9581,0.9674,0.9739,0.9723,0.9199,3.477026501808957,4.4022121526021065,4.293326670187803,4.063114658959808,0.895,13.50515233797298,0.9618,0.9941,0.9959,0.9962,0.9345,2.8824982550085627,0.9962,3.649488677020808,4.961545883875359,4.619003806499497,0.9659,0.9834,0.9884,0.994,0.9516,6.728543656758582,0.994,8.518910235422739,11.938160525994851,10.142520101156055,0.9629,0.9859,0.9914,0.9912,0.9132,3.848900721789016,0.991,4.8730366371390925,6.913647199788148,5.9307435362176,0.9275,0.9669,0.9753,0.9921,0.9024,3.9377943168327336,0.9921,4.985583511368079,7.257999373601605,6.045789825622487,0.9445,0.9371,0.9433,0.9568,0.9566,0.9074,0.5297309440886739,0.670684562934251,0.534805819101497,0.5255726693659842,0.9547,0.9856,0.9957,0.9955,0.9273,10.161458937411746,0.9955,12.865273819215512,16.334565260056422,15.389745025875408,0.969,0.9856,0.9921,0.9954,0.9581,5.679407351437822,0.9954,7.190614178255418,13.173356232518463,9.438570182349066
0.9664,0.9767,0.9904,0.989,0.9883,0.9061,3.390950245856635,4.2932322699907255,5.164948104481108,4.53092118962115,0.9259,15.307975906863362,0.9699,0.9742,0.9767,0.9951,0.9438,3.029700531358404,0.9951,3.8358593156975127,4.594503265710473,4.139573910843634,0.9513,0.9533,0.9627,0.9763,0.9317,5.528848108419604,0.9763,6.999993333416716,7.056604945078859,6.753139400403923,0.9794,0.9817,0.9885,0.9877,0.9419,4.322946175979162,0.988,5.47321861971413,6.508999627189636,5.8708257117157086,0.9773,0.9749,0.9844,0.9984,0.963,6.55690638899085,0.9985,8.301602813229255,11.014736695499405,9.67761386359238,0.9552,0.9676,0.9779,0.9784,0.9783,0.9174,0.5592357168223324,0.708040122065106,0.6332820211844836,0.6026383558862027,0.9745,0.991,0.9921,0.9955,0.9535,12.05224534164699,0.9955,15.259170697012902,15.915972119004,15.677243049969718,0.9802,0.971,0.9838,0.9977,0.9724,8.04816680922623,0.9977,10.189665714458018,21.074341484673152,13.388220135274132
0.9773,0.979,0.9831,0.9851,0.9853,0.9264,3.5824392580761413,4.535673694076484,4.772108966845085,4.6381992623712085,0.9385,15.678095643661074,0.9571,0.9404,0.9444,0.9949,0.9287,2.7046741675632875,0.9949,3.42434821336035,4.47212759996945,3.9818308653155934,0.9527,0.9572,0.9693,0.9939,0.9338,5.881983346041567,0.994,7.44709266779414,11.798477067461114,9.005313761943665,0.9723,0.9884,0.9916,0.9892,0.9315,4.10685317732158,0.9891,5.199626450000232,6.537991656839928,6.179304643840791,0.9326,0.9858,0.9885,0.9896,0.9072,4.082323094478163,0.9898,5.168569272627138,6.730632711582063,6.649675558026195,0.9586,0.9644,0.9754,0.9758,0.9756,0.9232,0.5537954194623715,0.7011522415328955,0.6139794940321891,0.5930267802433429,0.982,0.9893,0.9906,0.9997,0.9657,13.142749913153894,0.9997,16.63984250801528,29.539337397759077,21.17888330231717,0.963,0.9758,0.9818,0.991,0.9512,5.04702438157537,0.991,6.389963394150448,9.629106491459098,8.280237439111596
0.9754,0.9814,0.9834,0.9833,0.9833,0.9224,3.542016752035836,4.484495353262376,4.880305679714779,4.80463042955598,0.9452,16.310578542548377,0.9618,0.9758,0.9819,0.9823,0.9367,2.716244738509917,0.9829,3.438997543184928,3.4759123739865943,3.243352819202992,0.9643,0.956,0.9734,0.989,0.9503,6.479736809966402,0.989,8.203899543376158,9.423613861244943,8.871936392546148,0.9613,0.9713,0.9752,0.9747,0.9071,3.775655727051781,0.9748,4.780302225773008,5.330147468512285,5.158067201726324,0.9629,0.9767,0.982,0.9826,0.9472,5.095569206284684,0.9826,6.451425283258887,5.930523267362934,5.749580899749708,0.9728,0.9723,0.974,0.9977,0.9976,0.9399,0.6284006971831061,0.7956088871925147,0.806803298336611,0.7777673320727254,0.9672,0.9783,0.9829,0.9941,0.9446,10.763257251177276,0.9941,13.627201819734283,15.215883517055357,15.001318592724903,0.9545,0.9728,0.9781,0.9794,0.9408,4.247895973459181,0.9795,5.378198661305179,6.096477834984156,5.966189815188841
0.966,0.9796,0.9911,0.9849,0.9862,0.9065,3.3288035694349856,4.214549276333679,5.083290739273599,4.60929320187092,0.9557,17.228194435437324,0.9593,0.987,0.9937,0.993,0.9313,2.801472207980371,0.993,3.5469027897061043,4.253859576980708,3.878575832010586,0.9601,0.9801,0.9842,0.9929,0.9447,6.340470583750786,0.9929,8.027576621139453,11.20524707292534,9.843226280784032,0.9857,0.9892,0.9948,0.9925,0.9524,4.614084593139832,0.993,5.841824690863502,7.7523668320409564,6.875400771938356,0.9517,0.9701,0.9802,0.9806,0.9304,4.659545987829932,0.9806,5.899382694541322,5.767931017708907,5.394940392037524,0.9797,0.9809,0.9833,0.9977,0.9977,0.9491,0.6504745712192401,0.8235562946932402,0.802063733435262,0.7841325765693414,0.9723,0.9821,0.992,0.9915,0.9512,11.677525398952035,0.9916,14.784743284769746,14.508830001408889,13.505627906079006,0.9569,0.9686,0.9719,0.9862,0.9438,4.665048835503165,0.9862,5.906349769105874,7.640612061842813,7.016294320855408
0.9912,0.9964,0.9997,0.9989,0.9988,0.957,4.019252157285731,5.088716085991926,6.823010214025352,5.677695064321045,0.9484,16.69007835682161,0.9722,0.9917,0.9935,0.9935,0.9474,3.1083161077540407,0.9937,3.9353933415706654,4.295766912306103,4.145048849901557,0.9816,0.9807,0.9856,0.9994,0.9722,9.328412338515047,0.9994,11.810565763513615,21.86241773874457,16.679304571987778,0.9696,0.9767,0.9882,0.9813,0.9205,4.017930104242254,0.983,5.087042254063596,6.334983322758966,5.543271883380453,0.9495,0.9456,0.965,0.9925,0.9278,4.496134457440002,0.9925,5.692489757549443,7.398601212243964,6.395930456483453,0.943,0.9672,0.9793,0.9767,0.9764,0.9045,0.5427916771933171,0.6872205651663996,0.6257753919549228,0.5813301940715918,0.9363,0.9655,0.9798,0.9852,0.9065,8.94281855070087,0.9852,11.322371135776288,12.480492829666456,11.02199072194136,0.9818,0.9837,0.9865,0.9979,0.9742,8.221790900023876,0.9979,10.409488624089636,21.70697912974036,13.62842451446782
0.9666,0.9677,0.9702,0.9721,0.9726,0.9069,3.356221021975545,4.249262110045084,4.468452953443369,4.42289596552272,0.9391,15.74194309232151,0.9287,0.972,0.9814,0.9926,0.8913,2.409166697839506,0.9927,3.0502105489721347,4.165439460529134,3.494985621078249,0.9507,0.9392,0.9469,0.9833,0.9315,5.424628669916888,0.9833,6.868042634025922,8.24171656015624,7.63337216770123,0.9576,0.963,0.9768,0.9703,0.9061,3.76637818803018,0.9698,4.768556069968362,5.798869041866231,5.196261686130413,0.9676,0.9837,0.9865,0.9996,0.9506,5.910422347490716,0.9996,7.483098869565157,13.17839592442654,9.638944386253003,0.9784,0.9624,0.9824,0.9883,0.9883,0.9497,0.6136419509881319,0.7769230555421422,0.6895201243628306,0.6509356695948654,0.9337,0.9433,0.9555,0.9654,0.9044,8.388330060285424,0.9657,10.620341407295662,10.266889039707692,9.538267524589848,0.9571,0.9847,0.9916,0.9929,0.9438,4.876934990762333,0.9929,6.174615716220387,10.70900390440054,8.68713294251847
0.9863,0.9935,0.998,0.9964,0.9965,0.9466,3.8562007453743066,4.882279089713077,5.9442447285348,5.322448293539775,0.9568,17.329835588971683,0.9807,0.9708,0.976,0.9971,0.9626,3.269798437588374,0.9972,4.139843746092279,5.054836857245597,4.800495097168722,0.9713,0.9476,0.9647,0.9958,0.957,7.522668562351243,0.9958,9.524340107258698,13.615719435478292,12.215271060961054,0.9769,0.961,0.9617,0.9769,0.9386,4.303607197850592,0.9771,5.448733823727616,6.571036826996991,5.956685125173074,0.9116,0.9525,0.9666,0.9657,0.8847,3.445491024176906,0.9658,4.362285547844363,4.688860904266738,4.308305794437497,0.9587,0.9616,0.9744,0.9964,0.9963,0.9219,0.5718591850760455,0.7240225096959079,0.7863158012896362,0.6880164582281988,0.9587,0.987,0.9953,0.9963,0.9334,10.119327368674211,0.9963,12.81193165923828,16.90196026187316,13.613231101286187,0.9734,0.9873,0.9916,0.9951,0.9637,6.693372810321629,0.9951,8.47438094364958,12.997727806343008,11.5304745449864
0.9613,0.9528,0.9732,0.973,0.9715,0.897,3.2485120926523576,4.112893417611014,4.501067505924627,4.066479341722275,0.9117,14.636405079230794,0.9434,0.9683,0.9729,0.9748,0.913,2.535277283819745,0.975,3.2098773084533034,3.056676611100852,2.994106268224004,0.9504,0.9565,0.9757,0.9899,0.9304,5.5929670173816985,0.9899,7.081173341707615,9.843122889140826,8.275443123700011,0.9742,0.98,0.9835,0.9835,0.9307,4.19618063666419,0.9835,5.312722633441607,6.142216259078955,5.834857919814162,0.9641,0.973,0.9754,0.9911,0.9481,5.211831869858273,0.9911,6.598623732914437,6.974819684406278,6.974722952097541,0.971,0.976,0.9888,0.9883,0.9883,0.9374,0.6042375188791609,0.7650162422645055,0.697231300231195,0.647090512308577,0.9692,0.9668,0.9716,0.9962,0.947,11.118031559064338,0.9962,14.076376356885175,16.690032068284676,15.147655654303115,0.9839,0.975,0.9878,0.9977,0.9774,8.982700462151868,0.9977,11.372865037725909,21.244131359443696,16.76434872781788
0.973,0.9661,0.9756,0.9737,0.9737,0.915,3.5107870762533424,4.444955919732032,4.539503584161007,4.35977461984967,0.9391,15.78092916923108,0.9458,0.9745,0.979,0.9807,0.9169,2.538867684781645,0.9812,3.21442306234358,3.323570447849069,3.2092911699682576,0.9688,0.9688,0.9713,0.9969,0.9531,7.298280635521979,0.9969,9.240245850895953,15.204891709284883,12.37381914564419,0.9694,0.9783,0.984,0.9834,0.926,4.030006385644585,0.9831,5.1023318564637865,6.411559027494075,5.732417974355529,0.9604,0.9862,0.9895,0.9925,0.9434,5.056497666565527,0.9925,6.401957381049034,7.37428159835892,7.184663942750472,0.9582,0.9904,0.9937,0.999,0.999,0.9218,0.5644956964260279,0.7146997049362116,0.8613275629199885,0.7919095235280476,0.9571,0.9772,0.9867,0.991,0.9322,9.92541820619522,0.9912,12.566426118477576,14.338741031690464,12.156614079158574,0.9539,0.9801,0.9853,0.9875,0.9397,4.396058438882198,0.9875,5.5657849812556766,8.107997882801438,7.346731549128865
0.9719,0.9692,0.9792,0.9794,0.9794,0.9187,3.457945869073101,4.378054443920443,4.592748415956716,4.289474213552979,0.8942,13.479758006275391,0.9597,0.9698,0.9779,0.995,0.9313,2.8634175843618097,0.9951,3.625330920340716,4.55319468095343,3.983398843715407,0.9513,0.9803,0.9874,0.9904,0.9316,5.62246396438972,0.9905,7.118518992802255,10.251211829534135,8.718809345536627,0.9735,0.9847,0.9887,0.9869,0.9329,4.14435576084321,0.9867,5.247107919827109,6.054802156828997,5.762905554370573,0.9586,0.9735,0.9752,0.9883,0.9407,5.1485570396027125,0.9885,6.518512400268585,6.487953778380475,6.450764692237142,0.9827,0.9835,0.9877,0.9985,0.9985,0.9575,0.6416153152549173,0.8123397209199703,0.8415681176298035,0.7465717100760512,0.9677,0.9869,0.9912,0.9935,0.9458,10.9364651085291,0.9935,13.846497742317467,15.23782912888967,14.396089069740771,0.9832,0.9916,0.9936,0.9983,0.9763,8.830768542686556,0.9983,11.180506267411564,22.76334443395662,16.799925922350898
0.9739,0.9535,0.9602,0.9756,0.975,0.9197,3.5059272265080668,4.438802935394023,4.183496338614709,4.087003236053325,0.9304,15.365407456963036,0.9686,0.9865,0.9932,0.9931,0.9427,2.96735585796536,0.9931,3.756925640984916,4.293345875627413,4.032998654086873,0.9617,0.9831,0.9881,0.9969,0.9463,6.618417357944679,0.9969,8.379480947004192,15.255701631490457,10.89830866304646,0.9715,0.975,0.976,0.9791,0.9301,4.082920278294955,0.9793,5.169325358280858,5.355698202972372,5.312795272311693,0.9486,0.9742,0.9804,0.9906,0.9253,4.602045206631689,0.9906,5.826581800546604,6.972397673425301,6.184817878554606,0.97,0.9797,0.9885,0.9914,0.9912,0.9374,0.5838993742021044,0.7392664161955531,0.7202879245992662,0.6945066416174159,0.9589,0.9856,0.9898,0.9945,0.9331,10.443876889385075,0.9945,13.222839037554566,15.42025321981832,15.28994309603131,0.9841,0.9885,0.9893,0.9967,0.9778,8.987786547860793,0.9967,11.37930445609254,16.80159633322552,14.634906977068086
0.9819,0.9892,0.9912,0.9909,0.9909,0.9371,3.705773744206877,4.69182567433812,5.299660504597616,5.078809764122127,0.924,15.761000106040925,0.9657,0.9898,0.9947,0.9962,0.9385,2.998932077609489,0.9962,3.7969038286053736,4.935305020725759,4.699562716091904,0.967,0.977,0.9893,0.9921,0.9522,6.921933240210208,0.9921,8.763757944813074,10.669941373217869,9.958040519878647,0.9627,0.9763,0.986,0.9815,0.911,3.825983131554692,0.9827,4.84402101295981,6.683471163585651,5.7907022206454855,0.952,0.9744,0.9754,0.9816,0.9311,4.6286298345236565,0.9817,5.860240207210326,5.785311746698032,5.7323726190720645,0.9483,0.9744,0.9818,0.9797,0.9789,0.9129,0.5217077601737812,0.6605265276951384,0.6349496815580581,0.6047872601902466,0.9587,0.982,0.9884,0.9872,0.9339,9.880843961669608,0.9873,12.509991322584703,13.171850352313356,12.38010151929364,0.9899,0.969,0.9773,0.9987,0.9867,12.527829279472384,0.9987,15.86130053110766,25.30547375797093,21.511680575114344
0.9843,0.9865,0.9922,0.9913,0.9913,0.9421,3.758570771286383,4.758671214373476,5.986412148940597,5.224308728311014,0.9185,14.609837691990794,0.9706,0.9487,0.9627,0.9886,0.9475,2.898115573540183,0.9888,3.6692615344883,3.784304299933956,3.5251177126350104,0.9444,0.9654,0.9747,0.9902,0.9203,5.2919476043592,0.9902,6.7000570869171,9.977056398099808,7.817487099920169,0.9588,0.9884,0.9946,0.9923,0.9032,3.727690172352245,0.9918,4.719573741910504,6.8825709041733525,6.0960374626047535,0.9516,0.981,0.996,0.9968,0.9302,4.734478668062787,0.9968,5.99425385970975,8.732299682759905,7.093560014469112,0.9421,0.9554,0.9815,0.9783,0.9783,0.9053,0.5098233070300024,0.64547979623383,0.6420646406849304,0.5900433661253518,0.9247,0.9722,0.9786,0.9884,0.8918,8.497110016845372,0.9885,10.75806611157347,13.337714489236438,11.946163258130172,0.9718,0.9833,0.9929,0.9967,0.9606,6.5498048152658175,0.9967,8.292611615106757,16.803756501937276,11.58869198741224
0.967,0.9792,0.9892,0.9849,0.986,0.9065,3.339643063265668,4.228273000166287,4.99256771458009,4.595485759551647,0.9529,16.89599695490368,0.949,0.9753,0.9866,0.9895,0.9192,2.572831142251036,0.9896,3.257423696689722,3.926432714794612,3.675024165758141,0.9625,0.9803,0.9896,0.9889,0.9483,6.2502316736336905,0.989,7.913326463267959,9.547598080494351,8.741432738269888,0.9651,0.9575,0.9655,0.9687,0.9142,3.875232835050108,0.9683,4.906375338739832,4.937900547709468,4.754645376965907,0.9227,0.9664,0.9768,0.9791,0.8975,3.673582506838387,0.9792,4.651068821815673,5.609733343525871,5.316374039999951,0.9716,0.9832,0.9915,0.9953,0.9952,0.9395,0.5968389957921666,0.7556490809190486,0.7759767278326639,0.6951900852060808,0.9704,0.9906,0.995,0.9965,0.9495,11.221415070498477,0.9965,14.207268701299942,17.391345492312844,14.46201285978923,0.9621,0.9847,0.9915,0.994,0.9482,5.260697399399335,0.994,6.660491661697001,12.117421959463623,9.272424108539784
0.9723,0.9863,0.9923,0.9897,0.991,0.9137,3.493189707723068,4.422676150061744,5.238279417467073,4.861262512130139,0.9316,15.27186097731926,0.9753,0.966,0.9709,0.9829,0.9545,2.977686405136309,0.983,3.7700049949315497,3.3003329691060004,3.2318604825440564,0.9625,0.9902,0.9959,0.9967,0.9477,6.470695271367883,0.9967,8.192452184238713,15.301947751106832,11.011852105773272,0.9711,0.9875,0.9919,0.9891,0.9289,4.0672135301142935,0.9896,5.14943927524905,6.590935690216966,6.065567149943608,0.9855,0.9812,0.9997,0.9996,0.9743,7.81388619220305,0.9996,9.89304646843214,13.178622886136388,12.150479182120383,0.9808,0.9785,0.9878,0.9951,0.9951,0.9524,0.6479090715207185,0.8203081532297073,0.7749113931911328,0.7219924759267733,0.952,0.9659,0.9738,0.9945,0.9256,9.663736903236918,0.9945,12.235115266693024,15.6936707656074,14.94618712471925,0.9707,0.9827,0.9934,0.9948,0.9599,6.020801931669728,0.9948,7.622848838861972,12.817488203573737,9.762205488897248
0.9746,0.9638,0.9665,0.9764,0.9755,0.9218,3.522440931695039,4.459710694831794,4.744809855269594,4.568566941045388,0.9061,14.53702800758748,0.9537,0.978,0.9896,0.989,0.9252,2.5942116988493664,0.9891,3.2844933051720284,3.922456790054846,3.453939968225489,0.9663,0.9782,0.9853,0.9899,0.9521,6.737695915546785,0.9901,8.530497775765106,9.90374646264869,9.667819018643597,0.9746,0.9779,0.9829,0.9867,0.9348,4.185462964431901,0.9863,5.299153146144331,6.935727628979761,5.986188129922477,0.9709,0.9794,0.9858,0.996,0.956,5.653212446703293,0.996,7.157449194353625,8.464946811759836,7.6958999634917316,0.9553,0.9774,0.9821,0.9855,0.9855,0.9174,0.563236822327666,0.7131058629417597,0.6497838668636943,0.644286022109146,0.9697,0.9893,0.9906,0.9959,0.9481,11.111051060020618,0.996,14.067538449637272,16.24812286728039,15.843655244237466,0.9899,0.9844,0.9942,0.9985,0.9867,12.279852968612945,0.9985,15.54734136839926,25.066700176207146,21.756894312858517
0.9476,0.9411,0.9459,0.9571,0.9559,0.871,3.053145131010111,3.865542178754767,4.118545885242022,3.9914004476956624,0.9321,15.283507177923424,0.9566,0.9529,0.9687,0.9845,0.929,2.6409019861423086,0.9846,3.343607191713456,3.492708134725966,3.17862979311387,0.9583,0.9512,0.9547,0.9892,0.9426,5.997026905765337,0.9892,7.592747627982422,9.412425149861608,8.938994001555804,0.9789,0.9962,0.9977,0.9972,0.9446,4.446588722030324,0.9972,5.629760630113508,8.85969677746773,7.447627063386246,0.9511,0.9553,0.9591,0.9806,0.9307,4.513313276997143,0.9806,5.7142396085161975,5.751350217299617,5.427474112288109,0.9414,0.9669,0.9754,0.9838,0.9836,0.9048,0.5032424684807087,0.6371478932641683,0.6631504606290644,0.6192863726987394,0.9514,0.9577,0.9664,0.9779,0.9251,9.54398149131988,0.9787,12.083494699692231,11.613723249410254,11.00150161834116,0.9824,0.9809,0.9935,0.9973,0.9752,8.305674904856685,0.9973,10.515692929777789,19.293948721231903,14.731722918785024
0.966,0.9802,0.9935,0.9927,0.9922,0.9063,3.368976108988244,4.265411138252257,5.3507430782908845,4.637931472153404,0.9553,17.237051256867517,0.9693,0.9924,0.9929,0.9946,0.9441,2.9019365505088364,0.9946,3.674099217271984,4.4480877005195545,4.349018692429585,0.983,0.9891,0.9926,0.9963,0.9752,9.67868900939717,0.9963,12.254045908553652,14.557561339198053,14.351003430977457,0.9786,0.9796,0.9861,0.9863,0.9407,4.2904575768165785,0.9861,5.432085281794464,5.932567487216572,5.506980767079911,0.9608,0.9804,0.9837,0.9954,0.9434,5.207150621742808,0.9954,6.592696873475051,8.198388936078343,7.871435172787448,0.957,0.9551,0.9637,0.9856,0.9856,0.9206,0.555981375506495,0.7039198483536915,0.6622552039118405,0.63470940724024,0.9526,0.9578,0.9672,0.998,0.9248,10.194481196438373,0.998,12.907082816045923,18.751580541292917,16.18639342281939,0.9636,0.9751,0.9777,0.9831,0.952,5.217826325177993,0.9832,6.6062132246951215,6.707878087067318,6.556665427445233
0.973,0.9756,0.9848,0.9834,0.9834,0.9196,3.5185173184030534,4.454743065707569,5.0631613861877245,4.620374492133914,0.9697,18.65200236982257,0.9039,0.9559,0.9722,0.9751,0.8639,2.0279003027807034,0.9751,2.5674947696033428,3.171394151896201,2.877269630594744,0.9682,0.9733,0.9803,0.9899,0.953,6.992364068964063,0.9899,8.852929381986977,9.880185475303453,9.257792311178784,0.9753,0.9884,0.9948,0.9915,0.9354,4.193061578523537,0.9913,5.308773639770058,6.959800373838007,6.05179648888657,0.9699,0.9931,0.995,0.9984,0.9532,5.845263016179899,0.9984,7.400601597829475,11.008924667187252,8.86102651286419,0.9651,0.9747,0.9814,0.9953,0.9953,0.9323,0.6015457740222129,0.761608263661295,0.7727143931909705,0.6957962599750291,0.9519,0.9773,0.9843,0.9925,0.925,9.79558134839523,0.9926,12.40204158100988,14.727218733445977,13.31485890951868,0.9371,0.9579,0.9659,0.9734,0.9182,3.596514020681953,0.9734,4.553493544157021,5.17068573199363,5.135263812183665
0.974,0.9773,0.9859,0.985,0.9842,0.9217,3.508189751176477,4.44166748462471,4.843695436472362,4.540586912655558,0.9531,17.681171608893813,0.9807,0.9866,0.9928,0.9961,0.9625,3.2951695895172604,0.9962,4.171965788673417,4.89839469248484,4.558416810535048,0.9562,0.9734,0.982,0.9853,0.9391,6.054822928228143,0.9854,7.665922322603086,8.635094067647492,8.377934293363337,0.9782,0.9875,0.9894,0.9896,0.9425,4.359496947276808,0.9894,5.519495014072863,6.3688072440225465,6.199191500197372,0.9806,0.9791,0.9885,0.9989,0.9683,6.744230573147139,0.9989,8.538771209714028,11.721400240817738,10.111070172624824,0.9692,0.9813,0.9863,0.991,0.991,0.9366,0.5930843198859153,0.7508953409360535,0.7121872836342598,0.693517041338316,0.9676,0.9708,0.9723,0.99,0.9455,11.01746232272155,0.9902,13.94904712480259,13.431055496259653,13.329252663249354,0.98,0.9766,0.9886,0.9962,0.9723,8.039644778474877,0.9962,10.17887609657074,15.157277726512865,14.54035646793296
0.9879,0.9817,0.9847,0.9912,0.991,0.9487,3.902102214320511,4.940394264938844,4.931493888079195,4.704414974458437,0.9669,18.19641157431816,0.941,0.9431,0.9488,0.957,0.9105,2.452238088643335,0.958,3.104742603855076,2.7252986322783244,2.616637373738223,0.9719,0.9909,0.9961,0.9966,0.9587,7.900804810535376,0.9967,10.003092853672772,15.113376610013368,12.379415491874592,0.9701,0.979,0.9821,0.9804,0.9258,4.068546880952103,0.9802,5.151127411148742,5.718413665715831,5.562803296395206,0.9862,0.9872,0.9969,0.9996,0.9761,7.814680623657878,0.9996,9.89405228642146,13.178613127335906,12.472722638910769,0.9594,0.9727,0.9788,0.9896,0.9894,0.9235,0.567346020735251,0.718308458653329,0.6961211666524779,0.6636085907371432,0.9821,0.9947,0.9991,0.9988,0.9665,13.152229787884687,0.9988,16.651844838087637,20.49917602196693,17.609142390346136,0.9593,0.9808,0.9824,0.989,0.9462,4.926896097008717,0.989,6.2378707385680325,8.983135704908593,8.642276743551276
0.9779,0.9794,0.9863,0.9848,0.9845,0.9291,3.60502213515096,4.564265542843746,5.911590346395967,5.758506218370975,0.9177,14.52666236819995,0.9582,0.981,0.9865,0.9911,0.9309,2.705392143903947,0.9912,3.4252572326532684,4.086369447890864,3.7621776022856586,0.9514,0.9773,0.9802,0.9827,0.9318,5.637862945812927,0.9827,7.138015416865652,8.230119102918716,7.730244499690443,0.9632,0.9511,0.9707,0.9672,0.9102,3.829601052948446,0.9672,4.848601610064392,5.4976468829333545,4.957673761733433,0.9215,0.9383,0.9433,0.9725,0.8963,3.602608446962752,0.9725,4.56120960770227,5.080061658614222,4.911066135340134,0.9601,0.9709,0.9786,0.9801,0.9799,0.9238,0.5828088643431462,0.7378857376901864,0.6237592683768785,0.6086489165583145,0.9397,0.9587,0.9619,0.9696,0.9128,8.625934327937191,0.9697,10.921168678535196,10.29468126720203,10.181298829301962,0.9328,0.9509,0.965,0.985,0.914,3.3812057560695767,0.985,4.280894914684639,7.403334869669679,5.7680438372933605
0.9614,0.9641,0.9743,0.9725,0.9719,0.8966,3.248439933278801,4.112802057688669,4.453846926022988,4.157063756184384,0.9507,16.77594832092843,0.9607,0.9871,0.9941,0.9924,0.9347,2.737969731221425,0.9924,3.4665032371680007,4.257754485602753,3.6609828504849498,0.9556,0.9754,0.9866,0.9868,0.9404,5.579670509596835,0.987,7.064338828617984,9.140353400823525,8.05103944182483,0.9731,0.9879,0.9905,0.9903,0.93,4.127894177517891,0.9901,5.22626615111235,7.274284134370232,6.376721917998008,0.9184,0.9533,0.9596,0.9603,0.8914,3.4978291271050974,0.9605,4.428550050756479,4.322719434147382,4.2911273961050185,0.9512,0.9717,0.9813,0.9938,0.9937,0.9137,0.5517894733383907,0.6986125426264135,0.752913304268913,0.6746332806721873,0.9721,0.9824,0.9839,0.9913,0.951,11.654634761177862,0.9914,14.75576178470414,14.303680220906354,13.943084094445316,0.9276,0.9277,0.9303,0.955,0.9072,3.067290936034849,0.9557,3.8834519745978096,3.749248622879744,3.651828554163724
0.966,0.973,0.9849,0.9812,0.9817,0.9081,3.3499956562446958,4.241380265986524,4.790068397396506,4.415413544499244,0.9372,15.58495386584442,0.9146,0.9518,0.9665,0.9806,0.8749,2.174671946950764,0.9807,2.753320191206164,3.283559467451472,2.961143741680888,0.9691,0.9905,0.9942,0.9948,0.9545,7.180678024698831,0.9949,9.091350913720737,12.24652725158952,12.17080204968108,0.9401,0.9643,0.9853,0.9749,0.8755,3.398724295592583,0.976,4.303074880107363,5.802195154353772,4.912469618390768,0.9666,0.9725,0.9827,0.9911,0.9512,5.44247999095079,0.9911,6.890643929228751,7.151189274421672,6.819960859842221,0.9698,0.9818,0.9921,0.9916,0.9912,0.9362,0.6094667108468669,0.771636845362166,0.7243146865934771,0.6974115154276942,0.9354,0.9672,0.9731,0.9751,0.9052,8.674906997380933,0.9751,10.983172255573924,11.132076943306355,10.477029672143708,0.9452,0.9635,0.9752,0.9793,0.9302,3.8390954297298,0.9794,4.86062230096983,6.085611980193591,5.1367354885486
0.9771,0.9854,0.9896,0.9893,0.9895,0.926,3.569778412490111,4.5196439835545625,5.105442712844463,4.81754726968887,0.933,15.807859385990344,0.9611,0.9852,0.9892,0.993,0.9345,2.772731810560487,0.993,3.5105149949261087,4.167857251903289,4.063945648235941,0.9463,0.9701,0.9812,0.9929,0.9234,5.382427884299121,0.9929,6.814612839573897,11.208116636994628,8.458141370582739,0.9759,0.9809,0.984,0.9888,0.9358,4.203919097459951,0.9882,5.32252018492412,6.968378327811721,5.898302123451437,0.9434,0.9721,0.9824,0.9926,0.9203,4.304234403484951,0.9926,5.449527919563331,7.399435427123,5.9124677181297205,0.9388,0.9632,0.9676,0.9759,0.9753,0.9007,0.5086077354445946,0.6439407789146184,0.6009870476094489,0.5889653546753102,0.9426,0.9672,0.9724,0.9821,0.9136,9.169796710058026,0.9827,11.60974484747434,11.99734829020751,11.608988463590867,0.9462,0.9593,0.9605,0.9766,0.9304,3.944394211347256,0.9768,4.993939540815254,5.580908230919793,5.461903482597414
0.9721,0.9682,0.9752,0.9792,0.9789,0.9169,3.458393835755387,4.378621607953186,4.474150275469439,4.275125577622429,0.9335,15.38733521195888,0.9557,0.9606,0.9696,0.9797,0.9288,2.483013158897712,0.9797,3.143706468007541,3.168084784976023,3.1314330552698517,0.9411,0.9611,0.9635,0.9788,0.9169,4.988022105348654,0.9788,6.315261479367429,7.427742110172967,7.042608666083241,0.9725,0.9856,0.9876,0.9862,0.9319,4.1134313253921295,0.9863,5.207954946594296,5.984134483556271,5.847660579658154,0.9056,0.9309,0.9386,0.9454,0.8779,3.092681060134657,0.9457,3.91559803756572,3.727020493932213,3.685787385470496,0.9668,0.9837,0.9859,0.9901,0.9901,0.9354,0.5759690107160444,0.7292258995372183,0.6905763139314829,0.6802355279186103,0.958,0.9783,0.9906,0.9935,0.9316,10.394351855210749,0.9936,13.160136119648469,15.203878127261238,14.194053174332195,0.9967,0.9954,0.9962,0.9998,0.9958,23.58874017091937,0.9998,29.86535725021641,58.65612181807138,46.25095791048386
0.9874,0.9924,0.9946,0.9956,0.9958,0.9504,3.877728518051312,4.909535086308979,5.942215739175914,5.267856477836196,0.9399,16.046539268088786,0.9478,0.9804,0.9903,0.9904,0.9188,2.534484289201304,0.9906,3.2088733096214184,4.0297932386458575,3.727583265616713,0.9722,0.9565,0.9616,0.9943,0.9598,7.497040025647844,0.9943,9.491892193597296,12.129340036434304,10.057318802357052,0.9728,0.9854,0.9878,0.9869,0.9321,4.124105559615873,0.9868,5.221469437667356,6.010963901518668,5.828530451142735,0.9584,0.9863,0.9891,0.9954,0.9404,5.212714502519616,0.9954,6.599741221155044,8.241359431900179,7.882244683416163,0.9678,0.9649,0.9704,0.9937,0.9937,0.9361,0.575246033633162,0.7283105488780667,0.7493215977057948,0.71811737760562,0.9676,0.9774,0.9805,0.9898,0.9454,11.028924395534208,0.9898,13.963559086734325,13.54000577245906,13.327979984621049,0.9244,0.9368,0.946,0.9667,0.9031,3.000398135288626,0.9667,3.7987599826864975,4.592171948923648,4.093406377550217
0.9325,0.9349,0.9467,0.9517,0.951,0.8466,2.871780297590692,3.6359188286542574,3.829327168242146,3.660477285594843,0.9329,15.86494787367135,0.9735,0.9232,0.9609,0.9886,0.952,2.874604300928985,0.9866,3.639494257776918,4.107099741616906,3.63941026567661,0.9491,0.9691,0.9806,0.9899,0.9292,5.494690880731819,0.9899,6.956747369444877,9.881578001291054,8.687646235008307,0.9399,0.9368,0.9543,0.9448,0.8742,3.38197335627652,0.9451,4.281866762025345,4.598462722325124,4.236044264920819,0.9442,0.9672,0.9749,0.9773,0.9222,4.250956985570628,0.9774,5.382074163752245,5.436137759898714,5.026997553879266,0.976,0.9671,0.9737,0.9872,0.9868,0.9451,0.6038672985219827,0.7645475117113554,0.6569781026679302,0.6486498392744888,0.9273,0.9454,0.9591,0.9786,0.895,8.372070371207842,0.9787,10.599755253920751,11.542023924547909,10.132477056530249,0.9163,0.9534,0.9652,0.9682,0.8934,2.7624931701452704,0.9682,3.4975520027721694,4.708129789774473,4.120725107980957
0.9791,0.9764,0.9816,0.984,0.9842,0.9306,3.631612159993704,4.597930782507527,4.771831082499905,4.544703885692928,0.96,17.63668069731643,0.9569,0.9742,0.9812,0.9833,0.9287,2.676471862333348,0.9834,3.388641689193784,3.5112305564335555,3.263446408011948,0.9688,0.966,0.9718,0.9969,0.9534,7.186923416147796,0.9969,9.099258112046687,15.205480818913353,12.134672040086716,0.9693,0.9878,0.9919,0.9899,0.9262,4.015598853843625,0.99,5.084090692195931,6.543249014901878,6.0122837678841465,0.9773,0.981,0.995,0.9986,0.9626,6.663790720417867,0.9986,8.436927494385976,11.05323507299176,9.950398549570677,0.9595,0.9759,0.9859,0.9971,0.997,0.9227,0.5759730934351168,0.7292310686078326,0.8089878463115443,0.7079204428923506,0.944,0.9797,0.985,0.991,0.9148,9.163921498766706,0.9912,11.6023063288055,14.276821280222958,13.382635162721668,0.944,0.9579,0.9699,0.9721,0.928,3.7886301966431706,0.9722,4.7967290110388285,5.107014545225114,4.721542573617029
0.9798,0.9882,0.9917,0.9898,0.9902,0.9315,3.642284802652634,4.611443258523767,5.344929154062996,5.08577000730376,0.8716,12.706286572667086,0.9785,0.9806,0.9948,0.9983,0.9587,3.2058914781145127,0.9983,4.058932083933443,5.720041582073447,5.134783259349506,0.9511,0.9464,0.9475,0.9891,0.9311,5.608169677525087,0.9891,7.100421206283937,9.158489828171852,9.156058855371834,0.9605,0.9738,0.9838,0.9774,0.907,3.7717985774805975,0.977,4.775418745388882,6.006479112260336,5.681857470936991,0.957,0.986,0.9946,0.9974,0.9389,4.970042339812781,0.9974,6.292497562468382,9.27796655336416,7.882160209505696,0.9717,0.9664,0.9715,0.9931,0.993,0.9412,0.5629221499576289,0.7127074608787485,0.7504498768014572,0.7044069196683558,0.9521,0.9741,0.982,0.9902,0.9251,9.868873409009083,0.9903,12.494835581790632,13.896870651129584,13.090541189680982,0.9589,0.957,0.9842,0.9919,0.9457,4.878517863439105,0.9919,6.1766197680532064,10.15026149337148,8.300166688208568
0.9865,0.9802,0.9909,0.9884,0.9875,0.9471,3.8299392728452566,4.849029825304978,6.074297011716332,5.160389340272811,0.8985,13.840981442373874,0.9841,0.9782,0.9819,0.9989,0.9694,3.635475237086178,0.9989,4.602821767639242,6.021398037608713,5.59148388031631,0.9791,0.9788,0.9855,0.9937,0.9693,8.514623793795355,0.9938,10.780240047172482,11.63495237888434,11.307221097343666,0.9347,0.9698,0.9787,0.9757,0.8688,3.3053908442246422,0.976,4.184906769038182,5.538319290250442,5.121792042690847,0.9485,0.9837,0.9893,0.994,0.9259,4.541671232286403,0.994,5.750143198935304,7.828568464680944,6.774597947227195,0.9729,0.9742,0.9765,0.9822,0.9821,0.942,0.5925670061689201,0.7502403776418485,0.61448803688822,0.6107643377312687,0.9556,0.9476,0.9712,0.9961,0.9296,10.219442060531302,0.9961,12.938685399227898,16.399090443477,14.122076482578962,0.9874,0.9845,0.9895,0.9983,0.9828,10.433834013707257,0.9983,13.210123900257518,22.85563521375473,18.04730619347064
0.966,0.9819,0.9903,0.986,0.9861,0.9022,3.334993270368764,4.2223859657168274,5.155608049754322,4.676140530706219,0.9378,15.618645098971925,0.9315,0.9423,0.9426,0.9735,0.8992,2.293319346196413,0.9735,2.903537919648008,2.9076817210016537,2.9059719822625856,0.9478,0.9742,0.9824,0.9908,0.9259,5.469235215984403,0.9908,6.92451832642627,10.24439262504299,8.32999814047793,0.9691,0.9713,0.9756,0.9749,0.9196,4.001335615857266,0.9752,5.066032216206075,5.349953476336734,5.168661638415268,0.9404,0.9641,0.9698,0.971,0.9162,4.155855802841,0.9711,5.261667953986114,4.9423302350999085,4.893478695966159,0.9716,0.9641,0.9725,0.9924,0.9924,0.9389,0.6048740702653483,0.765822170619257,0.7220057572725445,0.7062970721317495,0.9048,0.9454,0.9568,0.9521,0.8696,7.233220470502871,0.9526,9.157874132144771,9.417125441919875,8.835730750238044,0.9833,0.9924,0.997,0.9987,0.9763,9.124897207430816,0.9987,11.552898247079296,25.315453215917348,15.426553306792528
0.9781,0.991,0.9959,0.9938,0.9941,0.9282,3.602785431194753,4.561433684837295,5.520156571681733,5.099438016726831,0.9388,15.733540959308796,0.9682,0.9804,0.9882,0.9973,0.9426,2.944365300329018,0.9973,3.7278176338503286,5.244690442400256,4.339401069420788,0.9689,0.981,0.9873,0.996,0.9543,7.095350917816638,0.996,8.983319517736915,14.136081989829446,11.015083955301266,0.9841,0.9938,0.9956,0.9945,0.9499,4.516725064253101,0.9943,5.718559222218439,7.758759641700574,7.116467755169027,0.9681,0.9916,0.9965,0.9985,0.9515,5.951215214407126,0.9986,7.534746118841364,11.015005663703212,9.57657068949218,0.9347,0.9605,0.9673,0.9728,0.9724,0.895,0.4850708150003033,0.6141410298586993,0.6027966404522861,0.5813870160267904,0.9606,0.9762,0.9783,0.9941,0.9348,10.45635608281521,0.9941,13.23863876095162,15.395246609657988,14.952344090425257,0.9757,0.9432,0.964,0.9907,0.9671,6.663193073048367,0.9908,8.436170821834986,9.427304279284618,9.385880721410947
0.9562,0.9669,0.9757,0.9737,0.9736,0.8877,3.185805666632884,4.033501733214719,4.488085188481844,4.252747424600383,0.9491,17.43277171865009,0.9473,0.945,0.9595,0.9762,0.9204,2.398313739785962,0.9769,3.036469778284843,3.1111912110194115,2.937025753091344,0.9706,0.9606,0.9643,0.9943,0.9559,7.347937674065383,0.9943,9.30311589759369,12.132755585057708,11.233018966989937,0.94,0.9563,0.9633,0.9614,0.8754,3.396292346752571,0.9607,4.299995825423013,4.958229390764801,4.680041153853761,0.9761,0.9767,0.9948,0.9945,0.9624,6.162844336228372,0.9947,7.802686639697706,7.986794500274885,7.380537423387167,0.9628,0.9636,0.9706,0.9822,0.9818,0.9304,0.56189828232895,0.7114111571217079,0.6311769371899625,0.6162845045533307,0.9756,0.9806,0.9938,0.9992,0.9567,11.853441522266674,0.9992,15.007468103085465,21.358472418802343,16.695614955185654,0.9167,0.9709,0.9838,0.984,0.8934,2.955202753271732,0.984,3.7415387737446753,6.968182702093792,4.958036027531116
0.9582,0.9548,0.9672,0.9688,0.9683,0.8904,3.1975246852523016,4.0483390104561,4.2877281970133225,3.9960369336392247,0.9394,16.050813283601954,0.9846,0.9774,0.9957,0.9984,0.9701,3.651201790237418,0.9984,4.622732925453231,5.72498146120348,5.156414943243824,0.9905,0.9891,0.9917,0.9998,0.9844,12.755178940367298,0.9998,16.149144595442763,30.055170448479156,24.43377237307521,0.9528,0.9593,0.9634,0.9656,0.8967,3.6618536048987016,0.9653,4.636219031447754,5.10915844778298,4.942161389111937,0.9671,0.977,0.9892,0.989,0.9515,5.522363635391489,0.989,6.991783437417151,6.561644992806195,6.54426007920932,0.968,0.9265,0.9347,0.972,0.9717,0.9365,0.5707820533489167,0.7226587690466341,0.5652687707533203,0.5631918584596991,0.9607,0.9655,0.9747,0.9862,0.936,9.880501005792762,0.9863,12.509557111189396,12.853118568669968,11.74580882372366,0.9869,0.993,0.9979,0.9988,0.9821,10.873033752747713,0.9988,13.766188235003796,30.20826740900876,18.04781137445607
0.9775,0.9689,0.9756,0.9778,0.9779,0.9272,3.5841029666204856,4.537780091013202,4.579874879106669,4.45049372037168,0.927,15.175324467121452,0.9611,0.9799,0.9852,0.9973,0.9342,2.856309033093227,0.9973,3.6163308880528775,5.179875694315095,4.081569671792297,0.9513,0.952,0.9601,0.9879,0.9324,5.404747335703427,0.9879,6.842871168971253,9.158739538864385,8.026039586660398,0.9719,0.9865,0.9919,0.9886,0.9295,4.1014648055370175,0.9891,5.192804311675891,6.558562694364213,5.939460408227539,0.9629,0.9955,0.9976,0.9974,0.9456,5.38742275901121,0.9974,6.820936777037948,9.37908831159688,8.231724608517707,0.9808,0.9889,0.9949,0.9953,0.9951,0.9551,0.6186160586903755,0.783220700200236,0.7805058883780519,0.709887848333446,0.9847,0.9941,0.9957,0.9992,0.9688,13.799958624805402,0.9992,17.471924798939163,21.364675863196368,18.968279769918656,0.9252,0.9744,0.9806,0.9837,0.9017,3.310877057829405,0.9837,4.191852783453112,6.838821599776271,5.8513248075218325
0.9569,0.9729,0.9809,0.9764,0.9768,0.8858,3.1646200918781107,4.006678988378922,4.674167374460582,4.4097416494489785,0.9469,16.51858775250796,0.968,0.9868,0.9917,0.9982,0.9427,2.936700445107167,0.9982,3.718113273303175,5.581650792683687,4.7773935992189696,0.9671,0.9652,0.9692,0.9868,0.9527,6.771917978616266,0.9868,8.573825826860835,8.739609330821402,8.727204073760557,0.933,0.9339,0.9491,0.9456,0.8659,3.2942554435022955,0.9454,4.170808401838937,4.667080189006459,4.386226158108414,0.9628,0.9741,0.9782,0.9903,0.9465,5.116318975249478,0.9903,6.477696260788963,6.963377798168731,6.437970603709509,0.9399,0.948,0.9537,0.9836,0.9836,0.901,0.523739698754246,0.663099135268768,0.6417826869741794,0.624445305889106,0.947,0.9667,0.9762,0.9843,0.9199,9.23852109178628,0.9847,11.696755777148525,12.40939294730211,11.472173985481689,0.9651,0.9621,0.9646,0.989,0.9547,5.511530338922367,0.9891,6.978067559972933,8.974385375281532,7.954503006738332
0.9699,0.9595,0.9682,0.9732,0.9732,0.9137,3.4551425665014617,4.374505223734209,4.478317269760406,4.319596622483953,0.9394,15.817401246747863,0.9809,0.9688,0.9753,0.9984,0.9619,3.416729678826351,0.9985,4.325871231197214,5.652691566879276,4.8689246029446105,0.9843,0.9925,0.997,0.9996,0.9758,10.53754366425522,0.9996,13.341429164611082,25.284826222305355,17.609276885849198,0.9668,0.9804,0.9874,0.9836,0.921,3.946397106396175,0.984,4.996475376800441,6.322795409210805,5.837894890803612,0.9283,0.9551,0.9625,0.9735,0.9044,3.827345133175593,0.9736,4.845745423194899,5.1437845311389525,5.01489350253855,0.9886,0.9373,0.9406,0.9966,0.9965,0.9695,0.6819838786802743,0.8634497657820787,0.7626026952521879,0.7478389141366544,0.9795,0.9902,0.9935,0.9988,0.9636,12.784521642914838,0.9988,16.186294959892894,20.48273319475412,17.96975270246285,0.9891,0.9973,0.999,0.999,0.9849,12.245543793690798,0.999,15.50390302626714,31.86748736472384,21.817104467076977
0.975,0.9774,0.9839,0.9851,0.9843,0.9233,3.530695818753093,4.470162086015156,4.765540094931395,4.566818164558228,0.9473,16.668142041694434,0.9799,0.9886,0.9979,0.9974,0.9599,3.309527071400852,0.9974,4.190143585476469,5.30651495015637,4.191371632350928,0.9712,0.9689,0.9755,0.9984,0.9568,7.632886841239534,0.9984,9.66388585029761,17.158828862398153,13.3156500790295,0.9729,0.9888,0.9904,0.9906,0.9294,4.120597742833285,0.9907,5.217028242392779,6.565884140282442,6.244206466917257,0.97,0.9812,0.9873,0.9996,0.9532,5.983994688280247,0.9996,7.576247728957099,13.17843065512309,9.485852453796213,0.9694,0.9777,0.9867,0.9903,0.9903,0.9369,0.5844105981544242,0.7399136693282031,0.7249149277070297,0.6603334875727216,0.9695,0.9754,0.9852,0.9941,0.9468,11.390849850759173,0.9941,14.421787586430396,15.390567092014631,14.835961480502249,0.944,0.973,0.9774,0.9835,0.9279,3.7988387317458345,0.9836,4.809653887298999,6.8366534623003785,6.085735643264978
0.9759,0.9709,0.9759,0.9798,0.9794,0.9251,3.5550693236697564,4.501021022376389,4.497607659201783,4.3537524414616495,0.8847,13.226365306474603,0.9635,0.9834,0.9894,0.9962,0.9371,2.8949343652399904,0.9962,3.665233853413168,4.870241452153,4.03568274772456,0.9488,0.9722,0.9849,0.9852,0.9292,5.316863588914144,0.9853,6.731602848775617,8.721241502748388,7.921871690827229,0.9855,0.9967,0.9989,0.9982,0.9552,4.65674501619705,0.9982,5.895836425522392,8.937268918736283,7.493028242060589,0.9353,0.9615,0.9785,0.9777,0.9105,4.023192019888124,0.9778,5.093704288129246,5.469430863824161,5.205691925161407,0.9546,0.9769,0.982,0.9924,0.9923,0.9168,0.5629161271540741,0.7126998354956842,0.7395486463517513,0.6787435000545293,0.9638,0.9776,0.9821,0.9939,0.9389,10.505483809185256,0.994,13.300838653285894,15.40132740186863,13.914058429506731,0.9682,0.9699,0.9799,0.9952,0.9571,5.718021037606897,0.9952,7.2395023988145155,13.062354196789386,9.309691866826835
0.967,0.9783,0.987,0.9834,0.9847,0.9069,3.3431861515075694,4.232758852117121,4.8675390852277,4.568349002727457,0.9238,14.82265580563976,0.9533,0.9725,0.9834,0.9823,0.9244,2.5949144733691814,0.9826,3.285383077662994,3.493762051993333,3.173269675035613,0.9657,0.9768,0.9809,0.9967,0.9513,6.888801263037728,0.9967,8.721810035450707,15.03515511686576,11.967040138622531,0.9789,0.9934,0.9967,0.9948,0.9412,4.315333376350119,0.9957,5.463580165987977,7.893364827059276,6.740368715191218,0.9282,0.96,0.9693,0.9696,0.9056,3.667361270603835,0.9696,4.643192206051685,4.918215915763128,4.6183772446017,0.9577,0.9798,0.9906,0.9944,0.9942,0.9193,0.5812507955427024,0.7359130896806485,0.7456235957967803,0.7254578729015404,0.9198,0.8835,0.8991,0.9515,0.8893,7.5994132793221105,0.9521,9.621505465509893,9.20853312634726,8.385366270257515,0.9993,0.9626,0.9647,0.9999,0.9988,49.546430108914485,0.9999,62.73000698442718,139.86934059393008,80.62392285572923
0.9659,0.975,0.982,0.9809,0.9815,0.9034,3.330707857483664,4.216960267445074,5.688748849123728,4.921434984384913,0.9427,16.058496712030912,0.9809,0.9775,0.9937,0.9995,0.9615,3.461113924331716,0.9995,4.3820654721229415,6.821905832489252,5.343693906578477,0.9466,0.9767,0.9819,0.9854,0.9235,5.384398190178796,0.9854,6.817107414890863,8.715637451713018,7.938192146080408,0.971,0.9801,0.9886,0.9847,0.9296,4.07605010460418,0.9859,5.160627132340883,6.054078944275551,5.485013618799197,0.9532,0.9842,0.9857,0.9864,0.9347,4.730676308847504,0.9865,5.9894397485899855,6.387816997529831,6.256690556892236,0.9739,0.9696,0.9761,0.9902,0.9902,0.9431,0.5741996302036947,0.7269857128748529,0.7113780168690935,0.6701829188862167,0.9675,0.9813,0.9879,0.9912,0.9443,11.377486361171943,0.9913,14.404868268665217,14.203267993914505,13.88127542910119,0.9708,0.9712,0.9763,0.9946,0.9605,6.042925529990025,0.9946,7.650859201548085,12.55761107569956,9.387493351699788
0.9798,0.9822,0.9842,0.9892,0.9896,0.9311,3.644698251058293,4.614498890080082,5.1959230068688775,4.869131455445608,0.9354,15.515250021967626,0.9722,0.9809,0.9892,0.9911,0.9493,2.9530544155408784,0.9911,3.73881879491744,4.071772869018529,3.611334184078412,0.9535,0.9832,0.9851,0.9871,0.9347,5.91946306009191,0.9873,7.494545182919528,8.965434699177154,8.82563864265448,0.9798,0.9841,0.9853,0.9873,0.9437,4.3632057367703005,0.9869,5.52419065794305,7.4405742502357795,6.927412167042057,0.9524,0.9777,0.9858,0.9854,0.9316,4.689091094530279,0.9854,5.93678931991462,6.23878566471195,5.928482256592469,0.9638,0.9668,0.9737,0.9841,0.9836,0.9316,0.562646636902042,0.7123586378482438,0.6506968937795476,0.6223954924079564,0.9747,0.9935,0.9949,0.9944,0.9543,11.8043814469283,0.9945,14.94535386272814,15.60663383059894,15.048062536980066,0.9895,0.9486,0.9509,0.9976,0.9857,11.991921541972111,0.9976,15.182795620814396,20.71413416116148,20.028458788442997
0.9592,0.9281,0.9304,0.9559,0.9567,0.8939,3.220331956832735,4.077214961809029,3.684101512443585,3.63764229109552,0.948,16.486115694966635,0.938,0.9485,0.9587,0.9658,0.9079,2.3298178370635885,0.9663,2.949748122522079,2.8415196824973536,2.7695432942820823,0.9535,0.9807,0.9867,0.9877,0.935,5.870623072835358,0.9879,7.432709592847994,9.166606563315002,8.839446100439826,0.9536,0.9775,0.9804,0.979,0.895,3.620647989116337,0.9786,4.584049206898472,5.753004365485228,5.461745492141368,0.9715,0.9869,0.998,0.9993,0.956,6.013603360337154,0.9993,7.613734833494128,12.249651387817291,8.980112465190787,0.985,0.9754,0.9947,0.9972,0.9972,0.9605,0.6766603311922611,0.856709700546886,0.7985092141847367,0.7697066564530883,0.9452,0.9828,0.9912,0.9932,0.9172,9.206285301209649,0.9932,11.65594251646404,14.973963936786156,12.825646651947553,0.9533,0.9725,0.9789,0.9831,0.9386,4.394717304767165,0.9831,5.564086991063082,6.680892112904251,6.041040086484227
0.9713,0.9843,0.9936,0.9894,0.9893,0.9168,3.500935374849913,4.432482825374132,5.293226136883569,4.84199131529474,0.96,17.879451353092065,0.9807,0.9834,0.9887,0.9908,0.9626,3.2494078972309266,0.991,4.114027582622434,3.942389411863099,3.8496472706399936,0.953,0.9644,0.9717,0.9826,0.9348,5.738944435643191,0.9826,7.265993205560217,8.148836357928062,7.828770953384405,0.9681,0.9917,0.998,0.9966,0.9236,3.993076302412621,0.9965,5.055575220839705,8.201457789367222,7.032965324839385,0.9793,0.9954,0.9986,0.9991,0.9662,6.836604102002204,0.9991,8.655723976997495,11.936544866123704,10.32522022616877,0.9677,0.9744,0.9835,0.9923,0.9923,0.9357,0.5852426734691736,0.740967147655321,0.729463561843559,0.7016779639526112,0.9355,0.9756,0.9866,0.9859,0.9041,9.014640594221513,0.986,11.413303969519944,12.690380379276878,12.098620295355124,0.9544,0.9712,0.9796,0.9848,0.9395,4.473026303322666,0.9848,5.663232863238567,7.335545116607058,6.802711045206298
0.9536,0.9618,0.9698,0.9703,0.9722,0.8789,3.1145639478649123,3.94330364011147,4.435178302477666,4.180358882670385,0.9349,15.47468013335608,0.9781,0.9834,0.9874,0.9951,0.9585,3.132946595901465,0.9951,3.966577640623522,4.698959878730298,4.315364527528423,0.9282,0.9554,0.9627,0.964,0.9034,4.445781863089469,0.9641,5.628739077866778,5.8886773849040095,5.7234396975267865,0.9592,0.9681,0.9737,0.974,0.9046,3.7435368183587374,0.9744,4.739636947523541,5.254995307750496,5.07683442226595,0.9206,0.927,0.9319,0.9658,0.8948,3.5625658251988286,0.9662,4.510512232787386,4.7046758502565975,4.488517492225165,0.9572,0.9528,0.9642,0.9929,0.9928,0.9214,0.551181090755177,0.6978422783791145,0.7164799411621849,0.706808780500856,0.9511,0.9863,0.9919,0.9935,0.9227,9.929976278014903,0.9936,12.572197026219175,15.238999413577195,13.693830901965898,0.9478,0.9458,0.971,0.9848,0.9335,3.971194452172895,0.9848,5.027870931845466,7.329701269193584,5.788239008302214
0.9714,0.9758,0.9893,0.9865,0.9865,0.9164,3.4404093809020733,4.355851753978248,5.095853111224258,4.497173041864643,0.8931,13.510275506088316,0.9649,0.9829,0.994,0.9958,0.9397,2.8115436035351795,0.9959,3.559654035600253,4.806009543241554,3.966873030899265,0.9624,0.9515,0.967,0.9873,0.9483,6.2079031811099785,0.9873,7.859734980979208,8.827850115958588,8.78524211327352,0.9597,0.9855,0.9919,0.988,0.9043,3.7437948926796896,0.9881,4.739963691628418,6.886361388476662,6.005475805072171,0.9704,0.97,0.9845,0.9954,0.9536,5.919238702467479,0.9954,7.494261127028587,8.198416071600091,7.384933561156199,0.9614,0.9558,0.9653,0.9856,0.9856,0.9256,0.5855573228950204,0.7413655206690304,0.6656580074403345,0.6172712398019954,0.9811,0.9622,0.964,0.9998,0.9638,13.752289053911056,0.9998,17.41157105582238,32.2130466259651,24.069100098919343,0.9781,0.9902,0.9929,0.9934,0.9707,7.41959217680858,0.9934,9.393836610421348,11.324904513530624,10.891620535562373
0.9687,0.9798,0.9846,0.9817,0.982,0.9083,3.400302383202801,4.305072873637744,4.970650241640994,4.733576665112876,0.9205,14.766214914637152,0.9747,0.9935,0.9994,0.9995,0.9506,3.2261519541159807,0.9995,4.084583574833716,6.862207660935216,4.997370973554444,0.943,0.9464,0.9551,0.9777,0.9194,5.197683209068897,0.9777,6.58071032142976,7.211281822263682,6.73969410824234,0.9639,0.9548,0.9593,0.9668,0.9112,3.88122579413293,0.9672,4.913962936156972,5.286123869353774,5.147173549717583,0.9647,0.9799,0.9969,0.9984,0.9484,5.583939188085096,0.9984,7.069743339715843,10.864739925762,8.486073981860404,0.9722,0.9863,0.9943,0.9947,0.9946,0.9402,0.6018698607905248,0.7620185851555998,0.752341717175931,0.7356266592235474,0.9591,0.9774,0.9838,0.9898,0.9341,10.093969603432669,0.9898,12.779826565345246,13.74669517417098,12.725437873251236,0.9436,0.97,0.9772,0.9787,0.9266,3.6953092861902777,0.9787,4.678576777837876,5.979957109859266,5.772654765750092
0.9855,0.9905,0.9917,0.9921,0.9923,0.9451,3.808479478983476,4.821859895687957,5.206022938316938,5.108479335070699,0.9342,15.947165519486344,0.9755,0.9802,0.9876,0.9973,0.9537,3.1061247769994798,0.9973,3.932618929907976,5.187911572997492,4.385802708293014,0.9689,0.9916,0.9979,0.998,0.953,7.546508619052887,0.998,9.554523652674904,16.71649709511842,13.631442105642645,0.9705,0.9846,0.99,0.9874,0.928,4.050656092857312,0.9878,5.128476147280163,6.35130108258166,5.75964899791137,0.9532,0.98,0.9864,0.9879,0.9332,4.856798735873267,0.9881,6.149121499844867,6.565123801618321,6.257635780166587,0.941,0.9582,0.9701,0.9827,0.9827,0.9029,0.5124453876732518,0.6487995739999208,0.6529441540666738,0.6135655038961695,0.9697,0.9859,0.9906,0.9932,0.9478,11.13236148284528,0.9933,14.094519262779482,14.972922481755417,14.273480149360951,0.9712,0.9874,0.9919,0.9919,0.9606,6.18799151706036,0.9919,7.834525115764733,10.121810419809712,9.96450833241796
0.974,0.9843,0.9858,0.9882,0.9881,0.9203,3.502749084103342,4.434779136004084,4.874124149401107,4.820694530707877,0.9197,15.111705420057913,0.9697,0.9799,0.9829,0.9929,0.9445,2.93887272408735,0.993,3.7208635637943246,4.171137717826083,4.0154657172901445,0.9491,0.9634,0.9667,0.9785,0.929,5.4673563834680925,0.9786,6.92213956419029,7.428357388346065,6.983830455795369,0.9564,0.985,0.9886,0.9872,0.8997,3.737864559160753,0.9875,4.732455383517316,6.144021962916156,5.792919104363037,0.9616,0.9782,0.9845,0.9961,0.9442,5.2697605725217285,0.9961,6.671966411987166,8.578792460365628,7.114464267617149,0.9347,0.9162,0.9257,0.9653,0.9648,0.8917,0.5187958703434394,0.6568398267765518,0.5596886222133735,0.5499861158086322,0.9632,0.9562,0.9631,0.9772,0.9385,10.444503091471184,0.9772,13.223631862812592,11.479568825331745,10.88924353015662,0.9255,0.9469,0.9579,0.967,0.9043,3.120746862599854,0.967,3.951131737588007,4.5753572515109004,4.272541142397162
0.9705,0.9761,0.9871,0.9862,0.9851,0.9161,3.4352562158784803,4.349327407477172,5.752846959286694,4.808799827048069,0.9524,17.489400163377752,0.9799,0.9895,0.9951,0.9989,0.9599,3.311156279269086,0.9989,4.192206301614217,6.079540691950092,4.801611761574313,0.9717,0.9708,0.9815,0.997,0.9584,7.620350194565274,0.997,9.64801338619255,15.407402772699456,12.29814105852164,0.9711,0.991,0.9952,0.9922,0.9293,4.065601873378957,0.9923,5.147398780342718,7.078912794229592,6.378355116089807,0.9762,0.9958,0.998,0.9998,0.9613,6.614740801136613,0.9998,8.374826112463305,13.700069068393177,10.566109613147589,0.9524,0.9878,0.9888,0.9957,0.9955,0.9129,0.5866962166734275,0.7428074573437202,0.7550898972044185,0.7448702381420262,0.9438,0.9666,0.9791,0.9797,0.914,9.272110569019253,0.9798,11.73928292061367,11.780280323947176,10.983525389096656,0.9558,0.976,0.9862,0.988,0.9425,4.649186213242892,0.9881,5.886266336192728,8.318662545885736,7.131736838164793
0.9748,0.9666,0.9777,0.9788,0.9786,0.9225,3.519283363113759,4.455712943657349,4.545666928633974,4.299280234937141,0.9489,16.653641375048075,0.9557,0.9828,0.9858,0.9904,0.9265,2.707347019910492,0.9906,3.427732272434634,3.9876887745037086,3.781977059003014,0.965,0.9824,0.9908,0.9953,0.9503,6.85205005991219,0.9953,8.675279877300396,13.053357984487908,10.7078696574922,0.977,0.9776,0.9824,0.9832,0.9372,4.233118681344012,0.9823,5.359489348937814,5.86552132120554,5.605475638171809,0.9685,0.9791,0.9814,0.9915,0.9532,5.458962840865863,0.9915,6.911512623260246,7.140485917369594,6.995343088957893,0.9322,0.9527,0.957,0.9618,0.9613,0.8901,0.4969041211513177,0.6291230048641687,0.5610067052829977,0.5515261544418676,0.9204,0.9396,0.956,0.9692,0.8888,7.987629923016559,0.9692,10.113020852529512,10.533818875867446,9.498531271405762,0.9845,0.9855,0.9908,0.9979,0.978,9.23257323764714,0.9979,11.689225286437685,21.70924069761984,16.216937184499685
0.9792,0.9753,0.9775,0.9824,0.9825,0.9303,3.63624734871618,4.603799326826379,4.672452658299928,4.59568465758092,0.965,17.988251161092084,0.9575,0.9625,0.9751,0.9879,0.9311,2.587918171517951,0.988,3.276525162712753,3.73287783788938,3.404255550296584,0.9777,0.9637,0.9747,0.9987,0.9667,8.346260885850704,0.9987,10.567078243828226,17.965042250933408,13.617086291820952,0.9556,0.9669,0.9768,0.9739,0.9011,3.682221736953721,0.9739,4.662006824095225,5.381530491478814,5.048304562259692,0.9226,0.9663,0.9817,0.9857,0.8967,3.769997503275027,0.9857,4.773138431807328,6.279150909820027,5.549767759878601,0.941,0.9731,0.9772,0.9824,0.9824,0.9018,0.5351035615785231,0.6774867549775935,0.6331517050509643,0.6269786217563278,0.9753,0.958,0.9686,0.9884,0.9577,11.212562806956736,0.9884,14.196060980530133,13.024537440326224,12.81479139753264,0.9651,0.9747,0.9764,0.9895,0.9547,5.454634190424769,0.9895,6.906032182554305,9.20976545488301,8.644327957053072
0.9604,0.9759,0.987,0.9834,0.9833,0.8943,3.23512423437202,4.095943247001628,4.949145685696544,4.488382637981715,0.9401,15.82110711250259,0.9671,0.9691,0.9812,0.9862,0.9416,2.870864128651992,0.9863,3.634758880625768,3.525918773520612,3.4321659490998493,0.9609,0.966,0.9687,0.9852,0.9464,6.1374874521722775,0.9852,7.770582661460616,8.609720360624333,8.112474649335333,0.952,0.9553,0.9709,0.9656,0.892,3.594804490150855,0.9664,4.551329132676313,5.290747103574728,4.776102244296197,0.9571,0.9552,0.9683,0.9941,0.9391,5.006421269240621,0.9941,6.3385563903612905,7.864251895023559,6.763683600422393,0.9556,0.9717,0.9837,0.9903,0.9903,0.92,0.5399143882294302,0.6835776718963074,0.7219470453152131,0.640170134629191,0.9466,0.947,0.9539,0.9582,0.9202,8.985989409514525,0.9587,11.377029125644604,9.371464010166928,9.286552670288382,0.9719,0.9886,0.9915,0.9958,0.9617,6.454029010237276,0.9958,8.171351275962797,13.74529875074898,12.025877673898377
0.9774,0.9868,0.9902,0.9901,0.9901,0.9291,3.593463897334362,4.549631827813843,5.062194001269464,4.938450380775098,0.8904,13.31214805708984,0.9837,0.9808,0.9855,0.9984,0.969,3.5779070615337853,0.9984,4.5299355466432205,5.685625606100737,5.010331721348825,0.9705,0.9861,0.9902,0.9981,0.9552,7.533612403307331,0.9981,9.538195943453209,16.880412428022144,12.95353366733214,0.982,0.9909,0.9941,0.9925,0.9466,4.430059161353293,0.9926,5.6088327962728,6.827817579399339,6.367609976779628,0.979,0.9873,0.9984,0.9998,0.9646,6.808231217994811,0.9998,8.619801485547764,13.70006972345664,11.493044644697044,0.9691,0.9734,0.9772,0.9979,0.9979,0.9358,0.6095218755539895,0.7717066885871063,0.8206322964801177,0.7722013032259296,0.9688,0.9489,0.9549,0.9965,0.9459,11.23080189026983,0.9965,14.219153215855766,17.151679944316044,16.06261141303836,0.9766,0.9802,0.9937,0.9958,0.9676,7.128638440197041,0.9958,9.025464360601008,13.746515115187629,12.37474561067507
0.9747,0.9715,0.9815,0.9848,0.9844,0.9224,3.539646189139873,4.481494018419604,4.893613145592366,4.38388933622312,0.9549,17.29984698716875,0.9593,0.9736,0.9817,0.9805,0.9326,2.7093441366400794,0.9809,3.43026079257464,3.3315462619325693,3.172645922226462,0.9625,0.9858,0.9924,0.9925,0.9475,6.527264782056489,0.9926,8.264074010327922,11.088520840339998,9.600000688019795,0.9434,0.9417,0.9511,0.9515,0.8803,3.522063646402821,0.9524,4.459233019468223,5.637163097910416,5.0733842678956105,0.9698,0.9892,0.9944,0.9979,0.9532,5.692756859137528,0.9979,7.207515793758297,9.90996771510506,8.39974248181281,0.9409,0.9548,0.9659,0.9772,0.9771,0.9023,0.5217563195826593,0.6605880080490487,0.6271985942639285,0.5864257923636527,0.944,0.9808,0.9915,0.9931,0.9161,8.9049509439847,0.9932,11.274427515447492,14.97538266777526,12.086617950912446,0.9418,0.9642,0.9677,0.9775,0.925,3.575388380824931,0.9775,4.526746682014412,5.777929290216812,5.607719412874609
0.9803,0.9863,0.9897,0.9901,0.9897,0.9332,3.683440618386286,4.663550031963277,5.020496145430275,4.829512860401879,0.9603,17.917857577038003,0.9288,0.9564,0.965,0.9645,0.8958,2.1749880666698957,0.9665,2.7537204257365917,2.932989888809842,2.7852062232061447,0.9338,0.9598,0.984,0.9921,0.9079,4.885433297487536,0.9921,6.185375297466827,10.642290180868564,7.936742207338478,0.9612,0.971,0.9781,0.9766,0.9073,3.776360762565972,0.9775,4.781194860875723,5.404296989828153,5.1597573054739065,0.9643,0.9905,0.9931,0.9935,0.9481,5.437236732344762,0.9935,6.884005516567046,7.627242993608935,7.396087620389817,0.9671,0.9794,0.9953,0.9956,0.9955,0.9349,0.590712744050512,0.7478927236255448,0.7830023877886461,0.7196829330499385,0.9466,0.9844,0.9907,0.9941,0.9185,9.588548965672231,0.9941,12.139920923968242,15.59332099841214,14.521907906553665,0.9962,0.9865,0.9882,0.9998,0.9944,21.16335210418753,0.9998,26.79460906449273,58.65166385531733,35.75107662952727
0.9842,0.9776,0.9902,0.9836,0.9841,0.9418,3.768744798225717,4.771552400355215,5.040154663948089,4.542358841953583,0.912,14.294853618365632,0.9701,0.9873,0.9888,0.9951,0.9455,2.9825088107969533,0.9951,3.776110571864317,4.640376626765323,4.416276684591763,0.9707,0.9864,0.9958,0.9981,0.9553,7.68092959162582,0.9981,9.724712070484577,16.912140989592203,13.294889841618748,0.9648,0.9877,0.9931,0.9903,0.9163,3.9355310967897497,0.9904,4.982718081733863,6.957105650940333,6.067212060317945,0.9521,0.9804,0.9843,0.9923,0.9311,4.71428473222104,0.9923,5.968686614327768,7.299995021473252,6.608156885753538,0.9724,0.9577,0.9607,0.9906,0.9905,0.9408,0.5957123410085733,0.7542226398558178,0.7128489931046085,0.6792699372160282,0.9777,0.9615,0.964,0.9992,0.9609,12.463072447782956,0.9992,15.779312858227142,21.383028580520698,17.78527176748525,0.9475,0.979,0.9882,0.9879,0.9311,4.189754365629755,0.9879,5.304586426130852,8.269851717896199,6.952676298517407
0.9744,0.9732,0.9755,0.984,0.9835,0.922,3.516482282001243,4.452166536027862,4.781375622957495,4.644336848379267,0.9639,17.972704365557917,0.9784,0.9858,0.9927,0.9949,0.9587,3.162272357438284,0.995,4.003706556308959,4.623830298608825,4.010494905185731,0.9726,0.9838,0.9846,0.9958,0.9601,7.724521522917136,0.9958,9.77990317402842,13.670091005389772,12.963664599632274,0.9696,0.9892,0.9959,0.9932,0.9211,4.008082850351363,0.9932,5.074574790635956,7.382964732060251,6.132121758471514,0.9757,0.9835,0.9883,0.992,0.9613,6.077697644906009,0.9921,7.694883665202644,7.300048929728569,6.929490869681129,0.9434,0.9548,0.9621,0.9901,0.9901,0.9071,0.5241127621428239,0.6635714653421896,0.7039775466211136,0.6685422558875769,0.967,0.9797,0.9853,0.9913,0.9425,11.359254496288589,0.9913,14.381785172487389,14.341062151704506,13.482468758694395,0.9573,0.943,0.9772,0.9812,0.9445,4.607741432593591,0.9812,5.833793708520388,6.242166493264001,6.183828441289749
0.9795,0.9923,0.9974,0.9957,0.9954,0.9316,3.662326573559482,4.636817850118018,5.894893912771893,5.247511212353249,0.9541,18.050925410571605,0.938,0.9517,0.9546,0.9805,0.9078,2.334642257999348,0.9807,2.9558562509650512,3.234452693021735,3.1140867756992217,0.9072,0.9459,0.9553,0.9591,0.8815,3.9899825071336887,0.9591,5.051658212106095,5.652323874092128,5.159283268345336,0.9734,0.9896,0.9933,0.9899,0.9328,4.147455453915357,0.9905,5.2510323956700296,6.673505304785637,6.373080850882249,0.928,0.9236,0.9349,0.9791,0.9043,3.786661034966819,0.9791,4.794235884380873,5.575898125281987,4.977311063183265,0.9692,0.9674,0.9725,0.983,0.9824,0.9369,0.5808021819475184,0.7353451066009933,0.6402854565608008,0.6201899845511342,0.9512,0.9902,0.9944,0.995,0.9227,10.081127773309758,0.995,12.763567712961084,15.901136091986908,15.071339668897192,0.9547,0.952,0.9611,0.9848,0.9412,4.354060775782512,0.9848,5.512612357238534,7.326413306498701,6.154332650008009
0.9756,0.9806,0.9898,0.9861,0.9856,0.9248,3.546639993234848,4.49034877099736,5.155440958334776,4.6884737229187685,0.9114,14.449673698632148,0.9576,0.9838,0.9861,0.9927,0.9293,2.74753152823989,0.9927,3.47860928784478,4.183843611637853,3.991851326089925,0.9573,0.9505,0.9564,0.994,0.9415,6.193365521358732,0.994,7.841329063625965,11.805206292929144,10.120081371422268,0.9764,0.9861,0.991,0.9887,0.9376,4.240656266310692,0.9881,5.36903257448537,6.822451933274834,6.220146504774735,0.9647,0.9896,0.9943,0.998,0.9475,5.810868663724952,0.998,7.357055413674917,9.933897693562876,8.52720961855626,0.9504,0.9741,0.986,0.9831,0.983,0.9127,0.5515932072413788,0.6983640530054802,0.654115409339662,0.6229452256526673,0.954,0.9755,0.9862,0.9949,0.9272,9.995163966276476,0.995,12.654730200273455,15.960955512292797,14.125837510192282,0.9408,0.964,0.9801,0.9868,0.9232,3.5994056313734517,0.9868,4.557154569955959,7.794339091124243,5.492481340966172
0.9752,0.9768,0.9788,0.9832,0.9834,0.9236,3.531952731531041,4.471753444810658,4.58430399708152,4.522228242027932,0.9598,17.46196365356939,0.9643,0.9796,0.9889,0.9946,0.9385,2.872398084560165,0.9947,3.6367009996567865,4.541029675538316,3.913162129776527,0.9588,0.9708,0.9796,0.9932,0.9428,6.161599345694902,0.9932,7.80111037548072,11.201830466600375,8.771682146845516,0.9659,0.9694,0.9803,0.9789,0.9185,3.942564982796657,0.9797,4.991623581431238,5.554283106848041,5.0773914487261695,0.9572,0.9622,0.9692,0.9961,0.9395,4.966384613914747,0.9961,6.287866569465933,8.483043756218185,7.1172441393020005,0.9613,0.9886,0.993,0.9905,0.9905,0.9277,0.5571359919777363,0.7053816912987048,0.7273682438585338,0.6787129810983747,0.9752,0.9919,0.9955,0.9978,0.9554,11.783674451859511,0.9978,14.919137040599152,18.6883825358996,16.453270979509764,0.9853,0.9923,0.9957,0.9977,0.9804,9.315152018027428,0.9977,11.793777066629184,21.24860897645612,15.965140786533528
0.9644,0.9586,0.9675,0.9727,0.9733,0.9018,3.324217484473452,4.208742901564885,4.540250955579,4.20126721106951,0.935,15.690539779098208,0.9533,0.9626,0.9751,0.9944,0.9239,2.665639996400639,0.9945,3.374927622930694,4.372385112270599,3.7153153421934673,0.978,0.9824,0.9928,0.9994,0.9662,8.813059890944846,0.9994,11.15808560370279,21.89038952049929,15.80134665268021,0.948,0.9588,0.9654,0.9648,0.8871,3.512800242098603,0.9651,4.447504759421519,5.009469136799039,4.837099404064173,0.9597,0.9629,0.9893,0.9918,0.9418,5.134130242999242,0.9918,6.5002468451174025,7.141269196930048,7.117196722176419,0.9715,0.9838,0.9961,0.996,0.996,0.9393,0.5952179492885322,0.7535966977650751,0.7920058256476307,0.7139032810588735,0.9821,0.9849,0.9984,0.9994,0.9663,13.378154517428497,0.9994,16.93788481778111,22.162738966933272,20.387199176856083,0.9584,0.9821,0.9884,0.9895,0.945,4.920773370738952,0.9895,6.230118844822675,9.211479104472394,8.105030509122122
0.9658,0.9707,0.9772,0.9758,0.9759,0.905,3.35163593408732,4.243456997656153,4.531143241923593,4.336464582325094,0.9414,16.046807421280214,0.9463,0.9639,0.9651,0.9766,0.9188,2.4376047033104875,0.9767,3.086215489749833,3.043395546092635,3.024590445435934,0.9797,0.9884,0.9932,0.9958,0.9707,8.869291355293175,0.9958,11.229279434288792,13.299942649014415,13.272408920844802,0.9633,0.9708,0.9778,0.98,0.915,3.889598306630028,0.9792,4.924563251179984,5.819862685467182,5.272324332276394,0.9739,0.9836,0.9875,0.9961,0.9597,6.044831237888796,0.9961,7.653271990310817,8.475080937213946,7.621804102206521,0.9293,0.9547,0.9687,0.965,0.9646,0.8875,0.4886760442700231,0.6187055576515763,0.5825461779734755,0.5596337777070024,0.9475,0.9561,0.9661,0.9852,0.9201,9.37148534033138,0.9853,11.865099858075808,12.534064281534816,11.741615497460309,0.963,0.9742,0.9837,0.994,0.9501,5.336097099905591,0.994,6.755954114369857,12.23840884258942,9.33218847124358
0.9481,0.9714,0.9837,0.9781,0.9784,0.876,3.090961922585302,3.9134214627803887,4.787609105116234,4.348829259762122,0.939,16.030234296954596,0.9391,0.9558,0.9739,0.9738,0.9092,2.40035410499008,0.9746,3.0390530546828343,3.109943533370803,2.9261457413099072,0.9528,0.9758,0.9842,0.9898,0.9338,5.7878925883323324,0.9898,7.327965742296264,9.644187765445968,9.52255981378596,0.974,0.9833,0.9875,0.9853,0.9309,4.1466664588049404,0.9853,5.250033460556474,6.636744234813917,6.255142338708707,0.9585,0.9841,0.9954,0.9961,0.9408,5.111886704535498,0.9961,6.472084627978411,8.52940439698929,8.196364517891618,0.9635,0.9718,0.9783,0.9896,0.9894,0.9293,0.5818534757278209,0.7366761342055268,0.6839017094327569,0.6670496001699052,0.9674,0.9857,0.9882,0.9964,0.9448,11.073698369124866,0.9964,14.020246756661068,17.051166033087718,15.44243961255003,0.9684,0.9772,0.9787,0.9932,0.9571,6.001792246058846,0.9932,7.59878095529254,11.084174160391836,10.789807868959349
0.9435,0.9314,0.956,0.9485,0.9457,0.8647,3.021351320184248,3.825288502137021,4.323134869060808,3.983782523023645,0.8966,14.394534817312682,0.9593,0.973,0.9745,0.9938,0.9315,2.7573625915502378,0.9938,3.491056252616344,4.211922450037309,4.119628852591659,0.9692,0.9869,0.9949,0.9981,0.9545,7.1558573638792256,0.9981,9.059925839842574,16.95898560177321,11.73275745999522,0.943,0.9257,0.9431,0.9486,0.8786,3.432653897530689,0.9486,4.346032650462917,4.568065716981893,4.168422003469994,0.9511,0.9465,0.9494,0.9915,0.9296,4.72645235935594,0.9915,5.98409186821747,7.161350563970281,6.684840974156499,0.9755,0.9774,0.9809,0.9911,0.9912,0.9437,0.6044732694615249,0.7653147226120455,0.7287733504142371,0.6914575061015271,0.9795,0.979,0.9927,0.9988,0.9641,12.391444384994902,0.9988,15.68862562063811,20.18826183928829,17.24109048687111,0.9667,0.953,0.9588,0.9932,0.9559,5.513914540546671,0.9932,6.981086162609209,11.074980145076758,9.508647492105013
0.9348,0.912,0.9349,0.9405,0.9395,0.849,2.888922499737121,3.657622318855472,3.702755998755425,3.3918165497121318,0.8658,12.733851586861691,0.9741,0.9844,0.9851,0.9983,0.9501,3.199796471046327,0.9983,4.05121528506182,5.555309378217555,5.438006385556132,0.9722,0.9903,0.9943,0.9971,0.9589,7.790941842719494,0.9971,9.863996964760684,15.463687315503108,11.98659109334299,0.9615,0.9771,0.9873,0.9867,0.9071,3.776711391224266,0.9869,4.781638786666853,6.11002794110941,5.377816308725773,0.9761,0.986,0.9925,0.998,0.9616,6.372782464769764,0.998,8.068486218814702,9.933880919325754,8.92118203226622,0.9477,0.9797,0.9854,0.9921,0.9921,0.9108,0.5440427814108817,0.6888045698289662,0.7193763166661769,0.7067799230599514,0.9654,0.9772,0.985,0.9904,0.9408,10.574167629644254,0.9907,13.387798228933198,14.16006643334256,13.25740152826595,0.9828,0.9857,0.9949,0.9956,0.9757,8.074212673922204,0.9956,10.222642000957414,13.531735713928782,12.368301359495698
0.961,0.9766,0.9895,0.9816,0.983,0.8927,3.2496718662300075,4.114361789892658,5.102012828233342,4.556356362985234,0.9554,17.181843565295928,0.9705,0.9728,0.9746,0.9915,0.9461,2.9882291117951487,0.9916,3.7833529608877248,3.941265289889079,3.889587997442424,0.9814,0.9852,0.9873,0.9992,0.9719,9.25252041608226,0.9992,11.71448011589369,20.54269525897744,15.828395512983846,0.9731,0.9726,0.9839,0.9811,0.9283,4.159699866172118,0.9794,5.2665348660740205,6.416877242891719,5.989369095350154,0.9425,0.9762,0.9838,0.9926,0.9185,4.367534888332583,0.9928,5.529671733111163,7.399482697473798,6.603302197389334,0.9781,0.9858,0.9907,0.9944,0.9944,0.9476,0.6301181645292895,0.7977833473581566,0.7665185820379921,0.7200674080177625,0.9364,0.9704,0.972,0.9904,0.9067,8.860512673053169,0.9904,11.2181648737237,13.636332511389451,13.50813311471262,0.9576,0.9774,0.9813,0.9847,0.9449,4.652794870267161,0.9847,5.890835203815262,7.281651374442021,6.500486240822433
0.9807,0.9691,0.9769,0.9789,0.9785,0.9339,3.70304904431622,4.688375971851065,4.938164401841577,4.548103594623004,0.9049,13.938892535458088,0.9537,0.9524,0.9554,0.9827,0.925,2.617806138275357,0.9829,3.3143658781653293,3.285775652456448,3.2279662099230717,0.9816,0.9851,0.9945,0.9997,0.9716,10.053896315754589,0.9997,12.729090364767142,25.740020973619668,19.012883621903704,0.9655,0.9622,0.9733,0.9716,0.9183,3.92789173279448,0.9697,4.973045995254043,5.213117101830193,4.865914544241263,0.9804,0.931,0.937,0.9989,0.9674,6.963932033917732,0.9989,8.816932000276182,11.687231558603369,10.587202543228477,0.9756,0.9702,0.9719,0.9964,0.9964,0.9441,0.6024734971200605,0.7627828402408721,0.7726710091435547,0.7569977233897981,0.9711,0.9929,0.9954,0.9988,0.949,11.800127297395736,0.9988,14.93996774652756,20.442798897176758,17.375807903466608,0.975,0.9846,0.99,0.9963,0.9653,6.8169823314822136,0.9963,8.630881141720362,15.363233970703153,11.957974806251904
0.966,0.9877,0.9923,0.9892,0.9893,0.9066,3.332318467019566,4.218999436507592,5.258960166251814,4.950146479698852,0.9132,14.345569513635423,0.9509,0.9762,0.9788,0.9834,0.9236,2.496051683875434,0.9834,3.160214352856584,3.430554372230642,3.3415894580550494,0.9612,0.9642,0.9726,0.9879,0.946,6.41196732960952,0.9879,8.11809760029422,9.083457278961204,8.874758049638386,0.9536,0.9426,0.9597,0.9611,0.8955,3.6133993715457,0.9615,4.574871838724137,5.043068416430431,4.55637886700913,0.9674,0.9696,0.9806,0.9893,0.952,5.513771179858204,0.9894,6.980904655748492,6.609380287406558,6.522146953307619,0.9517,0.9859,0.9899,0.9921,0.9917,0.9169,0.5326942106742898,0.6744363112076135,0.7374092797080591,0.6972673287587641,0.9462,0.9786,0.9828,0.9835,0.9187,9.442917685514765,0.9843,11.955539300482004,12.153505911253802,11.835289883206483,0.9763,0.9674,0.9779,0.9971,0.967,7.020720003200656,0.9971,8.888830413581005,18.101745105455954,12.669608275731171
0.9822,0.9675,0.9724,0.9816,0.9818,0.9381,3.7028652840513097,4.688143315680359,5.092065995907669,4.823440103193674,0.9339,15.369166710174447,0.9918,0.9873,0.993,0.9999,0.9837,4.552754534005435,0.9999,5.764175604352143,9.38833303645529,7.761065981208474,0.9641,0.9672,0.9746,0.9933,0.9489,6.770645516691266,0.9933,8.572214781518776,11.354549737643234,10.061526810407658,0.9581,0.9546,0.9585,0.9623,0.9009,3.6915026101718342,0.9618,4.673757201277074,4.687494622589588,4.599712479146529,0.9201,0.9275,0.9557,0.9641,0.894,3.5217542191927853,0.9642,4.458841258225202,4.584146898904656,4.443758848287666,0.9663,0.9506,0.9867,0.9913,0.9912,0.9358,0.5586245995971217,0.7072663955277653,0.7319332656402708,0.657339574964461,0.9443,0.9673,0.979,0.9804,0.9176,8.851877882505585,0.9812,11.20723249231563,11.844447877841628,11.393846579057785,0.9686,0.9694,0.9777,0.9895,0.9578,5.708894904814192,0.9895,7.227947936211079,9.317138916508698,8.51822912471155
0.9525,0.9272,0.9456,0.9524,0.9513,0.8773,3.102297074456836,3.9277727319739073,3.8149161954550026,3.578479854738052,0.9256,15.195524183750948,0.9662,0.9799,0.9843,0.9973,0.9409,2.8732133973375635,0.9973,3.637733255181721,5.193376940666872,4.382664269597669,0.9581,0.9846,0.9895,0.9925,0.9418,6.182598904261327,0.9925,7.8276976079543,11.019597149218024,9.200816540484803,0.9782,0.9876,0.9915,0.9913,0.9424,4.358385261138291,0.9909,5.518087524591171,7.349893015589703,6.44350847231264,0.9643,0.9928,0.994,0.9937,0.9481,5.377286999430565,0.9937,6.808104040796634,7.667892418074957,7.399223710309555,0.9362,0.9302,0.9335,0.9531,0.9517,0.8966,0.5026887728772722,0.6364468673982391,0.5241050524666055,0.5216926850264965,0.9556,0.9735,0.9787,0.9968,0.9302,10.114067565636663,0.9968,12.805272299914982,17.526695365249715,14.440726872570863,0.9781,0.9816,0.9871,0.994,0.9707,7.335511406961332,0.994,9.28738318344024,12.229471525145392,10.913985848276711
0.9798,0.9912,0.9929,0.9929,0.9931,0.9308,3.647306068570338,4.6178006095053785,5.280393603374048,5.114011905874401,0.9519,16.966664248382216,0.9609,0.9438,0.951,0.9768,0.9363,2.6503738967708435,0.9772,3.3555994385529915,3.048701791918052,2.9726426570593536,0.9677,0.9634,0.9735,0.9942,0.9527,6.959867265395856,0.9942,8.81178565658993,12.1292844099321,10.96485933218658,0.951,0.9619,0.9781,0.973,0.8919,3.5734938028365826,0.9744,4.524347984667695,5.543861907904581,4.871212736250952,0.9442,0.9695,0.9799,0.9903,0.9225,4.213234753611034,0.9905,5.334314600266202,6.963441825811516,6.098941871132298,0.9651,0.9846,0.9902,0.9975,0.9975,0.9332,0.590039673530433,0.7470405589320894,0.7884098864934943,0.7865220785222006,0.9561,0.9668,0.9741,0.9853,0.9316,9.700795730137102,0.9853,12.282034902783316,12.537464163911489,11.939274018109218,0.9771,0.9776,0.99,0.994,0.9688,6.988899536979051,0.994,8.848542988958462,12.19948855365404,10.874983166788702
0.9749,0.9535,0.9578,0.9693,0.9694,0.9237,3.5322448529484745,4.472123295444005,4.83848957776135,4.639345211698516,0.9366,15.754201239632486,0.9537,0.9615,0.9701,0.9714,0.9256,2.5481154072452457,0.9722,3.226131467842351,3.009755321286363,2.880487158653727,0.9782,0.9874,0.9894,0.9966,0.9679,8.447236061850296,0.9966,10.694921430144255,14.940665123361878,13.610811285305871,0.9274,0.9605,0.974,0.966,0.8588,3.22468889846106,0.9662,4.082731221571333,5.304640540274404,4.88286321437967,0.9408,0.9697,0.9812,0.9929,0.9174,4.143113592513023,0.9929,5.245535228760223,7.4852404650482995,5.957214579460466,0.9772,0.9855,0.9903,0.9968,0.9967,0.9456,0.6361837101424759,0.805462845514596,0.8006464280590438,0.7289104916858986,0.9402,0.9641,0.9705,0.9767,0.9126,8.840440403494544,0.9771,11.192751668234663,11.51633121645656,10.778550563113107,0.9923,0.9861,0.9881,0.9992,0.9885,13.968906639555744,0.9992,17.685827397410876,33.07439329072322,25.187320351142983
0.9855,0.9856,0.99,0.9908,0.9906,0.9449,3.809512050180153,4.8231672189045245,5.018561529783687,4.8233153009850085,0.9562,17.316544854020183,0.9657,0.9536,0.9625,0.9924,0.9404,2.8260558761043395,0.9927,3.578027810615368,4.1349673327386025,3.769577559586915,0.9608,0.9865,0.9916,0.9921,0.9454,6.364624543885227,0.9921,8.058157595078532,10.847277416541832,9.73731490867625,0.9641,0.9876,0.9908,0.989,0.9159,3.887485963420511,0.9891,4.921888844487206,6.329356541921955,6.001921764280312,0.9532,0.9866,0.9938,0.9954,0.9331,4.959319571009025,0.9954,6.278921622476877,8.131782321987728,7.280125591207832,0.9234,0.9534,0.9684,0.978,0.9781,0.8816,0.4858855991662149,0.615172616116399,0.6356225600878861,0.5779774493846035,0.97,0.987,0.9951,0.9941,0.9483,11.401697821837937,0.9941,14.435522043182209,15.606794656320684,13.668541413949931,0.9961,0.9895,0.9911,0.9997,0.9938,20.341287255042896,0.9997,25.753804840754785,53.266834634520414,37.9761225001621
0.9783,0.994,0.9988,0.9981,0.9982,0.9304,3.669074883385112,4.6453617860093495,6.201652031745558,5.428687061312721,0.9588,17.53706477446582,0.9761,0.9878,0.9894,0.9913,0.9537,3.212934562194345,0.9915,4.067849229175766,3.983910674310104,3.941725063035873,0.9627,0.9765,0.9824,0.9933,0.9475,6.652580112198229,0.9933,8.422733908079724,11.407525340776454,10.306196260331683,0.9626,0.9689,0.978,0.9785,0.9094,3.8406178774082886,0.9807,4.862549849600379,5.480994035050598,5.0796292940064,0.9532,0.9828,0.9906,0.9934,0.9345,4.858135641537372,0.9934,6.150814136457888,7.52939031952527,7.420080613447584,0.9635,0.9698,0.9771,0.9902,0.9902,0.9294,0.5830999552963644,0.7382542836679358,0.7127468122961188,0.6540240400119441,0.9663,0.9795,0.9843,0.9966,0.9432,10.766804449211524,0.9966,13.631692875032806,17.362686807025245,14.660444758146674,0.8961,0.9472,0.9506,0.9533,0.87,2.4444319646030257,0.9533,3.0948593849330783,3.633768058344108,3.580969311392776
0.9846,0.9874,0.9938,0.9901,0.9904,0.9424,3.762054360199399,4.76308173509846,5.300948741835452,4.910583036806164,0.9126,14.334384154100782,0.9667,0.9896,0.9958,0.9989,0.9393,3.023858314031694,0.9989,3.828462570202361,6.032077040418474,4.515888906636103,0.9447,0.961,0.9719,0.9827,0.9222,5.153566026877602,0.9827,6.524854205440986,8.18483478766836,6.9808125923161874,0.9669,0.983,0.9881,0.9854,0.9211,3.9534181477068313,0.9855,5.00536461401667,6.148834795946559,5.675680675830538,0.974,0.9863,0.9954,0.9999,0.9583,6.479837431248605,0.9999,8.204026938502738,14.0162200485811,10.606181172600316,0.97,0.9843,0.9871,0.9937,0.9937,0.9374,0.5837573797485575,0.7390866391047884,0.7394715078321645,0.7245502312154923,0.9624,0.9706,0.9757,0.9907,0.9382,10.109337227648574,0.9908,12.79928328850933,14.279215351253944,13.053801140958983,0.98,0.9892,0.9963,0.9983,0.9721,8.22443254239527,0.9983,10.412833168672234,22.764710908652685,13.638153260628629
0.9889,0.9893,0.9934,0.9943,0.9941,0.9518,3.932453752956348,4.978821901933656,5.333633290594802,5.066195063960283,0.932,15.369258039480666,0.974,0.99,0.9959,0.9973,0.9505,3.0966907275092312,0.9973,3.920674618499187,5.286015859275082,4.779628987783936,0.9706,0.9933,0.9963,0.9981,0.9548,7.750359795960255,0.9981,9.812616631787078,16.91399378515508,13.200968753347691,0.9715,0.9881,0.9907,0.989,0.9298,4.077680221964291,0.9894,5.162690999972929,6.341032705694255,6.020695328237556,0.9592,0.9739,0.9875,0.989,0.9426,4.896282297871753,0.9893,6.199111057407148,6.678663517336961,6.358869902706931,0.9578,0.9769,0.9803,0.9937,0.9937,0.922,0.5585365605400611,0.7071549305715175,0.7400193900068874,0.7242672794480602,0.967,0.9915,0.9958,0.9988,0.944,10.989189477440863,0.9988,13.913251290914491,20.443366978848587,15.473527351975386,0.968,0.9799,0.9871,0.9916,0.9569,5.764945287284824,0.9917,7.298912501693064,9.911937025896751,8.858771543412598
0.9666,0.9732,0.9827,0.9789,0.9797,0.9055,3.33028280425012,4.216422113793027,4.774563332239143,4.46041985295662,0.9699,18.645319544282955,0.9546,0.9836,0.9933,0.9946,0.925,2.738385389913649,0.9946,3.467029496529352,4.563840357636956,3.7579236714909823,0.9647,0.9869,0.9933,0.994,0.9491,6.909674850829286,0.994,8.748237778177602,12.013193077118794,11.172317511556622,0.967,0.991,0.9945,0.9933,0.9185,3.937128595180736,0.9933,4.984740650968496,7.662398332848388,6.576297115555819,0.952,0.972,0.9873,0.9961,0.9304,4.826360712060777,0.9961,6.110584365238955,8.483888037748043,6.9780012925742,0.9799,0.9613,0.9756,0.9921,0.9921,0.9521,0.6171472827535545,0.7813611045730071,0.7406950729767241,0.6863591336057777,0.936,0.9603,0.9724,0.9872,0.9065,8.803366548930699,0.9873,11.145813005840274,13.07496341685708,11.799024580029265,0.9441,0.9713,0.9832,0.989,0.9271,3.919996154389618,0.989,4.96304951947578,8.954265071258948,6.261722930439617
0.9794,0.9876,0.9915,0.9919,0.9917,0.933,3.64621954648511,4.616424979861724,5.136605645995651,4.929637293119495,0.9049,14.11495849184255,0.9571,0.9763,0.9799,0.9878,0.9296,2.6519404828050157,0.9879,3.357582870106976,3.716619576991533,3.472729560939683,0.977,0.9818,0.991,0.9969,0.966,8.46398719809255,0.9969,10.71612979755163,15.19101536090244,14.848746522682887,0.964,0.9736,0.9793,0.9807,0.9146,3.870531732083954,0.9802,4.900423341365793,6.104765160314893,5.43715868901972,0.9497,0.9708,0.981,0.9911,0.9266,4.751624845670258,0.9911,6.015962383183764,7.092609050305801,6.488151308354079,0.9729,0.9582,0.9608,0.9884,0.9882,0.9409,0.613328710353239,0.776526466177955,0.669908073886072,0.654727664626839,0.9482,0.9838,0.9889,0.9882,0.9215,9.272900467038625,0.9883,11.740282998886984,13.3172425629793,12.329214237804289,0.9434,0.977,0.9881,0.9895,0.9246,4.004318326251936,0.9895,5.06980858200032,9.24961522197736,7.261506147528345
0.9811,0.9788,0.9843,0.9873,0.9869,0.9352,3.7050655432730575,4.690929031544136,4.883455596652481,4.638880435645955,0.9595,17.495203519650502,0.9506,0.9817,0.9968,0.9995,0.9182,2.832605469898108,0.9995,3.5863201550592585,6.928413286927875,4.7541374718069225,0.9833,0.9873,0.9929,0.9992,0.9752,10.04483936177727,0.9992,12.71762348844516,20.56703592806949,16.97374723850403,0.9744,0.9794,0.9835,0.9845,0.9344,4.17418219031609,0.9838,5.284870723828152,6.19001227618422,5.771818067073389,0.9484,0.9877,0.9887,0.9951,0.9243,4.67731067926042,0.9951,5.921874309276451,7.986747837398836,7.928956943747415,0.9332,0.9573,0.9662,0.964,0.9635,0.8943,0.4743028402859802,0.6005078553282079,0.580152155754544,0.555104980415025,0.9673,0.966,0.9729,0.9939,0.9443,11.104724855258478,0.9941,14.059528934763213,15.367759160138617,13.262025606434424,0.9953,0.9761,0.9786,0.9994,0.9929,18.168626724714983,0.9994,23.003031274573324,41.734516329017055,36.2536387363669
0.9565,0.9686,0.9803,0.9738,0.9733,0.8867,3.2180015509023523,4.074264469110199,4.727536421161497,4.418428396659277,0.951,18.14016887637732,0.941,0.9592,0.9745,0.9776,0.9114,2.40308622819345,0.9777,3.0425121557170165,3.2465899659878783,2.8681910056389386,0.9434,0.9774,0.9797,0.9809,0.9194,5.238730782812025,0.981,6.632680051275885,7.696628780930058,7.6340058730890865,0.9697,0.9846,0.9916,0.989,0.9215,4.015409568765091,0.9893,5.083851041139893,6.462988277296405,5.778739179915358,0.9409,0.9583,0.9756,0.9816,0.9184,4.137244461078816,0.9816,5.238104407709119,5.8456167835667605,4.842701461846071,0.974,0.9882,0.9956,0.993,0.993,0.9421,0.6136616699174536,0.7769480213887501,0.7543733440626265,0.6913540493468008,0.9635,0.9728,0.9773,0.9909,0.9378,10.683362405684372,0.991,13.526048130058308,14.170213444464627,13.680051151292988,0.9763,0.9854,0.9879,0.9929,0.9676,6.767410427421096,0.9929,8.568118882539434,10.707179458601429,9.571200245709704
0.9813,0.979,0.9873,0.9844,0.9844,0.9379,3.7054406276890113,4.691403920410614,4.996653109873196,4.685915215412188,0.9701,19.085012667953524,0.9559,0.9821,0.9872,0.9973,0.9265,2.7411560430445983,0.9973,3.470537379738573,5.160382052050388,4.100883800390498,0.9558,0.9682,0.9829,0.9888,0.9391,5.894741752904659,0.9889,7.463245899215103,9.45987501897588,7.887098481833236,0.9743,0.9735,0.979,0.9824,0.9343,4.176324976676574,0.9825,5.287583674146951,6.409919470918903,5.552032662589436,0.9566,0.9877,0.9941,0.996,0.9391,4.869945868414843,0.9961,6.165766891134316,8.479898419838547,7.568698262397548,0.9758,0.9842,0.994,0.9958,0.9956,0.943,0.6301477623386913,0.7978208207096458,0.7827525295454886,0.7325348949559938,0.9462,0.9649,0.9779,0.9904,0.9188,9.437294696285631,0.9904,11.948420116459234,13.884824632288462,11.897543333139808,0.9746,0.9872,0.993,0.993,0.9649,6.452803679428975,0.993,8.16979990263491,10.872999690947715,9.96101057595262
0.9737,0.9689,0.9754,0.9787,0.9789,0.9167,3.556832755343321,4.503253677301398,4.521621823193231,4.314421197680755,0.9297,15.940169236986044,0.9765,0.9778,0.9844,0.9973,0.9553,3.133462869116121,0.9973,3.967231286553008,5.177460455674121,4.443855563478832,0.9486,0.9709,0.9784,0.9785,0.9273,5.413169008767033,0.9785,6.853533725465016,7.415000698168748,6.73679361875892,0.9817,0.9916,0.9967,0.9942,0.9455,4.408311972200162,0.9944,5.581298999701204,7.443164776523274,6.470490529691788,0.9509,0.968,0.9733,0.9737,0.9301,4.61324987394982,0.9741,5.840767865164771,5.154423840889941,5.038142506800788,0.9753,0.9804,0.9865,0.99,0.99,0.9428,0.6237109481306091,0.7896712648416884,0.7067058278241822,0.6673920149451593,0.9328,0.9695,0.9821,0.9898,0.9024,8.611914863627579,0.9898,10.903418840814766,13.743377212215844,11.345295933948671,0.9913,0.9885,0.9925,0.9985,0.9874,13.049138218835116,0.9985,16.52132211763534,25.06562974866253,23.00613218119253
0.9727,0.988,0.9938,0.9901,0.9897,0.9185,3.4747499220988627,4.399329808489707,5.332021046796122,4.970444752714997,0.9018,13.75988304297411,0.9548,0.9602,0.9689,0.9777,0.9261,2.667571453196688,0.9782,3.377373011993839,3.081852864219554,3.0281007622743203,0.9572,0.9781,0.9841,0.9827,0.942,5.87201646353564,0.9827,7.4344737443351665,8.356110657921072,7.622772905539472,0.9653,0.9674,0.9776,0.9774,0.9157,3.885827143753368,0.9775,4.919788637286061,5.707245146916123,5.250395923236457,0.9532,0.9528,0.9642,0.985,0.9347,4.7097263421116855,0.985,5.962915303604293,6.198488340306218,5.783148742015297,0.9647,0.9753,0.9838,0.9972,0.9971,0.9341,0.5646512539031745,0.714896653971822,0.8085331575199249,0.7058248060155193,0.9591,0.9821,0.9855,0.987,0.9351,9.83753837958066,0.9871,12.455162761557542,13.031149353446247,12.208310339600562,0.9303,0.9649,0.9773,0.9823,0.9102,3.3007126607555115,0.9823,4.178983789702478,6.467631497089595,5.140058367390454
0.9694,0.9913,0.9971,0.9938,0.9941,0.9053,3.436947486219156,4.351468699999153,5.705099344073993,5.144654802299651,0.9561,17.144024681591702,0.9763,0.9596,0.969,0.9959,0.9552,3.108182199068289,0.9959,3.9352238017516727,4.715035984626258,3.988190113043836,0.9649,0.9793,0.9848,0.9858,0.9504,6.805840575746691,0.9858,8.616774728532333,8.881259833009167,8.049872115665602,0.9648,0.9671,0.975,0.975,0.915,3.8679582513759785,0.9753,4.897165095263486,6.024600908786468,5.564386036538128,0.9741,0.9814,0.9875,0.9984,0.9592,6.22172345203939,0.9984,7.87723262288848,11.008787902288685,8.876367230874775,0.9518,0.9713,0.9873,0.9866,0.9864,0.9162,0.542723684389078,0.6871344804762323,0.6792930059897286,0.6212027908178404,0.9689,0.9754,0.9785,0.9954,0.9459,11.304381746874023,0.9955,14.312311590910197,15.939977269873635,15.544602139015938,0.9721,0.9479,0.9599,0.9946,0.9627,6.206340233560144,0.9946,7.857756156056768,12.549793660837189,10.12977448203735
0.9628,0.9674,0.9847,0.9786,0.9788,0.8966,3.3142444278816905,4.196116161186577,4.829423033217932,4.242203179156524,0.9504,16.72349404288104,0.9822,0.9889,0.9932,0.9936,0.9655,3.450272612646475,0.9937,4.368339446731394,4.248260870437683,4.129347108081958,0.9569,0.966,0.9675,0.9909,0.9396,6.114744596245766,0.9909,7.741788265820411,10.220627247693056,10.090501804000228,0.9872,0.9934,0.9971,0.9945,0.9603,4.752956384169347,0.9946,6.017648224508038,7.98134760925045,7.093057296395752,0.928,0.9594,0.9701,0.9807,0.9037,3.8705529495591726,0.9807,4.900450204499337,5.7679519375017305,4.929775303580412,0.9634,0.9829,0.9919,0.9911,0.9904,0.9299,0.5701300711907689,0.7218333040182874,0.7160416725048317,0.6878663764453596,0.971,0.9801,0.9878,0.994,0.9497,11.460019609205943,0.994,14.509362401022264,14.99243840424188,14.95961736329143,0.9769,0.9809,0.9834,0.996,0.968,7.202792541301724,0.996,9.119349778177918,14.08678346851112,13.48944680444712
0.9751,0.9815,0.9857,0.9875,0.9879,0.9241,3.535606237431164,4.476379094935774,4.869256569877496,4.70911677374686,0.9447,16.214392592208547,0.9878,0.9898,0.9968,0.9991,0.9765,3.800657194313007,0.9991,4.811956216029622,6.463054854240744,5.827859986256168,0.9412,0.974,0.9852,0.9924,0.9155,5.242930067931904,0.9924,6.637996704449899,10.94163756120528,8.852590830075926,0.9544,0.9711,0.9813,0.9764,0.8958,3.630586094751085,0.9781,4.596631696383775,6.25059395855372,5.448573898306591,0.9455,0.9493,0.9529,0.977,0.9229,4.375754487191207,0.9772,5.540078446423853,5.359781774451561,5.282687175709321,0.9712,0.9788,0.9804,0.9955,0.9955,0.9373,0.6111200212254633,0.7737300773340517,0.7622794671111842,0.7461061530065081,0.9256,0.9526,0.9764,0.9804,0.8932,8.468581701467034,0.9805,10.72194683074934,11.872707404831198,10.2077458093713,0.9688,0.9789,0.9796,0.9888,0.9578,5.758320011971724,0.9888,7.290524337989828,8.565748427229325,8.56534854356733
0.9722,0.9645,0.9704,0.977,0.9772,0.9173,3.462916248913525,4.384347368787475,4.441453449706282,4.354239182705638,0.9562,17.32481016540887,0.9459,0.9655,0.9753,0.9929,0.9174,2.508596089560622,0.9929,3.1760966405313478,4.17810517881264,3.7276658365008255,0.9741,0.9846,0.9937,0.9966,0.9611,8.065942335489698,0.9966,10.212171047015946,14.96432950755436,12.88492816191266,0.9742,0.9928,0.9946,0.9945,0.9342,4.162972760551628,0.9944,5.270678629546678,7.6140533539232464,6.890949531373947,0.973,0.964,0.9931,0.9937,0.9583,5.927772487935791,0.9937,7.505065627390249,7.732603974083015,7.450318039198548,0.9235,0.9732,0.9881,0.9938,0.9937,0.8822,0.4785923893497751,0.6059387903550177,0.7569779362992295,0.650192213064881,0.9472,0.9745,0.9791,0.9853,0.9202,9.214199870814216,0.9853,11.66596303672114,12.492616685298149,11.98546839629694,0.9492,0.983,0.9919,0.9919,0.9349,4.268150224628852,0.9919,5.4038422710374,10.15415582852065,7.1594353936834905
0.9785,0.9839,0.9942,0.9906,0.9906,0.9289,3.6156233389629553,4.577687571185807,5.401845036943323,4.765239862240641,0.9046,13.907190785054503,0.9564,0.9628,0.9717,0.9886,0.9287,2.6356231520794795,0.9886,3.3369237374887426,3.807284433689208,3.470369886591945,0.9825,0.9779,0.9844,0.9987,0.9735,9.756968815013575,0.9987,12.353154819977991,17.962503623393545,16.379246224924017,0.9393,0.9567,0.9752,0.9698,0.8707,3.372935222744954,0.9715,4.270423713993125,5.622005738346043,4.782559654069073,0.9651,0.9719,0.9941,0.9949,0.9495,5.3453448602001945,0.9949,6.767662567765904,7.958028251132672,7.887165166322574,0.9617,0.9712,0.9812,0.9848,0.9847,0.9248,0.5970727435847711,0.7559450255639091,0.6671604673268363,0.6182605498050691,0.9406,0.9537,0.9607,0.9804,0.9124,8.995228670556546,0.9805,11.388726818261867,11.832604577233589,11.2617272351766,0.9688,0.9871,0.9933,0.9941,0.9578,5.724566226321237,0.9941,7.2477891660520815,12.324574436064978,9.537882966902998
0.9589,0.9644,0.9735,0.9718,0.9723,0.8901,3.200000645479195,4.051473787310552,4.412132960261088,4.168776988772412,0.9419,15.991876589041688,0.9537,0.9843,0.9911,0.9973,0.9237,2.7399428851581185,0.9973,3.4690014183681006,5.240573399057598,4.001688388307739,0.9938,0.9939,0.9976,0.9999,0.9898,14.655216923868368,0.9999,18.55475476177953,39.218139345362665,25.31958476986423,0.9717,0.9873,0.9918,0.9901,0.9257,4.101184331385789,0.9898,5.192449207475108,6.753734783604704,6.011059701797013,0.944,0.973,0.9868,0.9961,0.9203,4.498093215809228,0.9961,5.6949697127331405,8.475062992390837,6.638804367790701,0.9798,0.9729,0.9893,0.9951,0.9949,0.9505,0.6378932348399251,0.8076272496094072,0.7511013753658021,0.7286079070514302,0.9478,0.9742,0.9806,0.9863,0.9194,9.79182893031998,0.9863,12.397290699633531,12.766392693158668,11.908283628664698,0.9911,0.9926,0.9939,0.9992,0.987,12.928465078218109,0.9992,16.368539627815238,33.0774439975095,23.45250286476872
0.9771,0.9809,0.987,0.9868,0.9869,0.9273,3.58394942480503,4.537585693977235,4.871306008417149,4.676690511371231,0.964,18.160990758546237,0.9342,0.9684,0.9731,0.9813,0.9005,2.388288759747975,0.9816,3.02377729839438,3.3116436927127624,3.208635977445815,0.9543,0.9809,0.9895,0.9924,0.9357,5.902396953207536,0.9925,7.472938035811242,11.019597149218024,10.270149615933825,0.9791,0.9802,0.9881,0.9861,0.942,4.34314459312115,0.9872,5.498791538804487,6.035501559465093,5.676548004298153,0.9742,0.9746,0.9819,0.9979,0.9597,6.13580028044634,0.9979,7.768446558134516,9.892546244280537,9.313809189148664,0.9862,0.9773,0.9816,0.9902,0.9901,0.9638,0.6653055078797399,0.8423335256310417,0.7052885775308912,0.6660607078170667,0.9494,0.9579,0.9782,0.9909,0.9223,9.386434702547888,0.9909,11.88402702586959,14.243194943639011,11.895564283407824,0.962,0.9769,0.9809,0.9875,0.9488,4.97986303756022,0.9875,6.304931403553091,8.10532717280614,7.456925709646258
0.9921,0.9855,0.9882,0.9919,0.9918,0.9585,4.046896736265143,5.12371648114952,5.061498865687792,4.880973387598108,0.9381,15.67700595495024,0.9715,0.9834,0.9867,0.9901,0.9478,2.990777137572085,0.9904,3.7865789788759487,3.971279622640252,3.754106183639103,0.9259,0.9574,0.9659,0.9683,0.9015,4.396461102738283,0.9687,5.566294788045975,6.248406036325565,5.9694265307408765,0.9572,0.9563,0.9611,0.9633,0.901,3.693629036513965,0.9639,4.676449438417076,5.200655106735976,5.095496626622572,0.9786,0.9865,0.9934,0.993,0.9649,6.35528329108673,0.9931,8.046330772197349,7.4124018732814365,7.3796607906403215,0.9472,0.9843,0.9935,0.9946,0.9946,0.9097,0.5478164160897314,0.6935823132353139,0.7655835440795294,0.6752839608901868,0.9784,0.9868,0.9954,0.9972,0.962,12.252876825152274,0.9972,15.513187269628048,17.574869948577206,17.232131267217387,0.9344,0.9615,0.9671,0.9734,0.9166,3.3654836058304323,0.9735,4.260989331332948,5.2471488876522185,4.707567091585623
0.9629,0.9754,0.98,0.9801,0.9805,0.8956,3.26496155822425,4.133719844216253,4.649752855088141,4.510329348008288,0.9309,15.37041594609039,0.9843,0.9761,0.9788,0.9989,0.9699,3.571540189760181,0.9989,4.521874543863623,5.961052536414583,5.375917650072126,0.964,0.9752,0.9802,0.9941,0.9488,6.702418220651673,0.9941,8.485833204729406,12.07586213126942,10.20225704638576,0.9627,0.9806,0.9873,0.9859,0.9102,3.821678250292205,0.9854,4.838570666061571,6.846461924246277,5.93536262844084,0.9532,0.9807,0.9855,0.9972,0.9323,4.953122325398129,0.9972,6.271075380888913,9.05387663138297,8.329535452299547,0.9541,0.9677,0.9734,0.9743,0.9739,0.9174,0.5431963871244614,0.6877329624622597,0.5981390621431881,0.5878733025708821,0.9656,0.9869,0.9934,0.9978,0.9429,10.528433072810625,0.9978,13.329894378680075,18.48652259400639,16.483275346480948,0.9576,0.9637,0.9718,0.9826,0.9449,4.658702123346546,0.9827,5.898314290121058,6.550818819215853,6.4176203187915775
0.9722,0.9769,0.9875,0.9857,0.986,0.9173,3.4610804915489752,4.382023143368071,5.2743003974877,4.618150265011279,0.9499,17.483320399625317,0.9407,0.9755,0.984,0.9813,0.9112,2.382396795689318,0.9813,3.016317569293028,3.4418043897329382,3.126719323933283,0.9529,0.9672,0.9716,0.978,0.9349,5.538848937095212,0.978,7.012655235622221,7.107944901935393,7.073741209252884,0.9414,0.9457,0.9505,0.9511,0.8774,3.4614456168274192,0.9506,4.382485423116917,4.670039332941896,4.519974548668413,0.9072,0.9594,0.9714,0.9825,0.8785,3.307171764105499,0.9828,4.187161565525422,5.934151607356105,5.017049478060371,0.9692,0.9896,0.9969,0.9953,0.9953,0.9359,0.6068528944856333,0.7683275308820761,0.7772675861450355,0.7263687068177394,0.9466,0.9679,0.9783,0.9766,0.9201,9.07236292289586,0.9767,11.486385361518106,11.543811071002022,10.504003765686097,0.9929,0.9888,0.9899,0.999,0.989,14.54972717808188,0.999,18.42119574500627,31.862731404918065,27.583821324121583
0.975,0.9839,0.9911,0.9887,0.9879,0.9232,3.5232911597065275,4.460787156021466,5.165278125166054,4.781983239270525,0.9505,17.12825645043303,0.974,0.9793,0.9904,0.9921,0.9515,3.013191763408165,0.9921,3.814957807222609,4.179906217974397,3.842845632208496,0.9689,0.9618,0.9705,0.994,0.9535,7.15372193132986,0.994,9.057222200075955,11.83394783512332,10.623424395923486,0.9563,0.97,0.9847,0.9784,0.8982,3.6723490325823462,0.9785,4.649507138188287,5.826922691648345,5.145437667333283,0.9538,0.9713,0.9775,0.9926,0.9354,4.804492043972292,0.9926,6.0828967659726665,7.410275001662036,6.610571268136182,0.9694,0.9825,0.9835,0.9973,0.9973,0.9366,0.5955159062051458,0.7539739366381712,0.7954025237990017,0.7810423472021479,0.9313,0.952,0.9628,0.9669,0.9018,8.184946689374021,0.9672,10.362840710479704,10.37272561959277,9.567930945755323,0.9214,0.9534,0.9577,0.9694,0.899,3.0164210320024134,0.9696,3.819046336729709,4.779520577629787,4.526920236371673
0.9844,0.9628,0.9728,0.9817,0.9819,0.9424,3.775587446896565,4.780215777271993,4.398520661324115,4.155857789210327,0.9297,15.19401170874993,0.9529,0.9573,0.9592,0.9673,0.924,2.589610227899792,0.9678,3.278667450429902,2.801500943351435,2.791417268184457,0.9722,0.9874,0.9922,0.996,0.9601,7.328589293709849,0.996,9.2786191975858,14.159439671851022,11.73502821726862,0.9638,0.9793,0.9898,0.9847,0.9145,3.865077671612939,0.9866,4.893518035560951,6.418928142893289,5.607864784785049,0.9587,0.9755,0.9796,0.9847,0.9413,4.986592684083092,0.9848,6.313451710111091,6.078365799452857,5.8410807555749376,0.9799,0.9862,0.9896,0.9968,0.9968,0.9492,0.6564248124236995,0.8310898076324016,0.8004238266798637,0.7505350461397812,0.9723,0.9799,0.9831,0.9979,0.9512,11.666742951027746,0.9979,14.771091785920826,18.65612187590499,17.10159030307815,0.9799,0.99,0.996,0.9979,0.9723,8.015564607743716,0.9979,10.148388546310684,21.616648808370776,13.81294701670253
0.981,0.9801,0.9878,0.9869,0.9868,0.9365,3.679525756516469,4.658593482886041,4.933467583355293,4.631563524822827,0.9608,18.146720402600607,0.9767,0.9878,0.9958,0.9961,0.9559,3.0751898439645817,0.9961,3.8934526658385744,4.921774192800847,4.180109204995014,0.964,0.9839,0.9863,0.9853,0.9488,6.584279850812392,0.9853,8.336259950937835,8.776685562055896,8.295385794000598,0.9749,0.9857,0.9907,0.9877,0.9352,4.193177384014481,0.9881,5.308920259400166,6.348133435792024,5.864201590981612,0.9249,0.9524,0.9691,0.9893,0.9001,3.783101146500481,0.9894,4.78972876191279,6.6826171090362045,5.627520018126501,0.957,0.9846,0.9916,0.9904,0.9904,0.9207,0.5503769726709671,0.6968241962906995,0.7108895534587334,0.6882962140739097,0.9645,0.9749,0.9832,0.9847,0.9397,10.311282213386104,0.9851,13.05496286699638,12.026253268297816,11.98062711150837,0.9589,0.9766,0.9827,0.9912,0.9457,4.914436083606358,0.9913,6.222095298722257,9.698760612382332,8.033693397266255
0.9687,0.9843,0.9907,0.9873,0.987,0.9103,3.3828265349382454,4.282946958989916,5.174022695717269,4.844953095459026,0.9378,15.62626133998204,0.9293,0.9726,0.9787,0.9826,0.8944,2.288400749059209,0.983,2.89731055610048,3.4236757402786973,3.2714208620697995,0.9679,0.976,0.985,0.9937,0.9529,6.861000033111124,0.9937,8.68661130683115,11.634130884143614,10.384259195443216,0.9782,0.9789,0.9871,0.9863,0.94,4.294277395849522,0.986,5.436921498532765,7.1281495098943015,6.323540348921583,0.9554,0.9319,0.9366,0.9806,0.9369,4.916538668282701,0.9807,6.224757350279603,5.680287142903008,5.642521238350899,0.9798,0.9845,0.9898,0.9962,0.9962,0.9504,0.6400266625587072,0.8103283510894896,0.753013033138312,0.7486689630412017,0.9416,0.9658,0.9749,0.9817,0.9128,9.17704689242306,0.982,11.61892419681186,11.976519874598091,11.3506483797962,0.9328,0.9595,0.9679,0.9756,0.9143,3.346061611498814,0.9757,4.23639942975183,5.4652161406687085,4.626594216737513
0.945,0.9859,0.9986,0.9974,0.9975,0.8674,3.0244921232490585,3.829265026737466,6.2731835634978905,4.874398230219393,0.9074,14.06589320641468,0.9541,0.9602,0.971,0.9845,0.9265,2.5291835095542883,0.9849,3.2021620704150973,3.505446264851101,3.2890479346837966,0.9767,0.98,0.9848,0.9986,0.9654,8.10722856429886,0.9986,10.264442934533696,17.66136970251113,13.152504635796246,0.9464,0.9703,0.9848,0.9783,0.8856,3.504930525804147,0.9785,4.437541027281151,5.833291345320367,5.129953603378247,0.9626,0.9789,0.9834,0.9974,0.9455,5.281621412853905,0.9974,6.686983247614737,9.277713600906974,8.244123366089783,0.9596,0.9726,0.9815,0.983,0.9825,0.925,0.5521298028919992,0.699043428872465,0.639127776633822,0.6209255598978269,0.9863,0.9816,0.992,0.9998,0.9722,14.315185829450796,0.9998,18.124246390523563,32.29156933019348,25.55080254821086,0.9874,0.9607,0.9616,0.9977,0.9828,10.559465342778484,0.9977,13.369183879609755,21.06409955180021,19.03275632120491
0.9669,0.95,0.9642,0.9649,0.9648,0.9018,3.374001832881387,4.2717741334110535,4.524263545968831,4.132243379075518,0.9333,15.49840976510887,0.9425,0.968,0.9755,0.9833,0.9111,2.5260109440664595,0.9834,3.1981453318776776,3.4620960247904486,3.2320837041276635,0.9696,0.9727,0.9755,0.994,0.9545,7.405731000355632,0.994,9.376287178629909,12.011067010920504,10.704735809948472,0.9644,0.9684,0.9753,0.9771,0.9165,3.917352036854637,0.9772,4.95970184112494,5.43231948592728,5.144148001602866,0.9728,0.9905,0.9923,0.9996,0.957,6.232941646454508,0.9996,7.891435813965337,13.17856451394143,10.020066216710651,0.9834,0.969,0.9742,0.9902,0.9902,0.9596,0.6298225062891449,0.7974090188055547,0.6927092947276114,0.6728310534932282,0.9635,0.9776,0.9818,0.9965,0.9373,10.960871077338998,0.9965,13.877397780736803,17.235888057459963,16.581620189757047,0.976,0.9789,0.9896,0.994,0.9672,6.835563780759754,0.994,8.654406841561874,12.24180730713593,10.04113990711821
0.9786,0.9788,0.9859,0.9867,0.9869,0.9298,3.620152839288007,4.583422304977967,4.905727529263799,4.599105521912437,0.9521,16.84215300889054,0.9704,0.993,0.9972,0.9989,0.9455,3.031303221828721,0.9989,3.83788845854748,6.038257507359339,4.954400396267054,0.9572,0.9722,0.974,0.9801,0.9415,6.1206745746840685,0.9802,7.749296124369138,7.646989349002328,7.48176784789972,0.9619,0.9827,0.9908,0.9869,0.9126,3.848434802543242,0.9866,4.872446743629564,6.344765597645115,5.810807455105147,0.9683,0.9874,0.9928,0.9969,0.9521,5.840920816096022,0.997,7.395104002119943,8.849443059542823,7.656898480659347,0.944,0.9768,0.9862,0.9867,0.9867,0.907,0.53340544749104,0.67533679768836,0.6787740675713916,0.6455956344281382,0.957,0.9686,0.9733,0.9951,0.9314,10.18023797357622,0.9954,12.88904968091067,15.980218091196743,14.56811945662795,0.9644,0.9704,0.979,0.9934,0.9531,5.33913088978365,0.9934,6.75979515114731,11.300830957434789,8.895839422764805
0.9875,0.9874,0.9946,0.9934,0.9928,0.9481,3.868548665935153,4.897912610459622,5.3372606607178135,4.915298089964297,0.9353,15.84658842764776,0.9455,0.9574,0.9611,0.9747,0.9175,2.448137243103232,0.9747,3.0995505835862662,2.983128589518884,2.956661783762949,0.9596,0.9927,0.9964,0.9967,0.9426,6.550913796858037,0.9967,8.29401568040213,15.121467124235933,11.29205676869738,0.9734,0.9799,0.9855,0.9852,0.9318,4.129615262607322,0.9853,5.2284451916495485,6.317643518746984,5.848991999315927,0.9761,0.9832,0.9935,0.9991,0.9612,6.418672623048342,0.9991,8.126587073770418,12.056736211058272,10.002494353205227,0.9424,0.9676,0.9712,0.9845,0.9845,0.9045,0.5248224076782988,0.6644699371250999,0.6412204000343745,0.6304560893347272,0.9672,0.9856,0.994,0.9972,0.9443,10.788521381637056,0.9972,13.659188364006264,17.935160557759243,14.884211559946989,0.9824,0.9915,0.9952,0.996,0.9753,8.113563074132012,0.996,10.272462964336109,14.09315878688697,13.524306516199136
0.992,0.9843,0.9849,0.9932,0.993,0.9596,4.082678793271106,5.169019617641233,5.509840803417923,5.297203583044995,0.9119,14.318327615486195,0.9889,0.997,0.9975,0.9998,0.9799,4.027587421675131,0.9998,5.0992692417332135,8.085437902729684,7.110048702003174,0.9953,0.9459,0.9497,0.9999,0.9921,15.962706940109388,0.9999,20.21014865535717,39.08367526057033,27.559120526493817,0.9671,0.9666,0.9722,0.9722,0.9158,3.9467955224875215,0.9723,4.996979805558235,5.204637076765748,4.94966380669923,0.9657,0.9899,0.9957,0.9989,0.9495,5.623444923942639,0.9989,7.119760971275189,11.7215278663308,8.60287057337527,0.9772,0.9735,0.979,0.997,0.9971,0.9467,0.6071845940434946,0.7687474908173457,0.811196331979726,0.7383847944683724,0.9515,0.9651,0.9779,0.9856,0.9251,9.626225331191378,0.986,12.187622416628129,12.72208836176543,11.774001663742514,0.9431,0.9728,0.9903,0.9898,0.9254,3.79200564614442,0.9898,4.801002618043884,9.366006779428345,6.2129499471067
0.9821,0.9815,0.9892,0.9881,0.9878,0.9374,3.6989714388673143,4.683213375520164,5.341649043007322,4.891317048563449,0.9589,17.401404261261234,0.9585,0.9812,0.9846,0.989,0.931,2.7176914975605624,0.9893,3.440829263556149,3.9145997746476513,3.628386910363744,0.9935,0.9955,0.997,0.9999,0.9893,14.785877698841889,0.9999,18.72018244867165,39.213054268755975,25.46714906840697,0.9746,0.9854,0.9909,0.9886,0.9348,4.18689791563788,0.988,5.300969916776959,8.392634471527208,7.457889647007997,0.9511,0.9623,0.9782,0.9791,0.9304,4.605418430982229,0.9791,5.830852590321049,5.602613926007722,5.406710880621042,0.9855,0.9718,0.973,0.9977,0.9976,0.9618,0.6666477090928636,0.8440328668608474,0.7993530587149329,0.7777754291490547,0.97,0.9793,0.9929,0.9967,0.949,11.13986690134515,0.9967,14.104021762836153,17.384067460343314,14.941481561644006,0.9456,0.959,0.9758,0.978,0.9302,3.877172776720826,0.9781,4.908831470378097,5.830712325584678,5.75128594621951
0.9871,0.9848,0.9884,0.9902,0.9903,0.9491,3.890946469232904,4.926270140037741,5.799411783817326,5.218284434863632,0.9478,16.568666434589,0.9637,0.9748,0.988,0.9947,0.9385,2.810515259216774,0.9947,3.558352063972141,4.535561793689921,3.9917975038268056,0.94,0.9769,0.9856,0.9854,0.9151,5.0653528313612455,0.9854,6.413168775053862,8.744647098983892,7.881674509742563,0.9631,0.9806,0.985,0.9839,0.9103,3.8218403380768335,0.9842,4.8387758830235095,7.230368656376033,6.052862145210246,0.9711,0.9914,0.9968,0.9984,0.9548,6.029667256045553,0.9986,7.63407309576186,11.008936245978376,9.335233039783056,0.9641,0.936,0.9383,0.9763,0.9761,0.9314,0.5799458540814005,0.7342609224750235,0.5891303747959888,0.5844324147059072,0.944,0.9706,0.9912,0.9909,0.9148,9.114653517272965,0.9909,11.539928861520426,14.218611646144568,12.954613352030789,0.9951,0.9867,0.989,0.9996,0.9925,18.44551019890594,0.9996,23.3535893719315,52.32177958134527,30.058429892206465
0.9808,0.9673,0.9686,0.9799,0.9797,0.9355,3.672699817117299,4.649951261332562,4.325976021160532,4.300235070174494,0.9455,16.314825720732934,0.9867,0.979,0.9851,0.9997,0.9751,3.638133562680871,0.9997,4.60618743460567,7.142802400634545,5.928687567105121,0.9574,0.9734,0.976,0.9857,0.9417,6.156470773432863,0.9857,7.794617165513611,8.64612207582065,8.519720079754036,0.9699,0.9807,0.9888,0.9869,0.9207,4.0716788130776,0.9872,5.155092704383297,6.163221811789898,5.511887785640926,0.9608,0.9678,0.9726,0.9968,0.9431,5.276834849137284,0.9968,6.680923049640533,8.73154306829376,7.472483134500447,0.9549,0.9684,0.9852,0.9903,0.9903,0.9195,0.5234139987808434,0.6626867713192065,0.7229896517755714,0.6673296174636056,0.9389,0.9416,0.9461,0.9884,0.9112,8.624924393165074,0.9885,10.91989001496308,13.367006593026248,12.417125836954744,0.9661,0.988,0.9938,0.994,0.9556,5.59303645348191,0.994,7.081261253733603,12.232977962664943,9.67010466688465
0.9735,0.9768,0.9813,0.9851,0.9854,0.9216,3.500579670306658,4.432032473079652,4.654910650933159,4.531559924450419,0.9324,15.318215106336872,0.9593,0.9641,0.9665,0.9951,0.9311,2.8440869501700448,0.9951,3.6008566884899604,4.583950410937178,4.320152847780232,0.9456,0.9687,0.974,0.9794,0.9226,5.295129070923309,0.9794,6.70408509497638,7.587022106613321,7.018676288616753,0.9673,0.9731,0.9826,0.9776,0.9206,3.9424986844296495,0.9786,4.99153964204315,5.622057543631021,5.233409118081314,0.9681,0.9944,0.9977,0.9979,0.9517,5.882068436742696,0.9979,7.447200399880272,9.777292960245076,9.43373722208844,0.9481,0.9741,0.9775,0.9842,0.9841,0.9099,0.5563734415820206,0.704416237449778,0.6417749169734396,0.6348526815722234,0.9555,0.9744,0.9835,0.9835,0.9309,9.68016432897548,0.9837,12.2559137889892,12.420993622921856,11.391359595294825,0.9691,0.9886,0.9929,0.9948,0.9578,5.879215012337798,0.9948,7.4435877211775825,12.740813256728435,9.998152516637957
0.9581,0.971,0.9785,0.976,0.9763,0.8908,3.2017191956618505,4.053649618439538,4.581259454701815,4.340039962205665,0.897,13.558760917695569,0.9416,0.9682,0.9727,0.9848,0.9125,2.4147465023821715,0.9851,3.0572750574980514,3.52770208625453,3.338548687215336,0.9358,0.9479,0.953,0.9769,0.9115,4.8362204491373255,0.977,6.123067633444492,7.010069319597146,6.933191167241364,0.9693,0.9591,0.9618,0.9727,0.9245,4.033283940081806,0.9723,5.1064815199670255,4.809158003369126,4.715814334926405,0.9441,0.9761,0.9834,0.9824,0.9225,4.159666462698577,0.9826,5.266492574427096,5.930529632458232,5.412451760414855,0.9743,0.9755,0.9843,0.9964,0.9963,0.9427,0.6095007141057638,0.771679896388515,0.7915735138796338,0.7019997865820645,0.9664,0.9719,0.9728,0.9884,0.9437,10.757251795167784,0.9884,13.619598400141957,13.10101607849074,12.909062058659192,0.9482,0.9718,0.9754,0.9888,0.9334,4.25073975766751,0.9888,5.381799134696673,8.756451767405299,7.542638559348835
0.9335,0.9618,0.9815,0.9745,0.9748,0.8492,2.886029838957844,3.653959963555832,4.729049522819572,4.12128599363133,0.8937,13.404840536378677,0.9788,0.9838,0.994,0.9995,0.958,3.40328964178226,0.9995,4.308854997821902,6.913778831388701,5.4275094896530005,0.9507,0.9537,0.9569,0.9813,0.9311,5.453377145327538,0.9813,6.904440656231305,7.809693510926083,7.473965548292266,0.9674,0.9341,0.9417,0.9561,0.9161,3.954250059283019,0.9572,5.006417885036802,6.322267468016381,5.625527111690458,0.9715,0.9756,0.9852,0.9908,0.9568,5.80245639028343,0.9909,7.346404757904532,7.100173116006637,6.793534204803971,0.96,0.9759,0.993,0.9934,0.9934,0.924,0.5790489512310806,0.7331253669578806,0.7253599314685438,0.7207142117855477,0.9183,0.9657,0.9755,0.9853,0.8845,7.970229632191353,0.9853,10.090990600045188,12.519715892856953,11.118098431542974,0.9916,0.9811,0.9896,0.9983,0.9876,13.027230174691072,0.9983,16.493584664923812,22.761038907610548,22.211763308332348
0.9628,0.9822,0.989,0.9861,0.9858,0.902,3.302818186915635,4.181649565429208,5.637760326262696,4.988880921568159,0.9515,16.840009697945355,0.9658,0.9762,0.9807,0.9875,0.9409,2.792479077896205,0.9875,3.5355167198772275,3.713081671062156,3.414487997585093,0.9552,0.984,0.9878,0.9902,0.9372,6.110264809469262,0.9902,7.736116473621434,10.012734491760668,9.36617577405616,0.9695,0.9762,0.9798,0.9797,0.9213,3.996727923992065,0.9793,5.060198485254103,5.730962090288328,5.404435058532087,0.9717,0.9867,0.9953,0.9979,0.956,6.092279068180162,0.9979,7.713344990909054,9.777283330345554,9.5399718020227,0.9724,0.9808,0.9908,0.9935,0.9934,0.9403,0.6021538875285855,0.7623781872343602,0.7532583545384568,0.7123166188068422,0.9684,0.983,0.9859,0.9978,0.9455,11.447823204866564,0.9979,14.493920712736903,18.60710972371521,17.081123000941,0.9461,0.9803,0.9818,0.9825,0.93,4.123244797393935,0.9826,5.220379639268653,6.542777653352258,6.309098099545813
0.9735,0.9684,0.9742,0.9808,0.9809,0.9195,3.4925179739942,4.421825677859994,4.719068752807404,4.371984957378857,0.9328,15.341153779271329,0.9523,0.9706,0.9725,0.9818,0.9241,2.50846991903769,0.982,3.1759368978865723,3.291674018316466,3.2494648657977736,0.9436,0.975,0.9811,0.9857,0.9194,5.298828609421308,0.9857,6.708769026297133,8.817477052711492,7.76584806883799,0.9627,0.9866,0.9893,0.9891,0.9101,3.824017919152568,0.9893,4.841532886419913,6.9719008607793205,6.096251312926484,0.9347,0.9734,0.9768,0.9791,0.9087,4.046322161330265,0.9793,5.122989020268912,5.57889634301642,5.469801383872984,0.966,0.9891,0.9973,0.9978,0.9978,0.9332,0.6018522912403161,0.7619963406062978,0.825795139053637,0.7796875126207348,0.9663,0.9761,0.9762,0.9884,0.9432,10.788125539932242,0.9884,13.658687194641429,13.00699824487,12.934975709856117,0.9842,0.9841,0.9896,0.9977,0.978,9.132170695641666,0.9977,11.562107103605689,21.07737639926438,16.32993574749744
0.9772,0.9697,0.9767,0.9826,0.983,0.9279,3.584914032228388,4.538806969259257,4.772810084545625,4.393003424913534,0.9368,15.662087411209594,0.9714,0.9876,0.9911,0.9973,0.9458,3.1121833854208054,0.9973,3.940289644987756,5.260030393095953,4.852536191163104,0.9354,0.9517,0.9542,0.9641,0.9111,4.861167571822211,0.9642,6.154652818831696,5.842262513455166,5.751747372565928,0.9538,0.9697,0.9809,0.9735,0.8955,3.631511434581185,0.975,4.597803255543083,5.594691258991977,5.08744204926184,0.9426,0.9735,0.9767,0.9807,0.9196,4.239068095044977,0.9807,5.3670218141869634,5.768106204662644,5.442030992625851,0.9557,0.9648,0.9687,0.9937,0.9937,0.9186,0.5587944700415259,0.7074814660008646,0.7485393473001223,0.7087578716682659,0.9646,0.9898,0.9931,0.9992,0.9389,10.891953623947542,0.9992,13.790142405867382,21.463033706915606,16.26962907928012,0.9578,0.973,0.9806,0.9859,0.9451,4.62337216938413,0.9859,5.8535835546482895,7.617531947621844,7.064009862840024
0.9759,0.9792,0.984,0.9855,0.986,0.925,3.5451254537811945,4.488431234854049,4.815369182737008,4.620464509171029,0.9263,15.16690589316148,0.9851,0.9979,0.9992,0.9999,0.9699,3.88890002151002,0.9999,4.9236791626521335,9.425720705317405,6.467954103078129,0.9762,0.9886,0.9908,0.997,0.9642,8.174500864196826,0.997,10.349615404743588,15.443575574510897,14.93596088884976,0.952,0.9383,0.9441,0.9494,0.8953,3.64239530389989,0.9487,4.611583162528897,5.303430211549074,4.974219474619884,0.9586,0.979,0.9878,0.9928,0.9409,5.080830025339798,0.9928,6.432764222884104,7.41237227461189,6.992680774387168,0.9428,0.9443,0.9552,0.9638,0.9635,0.9067,0.5122347714620867,0.6485329159103598,0.571820894889729,0.5493796984061343,0.9683,0.967,0.9704,0.9965,0.9459,11.016353340135826,0.9965,13.947643058249357,17.20386661431228,15.0796359248881,0.9481,0.941,0.9624,0.9787,0.9344,3.959692086465637,0.9787,5.013307955672055,5.866201172404971,5.835814438038993
0.9827,0.9775,0.983,0.9875,0.9875,0.9383,3.710283627174991,4.697535570882974,4.715718077467869,4.553328656372853,0.9421,16.027181336405107,0.9593,0.9783,0.988,0.9867,0.9333,2.6584019377470822,0.9871,3.3657636232460915,3.731361874563536,3.3019744609751447,0.9393,0.969,0.973,0.9719,0.9159,4.784062291381796,0.9721,6.057030956470857,6.665273167107377,6.437181738201027,0.9723,0.9876,0.9918,0.9898,0.9318,4.1111164087709575,0.99,5.205024064682215,6.438967622995289,6.0233425097674544,0.9686,0.9659,0.967,0.9925,0.9525,5.74470146153511,0.9925,7.2732820914318275,7.299198568853872,7.223749028882292,0.9364,0.9496,0.958,0.9691,0.9683,0.897,0.5005825441121005,0.633780202113584,0.5786716674584191,0.5646608818882299,0.9703,0.9807,0.9857,0.997,0.9484,11.537069244160504,0.997,14.606913811451276,17.578187769088665,15.743665147373758,0.9832,0.9841,0.9869,0.9979,0.9764,8.717466162370258,0.9979,11.037055788881228,21.589238309053314,15.58589367306551
0.9485,0.9557,0.9669,0.9623,0.9624,0.8727,3.065656199322192,3.8813822584713935,4.221714693125005,3.984802376189857,0.9538,16.97506874917266,0.9764,0.9763,0.983,0.9973,0.9539,3.2476076366325897,0.9973,4.111748299137041,5.18873455374109,4.673707591489978,0.9493,0.9799,0.9888,0.9929,0.9296,5.487733246681378,0.9931,6.947938411228921,11.242463392338632,8.7270081191267,0.9556,0.958,0.9662,0.9687,0.8974,3.659097178393751,0.9694,4.632729160360624,5.167865363839033,4.804293853121042,0.9332,0.9632,0.9739,0.9799,0.9086,3.877385998063384,0.9801,4.909101426786227,5.695455404602941,5.009679854584684,0.9554,0.9866,0.9939,0.9912,0.9911,0.9188,0.5527290642631235,0.6998021448871907,0.7332164303934371,0.6845696492040394,0.9618,0.9698,0.9781,0.9912,0.9368,10.184227614341411,0.9912,12.894100906448326,14.35061808440536,12.84583052908775,0.9337,0.9537,0.9688,0.9694,0.9165,3.3572774993603147,0.9695,4.250599700535051,4.783888683633878,4.146215649812204
0.9777,0.9892,0.9924,0.9917,0.991,0.9292,3.601258181859473,4.559500056899652,5.188105961079545,4.999237016259327,0.9308,15.251523458935583,0.9417,0.9716,0.976,0.9748,0.9128,2.3998232753424373,0.975,3.0383809790674787,3.1220589086509465,3.0076156311309115,0.9244,0.961,0.9722,0.9794,0.8996,4.421549187887845,0.9794,5.598058443938001,7.579611538874489,6.492383379243565,0.9642,0.9629,0.9646,0.9711,0.912,3.841674283122301,0.9721,4.863887349349053,5.233726403635757,5.042960982823497,0.9405,0.9457,0.9646,0.9855,0.9152,4.382117425951473,0.9855,5.548134469673068,6.238206957740642,5.923142232512292,0.9578,0.9661,0.9704,0.9868,0.9868,0.9219,0.5595976820840771,0.7084984009632513,0.660155925402503,0.6490624777533358,0.9801,0.987,0.9966,0.9996,0.9636,13.267596881224256,0.9996,16.79790941943196,28.50811177529192,21.043371314772617,0.9627,0.986,0.9925,0.996,0.9487,5.393333213029341,0.996,6.828419916005245,14.092006146367632,9.352252059160364
0.9723,0.9748,0.9831,0.9806,0.9801,0.9171,3.469256175921517,4.392374257195336,4.817963274016247,4.489966655252129,0.9594,17.62518480612406,0.9635,0.9894,0.9984,0.9982,0.9357,3.0068695570941952,0.9982,3.806953354725011,5.627534814723124,4.720970937511902,0.9444,0.9648,0.9712,0.9833,0.9204,5.310762301555368,0.9833,6.7238780985203785,8.26844543232982,7.180160807990236,0.9732,0.9814,0.9842,0.9832,0.9278,4.132466401845987,0.9834,5.232054977136856,5.994726747569397,5.682907775267562,0.9703,0.9923,0.9975,0.9991,0.9534,5.97711792135581,0.9991,7.567541155420884,12.05676685300436,9.698830461853657,0.987,0.9973,0.9986,0.9994,0.9994,0.964,0.699245318187566,0.8853042206534671,0.8797653316695275,0.8439262766327462,0.9418,0.9659,0.9805,0.9853,0.9132,9.078476902909648,0.9853,11.494126181757316,12.575236004803456,10.781037940266494,0.9902,0.9918,0.9936,0.9992,0.9868,12.482857994330022,0.9992,15.804363047925165,33.07723066256493,22.17158611433527
0.9735,0.9619,0.9702,0.9773,0.9768,0.9213,3.5058264906621366,4.43867539521999,4.448068288119726,4.226675641876808,0.8775,12.909449174118356,0.9653,0.975,0.985,0.9927,0.9393,2.847635698431148,0.9927,3.605349706507921,4.212614005353661,3.8338363704406033,0.9726,0.9818,0.9875,0.9958,0.9599,7.783292981742105,0.9958,9.854312854291376,13.680649539200314,12.543970270624678,0.951,0.9558,0.9647,0.9645,0.8922,3.6084790720976336,0.9647,4.568642319905845,5.074434067629573,4.741859732188515,0.9367,0.9616,0.9687,0.9828,0.9112,4.100142918654392,0.9828,5.191130690121373,5.952765354535069,5.578511889429031,0.9456,0.9803,0.9899,0.9944,0.9941,0.9081,0.5360775553904795,0.6787199142282702,0.7663341203315754,0.6892459107906664,0.9646,0.9902,0.992,0.995,0.9392,10.85357623831658,0.9951,13.741553361946716,15.871926309617857,15.386973545296891,0.9885,0.9568,0.9648,0.9991,0.984,11.68470479683579,0.9991,14.79383301491583,32.52558010288796,19.67819067392559
0.9561,0.9425,0.9483,0.9649,0.964,0.8847,3.160778293869631,4.0018149443827165,3.8737330872990015,3.796733851370664,0.9094,14.285928948683512,0.9679,0.9812,0.9883,0.9904,0.9431,2.869837970565821,0.9904,3.63345967695416,4.002120421435755,3.602053863424156,0.9943,0.9775,0.9801,0.9999,0.9904,15.373305668997196,0.9999,19.46391636834431,39.145834172275634,26.209635090779333,0.9564,0.9834,0.9923,0.9887,0.8987,3.667676092421317,0.9895,4.643590797327909,6.541835838510458,5.694317019243861,0.9579,0.9581,0.9707,0.9895,0.9407,5.003807793456564,0.9895,6.3352475070809575,6.730132879572817,6.350970687544396,0.9439,0.9548,0.9659,0.9785,0.9783,0.9073,0.5288559714080887,0.6695767728827047,0.6279563061250526,0.6010326470118939,0.9666,0.9687,0.97,0.9765,0.9443,10.433852606172236,0.9765,13.21014743990418,10.994464690496963,10.854520447903225,0.978,0.938,0.9589,0.9976,0.97,7.77253002239943,0.9976,9.840686029649218,20.71857130594616,13.338246832315424
0.9814,0.9905,0.9962,0.9936,0.9932,0.9352,3.729092521337012,4.721349235350005,5.647450515236281,5.1688418982340645,0.9287,15.59434280211131,0.9434,0.9694,0.9741,0.9851,0.9148,2.432397133926372,0.9855,3.0796222626874727,3.4998724774122607,3.3782682390687064,0.9488,0.9791,0.9877,0.9888,0.9279,5.622434612265592,0.9888,7.11848183050928,9.378071276562412,7.930988433831596,0.968,0.9591,0.9732,0.971,0.9244,3.9877597912957454,0.9721,5.048844064250598,5.262472295473888,4.821199311199752,0.9532,0.9365,0.9393,0.9906,0.9339,4.7668588583470335,0.9907,6.0352499427418245,7.0228694792829165,6.803300282241969,0.9762,0.9601,0.9674,0.9897,0.9894,0.9446,0.6215458046208586,0.7869300084647834,0.691608001428244,0.659440959832756,0.9459,0.9582,0.9674,0.9696,0.9189,9.208458337023064,0.97,11.658693765170623,10.413204316259622,10.118002575570896,0.9823,0.958,0.9664,0.9977,0.9747,8.264415740512877,0.9977,10.463455308181858,21.066135152054027,14.141097095941737
0.9646,0.9454,0.9502,0.9659,0.9652,0.9054,3.3253259156488064,4.210146269985555,4.031289725322833,3.943540749913307,0.9345,15.454632698086227,0.9846,0.986,0.9881,0.9974,0.9715,3.531474591042313,0.9974,4.471148078165038,5.1897767209669965,5.076790859703508,0.9741,0.9745,0.9802,0.9938,0.9617,7.830997084894069,0.9938,9.91471031819201,11.62115973815192,10.568232746844531,0.9762,0.9691,0.9784,0.98,0.9354,4.219801424866219,0.9805,5.342628566233006,5.701014447822688,5.255610932126757,0.9576,0.9776,0.9877,0.9978,0.9404,4.969185710699775,0.9978,6.291412996938156,9.589610169268,7.383185576214807,0.9426,0.985,0.9985,0.9997,0.9997,0.9045,0.5262369326441639,0.6662608463953199,0.8973325553019542,0.7580233085010595,0.962,0.9777,0.9956,0.9961,0.9357,10.753760519258762,0.9961,13.6151781470243,16.46613465078176,15.917049932823971,0.9349,0.9447,0.9484,0.9787,0.9166,3.459182642411561,0.9787,4.379620304467595,5.955541008997524,5.56327357469539
0.97,0.9628,0.9723,0.9773,0.9775,0.914,3.413915872845575,4.322308712799039,4.402209905543413,4.154862142837772,0.8902,13.30117378316491,0.9379,0.9408,0.9505,0.974,0.9055,2.444686610293946,0.9748,3.095181788099863,3.021853732927588,2.88675590792349,0.9566,0.9464,0.9562,0.9924,0.941,5.853503661003463,0.9924,7.411034957129066,10.919623330648896,8.893196371598565,0.9451,0.9573,0.9664,0.9633,0.8835,3.483046708743852,0.9633,4.409834248124296,5.214994242630722,4.94860422738633,0.9721,0.9831,0.9966,0.9961,0.9574,5.71855296206435,0.9961,7.240175860552482,8.544303893512746,7.481599542040077,0.9705,0.9859,0.9903,0.9901,0.99,0.9378,0.5849314441434487,0.7405731047801116,0.7105134437494267,0.6647307760003459,0.9763,0.9729,0.9793,0.9977,0.9565,12.532119232319198,0.9977,15.866731977358215,17.89352255671727,17.717054546875463,0.9726,0.9833,0.9862,0.9932,0.963,6.380481336662946,0.9932,8.07823364736949,11.161575801515498,10.150278020746638
0.9776,0.9939,0.9961,0.9945,0.9949,0.9283,3.5944749870220414,4.55091195360758,5.538803110756224,5.303456359706139,0.9386,15.70416447003304,0.9435,0.9664,0.9732,0.9809,0.914,2.5337968574711764,0.981,3.2080029624109856,3.2554205138142622,3.1714019669493654,0.943,0.9624,0.97,0.9831,0.9194,5.1587075020764335,0.9831,6.531363751626735,8.264213739406806,7.186492116414723,0.9674,0.9828,0.9909,0.9886,0.921,3.950759232393576,0.9879,5.001998200416238,6.810216399326659,5.75034274415772,0.9781,0.9746,0.9798,0.9992,0.9645,6.3395700497867775,0.9993,8.026436468322634,12.287374893953144,10.017870860011191,0.9511,0.9814,0.9905,0.999,0.999,0.9128,0.5599966508804057,0.7090035294926987,0.8638876439566441,0.729848325455647,0.977,0.9822,0.9895,0.9964,0.9599,12.138544460313636,0.9964,15.368432742831509,17.163836700640694,16.192323143109828,0.9678,0.9873,0.9941,0.994,0.9571,5.622711577257697,0.994,7.118832491815271,12.23307508710351,8.823042983775009
0.9775,0.9859,0.9882,0.9884,0.9886,0.9273,3.5827882734937693,4.5361155773673145,4.947310541883484,4.811331512875776,0.9469,16.39578243090694,0.9829,0.9856,0.9893,0.9962,0.9672,3.5216058741781424,0.9962,4.458653440782367,4.923806178388818,4.53605019467715,0.9656,0.9614,0.9681,0.9887,0.9516,6.567879919264182,0.9888,8.315496238631988,9.296557856894983,9.01547825106528,0.9732,0.9787,0.9856,0.9847,0.9303,4.139571614388016,0.9846,5.241050782312073,6.452742867770171,5.767742528626837,0.9714,0.9827,0.9918,0.9972,0.9564,5.873797468016629,0.9972,7.436728647933389,9.06550734348195,8.81768165496003,0.9783,0.987,0.9936,0.9967,0.9965,0.9466,0.6546946318194184,0.8288992513975267,0.7561605018860362,0.753873890335004,0.9641,0.983,0.9875,0.9899,0.9393,10.48654858683856,0.99,13.27686504656087,13.910181383382731,13.00893325513659,0.9636,0.989,0.9941,0.9948,0.9512,5.360108291414272,0.9948,6.786354331050108,12.817643048583278,9.397591530776698
0.969,0.9336,0.9499,0.957,0.958,0.905,3.4197401884286647,4.3296827931596935,5.253584327421638,4.588974157406293,0.921,14.7457437178918,0.9347,0.9614,0.9663,0.9786,0.9027,2.3432790429603543,0.9788,2.966791157470645,3.1356392320743525,3.079281083808404,0.964,0.9552,0.9562,0.9938,0.949,6.603595868876336,0.9938,8.36071567752397,11.771187608135229,11.273735185349974,0.9693,0.9872,0.9907,0.9883,0.9223,4.044213576940438,0.9886,5.120319372562501,6.348133435792024,5.96809930460626,0.9671,0.9796,0.9847,0.9945,0.9515,5.5234714592144645,0.9945,6.993186036877899,7.957896662929136,7.424402960558112,0.9517,0.9727,0.9799,0.9815,0.9808,0.9138,0.5630465142657661,0.7128649167015177,0.6246898471767495,0.6172044843724458,0.9654,0.9701,0.9785,0.9933,0.9416,10.307494500626708,0.9933,13.050167299539156,14.968028036647766,13.107216762322446,0.9869,0.9828,0.9878,0.9983,0.9823,10.267622123904625,0.9983,12.99968546936968,22.759966462240637,19.243675189042843
0.9801,0.9739,0.9771,0.9818,0.9825,0.9323,3.658588183277264,4.632084729124265,4.534534732151082,4.437684450580587,0.925,14.952166696613835,0.9799,0.9833,0.9898,0.9989,0.9593,3.4183045208764127,0.9989,4.327865115571579,6.0508616743566135,5.799644635418306,0.9752,0.9703,0.9728,0.9975,0.9633,8.07520238823152,0.9975,10.22389506369876,15.67346797198625,13.067619182172296,0.963,0.9758,0.9837,0.9822,0.9111,3.833415229917856,0.9824,4.853430683468973,5.983287295206992,5.347230029196263,0.9647,0.9839,0.985,0.9979,0.948,5.778648092711182,0.9979,7.316261422255295,9.777075856833218,9.280680644917878,0.9721,0.9911,0.9964,0.9958,0.9958,0.9401,0.6014549084368204,0.7614932200790675,0.7894060398635782,0.7162297750725131,0.9548,0.9815,0.99,0.9978,0.9272,10.411124829050944,0.9978,13.18137213531765,18.479514026082608,15.523816647829891,0.9699,0.9685,0.9726,0.9948,0.9585,6.041631424512727,0.9948,7.649220753622554,12.730568118207817,9.792067011420167
0.9725,0.996,0.9982,0.9968,0.9968,0.9193,3.489898421873157,4.418509101418708,5.943946333280898,5.516315819122932,0.9508,17.153474077316485,0.9873,0.9549,0.9641,0.9984,0.9755,3.741863751994046,0.998,4.737518702788011,6.727070044559924,5.710240292816223,0.959,0.9856,0.995,0.9969,0.9423,6.529342011408524,0.9969,8.266703959881804,15.292192919218827,11.888300881182102,0.9762,0.9796,0.9806,0.9839,0.9375,4.237903509552716,0.983,5.36554734961095,5.563793368008584,5.5098041331952805,0.9454,0.9835,0.9953,0.9961,0.9225,4.426691243474596,0.9961,5.604568724944366,8.465075359158075,6.824007254413019,0.9403,0.9623,0.9767,0.9833,0.983,0.9019,0.518064703027282,0.6559141065834218,0.6546236074282947,0.6012998968031451,0.9409,0.9418,0.9473,0.9804,0.9132,8.851423495924067,0.9804,11.20665720014282,11.436811218140368,11.393354043455288,0.969,0.9668,0.9704,0.9895,0.9579,5.71793090195508,0.9895,7.239388279390461,9.20235422980726,8.417443400962451
0.9734,0.9872,0.9932,0.9897,0.9903,0.9206,3.499955531908239,4.431242260626283,5.262489968339196,4.916049121299944,0.9441,16.189851206614147,0.9918,0.9744,0.9764,0.9999,0.9839,4.370969683823551,0.9999,5.534020477201604,9.329377582413557,7.324087801998111,0.9601,0.9672,0.9761,0.9857,0.9447,6.236554139073438,0.9857,7.896009537777902,8.795105121524308,8.204360022330473,0.9723,0.9646,0.9676,0.9762,0.9306,4.112260795646115,0.9758,5.206472956085969,5.442954165147919,5.107988704764485,0.9603,0.9792,0.981,0.9931,0.9426,5.216612727000542,0.9932,6.604676705878722,7.529193703977005,7.204731111715067,0.9799,0.9928,0.9968,0.9998,0.9998,0.9508,0.6486957879597544,0.8213042033509166,0.9215290194104097,0.7929251135225556,0.9514,0.9721,0.9825,0.9932,0.9249,9.700904706196477,0.9932,12.28217287577048,14.88803156500641,13.86121602427767,0.8819,0.9194,0.9393,0.9471,0.8551,2.077485132422228,0.9471,2.6302733936716542,3.4449009410872624,3.0332896337944955
0.9744,0.9768,0.9894,0.9866,0.9868,0.9224,3.5164175556000474,4.452084586882583,5.040009144604217,4.517262006611393,0.9346,15.532845170737248,0.9625,0.9728,0.9796,0.988,0.9387,2.649805528670208,0.9881,3.354879836053997,3.700290928140409,3.5799198059421595,0.9617,0.9694,0.9734,0.9907,0.9468,6.505649614676765,0.9908,8.236707364583335,10.20706801164731,8.95091870687043,0.9629,0.9722,0.9792,0.9775,0.9131,3.847272551091688,0.9775,4.870975234148188,5.448208699579321,5.194526973598298,0.9674,0.9865,0.9955,0.9954,0.9508,5.822984332038645,0.9954,7.37239488326472,8.195020970786949,7.790516444639997,0.9847,0.9889,0.9934,0.9979,0.9978,0.9598,0.67731654306445,0.8575405207540165,0.8024402550330785,0.7959561612975761,0.9749,0.9915,0.9957,0.9945,0.9553,11.421204721779336,0.9949,14.460219442508023,15.925860213473731,15.088693616298205,0.9734,0.9834,0.987,0.9966,0.9638,6.644167555055022,0.9966,8.412082893118804,16.472176835657244,11.54584152575241
0.9611,0.9688,0.9796,0.9761,0.9761,0.8981,3.2714700712810103,4.141960176942774,4.693088812983913,4.295609469047918,0.9543,17.14544583593848,0.9865,0.9773,0.9794,0.9956,0.9748,3.645185129897453,0.9956,4.615115320222757,4.553495046204913,4.533841262611954,0.9486,0.9705,0.9838,0.9827,0.928,5.408911256119802,0.9827,6.84814304741391,8.266511569002045,7.268617450900694,0.9533,0.9846,0.9856,0.9861,0.8954,3.6183859522853528,0.9864,4.581185275311579,5.912366325514618,5.815625058231708,0.9642,0.9712,0.9736,0.9984,0.9465,5.6287588730438936,0.9985,7.126488884133973,11.014189062492646,9.034018960082772,0.9379,0.9748,0.9849,0.9961,0.996,0.8983,0.5213263750253858,0.6600436615639155,0.7853232696197348,0.6837520933844836,0.9832,0.9808,0.9853,0.9994,0.9676,13.5827712064176,0.9994,17.196947000489352,22.127512667106064,19.69749500480853,0.9743,0.9707,0.9857,0.9951,0.9645,6.611334705601379,0.9951,8.370513704965022,12.994333937095892,11.522359628082846
0.9709,0.975,0.981,0.9807,0.9805,0.9153,3.427087461642921,4.338985067794488,4.652776551770687,4.472141893247741,0.9434,16.15083237771894,0.9767,0.9903,0.9971,0.9989,0.9558,3.104526915561884,0.9989,3.930595901025368,6.03739394524762,4.766209739333747,0.9477,0.976,0.9828,0.9862,0.9257,5.454848611259915,0.9862,6.906303657622373,8.888865435948032,8.379725003917233,0.9579,0.9723,0.9766,0.9767,0.9054,3.746694825088973,0.9756,4.743635253431939,5.484278394294997,5.238626968161791,0.9666,0.9768,0.9845,0.9949,0.9504,5.636710322900565,0.9949,7.136556097936236,7.937744401686501,7.885539370542909,0.9646,0.9836,0.9915,0.9903,0.9901,0.934,0.56448884776998,0.7146910339534427,0.7134961464910299,0.6567496074938275,0.9512,0.9886,0.9969,0.9981,0.9231,9.925360429708624,0.9981,12.56635296851703,19.0457089609656,14.53969237337636,0.9875,0.9963,0.9966,0.9972,0.9831,10.220550058503528,0.9972,12.940088219176454,18.111033137189494,18.110966307239437
0.9734,0.9784,0.9808,0.9854,0.9849,0.9155,3.506438323144213,4.439450027333537,5.399503395634975,4.915792488207163,0.95,16.680907507549026,0.9765,0.9741,0.979,0.9949,0.9546,3.186512455390777,0.9949,4.034396588073518,4.562453732809105,4.130685405738359,0.9434,0.9565,0.962,0.9741,0.921,4.981025246019642,0.9741,6.306402858602761,6.855204550300257,6.448886716974844,0.9548,0.9605,0.9699,0.9678,0.8969,3.638999792108438,0.9681,4.607284154953069,5.117248107045544,4.752059248524878,0.9756,0.9536,0.9637,0.996,0.9612,6.1737557016502205,0.996,7.816501359095604,8.473809895515629,8.182890540372982,0.9647,0.9959,0.9969,0.9989,0.9989,0.9332,0.5759967462496669,0.7292610150887123,0.8438586602008137,0.8250621457437963,0.9646,0.9886,0.9952,0.9968,0.9401,10.311715039514583,0.9968,13.055510861796469,17.603790858343157,13.97314293103456,0.9788,0.9887,0.9919,0.9958,0.9711,7.603847941620642,0.9958,9.627120126270494,13.74565169971087,12.189329737558085
0.9729,0.9742,0.9848,0.981,0.9807,0.9187,3.47632250905554,4.401320837723482,4.770771047435414,4.470905551804219,0.9565,17.587409774558125,0.9474,0.9802,0.9923,0.9936,0.9176,2.573495849667613,0.9937,3.258265272980746,4.339738302109345,3.5767565811456152,0.9692,0.9842,0.9864,0.9908,0.9548,7.040133447575071,0.9909,8.913409490186964,10.260647785382638,9.962634964511176,0.9547,0.9705,0.9834,0.9784,0.8985,3.676699401393549,0.9785,4.655015076203431,5.683954594982508,5.146914943101125,0.9619,0.9818,0.9923,0.9934,0.945,5.278542905496516,0.9934,6.6830855946939085,7.585461035709661,7.137655970523181,0.9377,0.977,0.9893,0.9974,0.9973,0.8989,0.514339521023836,0.6511977083973008,0.8170220993115723,0.6776084742978312,0.9625,0.979,0.9841,0.9878,0.9379,10.279073625867396,0.9878,13.014184047703734,12.87562886445366,12.772449539035474,0.9687,0.9685,0.9902,0.9911,0.9579,5.662578353307668,0.9911,7.169307231056098,9.583397242744768,9.446050252006026
0.975,0.9868,0.9918,0.9895,0.9895,0.9236,3.528714711668912,4.467653835451909,5.232648040552402,4.8769636740110816,0.9229,14.745764979217247,0.9756,0.9782,0.9902,0.993,0.9545,3.053619830829956,0.9931,3.8661431892200806,4.193313402047875,4.040303201940066,0.9763,0.9811,0.9926,0.9986,0.9645,8.174505968529107,0.9986,10.349621867263672,17.695419769314366,13.638851494710575,0.97,0.9769,0.9824,0.9798,0.9245,4.119958311538062,0.9796,5.216218667827523,6.289455702211802,5.930332845081823,0.9575,0.9763,0.9874,0.9893,0.9395,5.103715387164325,0.9894,6.461739043147398,6.678661585956224,6.526675734693456,0.9764,0.9814,0.993,0.992,0.9919,0.946,0.602394280276185,0.7626825449590797,0.7250916772545536,0.7051390370281589,0.9775,0.9907,0.9953,0.996,0.9613,12.201317636868506,0.996,15.447908939099644,16.465946127343507,15.748319750402054,0.9657,0.9862,0.9883,0.9923,0.955,5.5509317177395685,0.9923,7.027953066617223,10.44535243443309,9.9450896671205
0.9862,0.9826,0.9839,0.9907,0.9904,0.9473,3.838690609968357,4.860109764619443,5.452708315947955,5.204176443432495,0.9188,14.926766712072304,0.9637,0.9776,0.9822,0.9911,0.9384,2.830714819791865,0.9911,3.583926430746347,4.046958339994438,3.791569972005121,0.9531,0.9779,0.9793,0.9908,0.9338,6.067792444821324,0.9909,7.682342836950667,10.213114783657556,9.734064333824904,0.976,0.9883,0.9943,0.9908,0.9359,4.203384346163618,0.9922,5.321843144166992,7.5199090261983645,6.385437486299245,0.9671,0.9831,0.9901,0.997,0.9505,5.769504311406669,0.997,7.304684615130435,8.845248624031296,8.79136956745436,0.9441,0.9857,0.9958,0.9946,0.9946,0.9066,0.5414711913518937,0.6855487174495558,0.7677814455750046,0.7138863859997324,0.9499,0.9803,0.9841,0.9908,0.9223,9.608021774774818,0.9908,12.164575161384064,14.199887965463054,13.28885800156593,0.9298,0.943,0.9458,0.9536,0.9099,3.1170344898223314,0.9536,3.9464315569745727,3.600532352917189,3.596973026356656
0.9898,0.9842,0.9885,0.9918,0.9921,0.956,4.00006846676081,5.064427897358154,5.321066382352964,4.892152160222102,0.9133,14.360866947610326,0.9738,0.9957,0.9979,0.9991,0.9491,3.237018521959369,0.9991,4.09834157667591,6.349982181474252,5.220850768886724,0.9938,0.9979,0.9993,0.9999,0.9898,15.098174084636993,0.9999,19.115576312953586,39.241297291831486,28.759988169489606,0.9835,0.9804,0.9845,0.9876,0.9494,4.490919337270434,0.9876,5.685886970548593,6.427959914185415,5.882806388501372,0.9309,0.9657,0.9742,0.9849,0.9068,3.936732361798952,0.985,4.9842389857072025,6.125927745402864,5.5335795450674,0.9827,0.9756,0.9779,0.9951,0.995,0.9558,0.663688432744664,0.840286170568434,0.762114274354585,0.7354402215746971,0.9614,0.9697,0.979,0.982,0.9364,10.040588638303788,0.9821,12.712241709927628,11.737601043575284,11.539033193191118,0.9512,0.9682,0.9795,0.9817,0.9376,4.220125752790959,0.9817,5.34303919305192,6.30847689038194,6.250591213144723
0.9746,0.9779,0.9895,0.9856,0.986,0.9194,3.5312945575678825,4.470920140428987,5.009701350696,4.615753284635596,0.9355,15.79111944566796,0.9572,0.9797,0.9866,0.989,0.9283,2.79674484627722,0.989,3.540917546531072,3.908843743251599,3.603441527556967,0.9115,0.9574,0.9626,0.9617,0.8869,4.054418967223374,0.9617,5.133240267212634,5.839268136363019,5.559566666243392,0.9811,0.9899,0.9932,0.9913,0.9455,4.411028884685219,0.9914,5.58473884266848,6.673682916540537,6.400225373179776,0.9761,0.9857,0.9966,0.9991,0.9612,6.538535270781365,0.9991,8.278343410461801,11.936536013533871,10.29443695438961,0.9643,0.9735,0.9775,0.9864,0.986,0.9327,0.5740838752893094,0.7268391572789823,0.6564320413176615,0.6431798130079108,0.9476,0.9628,0.9847,0.983,0.9205,9.242817483387196,0.983,11.70219537541102,12.068462619028852,11.76536842365048,0.9692,0.9856,0.9916,0.9958,0.9578,6.006850665785702,0.9958,7.605185346165875,13.87261110520381,10.509429723169813
0.9601,0.9835,0.9952,0.9908,0.9911,0.8945,3.3503245822349963,4.241796714348667,5.590035718852602,4.944309136871345,0.9572,17.619379233356945,0.9711,0.9839,0.9865,0.9935,0.9474,2.9676585882354827,0.9935,3.757308923330736,4.152059050887702,4.127984944654842,0.9719,0.984,0.989,0.9928,0.9595,7.507563439826536,0.9928,9.505215733627892,11.140784466084911,10.33173897092319,0.9715,0.9899,0.9925,0.9915,0.9272,4.084757371886958,0.9912,5.1716512754782045,6.877059122871297,6.25879644296858,0.9696,0.9914,0.9937,0.9967,0.9532,5.954140156150508,0.9967,7.538449344595228,8.675133735520953,8.021715056764409,0.9504,0.9815,0.9982,0.9986,0.9986,0.9127,0.5501797502704117,0.6965744959079045,0.8443233005351156,0.714368491692403,0.9645,0.9656,0.9735,0.9786,0.9397,10.368427876757456,0.9787,13.127314151529582,11.232436166971151,11.195034035955054,0.9732,0.9791,0.9842,0.9961,0.9633,6.7027717417591015,0.9961,8.486280792607875,14.968190572762644,12.664761413790764
0.9816,0.9759,0.9899,0.9875,0.9865,0.937,3.770739019423144,4.774077254504507,5.331858209676796,4.776243100456718,0.9629,17.948554812085575,0.9638,0.9606,0.9762,0.9946,0.9387,2.789965215152291,0.9949,3.532333955203024,4.507182058989388,3.733683397476985,0.9768,0.9781,0.9893,0.9993,0.9649,8.537897241498062,0.9993,10.809706217262502,21.301660061628294,13.876732421291058,0.9719,0.9801,0.9822,0.9817,0.9257,4.0800081399503965,0.9821,5.165638342722074,6.09020228255026,5.918297025448746,0.9585,0.9798,0.9939,0.9961,0.9408,5.103510344488744,0.9961,6.461479441629328,8.479896529717283,7.471553226415742,0.9782,0.9948,0.9987,0.9976,0.9976,0.9472,0.6406964225291822,0.8111763243447461,0.8262953891734451,0.7648605267970158,0.9795,0.976,0.9824,0.9998,0.9617,13.648122443763665,0.9998,17.27968724163585,31.86533953844624,23.506774158256118,0.9625,0.976,0.9872,0.9895,0.949,5.151218924967229,0.9895,6.521882574207268,9.322397576328097,7.84529241808425
0.9642,0.9738,0.9849,0.9791,0.9796,0.9032,3.306830982714496,4.186730107214686,4.86132878198457,4.445633368249324,0.9689,18.958809822370675,0.96,0.9708,0.9762,0.9838,0.9345,2.646242656428589,0.9838,3.3503689358718827,3.416855858322449,3.3274315426563525,0.9715,0.9942,0.9982,0.998,0.9572,7.733222833633464,0.998,9.7909197756445,16.73251635667051,12.00609254233213,0.945,0.9601,0.9708,0.9685,0.879,3.4568526500910286,0.9686,4.376670335434118,5.207076629275233,4.868293515040106,0.9735,0.9939,0.9963,0.9984,0.9583,6.190845727610264,0.9984,7.83813878979406,10.873910474813243,9.734491825291965,0.9674,0.9819,0.9903,0.9968,0.9968,0.9347,0.6012466166933381,0.7612295049638773,0.7973049555651934,0.7557585091596285,0.9765,0.9837,0.9918,0.9997,0.9564,12.892870572992512,0.9997,16.323473947876227,29.54167322703007,21.30116267777922,0.9773,0.9897,0.9936,0.9972,0.9688,7.382715092050359,0.9972,9.34714707538596,18.822224003447555,12.836069746224007
0.9764,0.9882,0.9953,0.9917,0.9916,0.9265,3.567254387793993,4.516448352982021,5.448264935926376,4.937322552451564,0.9528,17.131817417441468,0.9303,0.982,0.9875,0.988,0.8943,2.356588918343598,0.988,2.983642595080122,3.790843787262805,3.4648384651200117,0.9631,0.9836,0.9905,0.9967,0.9475,6.799006559870224,0.9967,8.608122281469647,15.074108456105948,10.633892193298808,0.9793,0.988,0.9902,0.9906,0.942,4.350394047756367,0.9906,5.507969966773985,7.952459219509816,6.740420378980468,0.9644,0.9845,0.9867,0.9928,0.9481,5.425343385693551,0.9928,6.868947525166684,7.391460915122191,7.284371049296465,0.9446,0.9827,0.9956,0.9968,0.9968,0.9073,0.5358888150284191,0.6784809528297544,0.7986456030307583,0.6844249449671296,0.9789,0.9945,0.998,0.9996,0.9615,13.189477534425272,0.9996,16.699003662558113,28.513213934699884,20.841879641780675,0.9589,0.9782,0.9805,0.9855,0.9457,4.894258318276449,0.9855,6.19654852658766,7.400411649694533,7.398929308472489
0.9173,0.921,0.9325,0.9328,0.9358,0.832,2.802593990366455,3.548323061898457,3.880873989603676,3.757135101870588,0.9385,15.817187161993292,0.9726,0.9786,0.9915,0.9924,0.95,2.975183576524046,0.9925,3.766836200409261,4.0843927842245975,3.962392316180035,0.9752,0.9625,0.9775,0.9967,0.9636,7.8533797382347075,0.9967,9.943048666632087,15.14081168872474,14.089468092928312,0.9699,0.9824,0.9907,0.9865,0.9238,4.057943540337427,0.9858,5.1377026774322125,6.805979041770788,6.042008580202845,0.9674,0.9887,0.9916,0.9974,0.9515,5.63411347810939,0.9974,7.133268270911568,9.277945154433,8.178592669177455,0.9728,0.9795,0.9835,0.9997,0.9996,0.9417,0.5923016095879117,0.7499043629311277,0.8933574249724046,0.8486524692703741,0.9578,0.9889,0.9932,0.9941,0.9315,10.442874466004556,0.9941,13.221569884044955,15.425141333178404,14.064885744139374,0.9733,0.9578,0.9756,0.9962,0.9634,6.666418578870985,0.9962,8.440254587352227,15.1505893463972,12.395023782199052
0.9807,0.9892,0.996,0.9925,0.9922,0.9336,3.66274113981336,4.637342726359235,5.529827730614468,5.051499409731287,0.9185,14.87497940520473,0.9266,0.9554,0.9641,0.9807,0.8908,2.2561997583571203,0.9807,2.856541355025707,3.313862185769441,3.079304659151463,0.9692,0.9845,0.9891,0.996,0.9545,7.215281772537661,0.996,9.135162210293377,14.117169495308206,12.436685407660304,0.9885,0.9953,0.9966,0.9961,0.9585,4.798971229226658,0.996,6.075906943561808,7.449506454602154,7.064863890820614,0.9426,0.9657,0.9783,0.9807,0.92,4.193192713010766,0.9808,5.308939667217074,5.80360652531005,5.433028441349387,0.9463,0.9746,0.9793,0.9798,0.9795,0.9075,0.5612074815542519,0.7105365444134579,0.614983840066041,0.6108741093003907,0.9482,0.9756,0.9836,0.9941,0.9218,9.172385911010716,0.9941,11.61302299674744,15.574655057322431,13.664053145420542,0.9603,0.978,0.9836,0.9876,0.9476,4.792972145646831,0.9876,6.068311592009023,8.13225087725383,6.734535392470053
0.9829,0.9795,0.9844,0.989,0.9892,0.9389,3.7279835440635374,4.719945175522533,4.894396983353063,4.602703734031524,0.928,15.727643113101976,0.9389,0.9462,0.9535,0.9756,0.91,2.3006412834692638,0.9756,2.9128081168197464,2.9981183290165547,2.968139447650809,0.9825,0.9908,0.996,0.9994,0.9734,9.83040416186099,0.9994,12.446130233353202,21.90882119031177,17.261890155026222,0.9714,0.9879,0.9942,0.9914,0.9302,4.078981675400573,0.9924,5.164338751041339,7.29053513182627,6.227043742509836,0.9685,0.9716,0.9743,0.9961,0.9527,5.619039542420047,0.9961,7.114183382474669,8.543669543106823,8.005908624547827,0.9785,0.9788,0.9814,0.9841,0.9836,0.9489,0.6287335593027766,0.7960303190302046,0.6250132664259287,0.62233567862389,0.9476,0.9822,0.9849,0.9843,0.9195,9.711822492891068,0.9851,12.295995725047426,12.304876825813118,11.940579461222228,0.984,0.9844,0.987,0.9966,0.9775,9.059736570859505,0.9966,11.470399322772485,16.472176835657244,14.325709950503729
0.965,0.9639,0.9791,0.9757,0.9756,0.9007,3.310274093972421,4.191089379775455,4.695725555589204,4.294017869740744,0.9374,16.041176325832808,0.9511,0.9412,0.9535,0.9634,0.9236,2.498675241328061,0.9639,3.1635360003893243,2.791072411741879,2.7270741245818457,0.9827,0.9837,0.9892,0.9982,0.9747,9.844488792012788,0.9982,12.46396257658869,16.931856581286926,16.779384653894713,0.9569,0.9698,0.9807,0.9756,0.8992,3.678213097291608,0.9754,4.656931544333402,5.5338320043601446,5.118530181864657,0.9405,0.9776,0.9838,0.9889,0.9161,4.288440982494159,0.989,5.429532101360433,6.642894403980554,5.895894391821638,0.9369,0.9663,0.972,0.993,0.993,0.8956,0.5298477646237042,0.6708324676967586,0.7421971448276872,0.6708309218801081,0.9752,0.9866,0.9945,0.9955,0.9562,11.502530166705345,0.9955,14.563184393100952,16.260187510478204,13.89502202051005,0.9609,0.9713,0.9813,0.9862,0.9481,4.994689853060502,0.9862,6.32370341675051,7.645411394006514,6.9325680032181145
0.9658,0.9837,0.9912,0.9869,0.9882,0.9026,3.321886953911692,4.205792251072101,5.124134670545805,4.760510271733368,0.9269,15.004152572767604,0.9765,0.9938,0.9955,0.9973,0.9539,3.2532324157555035,0.9973,4.118869749318024,5.202615678669113,4.7405891273166825,0.9639,0.9859,0.99,0.9933,0.949,6.487449104834598,0.9933,8.213663966562336,11.44175641938334,10.117790011121649,0.9385,0.9695,0.9849,0.9783,0.8727,3.3864398606604995,0.9778,4.287521737582354,6.37256058033124,5.344698925869199,0.9603,0.9859,0.9888,0.9979,0.9426,5.262794612665591,0.9979,6.663146912590978,9.90988715180244,8.390451740161543,0.9729,0.9876,0.9944,0.9987,0.9987,0.9402,0.6253002305685889,0.7916834319789682,0.8465791884853309,0.7645689969097764,0.9468,0.9656,0.9681,0.9852,0.9193,9.432748505091336,0.9853,11.942664250602824,12.211044855724788,12.081404375353635,0.9836,0.9942,0.9974,0.9979,0.9769,9.073210629373577,0.9979,11.48745863023093,21.61724985585392,17.143947485250823
0.9926,0.9925,0.9935,0.996,0.9962,0.9618,4.142164446822482,5.244333529350881,5.242748866517154,5.198811138733662,0.9436,16.189908014244086,0.9658,0.9775,0.9905,0.9886,0.9415,2.781400572412784,0.9886,3.5214903869038063,3.903588458257244,3.464676144372933,0.9763,0.9871,0.994,0.9953,0.9644,8.178276026967831,0.9953,10.354395082844954,12.89631138872354,11.885787975724536,0.9859,0.9967,0.9982,0.9975,0.9541,4.616425268844122,0.9974,5.844788185972143,9.438329545125429,7.797064629647732,0.9524,0.9706,0.9806,0.9855,0.9326,4.580262403867141,0.9855,5.799002914105002,6.283711301842335,5.820145021001307,0.9894,0.9769,0.9855,0.9996,0.9995,0.97,0.6997574299267553,0.8859525978000249,0.8938294593853593,0.7923947059072891,0.9752,0.9652,0.9677,0.9945,0.9553,11.97112040821116,0.9945,15.156459611070805,15.365728633042142,15.066460859920298,0.9718,0.9701,0.9885,0.994,0.961,6.326480845007736,0.994,8.009864418521975,12.2408565243775,11.378675061645554
0.9767,0.9892,0.9939,0.9918,0.9927,0.9265,3.565053596498541,4.51366196346755,5.30188863359045,5.005866624145748,0.9404,15.833744065736273,0.9542,0.9561,0.976,0.9751,0.9267,2.526286482803476,0.9755,3.198494187423062,3.1970766290105885,2.901912118780245,0.9792,0.983,0.9868,0.9993,0.969,9.091377920319642,0.9993,11.51045997029579,21.2907993039574,15.407022367335518,0.9819,0.988,0.9911,0.9914,0.9458,4.407402315715304,0.9913,5.580147296994812,7.27544293109158,6.381945974604999,0.9413,0.9581,0.9621,0.9725,0.9184,4.217652106947165,0.9725,5.339907346403896,5.081070877415696,4.926451764432933,0.9738,0.9922,0.9941,0.9973,0.9973,0.9416,0.6144683218979259,0.7779693116059827,0.8114036944132371,0.778274491486421,0.9656,0.9829,0.9927,0.9909,0.9432,10.46182686283482,0.991,13.245565235131211,14.389851081657284,12.586753968124164,0.9593,0.9837,0.9871,0.9922,0.9464,4.88880063798474,0.9922,6.189638637781036,10.3500301752412,9.135039784653785
0.9875,0.987,0.9886,0.9922,0.9929,0.9506,3.887303217817428,4.921657472964928,5.1192995678890245,4.950479238003316,0.9065,14.293903014063854,0.9339,0.962,0.9661,0.9755,0.9,2.382020716642952,0.9761,3.0158414211396014,3.092072072437703,2.998726284790157,0.9099,0.9402,0.9414,0.9445,0.8847,3.979900913642172,0.9447,5.038894054754156,4.720205029252346,4.681649022299547,0.9712,0.9787,0.9846,0.9823,0.9275,4.070032492343881,0.9824,5.1530083218980645,5.874874605041252,5.651377312130517,0.9532,0.981,0.9887,0.9925,0.9331,4.926831332668679,0.9925,6.237788741388942,7.343544024156279,6.584013916871822,0.9833,0.9835,0.9865,0.9959,0.9956,0.9577,0.6453606701860966,0.8170816597534154,0.7662714382054723,0.7461163442857818,0.9804,0.9809,0.9878,0.9992,0.9646,12.887752464652928,0.9992,16.316993986127553,21.34332704080723,18.23625725516666,0.9729,0.9794,0.9819,0.9939,0.9633,6.413727454646352,0.994,8.12032606873506,12.112079311650794,10.37981071913592
0.982,0.983,0.9911,0.9892,0.9889,0.9384,3.706361725586623,4.692570108921542,5.199062591224489,4.801001251512874,0.9227,15.28570781073514,0.9625,0.9833,0.9941,0.9959,0.9366,2.834194838901332,0.9959,3.5883324317955223,4.812507630993915,4.3051313117950265,0.9752,0.9871,0.9945,0.9953,0.9634,7.956724960892096,0.9953,10.073892534189334,13.015462350899757,12.439042560174071,0.9533,0.9617,0.9663,0.9669,0.8957,3.6276990582154114,0.9666,4.592976461856303,5.049371235939307,4.886952328852095,0.9761,0.9848,0.9882,0.9983,0.9615,6.356375945118528,0.9983,8.047714165408436,10.63606921246635,9.186889582319347,0.9169,0.9574,0.9664,0.9772,0.9771,0.8761,0.47423968020425,0.6004278892769834,0.6201681030460671,0.5969175297392963,0.9234,0.9367,0.939,0.9673,0.8932,7.809196211272709,0.9675,9.887108552504184,10.065848767193646,9.96496507280176,0.9679,0.9686,0.9723,0.9941,0.9569,5.721421351466403,0.9941,7.243807486218132,12.313916059493586,10.064432481514068
0.9786,0.9691,0.9708,0.983,0.9831,0.9305,3.611999788185757,4.57309984680158,4.522189965865954,4.427742117375188,0.9125,14.79901099330036,0.9704,0.9864,0.9937,0.995,0.9445,3.1139969579579017,0.9951,3.9425857825231696,4.616976148572149,4.393199388953359,0.9631,0.9855,0.9899,0.9944,0.9483,6.607280518085286,0.9944,8.365380757734682,12.21696843316574,10.516938713905256,0.966,0.9623,0.9673,0.9722,0.9154,3.890048680472621,0.9728,4.925133462883014,5.022724889943467,4.843344134258501,0.9809,0.9854,0.9874,0.9984,0.9685,7.179621887619776,0.9984,9.090013754086836,10.873766850157669,9.856444688715987,0.978,0.9647,0.9676,0.9967,0.9967,0.9494,0.5958509466845023,0.7543981264650448,0.7946363468480265,0.7495123290989736,0.9393,0.9699,0.9741,0.9836,0.9112,8.821158921887513,0.9837,11.168339667749054,11.977179310465443,11.931524119258162,0.9606,0.9852,0.9906,0.9912,0.9477,4.903943693200107,0.9912,6.208811037433996,9.7030059413062,7.762422764781279
0.9753,0.995,0.999,0.9976,0.9978,0.9246,3.546394961098708,4.490038539410994,6.639636100598254,5.501469605552286,0.9023,14.256716948333034,0.9526,0.9755,0.9791,0.9817,0.9239,2.562154424447294,0.9817,3.243906061192529,3.291303377516164,3.233830365954484,0.9085,0.9348,0.9441,0.9419,0.8835,3.858198764095487,0.9423,4.884808751851379,4.792962620362999,4.477077707402882,0.9682,0.9655,0.9708,0.9753,0.9215,4.037876575198285,0.9753,5.1122961877907285,6.1762558010085264,5.450219066593288,0.9782,0.9761,0.9777,0.9974,0.9645,6.376281372927078,0.9974,8.072916135009747,9.314051077790872,9.19026623822452,0.9771,0.9829,0.9904,0.9911,0.9911,0.9466,0.6058926068574886,0.7671117248292858,0.7244436562195019,0.6932004918630421,0.9512,0.9474,0.955,0.969,0.925,9.278349976385082,0.9697,11.74718254257991,10.390081148175964,10.017316053529791,0.9647,0.9681,0.977,0.9946,0.9533,5.516486156759192,0.9946,6.984342048101223,12.50451584582224,9.449743265551412
0.9785,0.9879,0.9923,0.9916,0.9914,0.9288,3.61658605767495,4.578906455198131,5.2240341223166125,4.949320057227045,0.8913,13.375675014175936,0.9306,0.946,0.9531,0.9753,0.8956,2.297367114893918,0.9756,2.9086627401064677,3.099731158868406,2.9012582991146183,0.9324,0.9535,0.9614,0.9718,0.9079,4.5415525225881135,0.9719,5.749992902330958,6.650051630536296,6.219660341053856,0.967,0.9761,0.9793,0.9815,0.918,3.9354537220481216,0.9818,4.982620118710654,6.41677053012099,5.69318954767553,0.9515,0.9713,0.98,0.9915,0.9302,4.716028403202682,0.9915,5.970894250531154,7.151101140230685,6.641222238035469,0.9671,0.9585,0.978,0.9962,0.9962,0.936,0.5703851306010763,0.7221562309891073,0.7630886796782045,0.75245926769911,0.971,0.9842,0.9897,0.9992,0.9493,11.686721342021745,0.9992,14.796386133138904,21.454790524025327,17.347641560744673,0.9823,0.9762,0.9773,0.9969,0.9746,8.480105229811814,0.9969,10.736536600627092,17.265495106576658,16.260706782373
0.9729,0.9833,0.9938,0.9901,0.9905,0.9193,3.4910381607758745,4.419952108092866,5.2673304601694895,4.771448512203266,0.9294,15.211672056414136,0.9749,0.987,0.9936,0.9962,0.9537,2.971744063986847,0.9965,3.762481484135914,4.994370042998304,4.104158914959082,0.9014,0.9305,0.9427,0.9543,0.8726,3.7826066313476527,0.9543,4.78910266354561,5.286032756100274,4.782036482419566,0.9652,0.9868,0.9949,0.9917,0.9162,3.8894357869592384,0.9918,4.9243574874133245,7.5856566521147935,6.176405708437846,0.923,0.9625,0.9721,0.9739,0.899,3.5810083946577325,0.9741,4.533862098931621,5.206502792874278,4.759315609893273,0.9649,0.9641,0.9743,0.9798,0.9795,0.9336,0.5829831301662154,0.7381063730876154,0.6218249188972147,0.5990661429522617,0.9743,0.9688,0.9716,0.9941,0.9549,11.053655901878896,0.9941,13.994871283442087,15.540705927665288,14.320375077749087,0.9717,0.959,0.9706,0.9932,0.961,6.16602536399671,0.9932,7.80671409220411,11.09756653740446,9.376848415583252
0.9782,0.9834,0.992,0.9882,0.9887,0.9274,3.665446063518532,4.640767390508495,5.2352805907137245,4.952903115196324,0.9437,16.166603426725366,0.9676,0.9808,0.9833,0.9931,0.9409,3.0394531488117003,0.9933,3.8482069613223726,4.19027846948095,4.06820954979741,0.9734,0.9849,0.9886,0.9987,0.9608,7.950378083031601,0.9987,10.065856845409272,18.227947058808414,13.867014073551148,0.9698,0.9758,0.985,0.9815,0.9251,4.020525213559613,0.9814,5.090327883830372,5.801144427676468,5.326412883265792,0.9651,0.9908,0.9924,0.9968,0.9489,5.564688586954484,0.9968,7.045370436547579,8.732280298886197,8.095400718501981,0.9351,0.9327,0.9392,0.943,0.9429,0.8953,0.4885995466074535,0.6186087050852718,0.5099049807781946,0.5005465877462256,0.9721,0.9888,0.9959,0.9954,0.9511,11.498576925540288,0.9954,14.558179252562066,16.042945743145154,14.028553044131831,0.9782,0.9875,0.996,0.9972,0.9703,7.772815984397058,0.9972,9.841048081931673,18.82339969547399,14.795649229205663
0.9703,0.9743,0.9852,0.9805,0.9802,0.9145,3.4651923907179065,4.387229158473887,4.812821527087114,4.456223061840401,0.9656,18.07494604965965,0.9315,0.9542,0.9691,0.9772,0.8966,2.3916092486875558,0.9773,3.027981320640053,3.1951373862814494,2.896164958669889,0.994,0.9822,0.9881,0.9999,0.9899,15.296111011475052,0.9999,19.366181346973853,39.17090579981267,28.58289848585308,0.9617,0.9849,0.9894,0.987,0.9072,3.7793145814253606,0.9872,4.784934647521761,6.24157362675475,5.92300669758374,0.9757,0.9922,0.9973,0.9974,0.961,6.346222520459037,0.9974,8.034859063670417,9.379088286175032,8.99901348391363,0.951,0.9692,0.9813,0.9782,0.9779,0.9161,0.5244828269044896,0.6640399988981476,0.6302787055564233,0.5943088800609204,0.9751,0.9812,0.9901,0.9988,0.9553,11.758643664599834,0.9988,14.88744592872341,20.40417225170986,16.28602409325401,0.9121,0.9576,0.9699,0.9707,0.8881,2.823045464994144,0.9707,3.574216373352312,4.888630268620178,4.322852897936789
0.9825,0.9881,0.9924,0.9904,0.9901,0.9377,3.704733549606693,4.690508699242412,5.179704618353032,4.932895710322288,0.9578,17.41105954186427,0.9809,0.9923,0.9962,0.9965,0.9622,3.3823623055390324,0.9965,4.282359204970283,5.009043180503754,4.644919454534471,0.9627,0.9633,0.9654,0.9853,0.9484,6.345999570691308,0.9853,8.034576790246156,8.597121965936466,8.32517376835662,0.9453,0.9274,0.9387,0.9428,0.8799,3.4676913722047837,0.942,4.390393082207265,4.75593241438012,4.5395599942006335,0.9442,0.9748,0.977,0.9939,0.9203,4.5551754252447285,0.9939,5.767240659170737,7.732207205987768,7.30702618217669,0.9402,0.922,0.9432,0.9606,0.9599,0.9038,0.4929361033113331,0.6240991557943284,0.5638056628389623,0.5366140237666407,0.962,0.9684,0.9762,0.9817,0.9376,10.265873785181167,0.982,12.997471923406987,12.04607373255649,11.338596643190602,0.9833,0.9762,0.979,0.9977,0.9768,8.773647188936451,0.9977,11.108185760932544,21.24023212071293,15.358487160320944
0.9505,0.934,0.9373,0.9536,0.9531,0.8743,3.0797650739601723,3.899245297294521,3.863296259747614,3.800087348708876,0.9157,14.50727667021902,0.9654,0.9727,0.9859,0.9883,0.9393,2.875966632906242,0.9886,3.6412190862713336,3.790111819494405,3.6173912366253225,0.9633,0.9692,0.9721,0.9868,0.9488,6.42149312878815,0.9871,8.130158074635041,8.823941757667036,8.74319369987633,0.9604,0.9531,0.961,0.9664,0.9047,3.743934202111919,0.9657,4.740140069253153,5.006290081520668,4.763045359570418,0.9409,0.9664,0.9742,0.9852,0.9177,4.257915397262423,0.9852,5.390884106528491,6.198904615936723,5.417998648714675,0.9402,0.959,0.9613,0.9671,0.9671,0.9018,0.5215106799225657,0.6602770072855336,0.572501213467298,0.5706255072040398,0.9641,0.9715,0.987,0.9907,0.9393,10.464784028201604,0.9907,13.24930925874108,14.149498647418874,12.953724581113574,0.9107,0.9455,0.9699,0.9777,0.8873,2.7195350564214475,0.9777,3.443163366335406,5.807329513375271,4.400233079671337
0.9638,0.9618,0.9654,0.9723,0.9717,0.9033,3.316697061898501,4.199221405069266,4.254821431412987,4.1667551657914,0.9292,15.590403664188884,0.9749,0.9708,0.9779,0.9965,0.9523,3.1073711616533712,0.9965,3.934196959200341,4.927675933559921,4.303819795865041,0.9365,0.9801,0.9907,0.9909,0.9122,4.929337999387038,0.9909,6.240962395280952,10.29536788298122,8.043086274558984,0.9595,0.974,0.977,0.9778,0.9041,3.733367972261064,0.9769,4.726762320929286,5.379514036243396,5.260248230045123,0.9335,0.9412,0.9762,0.9801,0.9085,3.9468672399851807,0.9802,4.997070606027999,5.7147182057612245,5.382069978586776,0.9685,0.9686,0.979,0.9968,0.9968,0.9349,0.6186130503741138,0.7832168914152298,0.7745308271074156,0.7613525108370396,0.9575,0.9762,0.9769,0.9805,0.9325,9.95540233616654,0.9811,12.604388584761992,11.376046118390398,11.35760901542705,0.9757,0.9899,0.9904,0.9909,0.9673,6.570234015190172,0.991,8.31847672488609,9.468079809229476,9.433303486399844
0.9632,0.9743,0.9804,0.9802,0.9803,0.8997,3.296967007341586,4.174241472964416,4.819215884806031,4.573876912842279,0.9395,15.890469208632048,0.9325,0.9289,0.9592,0.9851,0.9008,2.250562487806726,0.9836,2.849404089631974,4.0429720159911495,3.2347966031248334,0.9763,0.9655,0.9755,0.9958,0.965,7.989376386742215,0.9958,10.11523202458505,13.639185487031249,11.515754250842166,0.9612,0.9776,0.984,0.9803,0.9064,3.766782612382911,0.9808,4.76906810569759,5.702066325815752,5.401832038371861,0.9484,0.9732,0.9806,0.9802,0.926,4.439187428291014,0.9803,5.620389960885875,5.609747509227313,5.595047185529424,0.9477,0.9699,0.9745,0.9842,0.9839,0.9107,0.5463969472104686,0.6917851445490009,0.6539953657686814,0.6282578359844839,0.9587,0.9747,0.9812,0.9986,0.9322,10.542051175579903,0.9986,13.347136058453046,19.608380930881275,16.59027306729712,0.9691,0.9874,0.9927,0.9952,0.9577,5.905400712980529,0.9953,7.47674105191402,13.06923184256814,10.047515887345831
0.962,0.9729,0.9869,0.981,0.9813,0.8932,3.246017051472313,4.109734482642207,4.88931456527991,4.43744221190937,0.9678,18.59056901866202,0.9451,0.9841,0.9884,0.9944,0.9142,2.6168385590591843,0.9945,3.3131408403401,4.424972619406069,3.968304752897039,0.9794,0.9764,0.9942,0.9993,0.9692,9.086803657101845,0.9993,11.504668562862996,21.324767209873592,15.448303101490731,0.9791,0.977,0.9787,0.9813,0.9425,4.350464466554836,0.9813,5.508059122979792,5.7820601662517,5.603422703008804,0.9138,0.9577,0.9697,0.9728,0.887,3.459145944868197,0.9728,4.37957384224728,5.092692580304782,4.761886076519056,0.9477,0.9687,0.9729,0.9898,0.9898,0.9122,0.5252612220385338,0.6650255135374046,0.7060354832812041,0.6587265988412404,0.9709,0.9861,0.993,0.9934,0.9495,11.431919484930823,0.9935,14.473785246660857,15.243489190610266,13.95119552252244,0.9672,0.9777,0.9846,0.989,0.9567,5.514635935097858,0.989,6.981999509648239,8.955314757775316,7.664240585735
0.9812,0.9675,0.9724,0.9833,0.9827,0.9369,3.691349767293102,4.67356368915462,4.3878671397416245,4.282739447486387,0.9642,17.97906516648813,0.9673,0.9895,0.9959,0.9961,0.942,2.921182821672201,0.9962,3.698466638332353,4.91696795080712,4.184965611359689,0.9513,0.9569,0.9597,0.9791,0.9324,5.437265415828728,0.9792,6.884041832304538,7.405813959505605,7.208054811015431,0.9496,0.9699,0.9856,0.9796,0.8883,3.539975270844747,0.9803,4.481910663929681,6.675362898257941,5.438992086987341,0.9455,0.9455,0.959,0.9961,0.9225,4.473993838341053,0.9961,5.664457845105629,8.542229266063384,6.727056645445733,0.9597,0.9757,0.9839,0.985,0.9846,0.9265,0.5412563544320381,0.685276715582753,0.6566607221339373,0.6352152431768548,0.9548,0.9631,0.9728,0.9909,0.9274,10.218921359120213,0.9909,12.93802614682399,14.118129042538566,12.626762472829464,0.967,0.9821,0.9869,0.9923,0.9561,5.57728142707498,0.9923,7.061314046349052,10.411853197842682,8.693491102478651
0.9862,0.9854,0.9891,0.99,0.9896,0.9474,3.840590021942489,4.8625145822045175,5.007534365856614,4.8478066591579,0.9135,14.473549825966662,0.9243,0.933,0.9337,0.9523,0.888,2.259317871806612,0.9527,2.860489152637661,2.5241001369245373,2.519901555662064,0.9892,0.9925,0.9934,0.9998,0.9815,11.746362356590751,0.9998,14.871896745149655,30.06356913769544,20.275589109752826,0.9639,0.9786,0.9791,0.9789,0.9111,3.832645235132156,0.979,4.852455804387298,5.60168778811458,5.558908048655904,0.9666,0.9848,0.9957,0.9974,0.9519,5.278136688453164,0.9974,6.682571289265431,9.31456282381507,7.95596754289347,0.96,0.9667,0.9729,0.9929,0.9928,0.927,0.5467917903226215,0.6922850496103473,0.739884907937754,0.7041176904327799,0.9792,0.9895,0.9946,0.9964,0.9623,12.760147733462098,0.9964,16.155435511354483,16.754366691275006,16.539795495928754,0.9511,0.9706,0.9777,0.982,0.9371,4.199707015547294,0.982,5.317187329918842,6.392137874027573,6.0211648846605215
0.9845,0.9907,0.9939,0.9938,0.9938,0.9417,3.759309689535324,4.7596067479086885,5.313578879876136,5.0765802481026565,0.9244,15.434448220216437,0.9471,0.9823,0.9903,0.9956,0.9176,2.5333026172519024,0.9956,3.207377212133137,4.714102941000603,3.799529649115072,0.9717,0.9765,0.9908,0.9976,0.9588,7.408745868966576,0.9976,9.38010425946915,15.731707744395807,11.394313367669453,0.968,0.9651,0.9685,0.9749,0.9169,3.955240920738816,0.975,5.007672400163443,5.7277881857254185,5.534764265030889,0.9688,0.9775,0.9809,0.9951,0.9532,5.550959707149391,0.9951,7.027988503597643,8.131502566082835,7.239750364469192,0.983,0.9883,0.9943,0.9967,0.9967,0.9578,0.6372587846948927,0.8068239816052012,0.8041653034518681,0.7400460661040466,0.9877,0.9931,0.9949,0.9996,0.9755,14.207565153047527,0.9996,17.987989433814363,28.502974889734816,22.54766507841335,0.925,0.944,0.9585,0.9576,0.9035,3.0420656649945923,0.9576,3.8515146296657727,3.949214870689962,3.632514129692094
0.9883,0.9918,0.9944,0.9951,0.9951,0.95,3.939907268526956,4.988258688454399,5.391421639342483,5.257917429650526,0.9739,19.076966385764088,0.9587,0.9809,0.992,0.9912,0.9307,2.7798993344211675,0.9913,3.519589691546091,4.104822522770636,3.806853644086737,0.9338,0.9583,0.9647,0.9719,0.9089,4.716195946376335,0.9719,5.971106374480958,6.621534170573205,6.257230681204411,0.9742,0.9832,0.9854,0.9864,0.9338,4.166915029397166,0.9867,5.275669878193079,6.379528132030396,6.166317276127137,0.939,0.977,0.9846,0.9924,0.9132,4.217472724078644,0.9924,5.339680232390425,7.299470330453037,6.363378192555936,0.9695,0.9744,0.9845,0.9869,0.9868,0.9362,0.6062538337248673,0.7675690688571767,0.6759195103597431,0.6456689328300567,0.9617,0.9867,0.9933,0.9986,0.934,11.130392888756171,0.9986,14.092026854735394,19.509333315039797,16.29941358240035,0.9303,0.9329,0.9387,0.9663,0.9104,3.261894176632118,0.9665,4.129836277463303,4.5531250480248,4.203467197501387
0.9609,0.9747,0.984,0.9794,0.9798,0.8907,3.2254613890134958,4.083709260506592,4.993792333360571,4.600434150999064,0.96,17.57257438489955,0.9801,0.9808,0.9885,0.993,0.9618,3.1634548678962755,0.993,4.005203715420643,4.122533359425923,4.05035082069752,0.9521,0.9638,0.9647,0.9817,0.9324,5.807479154048252,0.9818,7.352764005288364,7.810089612522403,7.713318607042976,0.9781,0.9833,0.986,0.9869,0.9406,4.302465284469954,0.9872,5.44728806397892,6.038602281881515,5.838149220375083,0.9087,0.9357,0.9435,0.9417,0.8835,3.1933747453789345,0.9422,4.0430848325734745,3.714803695161692,3.5515790139962675,0.9901,0.9936,0.994,1.0,1.0,0.9719,0.7073324114444326,0.8955431705711863,0.9208739399725944,0.920786974703617,0.9753,0.9958,0.9972,0.9983,0.9551,12.270343535696911,0.9984,15.535301615142984,19.04640012677528,18.782890873451752,0.9587,0.9851,0.9896,0.9935,0.9451,5.0971370739457855,0.9935,6.45341033746189,11.323406345647458,9.837564732132572
0.9603,0.9635,0.9705,0.9705,0.9692,0.8944,3.229035709290769,4.088234654878399,4.355982062520972,4.181523384892313,0.9552,17.061590164156605,0.9639,0.9661,0.9768,0.9881,0.9387,2.8055186176253297,0.9883,3.5520258894881085,3.792221953396651,3.37333180777679,0.962,0.9722,0.9819,0.9921,0.9472,6.493646309594535,0.9921,8.221510156429503,10.791531855422129,8.561168007395239,0.9677,0.9529,0.9665,0.9691,0.9208,4.023327685675866,0.9676,5.093876052589247,5.405845673919256,5.071683455855717,0.9525,0.9736,0.9846,0.9899,0.9329,4.5953045947402575,0.99,5.818047610896628,6.8463114364417255,6.293638546275955,0.9758,0.9678,0.9837,0.9968,0.9968,0.9441,0.6120554874351718,0.7749144573537567,0.8011629395514368,0.7114902168225985,0.9877,0.9838,0.9887,0.9998,0.9749,15.308262641637716,0.9998,19.38156634733211,32.28224577924166,25.582885540337305,0.9834,0.9836,0.9868,0.9982,0.9768,8.764433428403652,0.9982,11.09652035413523,22.437901033686547,15.262091260282904
0.9876,0.9944,0.9972,0.996,0.9962,0.9499,3.8719336660948698,4.902198309412999,5.710038104418562,5.370956620019324,0.9594,17.723412931010287,0.987,0.9927,0.998,0.9999,0.9741,3.938596149380561,0.9999,4.986598699772471,9.41514757050598,6.570422481552985,0.9434,0.9523,0.9557,0.9662,0.9209,5.014836387899514,0.9664,6.349210648419575,5.982595848996928,5.858916043508124,0.9758,0.9699,0.9724,0.9792,0.9356,4.255872960389916,0.9798,5.388298207221599,7.367275436650351,6.484824738257141,0.9543,0.986,0.9932,0.9961,0.9353,4.935445814803825,0.9961,6.248695410614495,8.529393143067187,7.234616099109721,0.9424,0.9765,0.9874,0.9905,0.9904,0.9021,0.5524122776208884,0.6994010659752224,0.7199939373005191,0.6387207445752752,0.9485,0.9881,0.9933,0.9933,0.9221,9.240333207792842,0.9933,11.699050070592037,14.980311821336787,13.614469703547798,0.9707,0.9657,0.9739,0.9956,0.9595,6.163604580207636,0.9956,7.803649173426661,13.521172910306955,10.986274265122274
0.9618,0.933,0.9429,0.9623,0.9633,0.8941,3.3248500920186554,4.209543836680529,4.148808037056756,3.915402070717065,0.9654,18.51016081149133,0.981,0.9935,0.9965,0.9965,0.9625,3.3830235438218605,0.9965,4.283196389042051,5.012891022979717,4.472439543526745,0.9748,0.9929,0.9956,0.9977,0.9625,7.967611388675248,0.9977,10.08767568040938,16.118536851380817,14.24043585160632,0.9721,0.974,0.9808,0.9808,0.9305,4.090892694368952,0.9794,5.17941911710274,5.603124388010683,5.305113636461431,0.955,0.9723,0.9891,0.9931,0.9359,5.034688486597788,0.9934,6.374345098818136,7.510425633446081,7.365040762953556,0.9466,0.9518,0.9591,0.9759,0.9757,0.9097,0.5426561422280185,0.6870489663387719,0.6013063171851345,0.5867620798387525,0.9494,0.9794,0.9867,0.9956,0.921,9.861052073074095,0.9957,12.484933103312349,16.239935545379776,14.071000345782815,0.9837,0.9837,0.986,0.9983,0.9772,9.05347531808278,0.9983,11.462472042652571,22.75923654410849,15.174254066850938
0.9597,0.9652,0.978,0.978,0.9774,0.8931,3.298785575638697,4.176543935558161,4.6358285839585065,4.203397440497374,0.9258,15.199000733198126,0.9414,0.9627,0.9755,0.9901,0.91,2.502835097511956,0.9902,3.1688027331669697,3.905769608556517,3.429553986575656,0.9631,0.9837,0.9899,0.9905,0.9478,6.695312393520821,0.9905,8.476836621432314,10.25977862316836,9.819527564044916,0.9789,0.9883,0.9923,0.9908,0.9413,4.324151821754965,0.9901,5.47474507011168,8.493820126749254,7.072592771894943,0.9421,0.9812,0.9831,0.985,0.9192,4.193127186599503,0.985,5.308856705190806,6.199058491227593,5.907665851359882,0.9425,0.9299,0.949,0.9802,0.9799,0.9053,0.5180946990527968,0.6559520841104789,0.6379906823593244,0.5888914690964272,0.9397,0.9649,0.9777,0.9862,0.9126,8.659658173776997,0.9863,10.963865944118655,12.833759485117012,11.562189125270988,0.9831,0.9849,0.9892,0.9982,0.9758,8.788933181692038,0.9982,11.127539131704443,22.43899837800431,16.429735955976493
0.969,0.9633,0.9727,0.9772,0.9779,0.9114,3.446858311552432,4.364016650295698,4.4663863158602375,4.182689219818313,0.9063,14.12672970331156,0.9619,0.9909,0.9942,0.996,0.9344,2.9003806489111668,0.996,3.672129313126028,4.806892843890226,4.532429495214826,0.9323,0.9749,0.9874,0.9877,0.906,4.838038721250972,0.9877,6.125369721044707,9.17410018130381,7.199493468546175,0.9569,0.9635,0.974,0.9727,0.9013,3.6995727531833382,0.9727,4.683974690738255,5.41039920586075,4.848816813192847,0.9698,0.9633,0.9776,0.9967,0.9532,5.762949317857576,0.9967,7.296385434135688,8.731798684577669,8.292923002855883,0.9491,0.9708,0.9872,0.9837,0.9834,0.9127,0.5387649492770636,0.6821223841318483,0.6659600834957491,0.6089283600512487,0.9443,0.9805,0.9894,0.9977,0.9141,9.608469796306812,0.9977,12.165142394861215,18.1588727240795,13.674956715447992,0.9457,0.9595,0.9711,0.9769,0.9303,3.9041531243864007,0.9769,4.942990892031348,5.654399709599761,5.337348540844464
0.9684,0.9536,0.9628,0.9671,0.9662,0.9103,3.4113095884085176,4.319008934377453,4.5194196608534165,4.24168382158825,0.8978,13.730450319587076,0.9587,0.9808,0.9845,0.9875,0.931,2.741446094125544,0.9878,3.4709046091493194,3.603511042418124,3.544346533298251,0.9717,0.9859,0.9939,0.9976,0.9586,7.567856830552116,0.9976,9.581552309502609,15.90088279163538,11.989429804578196,0.962,0.9873,0.9954,0.9927,0.9128,3.8531002882633194,0.9928,4.878353646531807,7.234281292246239,6.0172446318466175,0.9645,0.9811,0.9907,0.9961,0.9481,5.544112829979548,0.9961,7.019319773040434,8.475128586869847,8.155212015339448,0.9619,0.9322,0.9401,0.9691,0.9683,0.9286,0.5608256612161886,0.7100531272949925,0.5689887456914036,0.5588958308066532,0.9378,0.9696,0.986,0.9912,0.907,9.10613640969206,0.9912,11.529145476786894,14.372859859127248,12.704518871870002,0.9361,0.964,0.9744,0.9777,0.9175,3.3875077698903224,0.9777,4.288873801763331,5.832281921860909,4.84830385286468
0.9522,0.9829,0.9961,0.9896,0.9895,0.8766,3.085959101319496,3.9070874643014673,5.572477444384429,4.704831484656497,0.9419,16.00363437811365,0.9384,0.9747,0.986,0.9844,0.9065,2.4234437026122237,0.9844,3.068286454887869,3.565014517796273,3.210886709072943,0.9386,0.9673,0.9723,0.9785,0.9144,4.937880529927691,0.9785,6.251777967650178,7.425758074296262,6.805211471395995,0.9648,0.9798,0.9913,0.985,0.9147,3.865488092688088,0.9872,4.8940376636523,6.657475924830864,5.795635872512699,0.9515,0.9629,0.9836,0.9937,0.9288,4.903371725352289,0.9937,6.208086877347999,7.667763430855668,7.421341056223973,0.954,0.9588,0.9661,0.975,0.9748,0.9189,0.5259362060797632,0.6658801009118656,0.6114369633257948,0.5888232332540145,0.9466,0.9617,0.9695,0.9935,0.9194,9.265625639859811,0.9935,11.731072447112936,15.144983965611338,13.01384535279564,0.9691,0.986,0.9898,0.9923,0.9581,5.732444237174503,0.9923,7.257763399811457,10.446358234685723,9.053686596090008
0.9788,0.9779,0.9811,0.9867,0.9873,0.9315,3.622217002979604,4.586035712291192,5.016402443795819,4.680290999753863,0.9124,14.239055032076848,0.9435,0.9679,0.969,0.9701,0.9157,2.3784853921827924,0.9705,3.011365398798728,2.9416825821648502,2.92308633664928,0.9641,0.9824,0.9907,0.9953,0.9489,6.730307124583185,0.9953,8.521142936118046,12.98663871900973,9.996675354706143,0.9644,0.9758,0.9829,0.9813,0.9167,3.891370011052501,0.9814,4.926806380110802,6.332485161133235,5.668012577899969,0.9386,0.9689,0.9841,0.9865,0.9126,4.1944107427855295,0.9865,5.310481796813701,6.426650316420407,5.822099661181931,0.9577,0.9516,0.984,0.9911,0.9911,0.9218,0.5584569962914288,0.7070541954456677,0.7220786868391343,0.682868692346587,0.9649,0.9662,0.9706,0.9878,0.9392,10.9064123172125,0.988,13.808448344912897,13.12243450996848,12.589848382641526,0.9892,0.9931,0.996,0.9992,0.985,12.27441664121744,0.9992,15.540458514180704,33.07886451483143,22.49772262291008
0.944,0.9517,0.9735,0.9674,0.9682,0.8702,3.0966127366890253,3.920575875467944,4.42583055479194,3.963523393960161,0.9305,15.42518710120261,0.964,0.9925,0.9971,0.9989,0.9385,2.8384287003644544,0.9989,3.5936928615695534,6.03739394524762,4.661443696529536,0.9679,0.9908,0.994,0.9943,0.9528,7.014385464346843,0.9943,8.880810347035961,12.24439375747712,10.810573800619084,0.9638,0.9715,0.9752,0.9774,0.914,3.859530882237314,0.9777,4.886495327052807,5.85124533181986,5.319924842315075,0.9735,0.9814,0.9829,0.9974,0.9584,6.154979979160378,0.9974,7.792729692795198,9.314282176709767,8.660329307441703,0.9581,0.9766,0.9842,0.9951,0.9951,0.92,0.582551413987678,0.7375597835788374,0.7631108500575092,0.7376406460778049,0.922,0.9279,0.939,0.9567,0.8903,7.969917302027844,0.9571,10.09059516341544,9.593189830796833,9.094620642144708,0.9707,0.9746,0.9762,0.9929,0.9602,6.174958620014436,0.9929,7.818024356357425,10.70112534750782,10.053964516975013
0.9758,0.9731,0.9819,0.9823,0.9814,0.9256,3.5583062227101268,4.5051192126791815,4.687264556796345,4.409673986095749,0.9143,14.666671617308602,0.9599,0.9761,0.9821,0.9921,0.9342,2.6837245805378744,0.9921,3.39782424912042,4.154978575935183,3.620176786757243,0.9607,0.9794,0.9842,0.9919,0.9457,6.239066925673155,0.9919,7.899190939961755,10.60502552329834,9.862804840240656,0.9628,0.965,0.9698,0.9721,0.9112,3.818651955771631,0.9721,4.834739119046071,5.180768541663998,5.069645501392246,0.9586,0.9817,0.9895,0.9911,0.9409,5.123499181274696,0.9911,6.486787014111078,7.025355310452658,6.995922125331917,0.9389,0.9589,0.9606,0.9676,0.9674,0.9002,0.5175946004271184,0.6553189165903822,0.5733497127818894,0.571492941527512,0.9746,0.9785,0.9795,0.9967,0.954,11.886552430127306,0.9967,15.049389336901756,17.025986145993606,16.943070123279124,0.9167,0.9467,0.9612,0.9649,0.8942,2.8315418135534807,0.965,3.584973475393725,4.472609121345079,3.950525093626181
0.9657,0.955,0.9642,0.9719,0.9721,0.9075,3.344491430023346,4.234411446062462,4.168366929589656,3.969319066682957,0.9386,15.842582388508283,0.96,0.9829,0.9914,0.9922,0.9335,2.7861270904995354,0.9922,3.5274745619885133,4.199085630745486,3.6686619233309914,0.9456,0.9707,0.9747,0.9921,0.9227,5.289436450667833,0.9921,6.69687775213451,10.71378065323773,9.145271986461829,0.9538,0.9359,0.9635,0.9548,0.8965,3.656496664131369,0.9572,4.629436687472392,4.876703320270116,4.348821919549591,0.9612,0.9883,0.993,0.9984,0.9435,5.3773902945248535,0.9984,6.808234821197401,10.873887681060046,8.80573739524163,0.9845,0.9911,0.9958,0.9979,0.9979,0.9597,0.6688389206217329,0.8468071275736408,0.8255119113471189,0.7818598338654722,0.9514,0.9791,0.9827,0.9892,0.9229,10.219672438536405,0.9892,12.938977077434329,13.243388557126377,13.20377578126294,0.9308,0.9644,0.9873,0.9878,0.9113,3.4156869431989385,0.9878,4.324551038944277,8.235049573582955,5.560995550784633
0.9796,0.9932,0.996,0.994,0.994,0.9333,3.665031421212509,4.640242417978776,5.52697316818547,5.206978107660173,0.9753,20.08400815003472,0.9445,0.9696,0.9777,0.9854,0.9157,2.4832077067860165,0.9855,3.1439527822296824,3.576492177022052,3.359297421288925,0.9522,0.9735,0.9772,0.9769,0.9337,5.614793661895478,0.9769,7.108807735543584,7.1170604512963935,6.999846530337633,0.9739,0.9765,0.9818,0.98,0.9333,4.155060349062099,0.9803,5.260660841647313,5.937915076608671,5.641955493852684,0.9525,0.9902,0.9947,0.9972,0.9318,4.759999664079992,0.9972,6.026565617688876,9.05403412503258,7.417625760008195,0.9876,0.9911,0.9934,0.996,0.9959,0.9664,0.676023293592396,0.855903156604143,0.748260804551016,0.7463924042783663,0.9166,0.9531,0.9646,0.9631,0.8808,8.114590230451004,0.9631,10.273763431855622,9.988828897955178,9.341831075939902,0.9462,0.9742,0.9823,0.9869,0.9303,4.077707706046945,0.9869,5.162725797166046,7.892422600632282,6.638459169133476
0.9738,0.9683,0.9786,0.9779,0.9781,0.9219,3.556568157521416,4.502918673887839,4.569580152406944,4.348294071136169,0.9525,16.84271390778361,0.9799,0.9779,0.98,0.9998,0.9593,3.46825072288509,0.9998,4.391101267882908,8.01136630161637,5.701269200016887,0.9558,0.9789,0.9841,0.9879,0.9389,5.977320012583227,0.988,7.567797020153812,9.317477847563634,8.504373685290123,0.9701,0.9783,0.9883,0.9834,0.9272,4.048021880300813,0.9839,5.125141009477009,6.353636662277054,5.579184926030052,0.9645,0.9507,0.9575,0.9945,0.9484,5.401977172149161,0.9947,6.839363905607875,7.96771234425647,7.353942664578565,0.955,0.9732,0.977,0.9834,0.9832,0.9169,0.5653485351692233,0.7157794715349279,0.6292748208886892,0.625627889756974,0.9624,0.9437,0.9511,0.9902,0.9381,10.166661292350105,0.9903,12.871860444344732,13.809183045262689,13.207871743686905,0.9763,0.9835,0.9857,0.994,0.9673,6.854511973062564,0.994,8.678396869357716,12.114106006159364,10.73514494599324
0.96,0.9391,0.9516,0.9609,0.9588,0.8926,3.2198037501464487,4.076546207086497,4.035452454347006,3.882840378232837,0.9459,16.34881716594669,0.9773,0.9717,0.9853,0.9973,0.9561,3.221151384340561,0.9974,4.078252426933684,5.236106632854007,4.878166630905005,0.9516,0.9736,0.9803,0.9856,0.9327,5.575068463711104,0.9857,7.05851224595764,8.779797210818975,8.282402375610344,0.9659,0.9747,0.9856,0.9795,0.9175,3.905715993142996,0.9806,4.944969617194825,5.832921171752551,5.327845480122153,0.9546,0.986,0.9891,0.9939,0.9358,4.931147317350078,0.9939,6.24325314616268,7.780652726601138,7.22430716563069,0.9778,0.9934,0.9991,0.9998,0.9998,0.9462,0.6387298124162737,0.8086864281837671,0.9221368035096068,0.827230696575793,0.954,0.976,0.9775,0.9852,0.9271,9.980324469672924,0.9853,12.63594213171756,12.285886563558336,12.10553223820014,0.9558,0.9775,0.986,0.9869,0.9427,4.456544093477048,0.9869,5.642364979589601,7.894484099219648,6.592335448042958
0.977,0.9863,0.991,0.9909,0.9909,0.9277,3.741209699333876,4.736690616327484,5.077433670124195,4.837511750760331,0.915,14.406393921083373,0.9578,0.9701,0.984,0.9945,0.9293,2.775807792824236,0.9945,3.51440945086299,4.404649778580042,4.056776509482518,0.9517,0.9673,0.9774,0.9853,0.933,5.568711557492472,0.9853,7.050463860420729,8.64136572786906,7.504224784595355,0.9724,0.984,0.986,0.9853,0.932,4.113789769351304,0.9853,5.208408767223011,6.2684079655268174,6.17871732358855,0.9455,0.958,0.9723,0.9885,0.9224,4.504576273984501,0.9887,5.703177817408318,6.561261575780221,6.455035125199531,0.9626,0.9697,0.9764,0.9944,0.9943,0.9298,0.5668782064149027,0.7177161658177333,0.7586144770083126,0.7160344798969456,0.9459,0.947,0.9636,0.9908,0.9189,9.204820797876264,0.9909,11.654088330317228,14.136910580404416,12.32119429494434,0.9691,0.9702,0.9875,0.9885,0.9585,5.649619209564109,0.9885,7.152899849620972,8.48980747515387,8.051568095174776
0.9664,0.9615,0.9792,0.9718,0.9715,0.906,3.3320414113573795,4.218648660405544,4.589340247927863,4.110816245464475,0.9602,17.524131779830235,0.9572,0.9738,0.9762,0.9923,0.9296,2.6993181488325355,0.9925,3.417567036761951,4.110620660561579,3.949584089029563,0.9527,0.9841,0.99,0.9953,0.9325,6.09233320856497,0.9953,7.713413537254564,12.867330739276728,9.426922853089058,0.9632,0.9635,0.9692,0.9763,0.9147,3.8644994136441664,0.976,4.892785911645259,6.129379213922218,5.262689655056386,0.9576,0.9633,0.9721,0.9804,0.9407,4.873630086655782,0.9806,6.170431425702765,5.727133803860553,5.527809394621169,0.9465,0.9744,0.9851,0.9839,0.9835,0.9097,0.5389933342846451,0.6824115390334071,0.6500016817153951,0.628611772796221,0.9654,0.967,0.9689,0.9832,0.9411,10.445790831842253,0.9835,13.225262251970673,11.987961526592937,11.805797212275872,0.9593,0.9677,0.9788,0.991,0.9461,5.011028972005157,0.991,6.34439013511275,9.57740948817452,8.321564304839749
0.9458,0.9588,0.9727,0.9714,0.9716,0.8729,3.1318295286686264,3.9651633382173945,4.457397879753648,4.252273804567022,0.955,17.139162602611734,0.9736,0.9918,0.9976,0.9991,0.9474,3.303791339132994,0.9991,4.182881659149333,6.479453946141691,5.314306188910751,0.9763,0.969,0.9802,0.9966,0.9644,8.158503583589804,0.9966,10.329361482876674,14.909570557635591,14.617506376881586,0.9659,0.9716,0.9768,0.9754,0.9146,3.893246209563821,0.9753,4.929181807471776,5.774825661438955,5.420771889568004,0.9628,0.9736,0.9933,0.9951,0.945,5.509752856053636,0.9952,6.975817115036232,7.969787686676692,7.9522857387940595,0.9764,0.9817,0.9845,0.9968,0.9968,0.9446,0.6331843699870465,0.80166542502466,0.7776889893194515,0.7652357583210224,0.977,0.9742,0.9926,0.9992,0.959,12.429491995478768,0.9992,15.73679714109169,21.356410354541527,17.102639332019553,0.9868,0.9831,0.9846,0.9979,0.9821,10.199960512439056,0.9979,12.914020097505704,21.610490647259024,19.168644216082743
0.9771,0.9791,0.9853,0.9872,0.9871,0.9281,3.617651428784492,4.580255305902322,4.85399944826432,4.674729213263449,0.9257,15.204778248974431,0.9878,0.9807,0.9842,0.9982,0.9768,3.753607187098773,0.9982,4.752386893382597,5.536222088650679,5.066494171674867,0.9724,0.9807,0.9835,0.9967,0.9591,7.980974774501472,0.9967,10.10459486680428,15.043793769821503,14.585723835595273,0.9624,0.975,0.9819,0.9791,0.9094,3.8105208202723406,0.9794,4.8244444078925,6.047445436226932,5.371614116160551,0.9171,0.9373,0.949,0.963,0.8894,3.545079050124524,0.9633,4.488372483866326,4.535045967253981,4.314629272617065,0.9425,0.9662,0.9691,0.968,0.968,0.9047,0.5237234657241947,0.6630785828679944,0.580028815175329,0.5740613985976688,0.9734,0.9838,0.9884,0.9931,0.9521,11.744197606174165,0.9932,14.869155986462228,14.497755572128256,14.378771064119316,0.9421,0.9666,0.9708,0.9791,0.9244,3.747096236235133,0.9791,4.744143474184613,6.002055928442637,5.655567669116021
0.948,0.9779,0.9894,0.9832,0.9841,0.8724,3.0694478691760985,3.88618283594782,5.002592365379783,4.596806181474259,0.9671,18.70759405734804,0.9774,0.9805,0.9836,0.9982,0.9572,3.14656299869578,0.9982,3.983817168083169,5.549060923173961,4.9150872121895,0.9644,0.969,0.9734,0.9895,0.9496,6.5803722428145885,0.9895,8.331312585881347,9.599671324052489,9.200164623534524,0.9735,0.9814,0.9856,0.9855,0.9333,4.149343458647976,0.9846,5.253422770714275,7.025707595576013,6.741191663966465,0.8998,0.9148,0.9516,0.9603,0.8678,3.08152881029593,0.9606,3.901478337947855,4.416004527033913,3.89764176796872,0.9558,0.9788,0.9821,0.9846,0.9846,0.9174,0.5741666207633089,0.7269439201075152,0.6435722979450242,0.6405756288466198,0.9459,0.9751,0.9847,0.9851,0.9179,9.537908847885127,0.9853,12.075806215088225,12.383443538321432,12.013059785904703,0.9249,0.9356,0.9638,0.9791,0.9031,3.0519949909160164,0.9791,3.8640860032850712,6.025747198233051,4.979221890612116
0.9714,0.9788,0.986,0.9838,0.9833,0.9173,3.449588666367374,4.36747351239928,4.829798186406695,4.5794267853786526,0.9041,13.931163065783757,0.9701,0.9514,0.959,0.9913,0.9467,2.898649624154314,0.9913,3.669937688121988,3.997610507264687,3.616039992290051,0.9477,0.9765,0.98,0.9794,0.9269,5.2883992529121535,0.9794,6.695564571299585,7.684899533330343,7.252496942448765,0.9626,0.9851,0.9892,0.9869,0.91,3.816044211168987,0.9878,4.831437491930294,6.6126429498328285,6.1040464974964905,0.9177,0.9616,0.9725,0.9787,0.8913,3.436683487668132,0.9789,4.351134455313649,5.527224168932469,4.765867372239542,0.9617,0.9659,0.9728,0.9885,0.9883,0.9271,0.5686361685710792,0.7199418958671615,0.6718400009615493,0.6567774420055624,0.9328,0.9759,0.9832,0.9852,0.9013,8.846614619502425,0.9853,11.200568752380716,12.54031740219476,11.59171669384923,0.9123,0.9399,0.944,0.9456,0.8901,2.6662597650532405,0.9459,3.3757123029131053,3.334090442763465,3.25366665142158
0.9601,0.9727,0.9835,0.9805,0.9813,0.8926,3.280304490812316,4.153145305673219,4.810959952202914,4.390205071366693,0.9259,15.207136292692416,0.9605,0.9583,0.9674,0.9867,0.9347,2.6945211694979827,0.9868,3.4114936517269614,3.4703311571636317,3.437986550888142,0.9384,0.9464,0.9561,0.9719,0.9151,4.704618231955357,0.9722,5.956448000408496,6.596868070360981,6.36618725627426,0.9614,0.9781,0.9856,0.9828,0.9079,3.778901012738268,0.9833,4.78441103428519,5.94951547740784,5.455344931779405,0.9655,0.9781,0.9842,0.9943,0.9495,5.46738484880631,0.9944,6.922175603736655,7.934011304283889,7.496605966105237,0.9781,0.9729,0.9831,0.9968,0.9968,0.9476,0.6211508369139274,0.7864299456558188,0.7987380809994791,0.7259732541766943,0.944,0.9724,0.9795,0.9834,0.9144,9.186488335803498,0.9835,11.630877869516352,12.295104832618714,11.346141157593731,0.9578,0.981,0.9828,0.9887,0.945,4.704228107585394,0.9887,5.9559540696772855,8.68799925442046,8.113410279975799
0.9739,0.9779,0.985,0.9807,0.9817,0.9209,3.5014421045257134,4.433124388369332,4.83880111332282,4.626667236100403,0.908,14.200852414056982,0.9889,0.9812,0.983,0.9999,0.9793,4.182818271752374,0.9999,5.295804739611434,9.348161789712998,7.052480012289454,0.9268,0.9274,0.9289,0.949,0.9027,4.3183995527703125,0.9493,5.4674622068904455,4.882331752376479,4.820037383439088,0.968,0.9868,0.9905,0.9886,0.9195,3.944775356529884,0.9887,4.994422103129346,6.617060023425821,6.173154212686991,0.957,0.9742,0.9901,0.9915,0.9387,5.043180816803806,0.9915,6.385097113281469,7.180108643771885,7.047019010452599,0.9549,0.981,0.9872,0.9899,0.9898,0.917,0.5603537245008463,0.709455615155681,0.7064600622716719,0.6656907989205625,0.9825,0.9969,0.9981,0.998,0.9673,12.969205454498896,0.998,16.42012041946913,18.83799133205566,17.942907739876272,0.965,0.981,0.9871,0.9869,0.9547,5.327818127530256,0.9869,6.745472229120263,7.840799809927992,7.686231834937127
0.9538,0.9731,0.9785,0.976,0.9763,0.8817,3.1193754923038037,3.949395465811001,4.630605960373766,4.415600330153284,0.9447,16.50924089381948,0.9435,0.9565,0.97,0.9751,0.9155,2.402848357634033,0.9751,3.0422109912976865,3.04344970291997,2.974662505924014,0.9508,0.9756,0.9831,0.9875,0.9304,5.757891142926175,0.9875,7.289981353194282,9.077141250780748,7.646820558992562,0.9696,0.9801,0.9867,0.9833,0.9205,4.016798280936718,0.9844,5.0856092692106944,6.090950708296323,5.576064729478208,0.9845,0.9801,0.9828,0.9996,0.9724,7.326451294545441,0.9996,9.275912308265594,13.178239469110414,11.325355740201047,0.9617,0.9798,0.9828,0.9994,0.9994,0.9257,0.5898142428716958,0.7467551444881834,0.8755176033996218,0.7972352104866188,0.9385,0.9652,0.9691,0.9802,0.9084,8.947971502152104,0.9805,11.328895211876535,11.555369657209772,11.429819204668242,0.967,0.9892,0.9947,0.9948,0.956,5.6508140323363865,0.9948,7.154412597172822,12.837374939583365,9.622964061193375
0.9549,0.9717,0.9838,0.9777,0.9793,0.8849,3.174367436878051,4.019019958628075,4.771019301976381,4.357752481909779,0.9224,14.721237644026113,0.9596,0.9678,0.9691,0.9922,0.9318,2.7955138298806643,0.9922,3.5393589747634566,4.009936817304275,3.934160738237784,0.9627,0.9686,0.9793,0.9902,0.9477,6.550395353652957,0.9902,8.293359287079662,9.972984123599296,9.382557784459364,0.9717,0.9764,0.9856,0.9828,0.9302,4.081522475516759,0.9828,5.167555620726683,6.207620681794289,5.535282999345013,0.9196,0.9398,0.952,0.9786,0.8914,3.701523914346264,0.9787,4.686445027210712,5.495365208285276,4.981815787977056,0.9731,0.9526,0.9536,0.9835,0.9833,0.9424,0.5888689139770631,0.7455582774680463,0.6179056647857148,0.6173786357412803,0.9472,0.9873,0.9926,0.9941,0.9203,9.171942404279942,0.9941,11.612461479393758,15.59777095384427,13.553099943116358,0.9673,0.9866,0.9944,0.9956,0.9565,5.664234604241628,0.9956,7.171404186021912,13.487240446896156,9.278916072690592
0.9783,0.9841,0.9899,0.9881,0.9885,0.9292,3.611413238600096,4.572357224991606,5.15419495074085,4.899757601060969,0.9384,16.37994183700464,0.991,0.9924,0.9938,0.9999,0.9826,4.297472602484559,0.9999,5.440966902693911,9.393005589798314,7.236706021503609,0.966,0.9828,0.9888,0.9902,0.9514,6.854021502895666,0.9903,8.677775892287771,9.927342469611752,9.835936846046948,0.9703,0.9677,0.976,0.9762,0.9269,4.040636927497285,0.9766,5.115791029268008,5.654831553081566,5.065914691513875,0.9548,0.979,0.9899,0.99,0.9363,4.916366008926732,0.9901,6.22453874880656,6.846347010645442,6.565069744706926,0.9615,0.9786,0.9848,0.9901,0.9901,0.9272,0.565231012066341,0.7156306772615882,0.7141529409980092,0.6680380101719879,0.9672,0.9865,0.9929,0.9988,0.944,11.208620628985637,0.9988,14.191069846938523,20.18858004329499,16.03289347691182,0.9481,0.9595,0.9702,0.9765,0.9351,3.8361292123898463,0.9766,4.856866816789768,5.614717270381232,4.813924399422153
0.9742,0.9602,0.9687,0.9772,0.9771,0.9218,3.512257808672575,4.446817992432888,4.409566608369504,4.168893232270841,0.9486,16.504392885348008,0.9729,0.9935,0.9965,0.9986,0.9487,3.1396980730622603,0.9986,3.9751255866313535,5.812730026224566,5.040124753323507,0.9612,0.95,0.9532,0.9868,0.9466,6.305390144707972,0.9869,7.983161792839311,8.776525221584324,8.696228918537502,0.9778,0.9715,0.9777,0.9804,0.9426,4.364615921799662,0.9814,5.525976072483446,7.476244719127924,6.180548002677669,0.9525,0.983,0.9902,0.9972,0.9314,4.808841064053189,0.9972,6.088402996380192,9.053990785196149,7.097920407870335,0.9598,0.9505,0.9628,0.9757,0.9752,0.927,0.5374359290874934,0.6804397312022443,0.591153982896901,0.5793628052333857,0.9746,0.9859,0.9897,0.9992,0.9538,12.059057313198084,0.9992,15.267795234079212,21.3492632483072,17.24664189095356,0.9321,0.9644,0.9758,0.9804,0.9133,3.313824351933314,0.9804,4.195584309202131,6.241577331826627,5.390603837354889
0.9696,0.9796,0.981,0.9847,0.9847,0.9112,3.3972755824522407,4.301240685691896,5.817772524897629,5.208211778594754,0.9469,16.34981435254351,0.969,0.9897,0.9969,0.9973,0.9428,3.027832500577769,0.9973,3.833494229380321,5.29295183522173,4.355446040890211,0.973,0.9792,0.9896,0.9928,0.961,7.688207611047895,0.9928,9.733926663910902,10.96445063727982,10.778555829480336,0.9576,0.9856,0.9904,0.987,0.9028,3.739660671421309,0.9872,4.734729414853215,6.31261952108116,5.818550077438928,0.9649,0.9737,0.9773,0.9968,0.9483,5.69937053977903,0.9968,7.215889277618229,8.674640474333012,8.574684207161905,0.9691,0.955,0.9647,0.9834,0.9833,0.9368,0.5812724506591886,0.7359405069053698,0.6344733493898378,0.6144922657903359,0.9646,0.9895,0.9935,0.9935,0.939,10.826671396840258,0.9935,13.707489537569971,15.211508978101564,14.385306154899382,0.9828,0.995,0.9969,0.9969,0.9757,8.467492315426432,0.9969,10.720567575093874,17.27533048602886,13.5988857527019
0.9715,0.9818,0.9908,0.9872,0.987,0.9176,3.478360244362242,4.403900784447006,5.074528713095761,4.684147221948823,0.936,15.514398143696296,0.9632,0.9736,0.9843,0.9986,0.9378,2.816432110848045,0.9986,3.5658433028634127,5.758578767508768,4.221868164745151,0.9535,0.9844,0.9891,0.9902,0.9348,5.883537823780217,0.9902,7.4490607692131166,10.044686609484463,9.00469645103144,0.9846,0.9819,0.9895,0.9861,0.9545,4.64464585474876,0.9871,5.880517855032278,8.18467069882064,6.67126520815925,0.9759,0.9918,0.9961,0.9991,0.9609,6.5200219951937886,0.9991,8.254904024327214,11.936533612933133,10.985246813083624,0.9827,0.9803,0.9911,0.9958,0.9957,0.9584,0.6223382056069348,0.7879332557074555,0.7908593294557583,0.7102347520660786,0.954,0.981,0.9878,0.9912,0.9271,10.021358887145764,0.9912,12.687895204603228,14.374750886576754,13.138818939651577,0.9308,0.966,0.9772,0.9835,0.9113,3.4128058236184757,0.9835,4.320903295786835,6.794965777479159,5.061295687401428
0.9816,0.9924,0.9986,0.9968,0.9965,0.9361,3.714360833070597,4.702697661345316,6.131357063319212,5.187291257142757,0.9216,14.960730834818389,0.9839,0.9851,0.989,0.9973,0.9696,3.590952581179663,0.9973,4.546452287338816,5.194371748521769,4.8950590988633484,0.9785,0.9853,0.9881,0.9962,0.9688,8.485932978779179,0.9962,10.743915027945116,14.534321147654008,13.39273430091382,0.9878,0.9826,0.9837,0.9858,0.9599,4.751017417468648,0.9855,6.015193327264987,6.467548488082629,6.245425321056446,0.9628,0.9641,0.9654,0.9903,0.9459,5.263584985079506,0.9903,6.66414759148825,6.962748973476525,6.756350294991182,0.9347,0.9808,0.9844,0.9846,0.9845,0.8932,0.5043812966988541,0.6385897469339745,0.6448823611712664,0.6382824129359727,0.9556,0.9743,0.9793,0.9875,0.9307,9.88227471694077,0.9878,12.511802780805922,13.109153552405044,12.119780124113884,0.9424,0.9746,0.9827,0.9864,0.9244,3.7810058166095546,0.9865,4.78707589553264,7.700174262978534,5.939576430088317
0.9774,0.9912,0.9927,0.9932,0.9932,0.928,3.590332351153624,4.545667023218275,5.152847357476498,5.1062633495554905,0.953,17.26985963907159,0.9607,0.9854,0.9893,0.9961,0.9342,2.8301736216248106,0.9961,3.583241227700947,4.868923061950641,4.24061087782746,0.9586,0.9874,0.9899,0.9909,0.9425,6.144473371032881,0.9911,7.779427430659022,10.37753589853837,10.209812679285138,0.9682,0.9801,0.9827,0.9842,0.9204,3.951703159274809,0.984,5.003193292367815,6.932712769570333,6.242244214719404,0.9481,0.9527,0.9544,0.9728,0.926,4.341707718290141,0.973,5.496972332698481,5.0518165987545,4.9695798015062485,0.9734,0.992,0.9944,0.9968,0.9968,0.9403,0.6272802495701144,0.7941903049367568,0.804183948965667,0.7583042657846687,0.9619,0.9835,0.986,0.9963,0.936,10.5183318422513,0.9964,13.317105359125192,16.876751833604708,15.347783854234144,0.9696,0.9752,0.9809,0.9937,0.9587,5.805201043895338,0.9937,7.349879723504802,11.95357491664767,9.445709581669725
0.9807,0.9971,0.9997,0.9992,0.9992,0.9357,3.668761625730221,4.6449651750963925,6.990074365897065,5.777739717025552,0.9488,16.906670186252356,0.9581,0.9512,0.9576,0.983,0.9309,2.685501066429026,0.9832,3.400073431798461,3.314902171386353,3.215564712209989,0.9548,0.9733,0.9805,0.9909,0.9364,6.180940753582423,0.9909,7.8255982477493315,10.20686223013542,9.093599073482473,0.9442,0.9456,0.9483,0.9554,0.881,3.4513356109676985,0.9548,4.369685293283168,4.456564566508992,4.407189233132964,0.923,0.95,0.9605,0.969,0.8979,3.684972451550258,0.9693,4.6654894634190605,4.8729660577537,4.427696585165655,0.9347,0.9568,0.9613,0.9722,0.9722,0.8949,0.4893620336127199,0.6195740786764821,0.593726957449854,0.5835117303299484,0.961,0.9868,0.9903,0.998,0.934,10.85094010158778,0.998,13.738215787977287,18.676043911156896,15.426166468647828,0.9757,0.9782,0.9842,0.9969,0.9661,6.996339677360146,0.9969,8.857962841348336,17.329348359319106,12.342327216828116
0.9833,0.9849,0.9892,0.9904,0.9905,0.9412,3.778688881557942,4.78414245811544,5.056285670563359,4.784818102028219,0.949,16.705344283161406,0.9404,0.9738,0.9871,0.987,0.9104,2.4028593606562376,0.9875,3.0422249220623896,3.7180261735444464,3.063164383921384,0.9801,0.9927,0.9974,0.9996,0.9707,9.451265346736768,0.9996,11.966108151670854,25.288245774814165,15.980769086414236,0.9687,0.9767,0.9831,0.9807,0.9245,3.999627394129447,0.9812,5.063869461781963,5.682174845079245,5.382177131219908,0.9483,0.971,0.9745,0.9862,0.9251,4.518084389108358,0.9862,5.720280243439886,6.2835761853286565,6.2620886633255815,0.9671,0.9935,0.9954,0.9973,0.9973,0.9361,0.565694056902365,0.7162169315231776,0.8154281644805131,0.7784791747124139,0.9641,0.9817,0.997,0.9992,0.9386,10.69720739597708,0.9992,13.543577068790151,21.36867285345077,16.84866914049262,0.9748,0.9856,0.9954,0.9967,0.965,6.683877971866488,0.9967,8.462359668225746,16.72978156261723,11.745306704496508
0.9638,0.9764,0.9822,0.982,0.9822,0.9008,3.309195964960536,4.189724376478607,4.749227899577493,4.582698142088947,0.94,15.80306758933497,0.9061,0.9299,0.9356,0.9443,0.8675,1.9988897828935168,0.9451,2.5307649767374456,2.5086433525690137,2.464564899110683,0.9738,0.989,0.9976,0.998,0.9612,7.851820293743091,0.998,9.941074276880173,16.604702541172472,12.895015216641903,0.947,0.9674,0.9844,0.9767,0.885,3.5552965086948456,0.9779,4.501308657997751,5.98082320612582,5.078952054744228,0.9613,0.9762,0.9781,0.9925,0.9439,5.309078731366836,0.9925,6.721746555047858,7.343276649606092,7.042889317645659,0.9634,0.9927,0.9932,0.9997,0.9997,0.9275,0.6005130858743726,0.7603007923745774,0.8960979855564851,0.8637059109107901,0.9694,0.9856,0.9905,0.9941,0.9472,11.243715450071624,0.9941,14.23550288413216,15.543332739417442,13.884224973593348,0.9774,0.9904,0.9963,0.9969,0.9691,7.367740705404316,0.9969,9.328188224529724,17.27513618292892,13.461096848047209
0.9796,0.9863,0.9933,0.9919,0.9924,0.9326,3.6711121627928,4.6479411555258325,5.367666004924544,4.86707043575446,0.8611,12.289197784470186,0.9753,0.9867,0.9915,0.9991,0.9521,3.2590125355189485,0.9991,4.126187874000967,6.446878473568094,5.579200319771205,0.9554,0.9793,0.9958,0.996,0.938,6.073706768712391,0.996,7.689830875507214,14.19413265199611,9.75439464348428,0.972,0.9913,0.9972,0.9943,0.9281,4.101382608738442,0.994,5.1927002435172485,7.550754976230827,6.439402109773877,0.9741,0.9897,0.9932,0.9996,0.9586,6.422732876927098,0.9996,8.131727701533368,13.178577689591227,10.876447732960733,0.9606,0.9828,0.9889,0.9946,0.9946,0.9268,0.560535990217435,0.7096863791007217,0.7551293523302691,0.7318907889015431,0.9692,0.9676,0.9783,0.9821,0.9489,10.41799428399321,0.9824,13.1900694512607,11.778503767769354,11.510350190870808,0.9812,0.9758,0.9902,0.9977,0.973,8.197796879746988,0.9977,10.379110147653597,21.24557802985012,13.582035382741504
0.9724,0.9754,0.9829,0.9816,0.981,0.9176,3.4698102203868406,4.393075724750173,4.751373772190069,4.511529949424535,0.945,16.32800087913013,0.9697,0.9695,0.9747,0.9924,0.944,3.0057872369242378,0.9926,3.805583045064526,4.111956806112809,3.941609195172405,0.9193,0.9558,0.9574,0.9599,0.8951,4.22107980244254,0.9599,5.344247101294262,5.558976398719741,5.483771962912163,0.9689,0.9891,0.9915,0.9898,0.925,4.009918883524343,0.9901,5.076899365252362,6.507000300782526,6.24785901102665,0.9708,0.9862,0.9986,0.9991,0.9532,6.303994508397206,0.9992,7.981394798217708,12.056768703377571,10.630293723942009,0.9557,0.9572,0.9657,0.9853,0.985,0.9189,0.5548326822954845,0.7024655047614032,0.6311799136739931,0.6254530633709025,0.9539,0.9615,0.9798,0.9902,0.9274,9.71222618989051,0.9903,12.296506839885346,13.889579874044925,11.843344242535746,0.9587,0.9764,0.9852,0.989,0.9456,4.883224159570308,0.989,6.1825783404171935,8.918760960134737,8.4081966201628
0.9643,0.9713,0.9731,0.9769,0.9767,0.8984,3.2992111449132464,4.17708274256214,4.427346568567551,4.377208500578137,0.9323,16.61342482136353,0.9625,0.9903,0.9931,0.9973,0.9342,2.9959018393086505,0.9973,3.7930672884276406,5.191278996498919,4.605580230393576,0.9688,0.9832,0.9893,0.9951,0.9535,7.066418260642344,0.9951,8.946688305707475,12.484242502591371,9.953513999556314,0.9834,0.9787,0.98,0.9865,0.9491,4.487908375409859,0.9864,5.682074835988574,5.726288344577057,5.648664857886079,0.9524,0.976,0.9803,0.9813,0.9311,4.753908293604411,0.9816,6.018853423053702,5.843585732309902,5.503650038766713,0.9643,0.9809,0.9887,0.9903,0.9902,0.9314,0.5933464085194695,0.7512271675031192,0.6988849343984349,0.6840172690053217,0.9646,0.9522,0.9598,0.9977,0.9383,11.06068654608053,0.9977,14.003772678737452,18.127920536236942,16.201725448249288,0.9628,0.9356,0.9428,0.9932,0.9501,5.0971513343352495,0.9932,6.453428392331408,11.140522665172988,8.838508801475513
0.9854,0.9787,0.9846,0.9858,0.9867,0.9431,3.893071143185723,4.928960158503389,5.443943807850758,4.987025009735307,0.9374,16.553739046918736,0.9697,0.9853,0.9924,0.9984,0.9435,3.047431003964673,0.9984,3.858307606482208,5.707148251048502,4.764802312373599,0.9466,0.9474,0.9542,0.9689,0.9252,5.199853378153231,0.969,6.583457940612784,6.176174122324261,6.0602454603725855,0.9675,0.9739,0.9815,0.9792,0.9219,3.9632410274684577,0.9796,5.017801217717471,5.655372076039583,5.280667191018009,0.9524,0.9692,0.9793,0.9848,0.9318,4.66880114915461,0.9849,5.911100518272776,6.109187494694965,5.516630418600468,0.964,0.9779,0.9938,0.9973,0.9973,0.9307,0.584547242515257,0.740086672745212,0.8150322619878473,0.7030507857419662,0.9674,0.9777,0.9801,0.9992,0.9448,11.03446643123894,0.9992,13.970575776689618,21.319526088374804,17.270150301501126,0.9728,0.9883,0.994,0.9956,0.963,6.467275918710757,0.9956,8.18812299209324,13.531331521047107,11.654049098779936
0.9828,0.9962,0.9988,0.9976,0.9974,0.9375,3.779065076290308,4.78461875273721,6.176199094331745,5.618954893537138,0.9099,14.563466716592984,0.9796,0.9763,0.9796,0.9991,0.9599,3.2563046748054383,0.9991,4.122759491348615,6.403305228379272,4.916504021581142,0.9478,0.9629,0.9812,0.994,0.9257,5.506997906604525,0.994,6.972329114027792,11.865930223191018,8.95962146026595,0.9582,0.982,0.9942,0.99,0.9034,3.747978282941583,0.9909,4.74526022055634,7.769069635499687,6.117860466858167,0.9733,0.9947,0.9977,0.9998,0.9577,6.257991358971464,0.9998,7.923150886831179,13.700066280739795,10.56158027539979,0.934,0.9552,0.9683,0.9631,0.9623,0.8945,0.4827233100737709,0.6111688883721451,0.581474630713597,0.550504490935533,0.9201,0.9736,0.9821,0.9817,0.8888,7.935880341022255,0.9817,10.047501467322386,12.03121423120413,11.366418539065936,0.9305,0.9521,0.9595,0.9733,0.9111,3.284138166155343,0.9733,4.157999065682072,5.25182645819901,4.853668004889847
0.9591,0.9648,0.9714,0.975,0.975,0.8909,3.2714625598313245,4.141950666806721,4.636090876391624,4.400140119394827,0.9406,15.970283467151075,0.9547,0.9755,0.9779,0.9909,0.9253,2.705866735293588,0.9911,3.425858105836694,3.955513787035156,3.82222462682054,0.9584,0.9655,0.9781,0.996,0.9418,6.365312065665011,0.996,8.05902805629951,14.076277493659662,10.938725797430042,0.9701,0.9848,0.9891,0.989,0.9204,4.025178116646882,0.9887,5.096218856046142,6.710589290906618,5.918340982718064,0.9591,0.9714,0.979,0.9915,0.9415,5.036958028021618,0.9915,6.377218531859736,7.141061723417709,6.298048169685265,0.9643,0.9748,0.9843,0.9901,0.99,0.9324,0.5820640148746381,0.7369426947250496,0.7061150195050263,0.6358866817257671,0.9526,0.9615,0.985,0.9869,0.9257,9.79082205620289,0.987,12.396015911111764,12.922206203923617,11.551007400103432,0.9652,0.9722,0.976,0.9895,0.955,5.328711417012054,0.9895,6.746603209804626,9.209586169208512,8.35218494169456
0.96,0.9778,0.9863,0.9827,0.9825,0.8934,3.2855101287211386,4.159736087323097,4.870826722959383,4.571681481589716,0.9143,14.518298846413408,0.9654,0.9875,0.9949,0.9962,0.9385,2.955175562704457,0.9962,3.741504348167063,4.954609907928711,4.150583930513644,0.9554,0.9713,0.9795,0.9936,0.9376,6.107952983075236,0.9936,7.733189504200526,11.612121869634011,9.450735941900293,0.9705,0.9719,0.9812,0.9781,0.9215,4.0477011030060925,0.9784,5.124734878058578,6.04184132072877,5.347802858893774,0.9624,0.9833,0.9958,0.996,0.9455,5.2722315259008825,0.9961,6.675094849745279,8.47515809250911,7.466832826563224,0.9791,0.9882,0.9967,0.9995,0.9995,0.9497,0.6284918126924064,0.7957242471997285,0.8969361497710944,0.8097499996042291,0.919,0.9441,0.9617,0.9721,0.8878,7.6456542747057,0.9723,9.680050510168066,10.862880203782272,9.500275991951645,0.9817,0.9806,0.9866,0.9979,0.9732,8.542341390106893,0.9979,10.815332888501157,21.707120542806702,16.000403120115674
0.9854,0.9973,0.9979,0.9975,0.9976,0.9459,3.8074118866537705,4.820508232729561,6.250346639244798,5.843478393907802,0.9068,14.322973114639089,0.9564,0.9553,0.9671,0.9839,0.9277,2.738162171277837,0.9842,3.466746882695161,3.4319512264730587,3.272999183643127,0.9364,0.9392,0.9409,0.971,0.913,4.730822806287435,0.971,5.989625226845632,6.247905806223001,6.244939605412284,0.9709,0.9832,0.9866,0.9847,0.9281,4.08084059885734,0.9847,5.166692306709631,5.94803617929273,5.794046563047351,0.9233,0.9567,0.9606,0.9647,0.8973,3.788026687992191,0.9647,4.795964917605499,4.630694072611855,4.461148401122493,0.9676,0.9919,0.9945,0.9959,0.9959,0.9347,0.6034624091582514,0.7640348872385332,0.7766746070933208,0.7518498134610748,0.9752,0.9867,0.9934,0.9941,0.9563,11.53546864957255,0.9941,14.604887322167167,15.60234702319138,13.786837802436931,0.9846,0.9933,0.9988,0.9987,0.9781,9.458381319916503,0.9987,11.975117580731329,25.316196825112648,16.779207848406063
0.9641,0.9787,0.9876,0.9844,0.9843,0.9029,3.3036127356705074,4.182655531930388,5.035275551367661,4.573883795969432,0.9023,13.883497970857752,0.9564,0.9654,0.9704,0.987,0.9292,2.624829349768185,0.9876,3.32325786301731,3.6455604588123856,3.317823457434373,0.9818,0.9821,0.984,0.9996,0.9723,9.644109864775556,0.9996,12.210265761752735,25.2287305561409,16.499516289190066,0.9589,0.9463,0.9517,0.9637,0.9057,3.751250016341904,0.9633,4.749402514130311,4.737357971890276,4.5754562745371095,0.9639,0.974,0.9859,0.9895,0.9465,5.420197350000295,0.9895,6.86243220500597,6.742919460048886,6.449667025733664,0.9549,0.9732,0.9772,0.9972,0.9972,0.9161,0.5726405360858452,0.7250117667260165,0.7939934450723313,0.7717373111059297,0.972,0.9562,0.9658,0.9967,0.9511,11.438375876464423,0.9968,14.481959589092924,17.50991287196496,15.18763979113459,0.9827,0.9789,0.9894,0.9983,0.9749,8.825690322599014,0.9983,11.174076807592568,22.76092523386456,16.180412453374313
0.983,0.993,0.9943,0.9939,0.994,0.9389,3.717687057025685,4.706908944609837,5.31645686317076,5.201162847349133,0.8946,13.633097118304978,0.9615,0.9815,0.9861,0.9946,0.9347,2.808858398377187,0.9946,3.5562543368137787,4.52890326489015,4.252130567615054,0.9724,0.9943,0.9955,0.9958,0.9599,7.720668876120636,0.9958,9.775025394541144,13.6389969506724,12.899473170392358,0.9762,0.9832,0.991,0.9883,0.9363,4.226387680702335,0.9879,5.350967327949897,6.748161287979894,6.00575252266567,0.9387,0.973,0.9881,0.994,0.912,4.284982139103289,0.994,5.425152910577357,7.8102069311337905,6.516648171093065,0.9475,0.9646,0.9778,0.9796,0.9795,0.9117,0.5322011216389737,0.6738120184268555,0.6311234949476885,0.6063060946993559,0.9717,0.986,0.9909,0.9908,0.9511,11.337860086709362,0.9909,14.354698024949563,14.21763072372084,13.575283441115,0.9698,0.9843,0.9897,0.9956,0.9585,6.086348813333755,0.9956,7.705836782404085,13.528846584030818,10.691940771415997
0.9622,0.9639,0.9764,0.9735,0.9722,0.8955,3.2506062502387203,4.115544799753587,4.5083084395361945,4.164526875549241,0.9169,14.704237985262678,0.9768,0.9462,0.951,0.9973,0.9559,3.1388262965623737,0.9973,3.9740218432172174,5.1485576780876645,4.476346236540215,0.9521,0.9635,0.9783,0.9857,0.9338,5.443698540009895,0.9857,6.892186716283651,8.76991285601066,7.930705910808422,0.9708,0.9895,0.9934,0.9905,0.9283,4.073177417293238,0.9909,5.156990065155954,6.834516311828525,6.30504825806918,0.979,0.9766,0.9927,0.9984,0.9649,6.613378447083421,0.9984,8.373101256018872,10.8738845827568,9.112158046887664,0.9082,0.9399,0.9554,0.9618,0.9617,0.8678,0.4455583316715106,0.56411485542517,0.5715196194728691,0.5479089941739796,0.9694,0.9664,0.981,0.9964,0.9473,11.160162782472302,0.9964,14.129718079645713,16.91589499675442,15.020772920652917,0.9673,0.9834,0.9883,0.9934,0.9561,5.746721113189992,0.9934,7.275839142709556,11.162778812049936,11.133260730293085
0.9724,0.9794,0.9891,0.9854,0.9854,0.9193,3.4709774648926173,4.394553555864118,5.131933114878736,4.628880307323447,0.9215,14.796963903522084,0.9687,0.9811,0.9874,0.9973,0.9434,2.9010660288809733,0.9973,3.6729970626328736,5.2437668010009695,4.13510602391493,0.9851,0.9881,0.9964,0.9993,0.9769,10.44176786661351,0.9993,13.22016883481948,21.335405520296053,17.339053258246533,0.987,0.9893,0.9894,0.9914,0.955,4.697541891756218,0.9913,5.947488750082279,7.595428808023765,7.3907844441530735,0.9572,0.9625,0.9693,0.9864,0.9395,4.9461505727983255,0.9864,6.262248547385106,6.419561976977264,6.168438610158707,0.9665,0.9713,0.976,0.9837,0.9834,0.9354,0.5745842189693605,0.7274726350588185,0.6476076767495409,0.6271800866591246,0.9696,0.9867,0.9914,0.9978,0.9467,11.48822170424579,0.9978,14.545068659070242,18.48255791518805,17.01520808175846,0.9948,0.9903,0.9947,0.9995,0.9923,17.685188054391848,0.9995,22.390956679102995,42.43489573397415,32.58859487144111
0.9869,0.9731,0.9778,0.9855,0.9858,0.9491,3.86009329927222,4.887207394994941,4.804280638898147,4.518632694240582,0.9474,16.874850066032643,0.9756,0.9672,0.9821,0.9989,0.9523,3.3134668223560926,0.9989,4.195131646258969,6.022479136649138,4.653182780910286,0.9352,0.9572,0.9686,0.9857,0.9112,4.730423236822708,0.9857,5.989119337818753,8.771913221242245,6.983835607504341,0.9792,0.9872,0.9919,0.9894,0.9428,4.352174514536133,0.9904,5.510224189596593,7.360895298030439,6.80334980072711,0.9704,0.9804,0.9875,0.9906,0.9548,5.706796562335121,0.9906,7.225291255637355,7.026922295392341,6.54580205388569,0.942,0.9658,0.9691,0.9815,0.9815,0.9048,0.5119579440693913,0.6481824288169591,0.6269814540295388,0.6196994600011504,0.9312,0.9734,0.9871,0.9888,0.8987,8.834752202117745,0.989,11.185549920070146,13.31231340941777,13.035423896961593,0.9894,0.9917,0.9931,0.9992,0.9853,12.356266085880746,0.9992,15.644086893139873,33.0769040017133,21.6568066872672
0.9905,0.9909,0.9951,0.9946,0.9943,0.9543,4.028624979293648,5.100582878185188,6.067198943010153,5.559048893703542,0.9489,16.735075777842916,0.9617,0.9639,0.9684,0.9911,0.9357,2.7594340646687314,0.9911,3.493678914287539,3.924060767118952,3.8065042115003536,0.9599,0.9835,0.9872,0.9909,0.9444,6.284504516724368,0.9909,7.956718806202219,10.312874172363882,9.116669239284422,0.9833,0.9888,0.9924,0.9908,0.9499,4.515758292708675,0.9901,5.717335206974539,8.725088850693265,7.580384190406306,0.9442,0.9731,0.9868,0.9864,0.922,4.314938770249697,0.9864,5.463080561003698,6.410372114819262,5.3688247341125335,0.9678,0.9838,0.9919,0.9903,0.9903,0.9349,0.60220510134003,0.7624430282883481,0.7167512278044237,0.6754425749236515,0.9873,0.9394,0.9773,0.9998,0.9753,13.87986936141561,0.9998,17.573098608125203,31.850350322810897,22.094128712205272,0.963,0.9664,0.9858,0.9954,0.9501,5.288092235491445,0.9954,6.6951758610554135,13.169669761297548,8.913818153988439
0.9782,0.9719,0.9732,0.9814,0.9818,0.9306,3.6107875350364944,4.571565030905601,4.411395325478583,4.384152691054057,0.9604,18.064612556319588,0.9337,0.9687,0.9853,0.9831,0.9005,2.335097770054449,0.9832,2.9564329680834223,3.508520212106852,3.0056660806448696,0.982,0.9712,0.9984,0.9997,0.9723,9.806827624651955,0.9997,12.416280326093684,25.766365902555428,17.613937641888775,0.9719,0.9789,0.9893,0.9834,0.9253,4.134109576863111,0.9855,5.234135376876538,6.290914847715838,5.609601086652996,0.9623,0.9694,0.9767,0.9935,0.9452,5.310863137784872,0.9936,6.724005765788578,7.667488975679053,6.934980390770491,0.9655,0.9794,0.9953,0.9998,0.9998,0.9332,0.5959543802502218,0.7545290821824544,0.9211700692920848,0.7719222405337591,0.9676,0.977,0.9805,0.9964,0.9454,11.128292019497431,0.9965,14.089366975043063,17.231134834179304,15.909692597504234,0.9627,0.9742,0.985,0.994,0.9489,5.294184045236818,0.994,6.702888611843615,12.22839287547286,9.05152889272915
0.983,0.987,0.9931,0.991,0.9907,0.9387,3.7127861846374817,4.700704022106521,5.277456236654686,4.924545727267218,0.9172,14.53930772475568,0.9425,0.9497,0.9547,0.9962,0.9113,2.49457586449204,0.9962,3.158345839625166,4.761515690456479,3.871496837654367,0.9463,0.9841,0.9912,0.9953,0.9229,5.472333476003813,0.9953,6.9284409879021815,12.987431191052378,9.418836874241268,0.9725,0.9763,0.9835,0.9794,0.9305,4.125518447382223,0.9793,5.223258274103332,6.102921240820121,5.752476609241619,0.9536,0.9733,0.9871,0.9926,0.9354,4.73762811243264,0.9926,5.99824132493951,7.412363049210103,6.30788805172621,0.971,0.9712,0.9815,0.9838,0.9834,0.9374,0.6028428132216757,0.763250425929344,0.6576757876644291,0.6163702737647541,0.9697,0.9631,0.97,0.9933,0.9483,10.98460419448854,0.9933,13.90744593155777,14.852030396964237,13.864825475587423,0.9483,0.9787,0.9816,0.984,0.9335,4.232520842305166,0.984,5.358732433717082,6.947831287193353,6.825495366266577
0.9709,0.9738,0.9756,0.9806,0.9794,0.9161,3.491007449423643,4.419913224901165,5.096021552035587,4.998160660382705,0.9425,16.061061377878424,0.9572,0.9683,0.9769,0.98,0.9307,2.6310001159081944,0.9801,3.33107057933635,3.32632744340396,3.079243953640396,0.9857,0.9913,0.9919,0.998,0.9785,10.497687710901324,0.9981,13.290968127826694,16.889425213264474,16.20142131330586,0.9669,0.9789,0.9875,0.9822,0.9181,3.921835879293888,0.9838,4.965378768138915,6.47381107173881,5.792220084548818,0.961,0.9506,0.9821,0.9911,0.9442,5.020221329885559,0.9911,6.3560284443264194,7.151181351887537,6.304648864526237,0.943,0.9895,0.9962,0.9984,0.9983,0.9054,0.5388294973991075,0.6822041075605143,0.840461457783332,0.7152001490776547,0.9646,0.9812,0.9871,0.9904,0.9406,10.21909178397566,0.9906,12.938241919228762,14.206092173037709,12.409824721936742,0.9441,0.9738,0.9816,0.9853,0.928,3.799294867104365,0.9853,4.810231393572681,7.506550694659779,5.965135188171099
0.9612,0.9574,0.9626,0.9642,0.9642,0.8954,3.241042486756649,4.103436259366137,4.184491834613839,4.032456265651716,0.9288,15.308325046078608,0.9179,0.9636,0.9739,0.9692,0.8799,2.199966734340376,0.9696,2.785345549766446,3.053341255007039,2.8676013495174297,0.9547,0.9835,0.9937,0.9955,0.9365,6.0400387076214415,0.9955,7.647204238174419,13.301951020315746,9.930347143109342,0.9683,0.9771,0.9815,0.9812,0.9178,3.9936527450661448,0.9808,5.056305046411439,5.556807075574581,5.3575098035173365,0.9582,0.9732,0.9748,0.9945,0.9399,5.238324710200769,0.9945,6.63216592871076,7.829251841167627,7.819943553416896,0.9445,0.9625,0.9629,0.9805,0.9799,0.9073,0.531631497680604,0.6730908259048418,0.6038050525597518,0.6023791735258909,0.9517,0.96,0.9775,0.977,0.9251,9.67736107592346,0.9772,12.252364631499027,11.487652228371122,10.602961255323184,0.9885,0.9959,0.9991,0.9991,0.984,11.780046267282392,0.9991,14.914543449428947,32.54214295255193,20.064994450261946
0.9865,0.98,0.9847,0.9869,0.9866,0.9466,3.850446194686039,4.87499333766043,5.242640080520573,4.993114254395616,0.9529,16.919630492337596,0.9694,0.9891,0.9943,0.9961,0.9435,2.9918748183851287,0.9961,3.787968736420893,4.896687233101806,4.489227623793108,0.9491,0.9665,0.9729,0.994,0.9283,5.62760086035518,0.994,7.125022741287932,11.98545281271866,9.41586920604765,0.9604,0.9754,0.9788,0.9802,0.9048,3.752773390825195,0.9807,4.751331236174798,5.765601704893947,5.413127643740358,0.9756,0.9684,0.9953,0.9953,0.961,6.226834596310756,0.9953,7.883703767532735,8.131784085532074,7.690936345700991,0.9551,0.9577,0.9602,0.97,0.9696,0.9176,0.5513408220703373,0.6980445118496919,0.5605310695610715,0.5598422598387613,0.9804,0.9874,0.9902,0.9998,0.9624,13.825514436030652,0.9998,17.50428063594152,32.28634518916024,22.835337596087577,0.9171,0.9458,0.9553,0.9719,0.8944,2.9403881126664646,0.9719,3.7227821750029024,5.062775539989439,4.379793730797964
0.9685,0.9908,0.9913,0.9924,0.9924,0.9109,3.413834467011347,4.322205646068732,5.186405275529202,5.1157993800023,0.9126,14.496799737424173,0.9455,0.9767,0.9799,0.9852,0.9186,2.377483219627629,0.9855,3.010096562855416,3.4813072788219417,3.426587195367654,0.928,0.9703,0.9806,0.9835,0.903,4.54749963876558,0.9835,5.7575224587193725,8.366171197504801,7.385979348734283,0.9812,0.9843,0.9877,0.9879,0.9455,4.397097956499152,0.9878,5.567101099232866,6.08765795409532,5.745100306972384,0.9241,0.9335,0.9651,0.9681,0.9,3.638607364950537,0.9685,4.6067873086958935,4.845221751566143,4.44113274920825,0.9783,0.9671,0.9776,0.9983,0.9983,0.9494,0.6136195801965323,0.7768947322116782,0.8207952588915589,0.7978755855633048,0.9511,0.9712,0.9728,0.9723,0.9238,9.648841087640369,0.9729,12.216255893487803,10.633435218950732,10.510690102208518,0.9409,0.9709,0.9797,0.9837,0.9242,3.523505384075206,0.9837,4.461058382346226,6.885636582011741,5.344165980789941
0.974,0.9773,0.9845,0.9827,0.9828,0.9217,3.5125744314613936,4.447218863892454,4.867158563264723,4.602095857597618,0.9659,19.40326343463381,0.975,0.9693,0.9745,0.9911,0.9538,2.9381233352386253,0.9911,3.71991477358661,3.9320010305423447,3.8160841237192296,0.9444,0.9733,0.9824,0.9857,0.9214,5.2312616261997285,0.9857,6.623223461862132,8.789421742146299,7.90332825426396,0.9738,0.9792,0.9827,0.9833,0.9307,4.169464466696399,0.9836,5.278897683288938,5.816657882955857,5.663018553045936,0.934,0.9046,0.9193,0.961,0.909,3.905946064343576,0.9612,4.945260906960558,4.38167083972557,4.350255462247189,0.9635,0.9526,0.954,0.9894,0.9894,0.9298,0.5770643000827609,0.7306126293071139,0.6672086020603107,0.6646586143140697,0.9664,0.9883,0.9919,0.9965,0.9424,10.971551943690844,0.9965,13.890920668649782,17.253087056177907,16.37988985506072,0.979,0.9743,0.9874,0.9964,0.9716,7.433622375252999,0.9964,9.4116000384721,15.652735575637491,12.585350622748877
0.9834,0.9904,0.9949,0.9933,0.9938,0.941,3.7634352168561342,4.764830017417309,5.574073519740412,5.159550961726226,0.9632,17.93339365299915,0.9307,0.9831,0.9841,0.9855,0.894,2.442902054856557,0.9857,3.092922388687929,3.5036132951036136,3.4755136858181057,0.9688,0.9628,0.9712,0.9895,0.9537,6.973387923953023,0.9895,8.828903963678064,9.593602388264571,9.111290366662002,0.9567,0.9806,0.9868,0.9844,0.9035,3.719290284443905,0.9844,4.708938767281651,6.371233311708629,5.725392071883535,0.9481,0.9707,0.9724,0.9862,0.9243,4.611026467320584,0.9864,5.837952842708569,6.352303656109285,6.244677842321551,0.9805,0.9629,0.9722,0.9831,0.9827,0.9552,0.607773053397602,0.7694925305570821,0.6529548368698678,0.612985516619682,0.9722,0.9938,0.9964,0.9978,0.9511,11.674088674675817,0.9978,14.780392098672642,18.63587062091696,17.34138792203933,0.9651,0.9821,0.9935,0.994,0.9547,5.4426752807241465,0.994,6.890891182740654,12.118109267428418,8.951205661910926
0.9804,0.9957,0.9978,0.9964,0.9964,0.934,3.690290496133121,4.672222561506918,5.797096465114736,5.505083493470819,0.9066,14.164883785727124,0.9603,0.9582,0.9661,0.9922,0.9342,2.7407449786172293,0.9922,3.4700169371084337,4.133805633880431,3.7053361732697687,0.98,0.9917,0.9958,0.9987,0.9707,8.952256375364195,0.9987,11.334320226876224,18.01379031964035,15.24126959137779,0.961,0.9792,0.9916,0.9863,0.9068,3.8132625970563896,0.9866,4.827915731183301,6.46855669984554,5.755064112921168,0.9242,0.9696,0.9865,0.9885,0.8999,3.722632933526982,0.9885,4.713170846159322,6.574521713998913,5.190770258163525,0.9781,0.9756,0.9843,0.9936,0.9936,0.9472,0.6299302905715003,0.7975454829013555,0.75361569039349,0.7033814205203972,0.9794,0.9467,0.9517,0.9894,0.9641,12.325217749396982,0.9898,15.604777050630531,13.580688958270574,12.977883018646574,0.9929,0.9855,0.9893,0.9994,0.9888,14.854500905520483,0.9994,18.807065282102425,41.73983970398003,24.24655266887299
0.9882,0.9877,0.99,0.9935,0.9932,0.9496,3.880242896685429,4.912718504144187,5.031300830908295,4.937564752714148,0.933,15.39840728507453,0.9786,0.9793,0.9833,0.9922,0.9588,3.2241816144483737,0.9922,4.082088956738348,4.14276461767725,3.91363495052985,0.9591,0.9867,0.9912,0.994,0.9427,6.386493984252123,0.994,8.085846172115167,11.912100995718776,10.482394024180389,0.9641,0.9711,0.9814,0.9754,0.9118,3.847860053699677,0.9764,4.871719062565725,5.560880602233765,5.15061369295209,0.9434,0.9665,0.9764,0.994,0.9207,4.249389812463627,0.994,5.380089988913979,7.829318857193236,6.612646383269199,0.9594,0.9756,0.9872,0.9841,0.9835,0.9241,0.5553563157260264,0.7031284693520501,0.6590290043956439,0.6258281872650331,0.9378,0.9824,0.9908,0.9916,0.9067,9.244809288123369,0.9917,11.70471717011423,14.505107897193865,13.4467419860614,0.9809,0.9774,0.9819,0.9973,0.973,8.085088504320872,0.9973,10.236411729984717,19.355057040187184,14.449487252205014
0.9662,0.9744,0.9839,0.9802,0.9823,0.9033,3.340307727005035,4.229114521158237,4.734439451425693,4.45633514351375,0.9038,13.854609187123376,0.9724,0.9671,0.9752,0.9929,0.9493,2.9892217445507905,0.993,3.7846097186310654,4.161267229192234,3.984224068419267,0.9634,0.9774,0.9916,0.994,0.9488,6.442947217198455,0.994,8.157320780663799,12.127148827516228,10.190318789735086,0.9599,0.9584,0.967,0.9701,0.9114,3.844337935901452,0.9702,4.867259760985429,5.480720952417121,4.955318267702772,0.9674,0.9857,0.9945,0.9944,0.9516,5.596145446688891,0.9945,7.085197504340551,7.937883975092161,7.21608788663561,0.9577,0.9611,0.9687,0.9937,0.9937,0.9206,0.5694430418692936,0.7209634662915346,0.7485393473001223,0.6806873441961717,0.9651,0.9677,0.9721,0.9932,0.9405,10.48483006403804,0.9933,13.274689250100002,14.85747904469686,13.615662432216176,0.9276,0.9463,0.9727,0.9757,0.9065,3.153597506151436,0.9757,3.992723454587672,5.476003109655626,4.813333240818574
0.9841,0.9869,0.9936,0.993,0.9928,0.9412,3.7625443460050914,4.763702098925799,6.001366851322528,5.046501181923984,0.9382,16.0249326895854,0.9818,0.9904,0.9961,0.9983,0.9646,3.4381318607772062,0.9983,4.352968219220526,5.734523290422175,5.155359566210739,0.9413,0.9269,0.9327,0.9719,0.9188,4.760177598431548,0.9722,6.026790897756305,6.514724751688952,6.330579610660603,0.9654,0.9848,0.9913,0.99,0.9147,3.880741149929816,0.9899,4.913349335254152,6.586484384746873,5.784363318057951,0.9028,0.9629,0.9676,0.9735,0.872,3.2212684506562894,0.9735,4.078400642875522,5.056011081490353,5.054131015155737,0.9783,0.978,0.9917,0.9935,0.9934,0.9489,0.6217716570050587,0.7872159568491002,0.7558015759952275,0.7074376459664105,0.9545,0.9801,0.9814,0.9853,0.9273,10.022043748169798,0.9853,12.68876229708046,12.245590730999702,12.173636839144276,0.9413,0.9573,0.9723,0.9718,0.9236,3.687050279155957,0.9718,4.668120170413115,5.021960154247068,4.606660735093732
0.9842,0.9776,0.9801,0.9867,0.9866,0.9425,3.7988362386782906,4.8096507308628205,5.193125337043535,5.0612416754045295,0.9236,15.071513335531993,0.9435,0.9659,0.9795,0.985,0.9146,2.472456834582104,0.9852,3.1303412609362686,3.5206295277765465,3.3556337379457424,0.9692,0.9882,0.9927,0.9938,0.9548,7.029411113478625,0.9938,8.899834100571995,11.894041838752807,10.077297435225484,0.9682,0.9791,0.9895,0.9863,0.922,3.968760836768276,0.9857,5.024789767148159,6.287020750536131,5.516999979171076,0.9649,0.975,0.9964,0.9968,0.9493,5.336111560025155,0.9969,6.755972422114717,8.845300593972265,8.505804156647436,0.9598,0.9615,0.9719,0.9949,0.9948,0.927,0.5376538504786503,0.6807156382728303,0.7707069949296271,0.7224699368012908,0.9432,0.963,0.9752,0.9795,0.9144,8.983821208706713,0.9797,11.374283998467554,11.64364549667737,11.25894408073844,0.9219,0.9339,0.9499,0.9497,0.9002,2.9359209301159543,0.9497,3.717126340829215,3.5686009553795057,3.2903577357430143
0.9727,0.9924,0.9965,0.9959,0.9959,0.9135,3.5277020722100705,4.466371747515681,5.764984863404156,5.208223331096129,0.9551,17.227976309035533,0.9685,0.9859,0.9884,0.9913,0.9416,3.0404259515635874,0.9913,3.8494386125894,3.964544081366431,3.942810912927941,0.9625,0.9863,0.9901,0.9919,0.9477,6.489486325632089,0.9919,8.216243261873311,10.636655848539808,9.26145844224527,0.977,0.9883,0.9923,0.9908,0.9398,4.281768397999037,0.9906,5.421084040197135,8.720178074704434,6.961427370743593,0.9537,0.9711,0.9794,0.9864,0.9354,4.809169420670169,0.9864,6.088818723867143,6.419945555410796,6.152688516271626,0.9427,0.9483,0.9591,0.9605,0.9604,0.9041,0.5367949640418992,0.6796282147781851,0.5693660555520181,0.5439605019424936,0.9772,0.9888,0.9906,0.9913,0.9602,12.18078021399828,0.9914,15.421906809839085,14.299890945080088,14.00487068139086,0.9609,0.9792,0.981,0.982,0.9488,4.67672294764229,0.982,5.921130190912541,6.455128133528864,6.192675121672544
0.9632,0.9628,0.9703,0.9728,0.972,0.9005,3.3541294216538637,4.24661396561774,4.805016303730454,4.413650524010111,0.9265,15.240039689049867,0.987,0.9844,0.9924,0.9998,0.9744,3.887663424447373,0.9998,4.922113525285199,8.05711405938122,6.386073741280203,0.9813,0.9798,0.9845,0.997,0.9718,9.18842770040284,0.997,11.633333270533027,15.419148848440429,13.60176622976768,0.9487,0.9826,0.993,0.9882,0.8885,3.523791902542458,0.9889,4.461421139166696,6.619614894822579,5.628273373891783,0.971,0.9841,0.9944,0.9961,0.9547,5.988174257338347,0.9961,7.58153941991506,8.475156099657163,7.841116829995084,0.9818,0.9917,0.9921,0.9994,0.9994,0.9532,0.6634829664429254,0.8400260327035096,0.8643275854525994,0.8452974932489072,0.9572,0.9735,0.9787,0.9898,0.9315,10.253301219594295,0.9898,12.981553982894562,13.399459446319316,13.313976754464726,0.9571,0.9687,0.9735,0.9919,0.9438,4.842418961930506,0.9919,6.130915479393323,10.202109866493414,8.319203865000887
0.9768,0.982,0.9843,0.9853,0.9847,0.9256,3.638987223109938,4.607268241528792,5.404338744882331,4.992350988059783,0.9614,17.664559528814497,0.9615,0.9872,0.9905,0.9949,0.9342,2.906766414653773,0.9949,3.6802142372820974,4.602250344419222,4.337124145973539,0.9477,0.9688,0.9804,0.9794,0.928,5.037618463406904,0.9795,6.378054699394726,7.739713351242798,7.008765446537848,0.9729,0.9692,0.9807,0.9782,0.9316,4.128057957432761,0.9797,5.226473510455517,5.527303584448962,5.071232261919086,0.9532,0.9634,0.9969,0.9974,0.9341,4.782825424106012,0.9974,6.055464976991038,9.398285399374725,7.636932481148083,0.9532,0.9864,0.996,0.9975,0.9974,0.9145,0.5742382361193523,0.7270345912572819,0.8155398377855793,0.7091132640760507,0.9712,0.9641,0.976,0.9919,0.9505,11.33026366101248,0.9922,14.345080302018271,14.64024180341423,13.666958158437508,0.9628,0.9609,0.9637,0.9919,0.9493,5.287850638022829,0.9919,6.694869978051122,10.14050656547798,9.444752209845207
0.9672,0.9764,0.9792,0.9807,0.9806,0.9088,3.361245145510616,4.255623079014045,4.700713732723952,4.579298007111182,0.9302,15.220116321074755,0.9582,0.978,0.9817,0.9813,0.9313,2.649757560150721,0.9813,3.354819103816462,3.334438534711352,3.258416248431109,0.9491,0.9725,0.9786,0.9785,0.9297,5.423743967559607,0.9785,6.866922525373706,7.4066929986976655,7.159408100836844,0.975,0.9782,0.98,0.9855,0.9352,4.212836012822843,0.9853,5.333809760414506,5.629525531599237,5.506839329398373,0.9635,0.9827,0.9956,0.9984,0.946,5.431961590247722,0.9984,6.877326736685958,10.864730345596964,8.65091320335971,0.9649,0.9848,0.9898,0.9911,0.9911,0.9329,0.5915988476094072,0.7490146063185306,0.7345125554565259,0.6803250973646391,0.9378,0.9757,0.9833,0.9832,0.9074,8.957214363329543,0.9835,11.340597462572346,12.25167311223224,11.244289580855916,0.9649,0.9856,0.9903,0.9899,0.9547,5.388467913334864,0.9899,6.82226003156665,9.395131207071348,8.56424084004656
0.9756,0.9739,0.9902,0.9864,0.9854,0.9256,3.554223303703664,4.499949888931148,5.037145158376557,4.432158923993777,0.9527,16.92032114794108,0.9858,0.9968,0.9973,0.9997,0.9724,3.814068444740922,0.9997,4.828936003093265,7.197447475397393,6.669020913527766,0.9723,0.9868,0.9911,0.9963,0.9597,7.669190989008862,0.9963,9.70984999823173,14.702910676780348,12.052856444118344,0.9599,0.9634,0.9678,0.9695,0.9102,3.835026533825298,0.969,4.855470731665094,5.139096918070329,4.989293863015481,0.9525,0.966,0.9742,0.9806,0.9328,4.58020696581242,0.9807,5.798932724798685,5.76787079175918,5.60545250781596,0.9557,0.9871,0.9932,0.9953,0.9953,0.9201,0.5421383646525195,0.6863934157601321,0.7764687531744418,0.7421281513356333,0.952,0.9787,0.984,0.9884,0.9249,9.912925476324736,0.9884,12.550609256792342,13.027016223039348,12.90454655622576,0.9845,0.9771,0.981,0.9987,0.978,9.382773030365296,0.9987,11.879391036534258,25.30742777598024,16.202034174337186
0.9515,0.976,0.9769,0.9778,0.9777,0.8779,3.121011028163987,3.951466193726354,4.764082577066155,4.653478923387722,0.9317,15.399237388109569,0.9528,0.9699,0.9835,0.9883,0.9236,2.660284599689567,0.9883,3.3681472338622696,3.823077374766501,3.5145624867294947,0.933,0.961,0.9677,0.967,0.9081,4.628979078179446,0.9673,5.86068237947014,6.067371729647833,5.9529675373471935,0.9702,0.9755,0.9771,0.98,0.9264,4.036123619384968,0.98,5.110076796198417,6.077315737329565,5.834008553234602,0.9635,0.9777,0.9817,0.9926,0.9475,5.199287916315577,0.9926,6.582742017690639,7.391346478576298,6.790222462085944,0.9753,0.9645,0.9885,0.9968,0.9968,0.9437,0.6020229753060007,0.7622124411933431,0.7967684158919253,0.7525346030651923,0.9769,0.9933,0.9939,0.9988,0.959,12.419980793219333,0.9988,15.724755147695737,20.4114469208106,18.87062763374299,0.9577,0.9719,0.9835,0.984,0.9451,4.671636421516518,0.984,5.914690214940615,6.9812020608507455,6.127771435785491
0.9664,0.9533,0.9567,0.968,0.9677,0.9067,3.351858710447699,4.243739051531918,4.104309581329776,4.045578835781124,0.9327,15.653003335654574,0.9618,0.962,0.9662,0.9841,0.9347,2.838303060807144,0.9841,3.593533791172548,3.4448581757687435,3.2620164348924265,0.9696,0.9783,0.9846,0.9965,0.9554,7.08238904034152,0.9965,8.966908675164442,14.924775648799994,12.691348461677638,0.9546,0.9694,0.9784,0.9741,0.8985,3.67260768382145,0.9735,4.649834612720758,5.440438662981796,5.104526843293909,0.9536,0.9666,0.9806,0.9854,0.9351,4.845072839007381,0.9854,6.1342755141567205,6.238757082684088,5.740762454855656,0.9682,0.9878,0.9909,0.9982,0.9982,0.9347,0.6166945231403198,0.7807878722808309,0.8241507699468443,0.795856319229554,0.9536,0.9611,0.9707,0.9829,0.9275,9.539031732209144,0.983,12.077227882427998,12.2178277813642,11.358742863542885,0.9868,0.9721,0.9773,0.9983,0.982,10.353504156312695,0.9983,13.108419448406163,22.849553949240303,19.81567022098756
0.9563,0.9395,0.9486,0.9544,0.9542,0.8853,3.162696945262834,4.004244120713519,3.854811098759668,3.726864948883585,0.9245,15.10729063551742,0.9357,0.9705,0.9768,0.982,0.9025,2.4253448492331864,0.9823,3.070693468683803,3.420868926569325,3.1880919871429696,0.965,0.9704,0.9755,0.9857,0.951,6.690230194667558,0.9859,8.470402124156514,8.795797034564497,8.492843139647647,0.9536,0.9679,0.9843,0.9782,0.8968,3.638009021597136,0.9783,4.6060297549699145,5.781582048293736,5.082600179336317,0.9203,0.9508,0.9626,0.9645,0.8933,3.711662150283269,0.9645,4.699280898730416,4.612579162255019,4.386146816911009,0.9377,0.9744,0.9879,0.9904,0.9904,0.9,0.4987998748777429,0.6315231907955867,0.7241145266186603,0.6312951559896499,0.962,0.9751,0.9831,0.9955,0.9377,10.269399924209427,0.9955,13.001936316207525,16.300834273751093,14.873198305790156,0.9758,0.9834,0.9867,0.9928,0.9673,6.669385988232726,0.9929,8.444011580733555,10.706118246769304,9.911299739635
0.9432,0.952,0.9565,0.9662,0.966,0.8608,2.9831005077553465,3.776859710687257,4.131195762309064,4.001461536601989,0.9358,15.552105075138613,0.9572,0.9745,0.9806,0.9886,0.9291,2.7541449267074745,0.9886,3.4869824144484616,3.808113220104161,3.438086344785286,0.9657,0.9799,0.9855,0.9907,0.9514,6.715731792414548,0.9908,8.502689322270811,10.282180258036323,9.82327220469942,0.9835,0.9955,0.998,0.9968,0.95,4.507206142649769,0.9969,5.706507455474628,8.454466907072579,7.0261283676906405,0.9613,0.9796,0.9817,0.9899,0.9442,5.196547248899556,0.99,6.5792720989543945,6.730563420724543,6.705921080128858,0.9623,0.9676,0.9789,0.9833,0.9824,0.9311,0.53706165758481,0.6799658715533093,0.6434886370248349,0.6158710818250155,0.9458,0.9543,0.9614,0.9745,0.9179,9.383111103230709,0.9749,11.879819065620552,10.913610987974243,10.536009809448698,0.9736,0.9864,0.9901,0.9937,0.9642,6.513154278519372,0.9937,8.246208909179538,11.958797423118009,11.086822385313017
0.9661,0.9724,0.977,0.9777,0.9763,0.9064,3.369482320941148,4.266052045766108,4.901038060132166,4.734723484223908,0.9311,15.334481166141131,0.9578,0.9576,0.9735,0.9811,0.931,2.611787528661514,0.9817,3.3067458049878486,3.3145429682484697,3.1407574487401275,0.9521,0.9795,0.9839,0.9909,0.9316,5.904358791051616,0.9909,7.475421889872795,10.344733332396835,9.637060547837804,0.9741,0.9768,0.9848,0.9829,0.9335,4.168238076439875,0.9838,5.2773449686092295,6.20639004636616,5.511807076607683,0.9641,0.9789,0.983,0.9961,0.9481,5.30737038984787,0.9961,6.719583648957935,8.544056043280756,7.551676747923795,0.9421,0.9838,0.9904,0.9953,0.9953,0.9036,0.5280404863227153,0.6685442992011756,0.7757245453869759,0.7003979212871227,0.9654,0.984,0.9861,0.9943,0.9409,10.83514498878722,0.9944,13.71821782779891,15.58345648473574,14.59484889133984,0.9833,0.9821,0.992,0.9963,0.9768,8.394990993134154,0.9963,10.628774716480708,15.364596870590375,13.914734927338962
0.9608,0.967,0.9694,0.9708,0.9703,0.8959,3.3141608701130254,4.196010369923706,4.419407418264943,4.340736819308802,0.9482,16.762875704855812,0.9259,0.9483,0.9547,0.969,0.892,2.1268036152196066,0.9693,2.6927147999150542,2.904340004979527,2.8273621778255835,0.9478,0.9779,0.9882,0.9871,0.9269,5.325793943243254,0.9871,6.742909439143623,9.141968194848593,7.675203999545446,0.9536,0.9803,0.9887,0.9845,0.8952,3.629203969571279,0.9852,4.59488180800651,6.191249253684807,5.532570370448335,0.9573,0.9585,0.9846,0.9974,0.9401,4.977628991280023,0.9974,6.302102910391176,9.314347792279166,7.402429694534932,0.9421,0.9738,0.9834,0.9887,0.9883,0.9044,0.523097214125327,0.6622856949225937,0.6975212003204786,0.6454163830777979,0.9116,0.9713,0.9882,0.9909,0.8762,7.775955230549974,0.9909,9.84502263534885,14.162900349457376,10.911380478583729,0.9691,0.9793,0.9829,0.9951,0.9579,5.846940891706808,0.9951,7.402725931374608,13.063606108445285,10.340764236117662
0.9688,0.9623,0.9697,0.9726,0.9728,0.9113,3.3821138259754395,4.282044608646685,4.31473728595291,4.143225019548611,0.9333,15.371515899757997,0.9773,0.9813,0.9921,0.9991,0.9561,3.230503563441446,0.9991,4.090093083445737,6.4379914550298585,4.872219656495631,0.9654,0.9725,0.9773,0.9983,0.9506,6.972816293738073,0.9983,8.828180231064078,17.164202145845177,11.989116390015106,0.9635,0.9512,0.9608,0.9687,0.9126,3.8470127593224857,0.9678,4.870646315607321,4.983174190178689,4.614975729925192,0.9481,0.9661,0.9717,0.9954,0.9246,4.54431662444327,0.9954,5.75349249106618,8.194270033717823,6.879184736160112,0.9734,0.9845,0.9921,0.9959,0.9959,0.9408,0.6245878918448979,0.7907815503900385,0.788239648445487,0.7160310297959585,0.9506,0.9747,0.9841,0.9884,0.9221,9.934597643214437,0.9884,12.578048068778791,13.263226039082294,12.035876507823073,0.9927,0.9947,0.9966,0.9988,0.9887,14.303064375759844,0.9988,18.108899596152643,30.207799835350443,26.71643000266062
0.9617,0.9451,0.9489,0.9664,0.9648,0.8978,3.257366163122398,4.124103426106183,3.911623601826333,3.831244667849061,0.8993,14.162620352837902,0.979,0.9829,0.9901,0.989,0.9597,3.171428146055717,0.9895,4.015298565716236,3.9168452000507736,3.684385550803704,0.9304,0.9453,0.9493,0.9545,0.9053,4.542411018151352,0.9545,5.751079830946394,5.265900237666944,5.138391237489295,0.9736,0.9827,0.9904,0.9882,0.9315,4.159042038936358,0.9882,5.265702000678812,6.508773117219706,5.738159606369274,0.9772,0.9905,0.9944,0.9998,0.9628,6.59013280436394,0.9998,8.343670289409468,13.70004255824127,10.83472401973177,0.9641,0.984,0.9913,0.9929,0.9928,0.9316,0.578992495380384,0.7330538890350365,0.7378865646378694,0.7047067626827168,0.9637,0.9732,0.9877,0.9964,0.9392,10.287303455673314,0.9964,13.024603714268434,17.158551018916988,14.033203651475764,0.9919,0.9801,0.9915,0.9983,0.988,13.273545815074415,0.9983,16.805441277149054,22.856640333986647,22.006506000280424
0.9633,0.9833,0.9957,0.9938,0.9939,0.9005,3.30601053709921,4.18569135307914,5.51129500542922,4.898497137848722,0.939,16.261946077920335,0.9662,0.9529,0.9623,0.9829,0.9419,2.7900462278734874,0.9832,3.5324365242186992,3.347374894398536,3.2218350925773764,0.9635,0.9677,0.9745,0.992,0.949,6.3624916045002,0.992,8.05545711187064,10.607294638970275,8.8984086896644,0.9679,0.9872,0.9921,0.9899,0.9228,4.009364979525365,0.9896,5.0761980755399,6.824972787474819,6.02465987512646,0.9826,0.9895,0.9987,0.9998,0.9702,7.28559810953705,0.9998,9.224188691139622,13.700070334407542,10.815400664746983,0.9671,0.9862,0.9943,0.9963,0.9963,0.9349,0.5939171048263934,0.7519497177098777,0.7879956513189796,0.750675509412688,0.9506,0.9677,0.9785,0.9828,0.9243,9.285392000993935,0.9829,11.7560983464416,12.239652279455044,10.883745094920378,0.9305,0.975,0.978,0.9791,0.9103,3.425894491991993,0.9791,4.337474666452345,6.033267552528766,5.575855106262022
0.9412,0.9858,0.9884,0.9867,0.987,0.8616,3.0231277522743065,3.827537616698288,5.222811326951694,4.937161156346361,0.9569,17.645875758245246,0.9776,0.9716,0.9894,0.996,0.9569,3.2769059707245987,0.9954,4.1488424893377,5.569513169132992,5.322179589882554,0.9862,0.9785,0.9834,0.9994,0.9788,10.542663802478309,0.9994,13.347911696365426,21.854185862766467,19.6210777233003,0.972,0.9761,0.9797,0.9796,0.9267,4.0990406592504725,0.9796,5.189735135689812,6.12913946694464,5.722596281186635,0.9387,0.9431,0.954,0.9664,0.9155,3.972239280390796,0.9666,5.029193773496466,4.760081831487012,4.5541101611404216,0.9727,0.9829,0.9895,0.9904,0.9903,0.9401,0.6197635468391327,0.7846735180809159,0.7161119901313162,0.6803803883347781,0.9621,0.9813,0.9918,0.9942,0.9376,10.353396776445834,0.9942,13.10828349633487,15.597621828248638,13.19556014952531,0.962,0.982,0.9885,0.9932,0.9481,5.21812662902625,0.9932,6.606593434983879,11.089407541297804,9.129231654108844
0.9615,0.9645,0.9754,0.9764,0.9753,0.8968,3.2590456042187195,4.126229741795741,4.503965115003808,4.256352732934324,0.9189,14.625314618975866,0.9758,0.9925,0.9937,0.9973,0.9534,3.2225594479571327,0.9973,4.080035155584525,5.193069966557486,5.050659865171611,0.9174,0.9561,0.9781,0.9855,0.8931,4.270198618968737,0.9855,5.406435713006184,8.696494333057414,6.555075129186029,0.9632,0.9718,0.9867,0.9799,0.9119,3.834806596723644,0.981,4.855192272533072,5.919263607286,5.18183695867137,0.9671,0.9784,0.988,0.9909,0.9506,5.758362049483102,0.9911,7.290577561065164,7.025345425866146,6.935956211705234,0.9719,0.9679,0.9756,0.993,0.9929,0.9397,0.6049853682375816,0.7659630833461717,0.7208190578601981,0.7120261508212232,0.9666,0.9861,0.9937,0.9967,0.9432,10.985166958266804,0.9968,13.908158438506575,17.586982255468808,14.917390261113946,0.9328,0.9238,0.9274,0.9647,0.9148,3.2919959256647657,0.9647,4.167947659512636,4.403786847193043,4.181352054068716
0.9739,0.966,0.9743,0.9817,0.9816,0.9209,3.5006304391326424,4.43209675074409,4.868844869044548,4.474010438638642,0.9288,15.118451182365778,0.9687,0.9927,0.998,0.9986,0.9426,2.9942490593037734,0.9986,3.7909747279541257,5.823211842053047,4.894280794878313,0.9633,0.9743,0.976,0.9838,0.9487,6.536140580873387,0.9839,8.27531152876371,8.324554585116779,8.12443418695628,0.9599,0.9749,0.9832,0.9776,0.9044,3.743426416519937,0.9793,4.739497169377994,5.81231417698524,5.354132795305505,0.9603,0.9855,0.9917,0.9954,0.9426,5.219243913671099,0.9954,6.608008012652158,8.233148943838458,7.059686578048607,0.9363,0.9731,0.9835,0.9854,0.9853,0.8963,0.5101098686756256,0.6458426077217996,0.6678381199076088,0.6251002634565819,0.9625,0.9785,0.9827,0.9912,0.937,10.65231159150026,0.9912,13.486735150568974,14.362318350453524,13.210665677671674,0.9641,0.9699,0.9727,0.9863,0.9527,5.262844155518987,0.9864,6.663209638069539,7.583548147742781,7.543574211018115
0.9509,0.9222,0.9289,0.9348,0.9356,0.8774,3.124899248304064,3.9563890121011154,3.6067326744169743,3.514048561935965,0.9134,14.595077487338123,0.9301,0.9745,0.9778,0.9817,0.8946,2.319913664259136,0.982,2.9372085948945066,3.35340176188865,3.2597881080728346,0.985,0.9741,0.9766,0.9996,0.9768,10.413307710346746,0.9996,13.184135849244788,25.20570531629877,17.599333738808486,0.9623,0.9642,0.9773,0.9747,0.9102,3.8187132915501207,0.9744,4.834816775373773,5.749048721656584,5.307034891767756,0.9442,0.9588,0.9892,0.9954,0.9206,4.504941785277896,0.9954,5.7036405858850205,8.23311961281616,7.054003840207743,0.9605,0.9731,0.99,0.9911,0.9911,0.927,0.5556479475807669,0.7034977001572674,0.7345649342651903,0.6763854087606043,0.9476,0.949,0.9514,0.973,0.9206,9.331291467089008,0.9733,11.814210985886982,10.57768831029938,10.474995674534917,0.9659,0.9734,0.9797,0.9857,0.9558,5.327959423026,0.986,6.745651121270825,7.587105271053703,7.463868899949332
0.9794,0.9872,0.9902,0.9915,0.9913,0.9299,3.695225726791176,4.678470984510735,5.083841892873637,4.871605381501131,0.8998,13.718825886266504,0.9846,0.9834,0.9879,0.9945,0.9705,3.608450513387366,0.9945,4.5686061621424985,4.378706582504508,4.2042292847616896,0.9806,0.9433,0.9475,0.9993,0.9714,9.26019766034598,0.9993,11.724200162024676,21.20400460709405,15.373100620554466,0.9299,0.9472,0.953,0.9515,0.8573,3.2504503319886706,0.9524,4.115347393948706,4.717013640383925,4.4815697795470735,0.9532,0.9657,0.9685,0.9893,0.9329,4.7627732680343176,0.9894,6.030077236892204,6.642377485242188,6.535575187949424,0.9809,0.9888,0.9924,0.9949,0.9948,0.9552,0.6187208292154369,0.7833533486222195,0.7475792779084995,0.7397697401847998,0.9824,0.988,0.9914,0.9988,0.9669,13.250383672822426,0.9988,16.77611602925435,20.433778501642085,19.34477454513426,0.9737,0.9811,0.9891,0.9932,0.9644,6.5171448663254345,0.9932,8.251261333751724,11.089622832732154,10.346885925778404
0.9866,0.971,0.9759,0.9848,0.985,0.947,3.833058993117842,4.852979657292035,4.544396343414364,4.418260259286438,0.9372,15.732414213022246,0.9683,0.9846,0.9862,0.9965,0.941,3.074753199207139,0.9965,3.8928998363284784,4.865247493523927,4.814853929814623,0.9532,0.9735,0.9821,0.9893,0.9349,5.794096303974058,0.9894,7.335820175495172,9.457295394658724,9.275058109233346,0.9687,0.9798,0.9818,0.9824,0.9237,3.997170559926267,0.9823,5.060758900105041,5.9828352403568585,5.727486617412895,0.9521,0.9651,0.9799,0.9957,0.9316,4.690763782450896,0.9958,5.938907085507668,8.331753710073201,6.753035585645205,0.9399,0.9815,0.99,0.9902,0.9902,0.901,0.5242407667419406,0.6637335300838669,0.712980057935203,0.676219848847144,0.9641,0.983,0.9905,0.9978,0.9385,10.776241937277504,0.9978,13.643641539971792,18.48178232430028,15.801520663483236,0.9547,0.9752,0.9803,0.9868,0.9411,4.384865929295531,0.9868,5.551614309362636,7.792155668741421,6.88794747548441
0.9729,0.9395,0.9427,0.9651,0.9641,0.9196,3.529635691201319,4.468819874102391,4.322674407030599,4.090246896741579,0.9456,16.295822626163684,0.9672,0.985,0.9876,0.9961,0.9418,2.8927854544586222,0.9961,3.6625131490550977,4.860192366965973,4.31135333060519,0.9468,0.9747,0.9867,0.9899,0.9248,5.290357176031462,0.9899,6.698043468985638,9.988428585176058,7.640360562467541,0.977,0.9764,0.9784,0.9826,0.9385,4.252592425230151,0.9822,5.384144769869354,5.41191572021121,5.351179963037926,0.9596,0.9753,0.9782,0.9974,0.9412,5.198989677944189,0.9974,6.582364422471788,9.277480307233244,8.044920965648181,0.9401,0.9482,0.9585,0.9644,0.9641,0.9021,0.5054136523580375,0.6398967972616896,0.5600680885277712,0.5553261270707386,0.9364,0.959,0.9791,0.9832,0.9069,8.820700446291736,0.9831,11.16775919853539,12.29042674759586,11.08454417081168,0.948,0.9703,0.9772,0.9923,0.9324,4.299304004849527,0.9923,5.443285614312352,10.406981101525478,7.66395323438259
0.9446,0.9495,0.9539,0.9566,0.9565,0.8645,3.000711553271785,3.7991567965887194,3.997472665490323,3.8942077035933034,0.9307,15.211193900494248,0.9701,0.9786,0.9853,0.9864,0.9457,2.9780714582204406,0.9867,3.770492504982301,3.5395522015680747,3.480377734858377,0.957,0.9735,0.9817,0.9879,0.9411,6.016335019233452,0.9879,7.617193346675947,9.24955399846323,8.383751582114554,0.9601,0.9774,0.9871,0.9815,0.9055,3.760140718435741,0.9822,4.760658901385999,5.93443155442097,5.415459318522604,0.9458,0.9854,0.9926,0.9947,0.9224,4.556532110771903,0.9947,5.768958338777688,7.958019871899173,6.934659600033731,0.9606,0.9772,0.98,0.9892,0.9886,0.9284,0.5393940903206009,0.6829189303606795,0.6748041995170927,0.6652130124585681,0.9591,0.9669,0.9908,0.9933,0.9333,10.413627913590137,0.9933,13.184541253865262,14.679025964293857,14.443675049067512,0.9675,0.9877,0.9919,0.9949,0.9565,5.750998832718541,0.9949,7.281255100535649,12.937308325732229,10.702280245482902
0.9874,0.9904,0.9963,0.9944,0.9949,0.948,3.879606396377424,4.911912640458772,5.579298919217077,5.05643947208706,0.9231,14.873937648374092,0.9573,0.9732,0.9786,0.9851,0.9307,2.640357588711608,0.9854,3.342917938127375,3.4017928477315094,3.3714057478549515,0.9475,0.9494,0.952,0.9756,0.9269,5.186494252992248,0.9756,6.566544148583527,6.771142476740456,6.735086353171358,0.9796,0.9699,0.9767,0.9792,0.9428,4.345193917703551,0.9795,5.501386158539647,5.843138407687297,5.4681954790368135,0.9481,0.9676,0.9793,0.9842,0.9259,4.315652641765404,0.9842,5.463984383238072,5.933456797457833,5.925682737533898,0.9456,0.9682,0.9694,0.9724,0.9719,0.9097,0.5175369554993126,0.6552459331944861,0.5907111911295062,0.5859027294367951,0.9619,0.9745,0.982,0.9941,0.936,10.566763525078956,0.9941,13.37842400096009,15.572138153433883,14.09051354817728,0.9607,0.9821,0.9874,0.9885,0.9478,5.0293581644283,0.9885,6.367596456258294,8.489799149836024,7.87546595193819
0.981,0.9837,0.9865,0.9896,0.9895,0.935,3.695742760223083,4.6791255929401085,5.05346356736136,4.830674589925292,0.9422,16.386147712824275,0.9716,0.9793,0.9898,0.9926,0.9474,3.0353329373008373,0.9926,3.8429904220826,4.217941243649788,3.995524748816951,0.9466,0.9447,0.9459,0.9647,0.9251,5.201828428019715,0.9648,6.585958522221729,5.755104687676938,5.7250529720060905,0.9498,0.9572,0.9728,0.9671,0.8897,3.5439340504607406,0.967,4.486922816619899,5.210911607641846,4.727246506919854,0.9391,0.9636,0.973,0.9756,0.9156,4.009640819281231,0.9758,5.076547312200827,5.314494510269927,4.836560410787405,0.9636,0.9813,0.9852,0.9928,0.9926,0.9295,0.5856257241161376,0.7414521224498043,0.7404371282256206,0.7025895951599472,0.9629,0.9934,0.9977,0.9985,0.9356,11.210717856849229,0.9986,14.193725116313974,19.522907358026814,18.601617914085185,0.9531,0.9645,0.9753,0.9912,0.9388,4.309906934319592,0.9912,5.456709827484732,9.695157357801891,6.707417092416949
0.9853,0.9908,0.996,0.9944,0.9937,0.9435,3.7843806272124656,4.791348693637898,6.312759036665886,5.45804697025415,0.9377,16.035617986441515,0.9438,0.9795,0.9867,0.9838,0.9141,2.5404135077032404,0.9838,3.2163802060258835,3.560486143970853,3.2282951680602743,0.9932,0.9962,0.9987,0.9999,0.9888,14.689370325964862,0.9999,18.597995882226467,39.22881799859292,25.448462906429643,0.9718,0.9719,0.9756,0.9778,0.9284,4.112556082088791,0.9761,5.206846813911261,6.772088977653336,5.793161609566267,0.9294,0.9298,0.9416,0.9641,0.9057,3.778346229181869,0.9643,4.783708630978005,4.556041335965763,4.463241933124647,0.9614,0.979,0.9891,0.99,0.99,0.9265,0.5753884344197151,0.7284908404210784,0.7071856241866441,0.6652715912021983,0.9548,0.9848,0.9891,0.9964,0.9281,10.112535550263766,0.9964,12.803332637767156,16.93913355389021,15.209946663410228,0.9833,0.9585,0.97,0.9973,0.9769,8.44213259684668,0.9973,10.68846000810804,19.34953334081473,14.610073246352757
0.9512,0.9335,0.9453,0.9594,0.9595,0.8787,3.1317550992028917,3.9650691041647055,3.8212669986937526,3.649833303073152,0.9391,15.904279546671848,0.9742,0.9869,0.9885,0.9883,0.953,2.933034273803869,0.9885,3.71347158769724,3.7914791520036255,3.666562145683022,0.8978,0.9341,0.9429,0.9469,0.8679,3.780700131071412,0.9472,4.786688871565412,4.931308055448572,4.683315345336121,0.992,0.9981,0.9994,0.999,0.9704,5.108993727024281,0.999,6.4684218716691175,12.182722059186288,9.41838389189983,0.9737,0.9761,0.9822,0.9945,0.9598,5.928061214430928,0.9945,7.505431179762374,7.957811732968244,7.754009613532306,0.9703,0.9699,0.9761,0.9912,0.9912,0.9378,0.5841974345681556,0.739643786044462,0.7219657100455074,0.6935124263984491,0.9548,0.9854,0.9871,0.9917,0.929,9.99505273237218,0.9917,12.654589368662016,14.150138130242508,14.14643478799469,0.9788,0.9673,0.9844,0.9967,0.9708,7.722039427434817,0.9967,9.77676062941724,16.723892316547584,13.580713878859802
0.9601,0.953,0.9557,0.9602,0.9609,0.8917,3.2180346843606293,4.074306418894766,3.987004896352421,3.924135389317996,0.9431,16.125560497153508,0.9697,0.9594,0.9634,0.9955,0.9443,2.92768266745018,0.9956,3.706695997544592,4.626997578887435,4.222492038760108,0.9642,0.9905,0.9934,0.994,0.9491,6.697982957209662,0.994,8.48021778286988,11.973582872398037,10.668103467077248,0.9601,0.982,0.988,0.9842,0.9101,3.808349070760568,0.9838,4.821694787753523,6.109748813652949,5.6796169375654895,0.935,0.9551,0.9695,0.9736,0.911,3.9005500229464416,0.9739,4.938429058252459,5.141837142533364,5.0436634476283055,0.9772,0.99,0.9943,0.9976,0.9976,0.9456,0.6355300799065564,0.8046352938792041,0.7984270035078449,0.7878352799087114,0.9238,0.9556,0.968,0.9766,0.8921,8.162813595980802,0.977,10.334818326221312,11.466196409808855,10.590437497520766,0.9828,0.9912,0.9934,0.9982,0.9753,8.597714329508674,0.9982,10.885439753269946,22.44153795051477,14.398331154486778
0.9591,0.9469,0.9529,0.9638,0.9648,0.8886,3.2002251296579463,4.051758003430059,4.249710917215482,4.019436866544746,0.8988,13.690802781687204,0.9783,0.9861,0.9911,0.9937,0.9583,3.194299464625093,0.9937,4.0442556060205765,4.1818537110031855,4.142144278965582,0.9379,0.9482,0.962,0.9717,0.9149,4.67646602378491,0.9718,5.920804903392683,6.609805084444941,6.261549720392361,0.961,0.9698,0.975,0.9728,0.9075,3.781206010892231,0.9731,4.787329358571711,5.30665306755267,5.121625112669933,0.9601,0.9767,0.9857,0.9907,0.9434,4.969225113288973,0.9909,6.291462883977246,7.092716052636041,6.897939172866241,0.9824,0.9658,0.9812,0.9948,0.9947,0.9571,0.6287276318501076,0.7960228143694954,0.7449354931501675,0.7335188760516389,0.9832,0.9759,0.9832,0.9971,0.9681,13.193477406556916,0.9972,16.704067841878466,17.541524391526803,17.12965905766785,0.929,0.9646,0.9736,0.9728,0.9088,3.1077752810736823,0.9729,3.9347086088591134,5.179327920069815,4.374181707328891
0.9834,0.9867,0.993,0.992,0.9915,0.9408,3.7467366573686807,4.743688216666475,5.260993417144757,4.856277044590566,0.9696,18.6811885119908,0.9829,0.9948,0.9972,0.9972,0.9674,3.48364783526936,0.9973,4.410595325583575,5.212790830701986,4.740135850334279,0.9727,0.983,0.9862,0.9962,0.9601,7.911275725445036,0.9962,10.016349925150424,14.53984657659558,13.89819642762458,0.9643,0.9713,0.979,0.9763,0.9162,3.8912524544213456,0.9762,4.926657543387809,5.459061976233253,5.159271937767175,0.956,0.9639,0.973,0.9895,0.938,4.909257086824726,0.9896,6.215538247011976,6.7302371096598055,6.614091683413501,0.9272,0.9103,0.9212,0.9366,0.9366,0.8879,0.4652146763168971,0.5890014644943378,0.492197253565323,0.4832745552340535,0.936,0.9483,0.9539,0.9756,0.9061,8.889833676298242,0.9761,11.255287765005887,11.143989579175038,10.768850545705403,0.9686,0.9629,0.9818,0.9951,0.9577,5.760340068738172,0.9951,7.293081902173355,12.992295165668438,9.67689898048848
0.9867,0.9834,0.9935,0.9913,0.9911,0.9486,3.852442939743699,4.87752138723207,5.299586873065328,4.806901821703153,0.9722,19.382165086175323,0.9767,0.9897,0.9938,0.9973,0.9551,3.20947456954663,0.9973,4.063468583335488,5.2756717230084895,4.524132538471444,0.9687,0.9797,0.9894,0.9902,0.9535,6.919692359439973,0.9902,8.760920798603768,10.067709751779825,9.2358422061142,0.9803,0.9944,0.9972,0.9957,0.944,4.378814812602631,0.9957,5.543953079450112,7.629428639358434,6.890488854351608,0.9559,0.9793,0.9834,0.9873,0.9375,4.877809236502281,0.9874,6.1757225859030775,6.529129160287742,6.200789851208293,0.9472,0.9673,0.9776,0.978,0.9772,0.9127,0.512532802687863,0.648910248865195,0.621421076291145,0.5978205661340124,0.9481,0.9687,0.9794,0.9808,0.921,9.319768201305164,0.9812,11.799621548433771,11.985600973481915,11.351132316005913,0.9748,0.9823,0.9882,0.994,0.9651,6.667773946678393,0.994,8.441970598613548,12.229945417226396,10.898946153473894
0.9843,0.9745,0.9784,0.9868,0.9859,0.9427,3.789740242710924,4.798134424051029,4.821449381405422,4.5809624973277465,0.9272,15.0080709236235,0.9646,0.9623,0.9677,0.9986,0.9385,2.8949183332335147,0.9986,3.665213555525389,5.710657385532794,4.432522881602139,0.9873,0.9934,0.9941,0.9992,0.9794,11.134753351428644,0.9992,14.097547572439945,20.574460832261288,18.718989130390717,0.9656,0.9766,0.9823,0.9828,0.9184,3.918920559211898,0.9827,4.961687724229131,6.719256556908826,5.666908455267684,0.9251,0.9133,0.9203,0.9643,0.9008,3.698785395284829,0.9644,4.682977828474633,4.609476786549185,4.263731715917,0.9692,0.9796,0.9952,0.9931,0.993,0.9362,0.602025048814558,0.7622150664320531,0.7523808493938295,0.6768173211763788,0.9535,0.9791,0.9843,0.9902,0.927,9.73411922177586,0.9903,12.324225285796778,13.982631293769792,12.389049724995088,0.9766,0.9787,0.9864,0.9956,0.9675,7.194195362839009,0.9956,9.108465016877725,13.48283918959895,12.16024315033798
0.9827,0.9812,0.9888,0.9881,0.9873,0.9383,3.741197336464952,4.736674963880834,5.117183141827269,4.7846433199974925,0.9384,15.678067320921174,0.9473,0.9855,0.9935,0.9951,0.9174,2.609138737609088,0.9951,3.303392209565257,4.679840183982192,3.956117951277981,0.967,0.9762,0.9852,0.9924,0.9525,6.843331661194355,0.9924,8.664241640816746,10.999054200339373,10.38062985833374,0.9616,0.9709,0.9819,0.9772,0.9091,3.80425611660585,0.9776,4.816512758651768,5.632491933663175,5.13521469211337,0.9491,0.9262,0.9286,0.9651,0.928,4.3314775075700656,0.9653,5.48402001325767,4.607775882725276,4.553581752919422,0.9872,0.99,0.9929,0.9973,0.9973,0.964,0.7010268250958169,0.887559760367463,0.7892193673173733,0.7820861098367108,0.9539,0.9676,0.9747,0.9782,0.9266,9.9865103662803,0.9782,12.643774004498962,11.61381417000124,10.755821556767325,0.9975,0.9945,0.9958,0.9998,0.9965,27.41228159323779,0.9998,34.706286850997614,53.26961855571914,53.26875602487193
0.9829,0.9857,0.9949,0.991,0.9924,0.9392,3.740214513259497,4.735430625864813,5.464310675019317,5.010526639131713,0.9468,16.297254446100716,0.9429,0.9787,0.9827,0.9809,0.9138,2.434616784379685,0.9816,3.0824325295045414,3.381644680689766,3.230057008786778,0.9596,0.9763,0.9775,0.9785,0.9447,5.946908772793687,0.9788,7.529293796405716,7.297242144387561,7.193207827379104,0.9672,0.9831,0.9906,0.9892,0.9158,3.929496794802361,0.9892,4.975078140672864,6.382868703860916,5.675039121276502,0.9345,0.9744,0.984,0.9911,0.9085,4.085992348751165,0.9911,5.173214861535706,7.102211919058478,6.389725547598487,0.9755,0.9839,0.9875,0.9929,0.9926,0.943,0.6171902883074893,0.7814155532727982,0.7124816969798352,0.7114200043808658,0.9666,0.9862,0.9918,0.998,0.944,10.751639425160262,0.998,13.612492660959592,18.891735032452345,15.138740883275476,0.9831,0.9844,0.9885,0.9952,0.9763,8.385068961303537,0.9952,10.616212577802578,13.066605871498131,12.710757009325988
0.9948,0.9928,0.9946,0.9971,0.9969,0.969,4.290233249206403,5.431801263904131,5.715578946286808,5.616824184616535,0.9396,16.033346689616664,0.9636,0.9946,0.9959,0.9956,0.9363,3.0012011977771653,0.9957,3.7997767283007486,4.653174650412441,4.619049730979001,0.9601,0.976,0.9891,0.9951,0.9444,6.502660459768183,0.9951,8.232922839484742,12.482794089097627,10.431509268560143,0.9262,0.9583,0.9765,0.9709,0.8561,3.245264244684523,0.9696,4.1087813650320735,5.509845526852496,4.816294026518801,0.9194,0.9371,0.9507,0.9733,0.8928,3.552326590299824,0.9735,4.49754848796626,5.1536549600987245,4.551266467736975,0.9719,0.9865,0.9949,0.9985,0.9985,0.9401,0.590518187899274,0.7476463989418252,0.846755972891307,0.7568703828071035,0.9634,0.9825,0.9936,0.9926,0.9377,10.79060292538759,0.9929,13.66182377595668,14.82062022849992,13.609058197931818,0.945,0.9701,0.979,0.9899,0.9287,3.967057329778035,0.9899,5.022632981984003,9.419319459383129,6.285068110602017
0.9926,0.9896,0.9943,0.9943,0.9942,0.9613,4.113245006702917,5.207719051240183,5.326814527768068,5.021369873970773,0.9403,15.877993848882722,0.9729,0.9797,0.988,0.9886,0.9511,2.882478428374534,0.9886,3.649463574810855,3.8139391623803087,3.650103276310592,0.9801,0.9806,0.985,0.9995,0.9706,9.37184499282361,0.9995,11.865555208810465,24.89540508026675,16.20802232675324,0.9675,0.9813,0.985,0.9843,0.9206,4.023028366066511,0.9847,5.0934970884308965,5.933797538113527,5.6073740085212505,0.9404,0.973,0.9878,0.9883,0.9164,4.203748464266372,0.9885,5.3223041487455,6.561643717906271,5.754178935035131,0.9515,0.95,0.9545,0.9698,0.9694,0.9174,0.5089690581845925,0.6443982443254235,0.5760845228114739,0.5705708473407585,0.9654,0.9739,0.9807,0.9884,0.9413,10.419307197327331,0.9884,13.191731711537344,13.454437582946458,12.297647983683644,0.9616,0.981,0.9822,0.9853,0.9485,5.036626004501419,0.9853,6.376798161760512,7.50700267629084,7.241024290188548
0.9717,0.9759,0.977,0.9816,0.9825,0.9154,3.4472774910253805,4.36454736726578,4.52812273628665,4.497924957636249,0.8926,13.36713601908442,0.9754,0.9825,0.9888,0.9989,0.9531,3.1664269178577227,0.9989,4.008966584197058,6.047294527826486,4.847985007822431,0.9349,0.9748,0.985,0.9879,0.9099,4.918895212989846,0.9879,6.227740936899536,9.26728964888427,8.00191256460915,0.9704,0.9739,0.9793,0.9818,0.9281,4.05137273318616,0.9817,5.129383475068163,5.542846794038363,5.266787285164092,0.9508,0.975,0.9834,0.987,0.9293,4.709016784542688,0.9872,5.962016943194446,6.455140726428821,5.904955481949647,0.9876,0.984,0.9902,0.9923,0.9921,0.9669,0.6702165568745473,0.8485513325864154,0.7314157770440408,0.7012066143615048,0.9357,0.9429,0.962,0.9794,0.9067,8.636705894264855,0.9795,10.934806400354551,11.767251455513698,11.088364208739671,0.9764,0.9857,0.992,0.9962,0.9676,6.939980877776329,0.9962,8.786607793492111,15.159104472794832,12.484575355212876
0.979,0.9812,0.9875,0.9876,0.9875,0.9312,3.62453742750108,4.588973567674901,4.914313558334731,4.658244070981841,0.9156,14.59569973390936,0.9817,0.9936,0.9959,0.9951,0.9643,3.3927853291808017,0.9951,4.295555642017508,4.702725371728069,4.405064324883109,0.9824,0.9952,0.9974,0.9997,0.9727,9.96161923127118,0.9997,12.6122597042852,25.755794286446463,16.670851836563187,0.9801,0.9795,0.9858,0.9846,0.9435,4.361858173377673,0.9847,5.522484527736582,5.888076834436895,5.596410629337576,0.9071,0.9504,0.9696,0.9793,0.8783,3.220643813449948,0.9793,4.077609798888772,5.608834097210557,4.479398644167037,0.9601,0.9436,0.9581,0.9641,0.964,0.9272,0.5415814361885987,0.685688296817056,0.5741704710804327,0.550878036192342,0.9752,0.9585,0.964,0.9936,0.9563,11.679901503615902,0.9936,14.78775163596341,14.927961804368522,14.61918435325446,0.9723,0.9764,0.9839,0.994,0.9628,6.292713083827123,0.994,7.967111552370934,12.227640645565517,11.097149531201229
0.9785,0.9845,0.9878,0.9893,0.9895,0.9298,3.613189119180308,4.574605641294361,4.925620263046659,4.774831043932053,0.9402,15.933630160832006,0.9333,0.95,0.959,0.9597,0.8992,2.3982847824503963,0.9604,3.036433115827865,2.832897270023784,2.694232531162815,0.9596,0.9837,0.985,0.9876,0.9434,6.361583405505252,0.9877,8.054307254470801,8.9648681855847,8.899373658343047,0.9841,0.9812,0.9835,0.9854,0.9496,4.589791495144476,0.9849,5.811067556523607,8.338183769748372,7.042412871893214,0.9293,0.9753,0.9869,0.9865,0.9042,3.9482671326407943,0.9865,4.998842989545259,6.410372288822658,5.353680180487667,0.9456,0.9618,0.9672,0.9799,0.9799,0.9097,0.5188564151654257,0.6569164816858506,0.6324183883777894,0.6083729525670027,0.9676,0.9843,0.9922,0.9933,0.9448,11.311427460185929,0.9933,14.321232064984605,14.91436999602163,13.517782292489672,0.896,0.9168,0.9372,0.9624,0.8714,2.305990911975027,0.9625,2.919581202848204,4.248566934788839,3.510916867017252
0.9805,0.9669,0.9717,0.9776,0.9779,0.9348,3.6577619576131504,4.631038656953846,4.471430881077917,4.311606614435156,0.9261,15.073730327041304,0.9715,0.9766,0.9882,0.9976,0.9452,3.1865588569115157,0.9976,4.034455336356968,5.320744452298906,4.57001650401541,0.9035,0.9317,0.9402,0.9397,0.8774,3.737185968465535,0.9413,4.731596229811246,4.667138051956647,4.458050298615424,0.9678,0.9727,0.9771,0.9776,0.9223,3.9675694601978537,0.9779,5.023281382781832,5.671181557001495,5.299990406501401,0.9678,0.9757,0.9816,0.9972,0.952,5.741645799555593,0.9972,7.269413362708168,9.053711909557018,8.954320241040513,0.9618,0.9711,0.9785,0.99,0.99,0.9304,0.5391913534261423,0.6826622481581991,0.6854130496347602,0.6752933241660246,0.9714,0.9756,0.9792,0.9994,0.9506,11.364077104448524,0.9994,14.38789100580153,22.04170511680414,16.960406830316288,0.9559,0.9734,0.9804,0.9932,0.9421,4.721888523347752,0.9932,5.978313662521518,11.084817262365736,7.740084114656684
0.9831,0.9741,0.983,0.9847,0.985,0.9388,3.772611887681184,4.776448465480746,4.814721120673491,4.5173061154206415,0.9402,15.905494731900866,0.9636,0.9706,0.9793,0.9897,0.9391,2.7249574581370624,0.9899,3.45002858945532,3.928917232712542,3.5448708516286653,0.9801,0.9951,0.9969,0.9983,0.9709,9.010201242639674,0.9983,11.407683371726664,17.245715565512604,16.04024178000381,0.9788,0.9784,0.9824,0.9847,0.9408,4.308565572894085,0.985,5.455011549497685,6.569306130753148,6.078620448640958,0.9481,0.9678,0.9739,0.9832,0.9253,4.433746176104947,0.9832,5.613500871462364,5.857455383623542,5.850610821228058,0.9695,0.9758,0.9812,0.9847,0.9845,0.9369,0.5908173911339789,0.7480252157599399,0.6390704462007202,0.634394322968286,0.9405,0.9599,0.9681,0.9729,0.9131,8.711480839141142,0.9732,11.029477859106244,10.983244328371764,10.207468816360144,0.9477,0.9644,0.9707,0.984,0.9328,4.117472370972954,0.984,5.213071255013537,6.9417585741371886,5.80705625424092
0.9748,0.9781,0.9874,0.9849,0.9844,0.9219,3.5230191816899645,4.460442808651916,4.9461255305619645,4.591244500999455,0.8991,13.68200442910234,0.9729,0.9779,0.9814,0.9949,0.95,3.004843964184375,0.9949,3.804388781311724,4.573266255629775,4.064212425077465,0.9568,0.9612,0.9653,0.9908,0.9397,6.060851681949844,0.9908,7.673555239086441,10.17326635458163,8.914156054912157,0.9682,0.9839,0.9857,0.9876,0.924,3.9868510080017705,0.987,5.047693467078347,7.451073876862549,6.395836325420171,0.9693,0.9533,0.9558,0.9978,0.9532,5.783041410237249,0.9978,7.321823737007117,9.587165788358051,8.542795518480009,0.9454,0.9832,0.9897,0.9949,0.9949,0.9081,0.52844437453843,0.6690556561352072,0.7647014794759466,0.7363114797083183,0.9743,0.9946,0.9973,0.9978,0.9533,11.875106249849482,0.9978,15.034897496274802,18.49835748803454,16.414065247223547,0.9837,0.9846,0.9863,0.9976,0.9771,9.11682483454513,0.9976,11.542677934407186,20.731544265064507,17.57519481099432
0.9675,0.9748,0.9811,0.9784,0.9786,0.9079,3.3515826964438267,4.243389594258152,4.654616644006044,4.466808930378093,0.9401,16.01170737623122,0.9687,0.972,0.9766,0.9852,0.9432,2.9372032200042875,0.9852,3.718749829211211,3.447485641801052,3.405871586239379,0.9304,0.979,0.9888,0.9888,0.9036,4.792729154457426,0.9888,6.068003944435321,9.420917997785358,7.587989366951964,0.9858,0.9925,0.9933,0.9939,0.955,4.617844868190201,0.9939,5.846585519840574,6.775048334509965,6.646514461816057,0.9514,0.9544,0.9573,0.9876,0.9301,4.686877876437708,0.9878,5.93398719701495,6.52789563392381,6.313742107905031,0.9646,0.9672,0.9751,0.981,0.9806,0.9334,0.5718163321594361,0.723968254247992,0.6259756089568485,0.609582753247426,0.9555,0.9784,0.9857,0.9848,0.9305,9.963225140638611,0.9853,12.614292922533496,12.434825211642092,11.884085601711693,0.969,0.982,0.9841,0.9923,0.9577,5.800350697832455,0.9923,7.343738771639398,10.46844537257284,9.868896838332962
0.9731,0.9602,0.9694,0.9728,0.9724,0.9187,3.479074452095188,4.404805032361084,4.4103130971898885,4.239882206377887,0.9557,17.232043297627484,0.9734,0.9625,0.9729,0.9956,0.9515,2.9014278721836035,0.9959,3.673455187120376,4.724175692351426,3.9970626741929416,0.9553,0.9712,0.9805,0.9857,0.9388,5.795406405371927,0.9857,7.33747887562065,8.842841621374848,7.41997881800331,0.9608,0.9881,0.9957,0.9921,0.9067,3.7757759062145193,0.9923,4.780454382844695,7.341382284237213,6.013825562972377,0.9623,0.9896,0.9986,0.9984,0.9446,5.412505902864124,0.9984,6.852694176826911,10.873917279729593,8.403874400021603,0.9625,0.9747,0.9799,0.9924,0.9921,0.9309,0.5519364125754883,0.6987985802349588,0.7319600829483079,0.6996306140089945,0.979,0.9689,0.9736,0.9981,0.9624,12.65947097940074,0.9981,16.027970152668587,18.980941340411345,17.336470263985863,0.9368,0.9594,0.9734,0.9777,0.9192,3.435974123068769,0.9777,4.350236339219822,5.825492875842592,5.2588895871485954
0.9781,0.9748,0.9856,0.9864,0.9847,0.9302,3.615063560333032,4.576978843689444,4.812242463574615,4.471393684710062,0.9312,15.343215937093449,0.9471,0.9754,0.9803,0.9819,0.9176,2.534896419581041,0.9824,3.2093951018381848,3.4059540165292232,3.2625195571271,0.929,0.9541,0.96,0.9768,0.9033,4.636093000131295,0.9769,5.86968921150113,7.134800780621412,6.6853354064667565,0.9673,0.9907,0.9979,0.9963,0.9206,3.944774688756838,0.9962,4.994421257671706,7.80702247147447,6.358275668281285,0.9694,0.972,0.9786,0.9974,0.9532,5.484402315748431,0.9974,6.94372116852891,9.3977898704816,7.738564831963513,0.9642,0.9715,0.9816,0.9968,0.9968,0.9305,0.5961216579412582,0.7547408700086204,0.7909520359920679,0.7603600475746517,0.9509,0.9688,0.981,0.9805,0.9241,9.413272483434362,0.9805,11.918005945819107,12.01939186168243,10.73765494170154,0.9694,0.9747,0.9888,0.9952,0.9585,5.882889664382532,0.9952,7.448240144125609,13.066702015623598,9.837971159648706
0.958,0.9674,0.9722,0.9725,0.9731,0.8905,3.2193745788152466,4.076002839571529,4.388670313760858,4.239844017723456,0.9309,15.286471323161576,0.9275,0.9546,0.9768,0.9774,0.8928,2.240927558662424,0.9774,2.837205447445485,3.2584063258263454,2.8586837187328906,0.9641,0.9835,0.9886,0.994,0.9493,6.603544918073041,0.994,8.360651169460734,11.939555661572276,11.114836061209273,0.9658,0.9744,0.9859,0.979,0.9167,3.9076663627270394,0.9808,4.947438951460892,6.394417073660332,5.512284909428946,0.9579,0.9723,0.9745,0.9806,0.9409,4.880108156375632,0.9807,6.178633214567847,5.72063998856833,5.614031587480953,0.9671,0.9797,0.9821,0.9876,0.9874,0.9351,0.5869026138355348,0.7430687737572761,0.670278414992799,0.6541915803542004,0.9638,0.9888,0.9944,0.9935,0.9378,10.992667643991323,0.9936,13.917654946465934,15.215019697834787,14.062695775982988,0.9527,0.977,0.981,0.9853,0.9385,4.279040323864434,0.9854,5.417630065629412,7.513842933359714,6.478985404737165
0.9764,0.9785,0.9851,0.9852,0.9852,0.9256,3.5607286895330983,4.5081862623211135,4.997103197719398,4.788302398192411,0.9248,15.07820041448435,0.9748,0.9871,0.993,0.9973,0.9515,3.1700038696440327,0.9973,4.01349531028378,5.253525947601939,4.702549027245749,0.978,0.952,0.9596,0.997,0.9678,8.23483691356826,0.997,10.426005990102873,15.35815867632933,13.659075582960329,0.9801,0.9853,0.987,0.988,0.9431,4.344640171491121,0.9884,5.500685068598416,5.968251105052052,5.8020893398399735,0.9736,0.9851,0.9919,0.9996,0.9583,6.208336713968086,0.9996,7.860283870559289,13.178560705251313,10.256417709170377,0.9712,0.964,0.982,0.9952,0.9952,0.9378,0.5984043333831786,0.7576309318374965,0.74515478628602,0.7403548802976119,0.9411,0.9449,0.952,0.9539,0.9142,8.594689881652501,0.9542,10.881610544289105,9.163991163091357,9.022036268774231,0.9676,0.9815,0.9914,0.9961,0.9565,5.805662374286639,0.9961,7.350463807133126,14.972119840723195,9.618971086577684
0.9656,0.9466,0.9577,0.9699,0.9701,0.9067,3.3430867722900093,4.232633029550329,4.172969989485473,3.8977777512079466,0.8951,13.480133412092403,0.9748,0.99,0.9973,0.9989,0.9523,3.0736389459489977,0.9989,3.89148909665436,6.090572813204714,4.605462721678513,0.9521,0.9795,0.9838,0.9902,0.9333,5.563821650516535,0.9902,7.044272821064727,9.875680955837389,9.807763114853843,0.9503,0.9744,0.9847,0.983,0.8905,3.575037350164452,0.9831,4.526302247254225,5.990545292631801,5.283848677881308,0.9286,0.9682,0.9743,0.9852,0.904,3.928957716837341,0.9854,4.974395621984101,6.206886534188,5.810375665907506,0.974,0.9834,0.9866,0.9998,0.9998,0.9417,0.6227308834424992,0.7884304193439362,0.9186586856320276,0.7864709657662559,0.9748,0.9923,0.9953,0.9988,0.9535,12.412941127050544,0.9988,15.715842329820353,20.44273266218504,19.38140805799748,0.9597,0.9729,0.9775,0.9809,0.9471,4.750485982080582,0.981,6.014520484730582,6.307207217278179,5.85037141096655
0.9767,0.9765,0.9796,0.9843,0.984,0.9275,3.572439816836252,4.52301354848295,4.6453530081906536,4.520043222689012,0.9483,17.087811771436634,0.9501,0.9776,0.9854,0.9875,0.9211,2.614745287611471,0.9875,3.310490580124648,3.6154474019015352,3.5254913779517087,0.9463,0.9506,0.9625,0.9675,0.9247,5.136367005620587,0.9675,6.503078777398921,6.206914235451932,5.636781902040633,0.9767,0.9892,0.9965,0.9936,0.9363,4.254491242636218,0.9936,5.386548834680541,7.910839419204805,6.6185053064853605,0.9532,0.9296,0.9442,0.9775,0.9337,4.655526740524282,0.9776,5.894293984597915,5.293082470503094,5.291060813809684,0.9566,0.9888,0.9908,0.9923,0.9923,0.92,0.552974592700375,0.7001130048330999,0.715692837781436,0.7141458492819721,0.9336,0.9711,0.976,0.9789,0.9032,8.735287765009923,0.9792,11.059619458061883,11.63380083547314,11.178201538800591,0.9746,0.992,0.996,0.9967,0.9645,6.876002497383157,0.9967,8.705605706356998,16.729924065336597,11.739526503610415
0.9655,0.9747,0.976,0.9799,0.9798,0.8998,3.3485319095561152,4.239527037816578,4.504243931430741,4.464401195717585,0.8949,14.008538850326204,0.9607,0.9836,0.997,0.9973,0.9345,2.748960888982859,0.9973,3.480418980474352,5.215249092899519,4.020218163524335,0.9634,0.981,0.9899,0.9933,0.9489,6.418348569537593,0.9933,8.126176794383026,11.441553565581662,9.884925703658991,0.9772,0.9802,0.9841,0.9838,0.9384,4.24881538634036,0.9842,5.379362716441566,5.70284899465517,5.526508565272203,0.9302,0.9421,0.9453,0.9613,0.9059,3.912979177714596,0.9617,4.954165428434991,4.428133222265746,4.371887158619671,0.9347,0.9613,0.9688,0.9772,0.9769,0.8953,0.4790930400349561,0.6065726568295372,0.6165576583853848,0.5931077551793988,0.9672,0.9718,0.9725,0.9954,0.9442,11.015360519253733,0.9954,13.946386062321876,15.544067004372272,15.461299928610272,0.9367,0.962,0.9795,0.9791,0.9175,3.521415459664773,0.9791,4.458412359765484,6.033738630926295,4.889869663034276
0.9764,0.9741,0.9838,0.9841,0.9833,0.9263,3.5891697996700813,4.544195133870808,4.832212789679796,4.562470653862173,0.9221,14.763600340560895,0.9357,0.9748,0.9779,0.9818,0.9042,2.307794418104322,0.9822,2.921864595452645,3.3686423841512947,3.2655741364064297,0.9227,0.9677,0.9738,0.9721,0.8986,4.304606674919516,0.9721,5.449999246955416,6.740097062472575,6.352192114052591,0.9792,0.9807,0.9885,0.9866,0.9455,4.446137991141487,0.9868,5.629189966359476,6.17974831994596,5.651789855355764,0.9711,0.9909,0.9926,0.9947,0.955,5.96922387431155,0.9947,7.557546618475774,7.9697812795814835,7.58705506950836,0.9752,0.992,0.9946,0.9953,0.9953,0.9424,0.6297970279972822,0.7973767611146778,0.7660123987375249,0.7467982024682371,0.9615,0.9802,0.9895,0.9935,0.936,10.304432256296044,0.9935,13.046290236997448,15.199374489937004,14.511338448495191,0.9299,0.9715,0.9833,0.9848,0.9093,3.2817491860312757,0.9848,4.154974413057473,7.337646395070944,5.559970980253038
0.9559,0.9814,0.9936,0.9881,0.9894,0.884,3.1516473151833573,3.9902543464646527,5.3522977543794426,4.658671202680736,0.9432,16.278451429402857,0.9691,0.9844,0.9898,0.9922,0.9432,3.0069205170440263,0.9924,3.807017874368541,4.169668730945025,3.9689397787634695,0.9686,0.9836,0.9889,0.9962,0.9529,7.215456014063039,0.9962,9.135382814927857,14.538075509799782,12.756344585503406,0.9734,0.9863,0.9908,0.9906,0.9305,4.141639839914519,0.9907,5.243669332254778,6.469548573814858,5.889378996445789,0.9563,0.9702,0.9826,0.9938,0.939,4.77379312192592,0.9938,6.044029311947219,7.770154905640331,6.581625488685944,0.9523,0.981,0.9861,0.9901,0.9901,0.9155,0.5601613422774978,0.7092120428501119,0.6971855513021177,0.6796534946113044,0.9668,0.965,0.9677,0.9931,0.944,10.797924822217867,0.9932,13.671093921924673,14.748612275708991,14.204099040010805,0.9955,0.9758,0.979,0.9997,0.9929,18.826748925941757,0.9997,23.83627012122302,53.260705736327445,30.233098451713047
0.9307,0.9225,0.9288,0.9448,0.9461,0.8485,2.877928438126945,3.643702899028908,3.588122229345537,3.516816071656009,0.9318,15.952344533051356,0.9697,0.9908,0.9957,0.9951,0.9441,2.967698562458859,0.9951,3.7573595341074593,4.68686823082219,4.209795702465589,0.9617,0.969,0.9742,0.9899,0.9473,6.343885823522494,0.9899,8.031900606021145,9.855874130476977,9.136906923217364,0.9662,0.9708,0.9806,0.9786,0.9197,3.9437120118476825,0.9784,4.993075818055027,5.523444062520436,5.158478334495536,0.931,0.976,0.9788,0.9791,0.9069,3.9261019868864127,0.9791,4.970780024263466,5.60261721626235,5.342995450553941,0.9799,0.9519,0.9622,0.9959,0.9959,0.9516,0.6221630223832364,0.7877114588025729,0.7602299401914283,0.7455739883578292,0.9743,0.9634,0.9682,0.9899,0.9535,11.774674550491124,0.99,14.90774239774684,13.394224088972967,13.318965709778135,0.993,0.9638,0.9738,0.9988,0.9891,14.10247905274618,0.9988,17.854941466657518,30.452608114981043,23.27662154919277
0.9768,0.982,0.9859,0.9885,0.9884,0.9273,3.579098011589741,4.531443391005851,4.828167373691683,4.708809551187771,0.9307,15.675354250820536,0.9799,0.9476,0.9535,0.9991,0.9599,3.3274584081538507,0.9991,4.212846187405269,6.330707013987141,5.0754316738206855,0.9868,0.9533,0.9554,0.9998,0.9789,11.178932240563356,0.9998,14.15348181468288,29.963307228939502,18.50531404245683,0.9629,0.9642,0.9703,0.9733,0.9118,3.838559203927257,0.9734,4.85994339336206,5.540909159278789,5.3218085353383096,0.9446,0.9629,0.9667,0.9723,0.9224,4.296713587142123,0.9724,5.440005924523988,5.009399734590986,4.928684195996033,0.9579,0.9577,0.9654,0.9926,0.9926,0.9214,0.5666748499588269,0.7174586991973949,0.7337406779188105,0.7017660733937212,0.9646,0.9636,0.9846,0.9954,0.9407,10.22906196857563,0.9955,12.950865023420477,16.23307305863831,13.487567928144294,0.9795,0.9918,0.9965,0.9967,0.9721,7.76928063421745,0.9967,9.836572027027788,16.730070092994726,13.27921326922183
0.9823,0.981,0.9862,0.9869,0.9874,0.9389,3.729144434893208,4.721414962340539,4.882706037477872,4.704938389534707,0.9016,13.753825596377334,0.9632,0.977,0.9817,0.9946,0.9366,2.917841385158643,0.9947,3.6942360946711297,4.510476861827399,3.9505748979260216,0.9734,0.9752,0.9811,0.9967,0.961,7.844349051144194,0.9967,9.931615046429444,15.036838322131883,13.110923443172345,0.9511,0.9555,0.9614,0.9661,0.892,3.5695567231795087,0.9658,4.519363305976545,4.86458543883089,4.680305135623806,0.9521,0.9597,0.9679,0.996,0.9318,4.628614659929617,0.996,5.860220994879833,8.464090162720279,6.992707195380564,0.9753,0.9841,0.9952,0.9935,0.9936,0.9443,0.5929753659880361,0.7507573960072282,0.7589325512208739,0.7127451503779569,0.9654,0.9889,0.9924,0.9962,0.9402,10.901002319154316,0.9962,13.801598825881362,16.74778199792403,14.839859026776915,0.9731,0.9859,0.9907,0.9949,0.964,6.397253328636513,0.9949,8.099468419911767,12.997137003502877,11.953779462656325
0.963,0.9743,0.986,0.9813,0.9816,0.8961,3.279070390501669,4.151582829407296,4.902362687764676,4.454101080461429,0.956,17.305470723016867,0.9475,0.9739,0.9859,0.988,0.9187,2.551582254967519,0.988,3.230520792791779,3.7409729665083007,3.34752326053481,0.9264,0.9564,0.9743,0.9732,0.9021,4.356838912856492,0.9734,5.516129715758036,6.847274072278438,5.6471577805934725,0.958,0.9484,0.9541,0.958,0.9032,3.732384277696486,0.9575,4.725516879698285,4.7643671185500205,4.581677424715266,0.9408,0.9752,0.9786,0.9852,0.9164,4.297783859191928,0.9852,5.4413609802366185,6.204549167408096,5.986034509108907,0.9799,0.9861,0.9921,0.9932,0.993,0.9503,0.6505192325591065,0.8236128397592639,0.7535910162451149,0.698623265273355,0.9461,0.9633,0.9724,0.988,0.9191,9.222561097050198,0.9881,11.676549062374823,13.26483023318844,11.572016221021109,0.9554,0.9652,0.9785,0.9856,0.9425,4.358191355647503,0.9856,5.517842023699085,7.558108071086885,6.529350781694303
0.9715,0.98,0.9882,0.9852,0.9858,0.9159,3.454303586482543,4.37344300346262,4.998717185964013,4.702721285094326,0.9504,16.93350620384494,0.9648,0.9809,0.9862,0.9928,0.9393,2.817612701728714,0.9928,3.567338031626459,4.208144160867881,3.794824427204508,0.9477,0.9781,0.9852,0.9909,0.9257,5.4223991958183735,0.9909,6.865219929636039,10.280198862540953,9.582412545041144,0.9629,0.9767,0.9898,0.9856,0.9094,3.848291547537236,0.9859,4.872265370571857,6.273169225956908,5.523855603822849,0.9598,0.9756,0.9822,0.9864,0.9426,5.054895425236383,0.9865,6.399928806850107,6.401499403654328,6.262545435020569,0.9475,0.9652,0.9758,0.9777,0.9771,0.9123,0.5203175161675825,0.6587663601910985,0.6227411135444083,0.5988898847369497,0.983,0.9756,0.9826,0.9997,0.9673,13.456730894337625,0.9997,17.037369213760503,29.51606173230444,21.506866956039406,0.9888,0.9786,0.9807,0.9988,0.9847,11.768699632491382,0.9988,14.900177641879845,30.199759695970897,20.29916074318753
0.9793,0.9917,0.998,0.9951,0.995,0.9323,3.6615123488946177,4.635786972236373,5.973544351381901,5.303233588186401,0.9378,15.89279604943754,0.9839,0.988,0.9895,0.9951,0.9701,3.4543017313078197,0.9951,4.373440654653168,4.60087042784866,4.420726614408185,0.9587,0.9756,0.9802,0.9844,0.9426,6.092443119256853,0.9844,7.713552693566217,8.511347179631874,7.76401850085135,0.9667,0.9866,0.995,0.9899,0.9178,3.925898439701738,0.9905,4.970522316164451,7.078292180173934,6.077027677868978,0.9772,0.981,0.99,0.9989,0.963,6.450555910206626,0.9989,8.166954035057623,11.692833525557214,11.370498073719416,0.9692,0.9964,0.9997,0.9997,0.9997,0.9355,0.6185375693126873,0.7831213259526918,0.8976480286349894,0.7922885365841104,0.9688,0.9867,0.9914,0.9945,0.9459,11.36331320345413,0.9945,14.386923841979463,15.42545033061205,15.326274704064335,0.9888,0.943,0.9454,0.999,0.9845,11.677236718281124,0.999,14.784377790415,31.841100425529927,20.91602335534961
0.9703,0.9627,0.9724,0.978,0.9791,0.9117,3.430671732309544,4.34352306020801,4.460005121144988,4.166082316718274,0.9241,15.097129769203402,0.9451,0.9251,0.9331,0.9579,0.9176,2.391666843783708,0.9581,3.028054240944825,2.638707560520411,2.588381981008081,0.9435,0.9719,0.9773,0.9816,0.9209,5.112145063276982,0.9816,6.472411732183946,7.954324415101081,7.23694142934147,0.988,0.9925,0.9952,0.9938,0.9603,4.774449481371272,0.9941,6.044860318994561,7.383007974189944,6.667701501312786,0.9608,0.9871,0.9931,0.994,0.9435,5.101694973226091,0.9941,6.459181026753921,7.865141751258743,6.658936319540032,0.9457,0.9735,0.9822,0.9818,0.9818,0.9097,0.522041185522605,0.6609486726289817,0.6450956679170505,0.6180678752340949,0.9494,0.9809,0.984,0.9822,0.9226,9.283540223439338,0.9828,11.75375383809502,12.065334762832828,11.656212065765796,0.9789,0.9808,0.9828,0.9976,0.9707,7.844478646225052,0.9976,9.931779124856678,20.729858092427023,13.792349736143413
0.9774,0.9669,0.9715,0.9787,0.9799,0.9274,3.59112576998504,4.546671559139973,4.3519875767924425,4.264513851956671,0.9446,16.163424812887378,0.9459,0.961,0.9704,0.9768,0.9174,2.518671930176772,0.9773,3.188853514252333,3.159762425534498,3.018060296728468,0.9517,0.9775,0.9834,0.9899,0.9321,5.754927249062953,0.9899,7.28622881073396,9.872849161458344,8.720693162390438,0.9563,0.9727,0.985,0.9784,0.9042,3.736891206002485,0.9777,4.731223035388861,5.835846607905424,5.3074130721202,0.9525,0.9833,0.9864,0.9925,0.9322,4.734707640421561,0.9925,5.994543758248024,7.374247544318633,6.912172445233004,0.9567,0.9773,0.9813,0.985,0.9848,0.9206,0.5493265619781377,0.6954942867502367,0.6507105101371926,0.6389658455270233,0.9764,0.9872,0.9894,0.9992,0.9573,12.342296244736085,0.9992,15.626399882579278,21.45401752733146,17.95439950027236,0.9707,0.9745,0.9773,0.9875,0.9603,5.865490565919753,0.9875,7.426211401273832,8.021234848029506,7.938318388893788
0.9757,0.9765,0.9824,0.9826,0.9823,0.9225,3.5577803075537022,4.504453359228929,4.686794808007871,4.520234692548247,0.9147,14.5002750583788,0.9581,0.9717,0.9854,0.9945,0.9295,2.80289265273253,0.9945,3.548701193930749,4.444037602999379,3.783938159275816,0.9631,0.976,0.982,0.9929,0.9486,6.488594277064646,0.9931,8.215113852292376,11.21202051518833,10.313362428900994,0.9463,0.9434,0.9487,0.9559,0.8838,3.50183907401401,0.9551,4.433626985604263,4.564504187708038,4.37795728507569,0.963,0.9887,0.9918,0.9991,0.9455,5.477855427702456,0.9991,6.935432249792534,11.936486619826116,8.71497406147673,0.9508,0.969,0.9788,0.9902,0.9902,0.9137,0.5428139441216273,0.6872487569970791,0.7131889228478931,0.6665071480292617,0.9805,0.9917,0.9927,0.9968,0.9654,12.646734551694989,0.9968,16.011844748735705,17.58254636717287,16.844432178945997,0.9765,0.9868,0.9874,0.9954,0.9676,6.910399935505683,0.9954,8.749155797229927,13.170703634290934,12.88176979058245
0.9547,0.9239,0.9286,0.95,0.9507,0.8805,3.1280819721165773,3.9604186119441223,3.586368479151366,3.5357464122224087,0.9271,15.024022261715844,0.9572,0.9564,0.9624,0.9946,0.9306,2.631363291170467,0.9946,3.3315303901983806,4.455295107773836,3.6912129016300175,0.9569,0.9791,0.9849,0.9895,0.9406,6.069231914945811,0.9895,7.684165328919604,9.647827840648716,8.421198780286067,0.9757,0.9849,0.9892,0.9872,0.9369,4.220859999165587,0.9878,5.343968811595728,6.335147217285905,6.094071951141409,0.9299,0.9533,0.9672,0.9761,0.9063,3.783909214481239,0.9761,4.790751844907175,5.32878636498912,4.8203336980940845,0.9598,0.9867,0.9892,0.9911,0.9911,0.9248,0.5616980556209168,0.7111576530293686,0.7080232743761765,0.7020990752922467,0.97,0.983,0.9867,0.9965,0.9476,11.60831493362421,0.9965,14.697116931794037,17.24059009743832,16.008245077703133,0.9806,0.9911,0.9926,0.9969,0.9729,7.878544260853198,0.9969,9.974909098880136,17.273313630468348,13.32224094597448
0.9765,0.9839,0.9918,0.9879,0.9886,0.9253,3.5639787684333704,4.512301139450824,5.207662117485841,4.843368269138477,0.9592,17.37113976943522,0.988,0.9895,0.9924,0.9995,0.9774,3.869207932898069,0.9995,4.898747298672221,6.814609923742374,5.913979146650116,0.9838,0.987,0.9901,0.9986,0.9757,10.060298023964302,0.9986,12.737195473446512,17.682457184039443,15.727587166278315,0.9664,0.965,0.9699,0.975,0.9174,3.904025854479217,0.9756,4.94282975747233,6.188959678822309,5.600936067818682,0.9777,0.9692,0.9878,0.9989,0.9636,6.6342878282182856,0.9989,8.399574316171678,11.692771299645182,10.692839448317503,0.9516,0.9471,0.9503,0.9822,0.9821,0.9157,0.5441252251558627,0.6889089506428236,0.6194546454801311,0.6169289834935132,0.9862,0.9633,0.9849,0.9998,0.9722,13.947938011418309,0.9998,17.659279325498858,32.27168495514869,22.562496857917,0.9219,0.9586,0.9722,0.9726,0.9004,2.8906226738865763,0.9726,3.659774884358893,5.181170974401303,4.306906716105041
0.9795,0.9886,0.9945,0.9911,0.9912,0.9306,3.642169105535284,4.611296776103872,5.387247820601094,4.999729566947044,0.9466,16.47683637648499,0.9515,0.973,0.9847,0.9892,0.9219,2.7115579638550136,0.9892,3.4330636866751805,3.88624232768488,3.5565754322701446,0.9324,0.9625,0.9659,0.9707,0.908,4.503995472670185,0.9709,5.702442473400213,6.523439012558794,6.143829046533948,0.9724,0.9814,0.9859,0.9847,0.9287,4.108687219878171,0.9849,5.201948504326484,6.4846706274680965,5.95203769461321,0.9533,0.9838,0.9898,0.9911,0.9347,4.851206811625392,0.9911,6.142041646738308,7.102270863132966,6.280627558606717,0.974,0.99,0.9945,0.9994,0.9993,0.9421,0.6094146102887351,0.7715708816112294,0.878660751499597,0.7619820336565424,0.954,0.9756,0.9815,0.9938,0.9259,10.2741896927146,0.994,13.008000571717414,15.172345421025929,14.75639010601354,0.9772,0.9333,0.9438,0.994,0.9695,6.895753189613596,0.9941,8.730611767516988,12.25806835898419,10.99490970228551
0.966,0.9697,0.9772,0.9751,0.9749,0.9037,3.334649076375892,4.2219501867610205,4.58563039446088,4.360579057620697,0.9618,17.67130781510684,0.8951,0.9256,0.938,0.9351,0.8536,1.9150386100605477,0.9368,2.4246022391617634,2.493079915168538,2.367486105584075,0.9445,0.9642,0.9774,0.9798,0.9222,5.076377688160927,0.9798,6.427127184217269,7.66519935213771,6.726775086428938,0.9688,0.9899,0.9919,0.9907,0.9243,4.003416325296626,0.9906,5.068666571847373,6.60609014018026,6.248833964871785,0.9532,0.9731,0.9805,0.9907,0.934,4.872303976634003,0.9907,6.168752457293831,7.026940461169007,6.079923818592254,0.9591,0.9594,0.9787,0.9911,0.9911,0.924,0.5510534459949148,0.6976806692241224,0.7235530959821215,0.6759011739814116,0.9311,0.9492,0.9581,0.961,0.902,8.13078035404653,0.9615,10.294261509396094,9.592833334957708,9.42766190047134,0.9879,0.9948,0.9975,0.9988,0.9835,11.147050600710047,0.9988,14.113116939024296,30.208221125256717,19.38016339861109
0.9647,0.9759,0.9769,0.9804,0.9805,0.9016,3.3017461847270533,4.180292319213301,4.5256993581757765,4.494168530565657,0.9134,14.632584668593754,0.9678,0.982,0.9912,0.9973,0.9413,3.034464788416636,0.9973,3.841891271539368,5.2603003141006734,4.940222238804879,0.9689,0.9707,0.9731,0.9928,0.9544,7.06167541247444,0.9928,8.94068345534702,11.07984091866808,10.706698272526522,0.9693,0.9903,0.994,0.9916,0.9257,4.025059518146807,0.9917,5.096068700228222,6.926189613377638,6.314640367257633,0.9173,0.9592,0.9689,0.9807,0.8897,3.536708522975638,0.9807,4.477774682463506,5.7677061418812885,5.200840259202417,0.9648,0.9752,0.9775,0.9848,0.9846,0.9322,0.5939698286349975,0.7520164705490772,0.6399998783252182,0.6381188270463689,0.9692,0.9887,0.9929,0.9913,0.9472,11.169493764637512,0.9913,14.141531899029031,14.39014739390935,13.253609418869669,0.9878,0.9886,0.9923,0.9988,0.9833,11.046070508343757,0.9988,13.98526752816864,30.205133945441546,19.70675265672974
0.9767,0.9748,0.981,0.9833,0.9831,0.9274,3.572709279388705,4.523354711060361,4.731183427498975,4.467220717763588,0.9025,13.867915880365448,0.9875,0.9973,0.998,0.9998,0.9755,3.809614858423284,0.9998,4.823297382910195,8.087515019378788,6.580140495151181,0.957,0.9688,0.9753,0.9857,0.9416,5.9534969403192335,0.9857,7.537634978484499,8.706889942417037,7.524337077468416,0.9547,0.9677,0.9796,0.975,0.8995,3.674735349047372,0.975,4.65252841839332,5.637462375235852,5.146379033515637,0.9527,0.9768,0.9793,0.9852,0.9327,4.670758030859577,0.9852,5.913578097439437,6.199022938588229,6.031059715152381,0.9516,0.9735,0.9878,0.9867,0.9867,0.9157,0.5448315813633333,0.6898032578558908,0.6811995264079242,0.6388183441774298,0.9533,0.9459,0.9538,0.9734,0.9266,9.682656450088327,0.974,12.259069026903846,10.926530284460924,10.371817634538267,0.9963,0.9942,0.996,0.9998,0.9946,21.65744601658329,0.9998,27.420174105352697,58.65602425252896,39.95820626227976
0.9836,0.9914,0.9956,0.9943,0.9942,0.9403,3.7323382568712566,4.725458613407824,5.507370546671204,5.225592933235298,0.904,14.119025421395968,0.9639,0.9565,0.9622,0.988,0.938,2.8703149700716737,0.988,3.634063599018129,3.626158071675676,3.5122965250628027,0.9859,0.9695,0.9707,0.9987,0.9785,10.62409849881876,0.9987,13.451014968568522,17.92794851983625,17.399592003039217,0.953,0.9753,0.98,0.9775,0.8944,3.6079865066351338,0.9779,4.568018690012934,5.4923821018275305,5.317232676162824,0.9466,0.9669,0.9715,0.9799,0.9241,4.440271513862158,0.9802,5.621762505694857,5.673825896280273,5.5561584274501135,0.9568,0.982,0.9946,0.9972,0.9971,0.92,0.5591024725192247,0.7078714234112127,0.812288919020519,0.7017049355152731,0.9564,0.9817,0.9849,0.9865,0.9313,10.003490777537342,0.9868,12.66527265363294,12.914148271100556,12.291603114811124,0.9633,0.9797,0.9901,0.9934,0.9511,5.248404878840617,0.9934,6.644928282078944,11.30679562088257,8.263969372552317
0.9478,0.9387,0.9529,0.9585,0.9598,0.871,3.0543383544051363,3.867052901358583,4.103507609202014,3.826327856874851,0.9437,16.31888730099649,0.9511,0.9745,0.98,0.9945,0.9226,2.5987882760505974,0.9945,3.2902876423052367,4.389538450566006,3.738507517623436,0.9354,0.9538,0.9563,0.9715,0.9105,4.957506126130197,0.9717,6.276625646567721,6.458738329820066,6.320973940687324,0.9862,0.9902,0.9946,0.9928,0.9543,4.632215771211611,0.9922,5.864780308948971,6.866760282061163,6.287546582624604,0.9526,0.9641,0.9834,0.989,0.932,4.7695377501084,0.989,6.03864164822962,6.642888698480045,5.956295747783964,0.9691,0.9703,0.9737,0.9847,0.9845,0.9366,0.5831504818465666,0.738318254590566,0.6343612381182399,0.6323624938343202,0.9563,0.9845,0.9902,0.9949,0.9306,10.223115052758232,0.9949,12.943335720704995,15.86579406169101,15.103069334427136,0.9962,0.9762,0.992,0.9998,0.9945,21.37096812412311,0.9998,27.057468656031585,58.65378864478582,36.881462820656985
0.9691,0.9596,0.9651,0.9724,0.9723,0.9128,3.4214447635516803,4.331840930671059,4.279455998003279,4.1941528246563164,0.9121,14.41363887744056,0.9699,0.983,0.9877,0.9962,0.9438,3.040342398767452,0.9962,3.849332827622176,4.897655709732286,4.396932279781973,0.9528,0.9667,0.9733,0.9953,0.9338,5.851855625148758,0.9953,7.408948403154358,12.921208467379676,9.75901253029036,0.9641,0.9861,0.9939,0.9892,0.9128,3.852293838199577,0.9904,4.87733261195838,6.789135868064706,5.937949150864232,0.953,0.969,0.9787,0.9896,0.9335,4.650918389418817,0.9899,5.888459418991532,6.8349655607398905,6.363707643511798,0.9619,0.9534,0.9683,0.9953,0.9953,0.9275,0.5723885706074989,0.7246927569369814,0.7699248317749331,0.6875007845267892,0.9767,0.9662,0.9677,0.9994,0.9587,12.56172516151896,0.9994,15.904215609204124,22.07827691796644,19.37146059999897,0.9587,0.9456,0.9538,0.9934,0.9457,4.7608499553325085,0.9934,6.027642158947083,11.289020143490308,7.866112203727473
0.9692,0.9781,0.9807,0.9807,0.9812,0.9125,3.3984934692484576,4.302782634265487,4.647907883665416,4.568161542878683,0.8914,13.356298591318886,0.9405,0.9632,0.9752,0.985,0.91,2.449482660869674,0.9851,3.1012539972469546,3.567924272345049,3.227597136795429,0.9617,0.984,0.9859,0.9909,0.9463,6.664937135391518,0.9909,8.438378953535427,10.24440023456723,9.868733982889037,0.9494,0.9744,0.9803,0.9809,0.8902,3.554709324091256,0.9801,4.50056523220091,6.306923329056545,5.457842050897385,0.9024,0.9329,0.9474,0.957,0.872,3.144063504199428,0.9572,3.9806525948360343,4.254629169101883,3.908984862706254,0.9605,0.988,0.9972,0.9968,0.9968,0.925,0.5739211002554621,0.7266330702009083,0.8034069892506004,0.757485579065152,0.9795,0.9929,0.9942,0.9998,0.9624,13.1378623037053,0.9998,16.633654377524884,31.89607603744265,21.058581257203656,0.9836,0.9669,0.9844,0.9977,0.9769,8.984999878367361,0.9977,11.37577629480217,21.24245595588316,17.547960308080906
0.9626,0.9465,0.9517,0.9666,0.9652,0.8965,3.262676160617149,4.1308263358940485,4.353912399085358,4.156901431615236,0.9479,16.596523829557803,0.9339,0.9597,0.9735,0.9672,0.9019,2.286815453799359,0.9678,2.895303437070829,3.033067681818965,2.8068646310561416,0.9717,0.9894,0.9929,0.9953,0.9588,7.447930090836864,0.9953,9.429714826894475,12.999588069322929,11.267327165175075,0.9814,0.9854,0.9914,0.9899,0.9461,4.444670674729049,0.9894,5.627332218614619,8.421993047147343,7.031775693015819,0.9325,0.9647,0.9723,0.9719,0.908,3.874801400192164,0.9721,4.905829105406924,5.070297285316904,4.831243017175382,0.9361,0.9656,0.9857,0.99,0.99,0.8962,0.5071764783005566,0.6421286852795242,0.7072365574831813,0.6404199143287155,0.9455,0.937,0.9534,0.9688,0.9187,9.095483115940576,0.9696,11.515657498138006,10.444530773786587,10.01352300177693,0.9374,0.9732,0.9815,0.9833,0.9196,3.58063941746591,0.9833,4.533394942331857,6.796937624273182,5.596275554136499
0.9702,0.9912,0.9943,0.9922,0.9927,0.9074,3.476323934176362,4.401322642048009,5.328010703949202,5.113895654976782,0.9699,19.024841806769366,0.9537,0.989,0.9951,0.9951,0.9236,2.739636629040393,0.9951,3.4686136719984493,4.629538931359195,4.222014636164035,0.9513,0.9545,0.9637,0.9862,0.9317,5.542422028257728,0.9863,7.017179073829898,8.81951672611954,7.74979176600976,0.9682,0.9747,0.9781,0.9788,0.9177,3.991364820476472,0.9783,5.05340833871374,5.556479405574219,5.301446651093207,0.9544,0.9667,0.9812,0.9926,0.9363,4.835411656038684,0.9926,6.122043632389012,7.412216455357818,7.16851440951643,0.9552,0.9712,0.9779,0.9904,0.9903,0.917,0.5675775423637945,0.7186015847845895,0.712984719969181,0.665984550565949,0.9495,0.9534,0.9557,0.9865,0.9223,9.542837057165398,0.9865,12.082045748428818,12.42609597812209,12.301823155539996,0.9395,0.9682,0.9828,0.9841,0.9214,3.655431425486982,0.9841,4.628088004480386,7.0044280181728285,5.517717064873305
0.9717,0.9858,0.9926,0.9893,0.9897,0.9177,3.457933715836845,4.378039056886635,5.298606264260089,4.828272722507686,0.9116,14.39672980546253,0.9342,0.9667,0.9755,0.9786,0.9034,2.217339363377839,0.9795,2.8073407800678494,3.2523554536420187,3.1067997667149494,0.994,0.9827,0.9862,0.9999,0.9902,15.475169341884552,0.9999,19.592884467511837,39.1632839356649,29.098243300990347,0.9704,0.9856,0.993,0.9898,0.9267,4.045936506481077,0.9903,5.122500748332267,6.642762588285743,5.835238109768774,0.9407,0.9612,0.9649,0.9642,0.9178,4.054439522557152,0.9645,5.133266292018631,4.58714899963845,4.461539766975129,0.951,0.9667,0.971,0.9835,0.9833,0.9127,0.558884150584984,0.7075950092189154,0.6358585379956493,0.6262890363203296,0.9335,0.9554,0.968,0.9798,0.9031,8.705088249421694,0.9804,11.021384295213387,11.853728520066404,10.639622393412829,0.9955,0.9925,0.9947,0.9996,0.9929,18.5933201001073,0.9996,23.540729315502546,52.32513531026533,30.156056261890843
0.989,0.9868,0.9902,0.9923,0.9925,0.9512,3.984831117995116,5.045136114026943,5.41306019955686,5.300374988027815,0.9352,15.4611738661706,0.9559,0.9449,0.9556,0.9882,0.9268,2.717127843551017,0.9882,3.440115629498602,3.791235038119996,3.476024114749733,0.9527,0.9835,0.9948,0.9942,0.9338,5.738687026150369,0.9942,7.265667303184464,12.22086306485592,8.973966314531731,0.9812,0.9871,0.9941,0.9916,0.9458,4.409823427216791,0.9913,5.583212630684131,6.821968653753608,5.956531836753724,0.9489,0.9683,0.9821,0.9824,0.9262,4.53088470231234,0.9824,5.736486531863161,5.89183015331645,5.743186535341771,0.9787,0.9814,0.9828,0.9967,0.9967,0.9477,0.6456410042520895,0.8174365865943415,0.7857032317823613,0.7586808462426733,0.9328,0.959,0.9701,0.9709,0.9034,8.33760330164918,0.9713,10.556117003709897,10.84750614899829,10.133339119112344,0.978,0.9897,0.9915,0.9949,0.9706,7.319855463550352,0.995,9.267561423580656,12.997662774961324,11.955832258028364
0.9477,0.9523,0.9729,0.9663,0.9667,0.8689,3.035707304258964,3.8434644025862696,4.390936082299865,3.995344117754052,0.9572,17.50489018970532,0.9346,0.9502,0.955,0.9782,0.9033,2.2984883773454734,0.9788,2.910082354017355,3.1789147680594025,3.014346541000928,0.9602,0.9684,0.9715,0.9876,0.9454,6.239173412983274,0.9876,7.899325761980068,9.073110109033376,8.615047233014744,0.9744,0.9865,0.9908,0.9883,0.9315,4.164137848026778,0.9881,5.27215372967585,6.347286513621589,5.95280589466488,0.9645,0.9869,0.9902,0.9943,0.9481,5.513382405045697,0.9943,6.980412433672143,7.958005035404945,7.455781541627689,0.9623,0.9831,0.9882,0.9905,0.9905,0.9293,0.5699272076489177,0.7215764614694045,0.7066982758557168,0.6934472757855429,0.9661,0.9827,0.9892,0.9981,0.9427,10.842341181502258,0.9981,13.727328821634051,19.02580182558096,15.130630126339234,0.9857,0.9954,0.9974,0.9985,0.9807,10.0341033655223,0.9985,12.704030801372069,25.0684789731831,17.589206042990213
0.9738,0.9756,0.9869,0.9838,0.9828,0.9209,3.50176013518452,4.433527042312398,4.960813214200951,4.4936913839122,0.9262,15.341952440156485,0.9875,0.9731,0.9827,0.9999,0.9757,3.782626949114908,0.9999,4.789128387572125,9.346604561739628,6.181155652650366,0.9689,0.9895,0.9919,0.9929,0.9543,7.067993007460254,0.9929,8.948682069509813,11.26502642290651,10.810097030318689,0.9781,0.9909,0.9955,0.9928,0.9412,4.324017502024348,0.9928,5.474575009874822,7.082485388075234,6.353634079554942,0.9647,0.9871,0.9973,0.9984,0.9484,5.537791218921083,0.9985,7.011316074187084,11.008937056960685,8.309356626000499,0.9623,0.983,0.9836,0.9894,0.9894,0.927,0.5855947540281203,0.7414129116765285,0.6759799881491843,0.6726136335947216,0.9422,0.9689,0.9828,0.9871,0.9146,8.777726929918,0.9873,11.113351061029942,13.156665867568377,11.388032214236976,0.9449,0.9319,0.9388,0.9854,0.9292,3.8621055647513143,0.9855,4.889755094744059,7.498158436169216,6.309845810938247
0.9635,0.9675,0.9726,0.9748,0.9751,0.8978,3.2744508276653423,4.145734068793246,4.5205674545734,4.34977987968877,0.9437,16.16558308437915,0.9797,0.9856,0.9906,0.9947,0.9597,3.3125511584465475,0.9947,4.193972337640469,4.554970137944063,4.313579387632924,0.9488,0.9752,0.9823,0.9827,0.929,5.391118882910244,0.9827,6.825616385185136,8.2064502619178,7.652832911935955,0.9749,0.9811,0.9859,0.9871,0.9352,4.196887820213237,0.9868,5.3136179881396846,6.330087228630481,5.8232676164192165,0.9609,0.9656,0.9745,0.996,0.9434,5.237286897642639,0.996,6.630851969483489,8.46448855181314,7.346326487744271,0.9648,0.9821,0.9947,0.999,0.999,0.9329,0.5831311108460667,0.7382937292515257,0.8615728843201332,0.7560518522046757,0.9675,0.9648,0.9717,0.9933,0.9458,10.690165338065764,0.9934,13.534661222764708,15.113659589746696,13.628717012487538,0.9853,0.9802,0.9903,0.9983,0.9804,9.562155162250718,0.9983,12.106504117362045,22.76148223178494,18.07079752680509
0.9778,0.9853,0.9965,0.9931,0.9937,0.9291,3.637506398030204,4.605393390658805,5.960604081299975,5.113925433796389,0.947,16.888682678144384,0.9342,0.9778,0.9801,0.9846,0.9008,2.381218829199052,0.9848,3.0148261632321,3.4828636690432857,3.3806172698483405,0.928,0.9655,0.9734,0.9761,0.9032,4.46190125501511,0.9763,5.649147603079539,7.130969901759587,6.322188536019551,0.9806,0.9858,0.9879,0.9884,0.9449,4.410596558547771,0.9891,5.5841914808996895,6.475399327918236,6.360788830154451,0.9506,0.9326,0.9385,0.9799,0.9307,4.398497353373385,0.9801,5.568872855048607,5.602506732292376,5.552808377497391,0.9694,0.9935,0.9969,0.9998,0.9998,0.9359,0.612070955633155,0.7749340414118895,0.921545281130172,0.8237764536208905,0.9409,0.9796,0.9841,0.9884,0.9114,9.248499587272882,0.9884,11.709389403631654,13.43890222879849,12.64955485968991,0.958,0.9753,0.9771,0.9898,0.9449,4.835894916970125,0.9899,6.122655481951898,9.368235089643694,9.183488084647191
0.9656,0.9691,0.9735,0.9778,0.9781,0.9043,3.315214319785236,4.1973441270713,4.45306464015578,4.350023001206792,0.9243,15.119806190852804,0.953,0.9382,0.9545,0.9772,0.9249,2.534427945864749,0.978,3.2088019741510765,3.156479720206221,3.0120778280858107,0.987,0.988,0.9935,0.9986,0.9793,10.883712514273556,0.9986,13.779708458027503,17.700515812754265,16.255420574399455,0.9758,0.9824,0.9869,0.9848,0.9338,4.205856607138575,0.9847,5.324973237452936,6.306414391951188,6.0108821286283165,0.9527,0.9614,0.9714,0.9911,0.932,4.7784512782132165,0.9911,6.049926935162339,7.099683470710566,6.808475135234355,0.9596,0.9659,0.9737,0.9799,0.9797,0.9243,0.557004335908234,0.7052150034840372,0.6203248756532004,0.6052649301755222,0.969,0.9749,0.9883,0.995,0.9473,10.94994750072198,0.9951,13.86356760092417,15.907068450920278,13.261716054324545,0.9599,0.9538,0.9573,0.9795,0.9471,4.709133342190922,0.9795,5.962164515119846,6.152290836932175,5.748553552760309
0.9722,0.9782,0.986,0.9847,0.9846,0.918,3.470625008348121,4.394107315813134,5.005895316203194,4.573661325399441,0.9342,15.896580383858144,0.9625,0.9736,0.9756,0.9832,0.9378,2.6918368633399226,0.9834,3.408095091151088,3.34943598019702,3.303919055428052,0.9464,0.9716,0.9747,0.9921,0.9226,5.581864231664364,0.9921,7.0671162678868775,10.570152102042623,9.424988533532789,0.9757,0.9926,0.9956,0.9935,0.9341,4.21149408037076,0.9935,5.332110759459105,7.316103804575707,6.707031226544443,0.9699,0.991,0.9943,0.9978,0.9534,5.741775196815292,0.9978,7.269577190676939,9.589709645485764,8.28659696008492,0.9819,0.9889,0.9936,0.9929,0.9929,0.9552,0.642390410653648,0.813321057812842,0.7462428934725016,0.7044780995627522,0.9458,0.9518,0.9703,0.9746,0.9194,8.872459514161394,0.9748,11.233290593669889,10.724995944008928,10.515016842741202,0.9694,0.9796,0.9843,0.991,0.9587,5.704525279872439,0.991,7.22241561829205,9.580163120716634,8.25631776150817
0.9847,0.9813,0.9891,0.9904,0.991,0.9432,3.826194338396861,4.844288418838604,5.091744243833581,4.673843507787356,0.9649,18.32251032819959,0.9672,0.9871,0.9957,0.9973,0.9409,2.9797735562847265,0.9973,3.772647506326012,5.2656878433557655,4.290208576868545,0.9574,0.9818,0.9865,0.9889,0.9419,6.041010628578349,0.9889,7.648434773013783,9.481352898013109,9.07057342137104,0.9235,0.9586,0.9678,0.9625,0.8484,3.163954060951458,0.9626,4.005835736411244,5.474442068539631,4.892623680963364,0.9509,0.9824,0.9881,0.9986,0.9278,4.911392357743572,0.9986,6.218241682140568,11.053107484651555,8.318043776130832,0.976,0.9812,0.9877,0.9973,0.9973,0.943,0.6347467070368813,0.803643477002022,0.8132884629056316,0.7125891853591435,0.9385,0.9529,0.9598,0.97,0.91,8.839066041705848,0.97,11.19101160897279,10.128592320347757,10.10489622494335,0.9805,0.9879,0.9962,0.9963,0.9728,7.985139709967073,0.9963,10.109868030385844,15.366538032742056,13.859201658355584
0.9746,0.9912,0.9962,0.9955,0.9946,0.9229,3.52109455455758,4.45800606652556,5.712990768477575,5.119935674008175,0.9463,16.457618260748035,0.9498,0.957,0.967,0.9767,0.9224,2.4617472107855294,0.9768,3.116781963645164,3.1146804065821727,3.009765549841376,0.9149,0.9395,0.9478,0.9588,0.8909,4.129019496382918,0.9588,5.227690900788719,5.59414199115503,5.286984110343674,0.9445,0.9623,0.979,0.9725,0.8781,3.4614283177660776,0.973,4.382463521029594,5.561867964674008,4.834378475295162,0.9387,0.9552,0.96,0.9806,0.9159,3.9134117748722206,0.9807,4.954713133338444,5.784729552625346,5.60395688452597,0.9835,0.9925,0.9946,0.999,0.999,0.958,0.6611815030020879,0.8371121836653295,0.8650410657107115,0.8173696579031424,0.9483,0.9908,0.9956,0.9949,0.9199,9.844936397804442,0.995,12.464529283703108,15.881928349392522,14.035474651893624,0.9319,0.9665,0.9693,0.9725,0.9128,3.3697002530560733,0.9725,4.266327966413899,5.144567918798115,4.796239194861514
0.9851,0.976,0.9787,0.9885,0.9882,0.9453,3.9002793728017098,4.938086392081919,4.586935986535899,4.504814254583112,0.9238,15.451963273543145,0.966,0.966,0.9704,0.9813,0.9415,2.8095733359762574,0.9813,3.55715950880063,3.2980648680981464,3.17837562663292,0.9727,0.9806,0.9838,0.9953,0.9609,7.504684460450051,0.9953,9.501570700151252,12.840315265305936,11.220461821896915,0.9514,0.9423,0.9592,0.9569,0.8925,3.5994265544248947,0.9579,4.557181060323887,5.2010841590364,4.958839212468458,0.9536,0.9841,0.9851,0.9866,0.935,4.862480175022138,0.9866,6.156314686451991,6.339591589877237,6.335048005362672,0.9904,0.9915,0.9953,0.9979,0.9978,0.9761,0.7108678365146724,0.9000193202930041,0.8116602280107892,0.7864422534144715,0.9662,0.9877,0.9919,0.9955,0.9402,11.496331237080248,0.9955,14.555336019407358,15.82537353802425,15.777874038776991,0.9817,0.9902,0.9967,0.9969,0.9742,8.04391852439584,0.9969,10.184287023470668,17.336005777021434,13.628292349036345
0.9661,0.9637,0.9676,0.9709,0.9711,0.9072,3.3354167646039867,4.222922145544012,4.320472893989402,4.219025066874,0.8926,13.3958171782858,0.9665,0.9717,0.9851,0.9911,0.9414,2.867068590884105,0.9911,3.629953406040298,4.06454069252893,3.672618795859106,0.9689,0.9675,0.9759,0.994,0.9545,6.897837796086852,0.994,8.733251057135629,12.06287349118137,10.716956879606162,0.9785,0.9832,0.9876,0.9869,0.9397,4.294914464428819,0.9873,5.437728081698111,6.041620970917512,5.669561674131037,0.9538,0.9631,0.9733,0.977,0.9368,4.592514182963608,0.9772,5.814514711556477,5.4254759948260425,5.101673677942207,0.9596,0.9813,0.9853,0.9864,0.9859,0.9231,0.5746050890582204,0.7274990583715998,0.6585529586500445,0.6445853153800312,0.9482,0.9633,0.9711,0.972,0.9207,9.49096228848387,0.9722,12.016367866196846,10.48520271351276,10.42084323064554,0.9837,0.9826,0.9938,0.9948,0.9773,8.629831268721714,0.9948,10.926102537989728,12.83711297834996,12.544319514794358
0.9742,0.9581,0.9618,0.9735,0.9744,0.9203,3.5021192275570097,4.43398168388768,4.3414237830497004,4.265617705676968,0.9543,17.01905639099909,0.9511,0.9822,0.9927,0.9927,0.9224,2.6197892300699404,0.9927,3.316876641541248,4.253248934841711,3.6434762204209448,0.9813,0.9916,0.9975,0.9983,0.9718,9.31575437109854,0.9984,11.794539696999829,17.25391303443563,16.585953229734482,0.9545,0.9391,0.9453,0.9625,0.8987,3.659330656361336,0.9617,4.633024763383993,5.662546988937454,4.839615209891161,0.9671,0.9912,0.9944,0.9992,0.9509,5.681182313634698,0.9992,7.192861431806529,12.169799215698006,9.002599205631,0.964,0.9869,0.9924,0.9962,0.9962,0.9316,0.5663083174056252,0.7169946377186603,0.7669333895980178,0.7590949534577047,0.9393,0.9762,0.9901,0.9941,0.91,9.167434187160502,0.9941,11.606753691955427,15.592022047243118,13.737087827953555,0.944,0.9524,0.9588,0.9772,0.9285,3.7100706395279226,0.9772,4.697265910353268,5.722049866033454,5.260097724304959
0.9648,0.9823,0.9842,0.9835,0.9836,0.9059,3.33300098632023,4.219863564163279,4.934937914055468,4.799480949344053,0.965,18.090203968281507,0.9746,0.9757,0.9828,0.9894,0.9519,3.0789904798654093,0.9899,3.898264595095236,3.8739209433396513,3.692137416498442,0.9553,0.9611,0.9794,0.9944,0.9376,6.06523763683521,0.9944,7.67910823210708,12.17335919505684,9.371647410795486,0.9428,0.9617,0.9688,0.964,0.8783,3.435932834725146,0.9638,4.350184064654769,5.107517753087596,4.923172775035084,0.973,0.9841,0.9959,0.9998,0.957,6.338833123505867,0.9998,8.02550345678887,13.700055249615614,10.237199460003716,0.9799,0.9845,0.9973,0.9968,0.9968,0.951,0.6346712454144292,0.8035479361508835,0.8048785731970538,0.7365557761169912,0.9804,0.9761,0.982,0.9945,0.9654,12.64029667101347,0.9945,16.003693842621406,15.572138153433883,15.21156568150538,0.9578,0.9666,0.9727,0.9899,0.9445,4.88221224774533,0.9899,6.181297173727504,9.366387915509987,7.238109013226121
0.9787,0.982,0.9925,0.9894,0.988,0.9322,3.627388987823311,4.592583886289922,5.285243831184022,4.7718933059752136,0.9541,17.209305629427654,0.9686,0.9836,0.9863,0.9956,0.9435,2.8501449605664897,0.9956,3.608526646419227,4.767560848896258,4.28098716442704,0.933,0.9719,0.9776,0.9785,0.9072,4.746361806171237,0.9788,6.009298926224156,7.388063890363119,7.218644544626509,0.96,0.9799,0.9812,0.9832,0.9101,3.8400831914509546,0.9835,4.861872891567997,5.652794490910216,5.53574043186588,0.9674,0.9822,0.9911,0.9954,0.9521,5.487166770862147,0.9954,6.947221204519603,8.131765055573444,7.239915688675029,0.9753,0.9867,0.9883,0.9929,0.9929,0.9429,0.6185461903598215,0.7831322409337664,0.7252009442618362,0.7176706139448432,0.9393,0.9766,0.9861,0.988,0.9107,8.90216156035476,0.988,11.270895917828778,13.30979873412069,12.027833175806462,0.9451,0.9641,0.9687,0.9777,0.9295,3.8821570741188975,0.9777,4.915142016060323,5.829041224882858,5.205708631024704
0.9786,0.9832,0.9878,0.9887,0.988,0.9276,3.6840640534015785,4.664339353873609,4.9186748499035176,4.733915512517108,0.9369,15.7556602320029,0.9589,0.9767,0.9843,0.9918,0.931,2.7689460479987886,0.9918,3.505721896585529,4.117409929872413,3.674396781419882,0.9763,0.984,0.9925,0.9994,0.9641,8.430486214185079,0.9994,10.673714694185328,21.89012347785749,14.418263738232447,0.9501,0.9691,0.9863,0.9791,0.8892,3.563309282542884,0.98,4.511453513204214,6.448798981959495,5.202125095720993,0.8945,0.9548,0.9618,0.9617,0.8603,3.146247432527311,0.9619,3.9834176343951,4.485177820335735,4.18813512229308,0.9536,0.9846,0.991,0.9998,0.9998,0.9151,0.5752837283996639,0.7283582736679404,0.9199525309215564,0.8181418667425393,0.9878,0.9951,0.9986,0.9988,0.9755,14.564075199448077,0.9988,18.43936156398729,20.451514576613537,19.149199367733,0.9446,0.9783,0.9874,0.9876,0.928,3.997259065025104,0.9876,5.060870955109933,8.108781734423456,6.103688450918996
0.9778,0.962,0.9683,0.976,0.9751,0.928,3.589472405234335,4.544578258328361,5.032799327406035,4.593518054845129,0.9585,17.588821766252142,0.9738,0.9845,0.9884,0.9973,0.95,3.1597164360601484,0.9973,4.000470541816096,5.207278245828276,4.897326471526444,0.9795,0.9704,0.9819,0.9955,0.9701,8.956875975966947,0.9955,11.34016903530579,13.198358140342052,12.81253044061322,0.9733,0.9663,0.97,0.9759,0.9285,4.17302806194234,0.9763,5.283409498856199,6.853464188459798,5.885227208813548,0.9371,0.9625,0.9819,0.9806,0.9117,4.077627121348426,0.9806,5.162623770063593,5.785363810186334,5.472719925091397,0.9618,0.988,0.9955,0.9953,0.9953,0.927,0.578451218106995,0.7323685858342701,0.7525296440047926,0.7489224223488457,0.9676,0.9862,0.9899,0.9956,0.9448,11.24827000956916,0.9959,14.241269344974311,16.246977710367,15.738221686811965,0.9848,0.9923,0.9955,0.9979,0.9792,9.452197422887364,0.9979,11.967288239586544,21.61656336031519,17.028212852309295
0.9736,0.9886,0.995,0.9918,0.9917,0.9202,3.495710004633693,4.42586706093986,5.866507968309397,5.1821302739514365,0.9132,14.346358378450088,0.9792,0.9878,0.9894,0.9946,0.9588,3.3958602672958804,0.9947,4.299448775973104,4.465816399890458,4.332157790788201,0.9605,0.9839,0.9914,0.9944,0.9444,6.561791721755386,0.9944,8.307788061243429,12.223780028132644,9.787724482882872,0.9655,0.9749,0.9806,0.9787,0.9132,3.86813577978462,0.9795,4.897389861372558,5.690449610443332,5.306460597107703,0.961,0.9755,0.9782,0.9899,0.9435,5.264411144795859,0.99,6.66519358016318,6.837348310937172,6.650633836220213,0.9631,0.9858,0.9919,0.999,0.999,0.9274,0.5987754629981321,0.7581008135885527,0.8620327215086749,0.7379171945553671,0.9467,0.9794,0.9893,0.9912,0.9185,9.7195868770804,0.9912,12.305826097757546,14.350103251247118,12.345178322748133,0.9615,0.9772,0.9851,0.9911,0.9481,5.16893366279552,0.9911,6.544310943420816,9.630792224233131,8.75602125449934
0.971,0.9886,0.9952,0.9906,0.9904,0.9158,3.434344357130816,4.348172916518205,5.426613685109944,4.9876690690933705,0.9541,17.068075680562707,0.9761,0.9856,0.9951,0.9961,0.9553,3.03576783225038,0.9961,3.843541036186632,4.900551702502579,4.395558766244376,0.9521,0.9731,0.9792,0.9826,0.9331,5.684730644041261,0.9826,7.197353920784996,8.182805902656142,7.73493811244767,0.9775,0.9907,0.9953,0.9923,0.9388,4.2726984683921,0.993,5.409600735621191,7.017881679207576,6.370363426277374,0.9746,0.9797,0.9864,0.9945,0.9606,6.04931780631296,0.9945,7.658952368654225,7.986706422512363,7.380663791273113,0.9623,0.9834,0.985,0.9879,0.9877,0.927,0.595588739722919,0.7540661500846009,0.6627668572945971,0.65939167867807,0.9865,0.9906,0.9969,0.9994,0.9732,13.83078841790224,0.9994,17.51095794687821,22.09193712064769,19.542037949183307,0.9646,0.9749,0.9911,0.9912,0.9537,5.243160945789835,0.9912,6.638289015512648,9.703167308764383,8.053527178175134
0.9766,0.9748,0.9832,0.9825,0.9829,0.9275,3.5735624131120782,4.524434851129145,5.056052978132824,4.639150377833821,0.9124,14.466505542530772,0.9451,0.9714,0.9745,0.9749,0.9165,2.4940861780998507,0.9751,3.157725854880862,3.07086511165362,3.0111579738231065,0.9579,0.9786,0.9884,0.9921,0.9425,5.846902947844667,0.9921,7.402677891208407,10.770955492624894,9.040953582716886,0.9541,0.945,0.9613,0.9604,0.8977,3.651258604245505,0.9591,4.6228048568338815,4.791376507088216,4.395580257340404,0.957,0.9506,0.9856,0.9862,0.9394,4.918138014657202,0.9864,6.2267822592190045,6.352583901457073,6.24332295194076,0.9759,0.96,0.9676,0.9986,0.9985,0.9434,0.6217898406661666,0.7872389789151862,0.8362052175123248,0.7517929812452643,0.9356,0.9534,0.9636,0.9726,0.9065,8.593172148770392,0.9732,10.87968896499296,10.93869400113386,10.26588633628772,0.9725,0.9632,0.9718,0.9958,0.9628,6.556605322704736,0.9958,8.301221637629133,13.86256475623086,10.973705606878251
0.9794,0.9799,0.9845,0.9881,0.9884,0.9318,3.63535286149472,4.602666829701434,4.754821554710882,4.618692652223029,0.9678,19.10410554069962,0.9692,0.9818,0.9851,0.9902,0.9433,3.0104085337674222,0.9904,3.811434001079173,3.954242751420458,3.775040638496564,0.9833,0.987,0.9958,0.9992,0.9752,9.746945434203216,0.9992,12.340464364846124,20.581718173585354,16.577207125920697,0.9783,0.987,0.9927,0.9888,0.9402,4.29879844106331,0.9903,5.442645527432816,6.78608886229742,6.240820814285486,0.9761,0.9631,0.965,0.9986,0.9612,6.423964023740768,0.9986,8.133286438420177,11.013519609904622,8.826305726638122,0.9819,0.9857,0.9918,0.9937,0.9937,0.9553,0.6369290508196751,0.8064065103918373,0.7324614346184353,0.7269127040396945,0.9654,0.9719,0.9753,0.9907,0.9406,10.528110814204007,0.9907,13.329486371794426,14.234766780999571,13.152783784264663,0.9887,0.9501,0.9627,0.9987,0.9844,11.330018183982917,0.9987,14.34476950715888,25.29890558668245,19.69526599571566
0.9664,0.9357,0.9431,0.9641,0.9637,0.9072,3.3352074193979533,4.222657096655368,3.776607577803017,3.6671886999527032,0.9591,17.425879307830378,0.9694,0.9896,0.9959,0.9991,0.943,3.0588190092425656,0.9991,3.8727257925967375,6.459627029745022,4.867245942440894,0.9753,0.9634,0.9665,0.9986,0.9633,8.109182022649886,0.9986,10.266916179442248,17.61588500600391,14.744492438379524,0.9547,0.9664,0.9703,0.973,0.899,3.679217079333691,0.9736,4.658202671241509,5.674516367914588,5.2295588612169865,0.9377,0.9754,0.9818,0.989,0.912,4.123216990297136,0.989,5.220344433112072,6.560170060193887,6.525773529881064,0.9541,0.9738,0.9751,0.9946,0.9946,0.9169,0.5562056553239666,0.7042038057343853,0.7436045000554719,0.7322871812481274,0.9903,0.9709,0.9744,0.9997,0.9801,15.65249668092482,0.9997,19.81739600531735,29.492653030281858,24.29651237043812,0.9703,0.9828,0.9874,0.9946,0.9594,5.965871304792371,0.9946,7.553301979479754,12.562833243020677,9.767418441092698
0.9681,0.9833,0.9926,0.9885,0.9882,0.9103,3.3738718122586326,4.271609516211478,5.201336330945996,4.774873324574074,0.9294,15.218542705531618,0.9187,0.9216,0.9466,0.957,0.8825,2.054554097932119,0.9578,2.60124074791771,2.7718464710249675,2.459697015148957,0.9709,0.9873,0.9892,0.9904,0.9572,7.066404890135081,0.9904,8.946671377504734,10.249992033447429,9.722559744783265,0.9462,0.9371,0.9474,0.9515,0.8804,3.485570083441436,0.9505,4.413029055743246,4.468908629956303,4.22933768362007,0.9641,0.9866,0.9903,0.9925,0.9482,5.194801302420159,0.9925,6.577061581776743,7.374284199872648,6.884788481488592,0.9598,0.9803,0.9913,0.9935,0.9932,0.9242,0.5659186281219112,0.7165012578437555,0.7515880199285015,0.6866194841977707,0.9561,0.9688,0.9884,0.9902,0.9313,9.816342733177429,0.9902,12.428327265155655,13.677359287574731,13.392124455359426,0.9833,0.9895,0.9933,0.9965,0.9769,8.666040097782906,0.9965,10.97194600430836,16.109978366692467,14.270855364615167
0.9671,0.9737,0.9828,0.983,0.9831,0.9081,3.394917357333374,4.29825497152738,5.278222085020118,4.551214870131253,0.9637,19.20397001432408,0.9572,0.9788,0.982,0.9886,0.9287,2.724269768276828,0.9886,3.449157915430152,3.7127698709169423,3.684907567302085,0.9692,0.9818,0.9841,0.9969,0.9539,7.514130120651286,0.9969,9.513529711710584,15.239679675292097,12.751371035102482,0.9753,0.9849,0.9864,0.987,0.9358,4.209262466453072,0.9873,5.329285345875616,5.89272522286779,5.763154685242968,0.9724,0.9782,0.9896,0.9974,0.957,6.0329646671779535,0.9974,7.638247899535034,9.31450221580127,8.941145161008246,0.9446,0.9822,0.9867,0.9857,0.9856,0.9068,0.5405997198954337,0.6844453602464173,0.661806654715751,0.6437813819995342,0.941,0.9788,0.9833,0.9865,0.9121,9.211558498392426,0.9865,11.662618833917769,12.793958269200749,11.989177594827485,0.9395,0.9671,0.9715,0.9735,0.922,3.568786863808775,0.9736,4.518388598341766,5.2582077395007465,4.88223189735242
0.9624,0.972,0.9772,0.9787,0.9779,0.8996,3.2880241291242216,4.162919026285553,5.347929595160148,4.676569155313496,0.9016,13.992037753250155,0.9448,0.9709,0.978,0.9888,0.9137,2.645274731204281,0.9889,3.349143459970839,3.7421832031633433,3.6650153097959217,0.9735,0.9831,0.9926,0.9966,0.9612,7.774294693348529,0.9966,9.842920253602768,15.08447686937464,12.38356516850884,0.9556,0.9837,0.9944,0.9923,0.8991,3.706534753793696,0.9925,4.692789177391546,6.954868999668357,5.952043311280969,0.9564,0.9723,0.9816,0.9924,0.9384,4.95614089478329,0.9924,6.274897147224002,7.2999177106040705,6.536144997465231,0.9656,0.9813,0.9941,0.9974,0.9973,0.9341,0.5869265278275309,0.7430990509110814,0.8184681189261309,0.7351542957900805,0.954,0.9835,0.9945,0.9938,0.9272,9.99104371950518,0.9939,12.649513616390967,15.248336382799668,12.60848518844498,0.9871,0.9798,0.9897,0.9988,0.9823,10.775511356335228,0.9988,13.642716562178014,30.203845634508568,17.67133215176214
0.9752,0.9856,0.9866,0.9888,0.9879,0.9193,3.566611536191535,4.515634448016043,4.861770943502358,4.804299297735863,0.9203,14.659179292459406,0.9534,0.9854,0.9891,0.988,0.9248,2.590779632272909,0.9883,3.2801480161201453,3.846535512077575,3.521654090970864,0.944,0.9466,0.9559,0.9825,0.9208,5.200757532124391,0.9825,6.584602676667455,8.09009795066559,7.353285705442982,0.9107,0.9261,0.9367,0.9336,0.8319,3.031714616941981,0.9331,3.838409319854167,4.223063420371407,4.018493211738521,0.9728,0.9474,0.9495,0.9984,0.9574,6.130851408846308,0.9984,7.762180864534542,10.870323707890794,8.892891360833291,0.9742,0.9763,0.978,0.9904,0.9904,0.9426,0.6076119324185865,0.7692885376535215,0.6935502357630781,0.6860738116576458,0.9373,0.9748,0.9851,0.9888,0.9065,9.031860081993434,0.9888,11.43510530991574,13.475225843541953,11.522558698452706,0.9576,0.9796,0.983,0.9895,0.9448,4.66476535467308,0.9895,5.90599085819318,9.246786400120827,7.989801338992327
0.978,0.9706,0.9805,0.9827,0.9825,0.9296,3.612934713343872,4.574283541803814,4.831616642562701,4.534740620427659,0.9438,16.5098694089219,0.9571,0.9782,0.9866,0.9883,0.9294,2.6474770568707067,0.9883,3.351931792129851,3.8410730417662378,3.320512221694916,0.953,0.9721,0.9825,0.9962,0.9328,6.255153712927084,0.9962,7.919558184878848,14.524120942699453,11.5335774027859,0.9605,0.9749,0.9801,0.9789,0.9066,3.768541899666741,0.9785,4.7712955134716655,5.609054765540694,5.307422831830765,0.9603,0.972,0.9823,0.9969,0.9427,5.137169411602378,0.9969,6.504094691819626,8.849175971605186,7.464234691694057,0.9671,0.9904,0.9924,0.999,0.999,0.9347,0.5952904591884585,0.7536885014837045,0.8610345709772029,0.815092435571521,0.97,0.9523,0.9596,0.9941,0.9483,11.33508914937082,0.9941,14.351189781909286,15.331644477921117,14.73582509055656,0.964,0.9557,0.9692,0.9887,0.9531,5.163677579253607,0.9887,6.537656293296273,8.681369238254208,7.35279800984526
0.9757,0.9896,0.9916,0.9918,0.9918,0.9246,3.5444542390305958,4.487581419723059,5.224846267565262,5.01405313564585,0.9312,15.440719420815324,0.9488,0.9701,0.9726,0.9738,0.9189,2.584365991074393,0.974,3.272027799259029,3.0224625184634597,2.9951508626777943,0.9331,0.9591,0.9628,0.9615,0.908,4.709012758780072,0.9624,5.962011846235565,5.784659343678048,5.603227926184644,0.9626,0.9838,0.9901,0.9867,0.9136,3.8617268711774617,0.9868,4.889275636375806,6.27039553930871,5.842681887801419,0.9389,0.9679,0.97,0.97,0.9154,4.017807069405711,0.9702,5.086886481465274,4.872787886213941,4.826117670805752,0.9137,0.9658,0.9752,0.9824,0.9824,0.8742,0.4618869777817952,0.5847883142857329,0.6505825706969288,0.6145010493733576,0.9696,0.9871,0.9943,0.9941,0.9481,11.00118026593714,0.9941,13.928432652002796,15.604967369002036,13.883796815619748,0.9512,0.9747,0.989,0.9911,0.9364,4.454693276429036,0.9911,5.640021687326295,9.647776232410582,7.849333711212078
0.9772,0.9697,0.9822,0.9807,0.9804,0.9287,3.5849225618371445,4.538817768471546,4.676873665885587,4.312915700538688,0.9501,17.020824329046278,0.9607,0.9875,0.9927,0.9962,0.9342,2.798748585468654,0.9962,3.543454451272692,4.944110101819685,4.046645732547169,0.9415,0.9553,0.974,0.9879,0.9171,5.049066787597855,0.9879,6.392549254398582,9.19459208322181,7.2125206785142,0.9728,0.975,0.9816,0.979,0.9316,4.116275645756319,0.9792,5.211556098804847,5.896038590477736,5.364473278597099,0.9632,0.9824,0.9855,0.9893,0.9462,5.350419507406311,0.9894,6.774087504012238,6.609449932492413,6.566926396132154,0.9628,0.9768,0.9937,0.9942,0.9937,0.9299,0.5642034474527043,0.714329692806226,0.7657888238011751,0.6807656624605186,0.9417,0.9643,0.9751,0.9788,0.9129,9.16354585553929,0.9794,11.60183073243604,11.5861532960006,11.214460372191796,0.9634,0.9767,0.9776,0.9886,0.9512,5.269970961960949,0.9887,6.672232782964099,8.564787803782176,8.445252611390556
0.9684,0.9704,0.9892,0.9793,0.9804,0.9095,3.372308068462588,4.269629683173414,5.022782403953416,4.362405925588199,0.9262,15.115149223825403,0.9697,0.9652,0.9682,0.9965,0.9435,3.0447591754947867,0.9965,3.854924843723949,4.858088535314589,4.697423382618227,0.965,0.9831,0.9966,0.9966,0.9494,6.942119560842294,0.9966,8.789315548690023,14.998033523758396,11.494425542190832,0.9767,0.974,0.9801,0.9821,0.9368,4.249873063987387,0.9806,5.380701826565937,6.222871803233282,5.673787724407377,0.9773,0.9853,0.9956,0.9984,0.9636,6.481322276868929,0.9984,8.205906879720079,10.864730345596964,9.661539759548267,0.9706,0.962,0.9743,0.9962,0.9962,0.9388,0.5781241841827365,0.731954532989135,0.7863046674863453,0.6925521121725354,0.9514,0.986,0.9916,0.9932,0.9238,9.85679995814739,0.9933,12.479549563096343,14.912701261065797,14.217872526600742,0.9665,0.9799,0.9876,0.9895,0.956,5.43789954600193,0.9895,6.8848446951971125,9.316419720304092,8.159243013068522
0.974,0.97,0.9758,0.9781,0.9771,0.9222,3.5199727304276105,4.456585741481888,4.480185311700327,4.318342623769319,0.9263,15.156789122880031,0.988,0.9831,0.9851,0.9997,0.9768,3.949904034038642,0.9997,5.000915446347779,7.142802400634545,6.787256806326579,0.9591,0.9776,0.9866,0.9929,0.9434,6.184632849719618,0.9929,7.830272756406451,11.213913567677762,9.235118581510925,0.9554,0.9634,0.9722,0.9698,0.9011,3.677929017299889,0.9701,4.656571874830967,5.362960271679148,5.071276832092757,0.926,0.9602,0.9706,0.985,0.9007,3.8895284987783234,0.985,4.9244748684848965,6.12579463726861,5.481887283005702,0.9785,0.9695,0.9846,0.9889,0.9885,0.9499,0.6172481789268698,0.7814888477351856,0.6873148353305742,0.6568983021244397,0.9495,0.952,0.9709,0.9734,0.9231,9.211805207607876,0.9744,11.6629311888296,10.886110833475898,10.411983044819786,0.9935,0.9897,0.9923,0.9994,0.9895,15.46647218982843,0.9994,19.58187313111432,41.74144575063684,26.59456316713684
0.9791,0.986,0.9899,0.9872,0.9871,0.9323,3.635223435711576,4.602502965619546,5.016357937616451,4.821531707510808,0.9669,18.543345474797984,0.9878,0.9914,0.9974,0.9974,0.9768,3.767120095475177,0.9974,4.769495388080769,5.373184047723241,4.976611605752593,0.964,0.9832,0.992,0.9936,0.9489,6.569644030641814,0.9936,8.317729754120327,11.670874743516915,10.79242393970446,0.9595,0.9484,0.9574,0.9624,0.9032,3.7291235683636295,0.9618,4.721388543534113,4.746711786505626,4.522757495656002,0.989,0.9977,0.9983,0.9984,0.9791,7.907693573456165,0.9985,10.011814615163663,11.015012375589276,10.337999914433578,0.9709,0.9503,0.9591,0.9869,0.9868,0.9386,0.5864638163727028,0.742513218738525,0.6533531890223865,0.64040612273741,0.947,0.9811,0.9843,0.9865,0.9193,9.52095381426478,0.9865,12.05433969620709,12.492815775848374,12.410142136479989,0.9752,0.9907,0.9933,0.9935,0.9656,6.748759255200386,0.9935,8.544504907504281,11.32504779336001,10.891823322154425
0.9859,0.9849,0.9921,0.9904,0.9902,0.9458,3.819955053226458,4.836388951582198,5.333754484163839,4.822525747819611,0.939,15.825239247014023,0.9538,0.9421,0.9511,0.9926,0.9265,2.50085954796792,0.9927,3.166301518923622,4.104072475111514,3.4605543675138573,0.9617,0.9868,0.9936,0.9958,0.9471,6.479633069144544,0.9958,8.203768198646266,13.714108034373249,10.40778689892114,0.9461,0.9699,0.9729,0.9723,0.8854,3.5115822292749868,0.9727,4.445962651286491,5.241081544981227,5.134606472317083,0.971,0.9799,0.9917,0.9984,0.9559,5.788959432498757,0.9984,7.329316458016125,10.873865479329096,8.527262260199064,0.9654,0.9726,0.9775,0.9898,0.9898,0.9343,0.5813056711032147,0.7359825668213155,0.7037752085722937,0.6591963714145477,0.9264,0.9577,0.965,0.9751,0.8938,8.572963923697529,0.9752,10.854103628225468,11.110123826792137,10.359868377379984,0.9594,0.98,0.9906,0.9911,0.9462,4.969470993693153,0.9911,6.291774189543311,9.64833853715349,9.012485077187565
0.9779,0.9745,0.9821,0.982,0.9815,0.9281,3.5942811656465468,4.55066655921263,4.7144996786390365,4.446058061254299,0.9227,14.878529297774731,0.9756,0.9864,0.9915,0.9974,0.9541,3.101159960151996,0.9974,3.926333048264548,5.263431340576069,4.5485957455621335,0.9853,0.9928,0.9955,0.9993,0.9778,10.421503161594815,0.9993,13.194511989622644,21.33050179272448,16.62746691352169,0.9829,0.9866,0.9897,0.9904,0.9482,4.475836442547857,0.9906,5.666790739211385,7.922859548044686,6.873001093864602,0.9422,0.9757,0.9802,0.9854,0.9178,4.445124569910442,0.9854,5.627906888632952,6.207018357269209,5.789889042332439,0.965,0.9686,0.9773,0.9758,0.9753,0.9343,0.5748652620385097,0.7278284595582207,0.6078310065849615,0.5878421559255405,0.9505,0.9579,0.9651,0.9761,0.9232,9.426982335509877,0.9765,11.93536378804027,11.335578593096605,10.5995685893914,0.9794,0.9768,0.983,0.9967,0.9718,7.729736246105305,0.9967,9.786505458416952,16.723084053927302,14.41189839978912
0.952,0.9342,0.9526,0.9613,0.9606,0.8806,3.1943045179634115,4.044262003977953,3.917269777355236,3.673773051446614,0.9628,17.887723066385007,0.9364,0.9389,0.9433,0.9592,0.9055,2.3013652275093093,0.9593,2.9137246917291515,2.650813724545161,2.597831467314181,0.9525,0.9903,0.9937,0.9933,0.933,5.867511310079368,0.9933,7.4287698357557455,11.466852841875568,9.999272401157352,0.9719,0.9869,0.9942,0.9929,0.9254,4.272834259078422,0.9927,5.409772658213448,6.836835049735919,6.006709419215808,0.9529,0.9674,0.9713,0.9894,0.9329,4.683986981660989,0.9895,5.930327077625194,6.682706976267292,6.575445694038487,0.9566,0.9788,0.9849,0.9946,0.9944,0.92,0.5557424482304438,0.7036173460409616,0.7633328417278463,0.6946873124563864,0.982,0.9916,0.9969,0.9987,0.9655,13.429704064370558,0.9988,17.003150941548476,20.200467467929467,19.010513310556053,0.9911,0.9869,0.9884,0.9988,0.9872,12.358081228078657,0.9988,15.64638501799977,30.459607113533867,20.81190245945574
0.9694,0.979,0.9819,0.9824,0.9829,0.9131,3.402883935275018,4.308341338775692,4.917221706056601,4.847909948067167,0.9318,15.680001585330729,0.9559,0.9817,0.9854,0.9853,0.9279,2.6670660780409525,0.9854,3.3767331639365867,3.5472533766512937,3.452776641406893,0.9551,0.9773,0.983,0.9888,0.9376,5.9727680090411495,0.9888,7.562033795369303,9.257191384699652,9.148213441594455,0.9409,0.9345,0.9409,0.9449,0.876,3.5113806738217264,0.9449,4.445707464889348,4.864768797456461,4.612985404905716,0.9404,0.9755,0.9852,0.9954,0.9156,4.261471676793329,0.9954,5.395386659776464,8.241269232945813,6.291267518414077,0.9709,0.9937,0.9945,0.9959,0.9959,0.9371,0.6081153014367802,0.7699258457695173,0.7601969934285273,0.7578280855049012,0.9824,0.9868,0.9878,0.9964,0.9672,13.164288097239613,0.9964,16.66711168634274,17.159340104238897,16.223796275284624,0.9558,0.9739,0.9786,0.9852,0.943,4.481250550762994,0.9853,5.673645462052232,7.491110793412719,6.807462014624986
0.9631,0.9752,0.9798,0.9788,0.9784,0.8964,3.3139882029622174,4.195791758581732,4.619573909669701,4.459626601999361,0.9446,16.3338956113831,0.9697,0.9883,0.9904,0.9984,0.943,3.117543479273871,0.9984,3.947075981038625,5.69602678379163,5.082898307046694,0.9644,0.928,0.9499,0.9969,0.9493,6.715190024473399,0.9969,8.502003397842806,15.161868062798655,10.677035903879316,0.9826,0.9873,0.9893,0.9884,0.9472,4.447015070092054,0.9885,5.630300423128492,6.269186096948566,6.002483327982706,0.9564,0.9891,0.9902,0.992,0.9382,4.932485593625256,0.9922,6.244947518086237,7.258395822072832,7.115712946505914,0.951,0.9411,0.9565,0.9685,0.9682,0.9143,0.540745957559379,0.6846305096035061,0.5880532226111194,0.5610667920112353,0.9199,0.9385,0.9517,0.959,0.8891,7.700811208616667,0.9592,9.749883893559536,9.73281123926522,9.18079140835,0.9993,0.9581,0.968,0.9999,0.9988,51.09252497726421,0.9999,64.68749497451984,139.8707901874416,91.6057270735791
0.9731,0.9909,0.9959,0.9934,0.9936,0.9177,3.6622545529539856,4.636726665887876,5.652281806510897,5.125922313963335,0.8718,12.661066259051692,0.9751,0.9692,0.9787,0.993,0.9527,3.1400281989074093,0.993,3.975543554112088,4.141778165819173,4.004989666899339,0.9717,0.9799,0.983,0.9986,0.9582,7.7161435955436275,0.9986,9.769296003309965,17.656906574645365,13.760439946190752,0.9653,0.9878,0.9892,0.9884,0.9136,3.924009870360584,0.9885,4.968131226277637,6.158357632842797,6.027265772862919,0.9698,0.9738,0.9878,0.9974,0.9532,5.783698238806314,0.9974,7.322655338005099,9.277878436815373,8.175418845015766,0.9173,0.9517,0.9659,0.9642,0.9641,0.8792,0.4485239425654395,0.5678695717928337,0.5907075962756606,0.5487538445059391,0.9394,0.9872,0.9954,0.9945,0.9084,9.438032325793456,0.9945,11.949354018338258,15.75480366093834,13.909271821707646,0.988,0.9874,0.9987,0.9988,0.9836,11.215107039306952,0.9988,14.199282195716542,30.208525900905503,18.991717153797087
0.952,0.9663,0.9778,0.974,0.9753,0.8805,3.1925564378973013,4.042048785497522,4.604247978279783,4.299463793219063,0.9567,17.264594811575247,0.9589,0.9791,0.9867,0.988,0.931,2.764154555098279,0.9883,3.499655457844047,3.7927809823460086,3.56697472639427,0.9608,0.9254,0.9288,0.9937,0.9454,6.410048305710867,0.9937,8.115667952339743,11.511894245016572,10.10794397750604,0.9704,0.9731,0.9767,0.9812,0.926,4.042370895441922,0.9816,5.117986380598845,5.3865424202463785,5.234067775467518,0.9527,0.9553,0.9752,0.9803,0.9329,4.652492981353023,0.9804,5.8904529866978885,5.714706259961328,5.416126799698607,0.9566,0.9703,0.9778,0.9833,0.9833,0.9188,0.5685814483903712,0.7198726154505817,0.6507959219205128,0.6218412136755236,0.9824,0.9793,0.9817,0.9944,0.9674,12.753710364127656,0.9945,16.147285252649198,15.570866601087276,15.00972123289482,0.9757,0.9895,0.9936,0.994,0.967,6.779413568065339,0.994,8.583315882500749,12.201241596824955,11.49077329702494
0.9781,0.979,0.9836,0.9877,0.9871,0.9291,3.6009403358738963,4.559097636768649,4.757767879678553,4.602386452804036,0.9201,14.894904300849078,0.9829,0.9812,0.9837,0.9982,0.9671,3.5486486008779554,0.9982,4.492891839614092,5.5493155417598485,5.348538683207028,0.9686,0.9786,0.9879,0.9962,0.9532,7.006961887123289,0.9962,8.871411465016426,14.53388879440171,11.781615661327328,0.9698,0.9665,0.9743,0.9752,0.9204,4.0377903784496105,0.9755,5.1121870553540525,5.291532536935357,5.016202607468685,0.9601,0.9908,0.9952,0.9948,0.9427,5.064430385938568,0.9949,6.412000880461253,7.986794625373784,7.000708062603188,0.9848,0.97,0.9712,0.9998,0.9998,0.9606,0.669226992609548,0.8472984598139779,0.9148256498825686,0.8349652961100793,0.9624,0.9872,0.991,0.9933,0.936,10.731964629317275,0.9933,13.587582691100316,15.000546044945123,14.19789171372555,0.9923,0.9894,0.996,0.9993,0.9885,14.135032056738169,0.9993,17.896156346585144,38.28444807148316,23.324673830986136
0.9415,0.9618,0.9735,0.9679,0.9674,0.8598,2.964881276398866,3.7537926096321335,4.41532798573757,4.128029432604216,0.9172,14.589932273624328,0.9213,0.969,0.9757,0.9746,0.8827,2.202028230317355,0.975,2.787955579525401,3.0993208904983143,3.0153909311655696,0.9676,0.9578,0.9644,0.9857,0.953,6.6956782794048975,0.9857,8.477299864172773,8.576886112055139,8.462050768288169,0.9359,0.9321,0.9415,0.9467,0.8685,3.320268010715016,0.9463,4.203742530884155,4.338490008957944,4.1497343465947765,0.9409,0.9689,0.9807,0.9865,0.9174,4.185967566716547,0.9866,5.299792015680858,6.4589036715445305,6.150649824721509,0.9664,0.9868,0.9948,0.9968,0.9968,0.9334,0.6045623371589826,0.7654274899147819,0.7889167359898281,0.7648238166104723,0.9865,0.9965,0.997,0.9998,0.9728,14.47079705194176,0.9998,18.32126347232452,31.9036734383959,25.268788476004403,0.9791,0.9902,0.9964,0.9975,0.9713,7.866611873307759,0.9975,9.959801678377367,20.18260173054316,13.659647039568592
0.9783,0.9907,0.9983,0.9967,0.9974,0.9301,3.61065011927999,4.57139105083587,6.193937705719669,5.111321599290352,0.9369,15.60736440465195,0.9599,0.9777,0.9805,0.988,0.9325,2.825141840831103,0.9883,3.576870563989364,3.706050817403372,3.6003350276105,0.9531,0.9545,0.9621,0.9898,0.9352,5.69426872608193,0.9898,7.209429946276922,9.701520698651288,8.46440862522694,0.9479,0.9439,0.946,0.9558,0.8849,3.524830503168073,0.9545,4.462736096154629,4.526628507762085,4.454846985650063,0.9273,0.9658,0.9702,0.9792,0.9027,3.861362567026079,0.9793,4.888814396243864,5.602510399254222,5.282294609970782,0.96,0.9549,0.9667,0.9753,0.9742,0.9254,0.5613313040656451,0.710693314275332,0.6064030035318565,0.5802609390433675,0.9718,0.9902,0.9939,0.9958,0.9502,11.803898507165382,0.9959,14.944742419792,16.33005645499237,15.38332664142542,0.9605,0.9633,0.9669,0.9897,0.9471,5.081657184952246,0.9898,6.433811477512784,9.311705056863072,8.070409807142635
0.9765,0.9706,0.9775,0.9817,0.9816,0.9255,3.55924695634358,4.506310261706675,4.617676518048552,4.389831192011467,0.9095,14.232239984842844,0.9572,0.9775,0.9842,0.9867,0.9286,2.7463899896665334,0.987,3.4771640026340744,3.56308127906416,3.4754247430793046,0.9531,0.9728,0.9802,0.983,0.9355,5.583328413536211,0.9832,7.068970047035962,8.318296584657114,7.795806772189708,0.9764,0.9849,0.9894,0.988,0.9372,4.231476581089675,0.9879,5.3574103099395,6.341900909384084,5.891129385650202,0.9614,0.9874,0.9936,0.996,0.9443,5.214331158310939,0.996,6.6017880452926905,8.475148541633596,7.460730229491966,0.9716,0.989,0.9943,0.9986,0.9985,0.9379,0.6143874474227866,0.7778669176216089,0.8433176441444602,0.7964842217834607,0.9536,0.9817,0.9906,0.994,0.9273,9.67220652137489,0.994,12.245838525740798,15.41770272278371,12.722963277145045,0.9841,0.9734,0.9781,0.9977,0.9777,9.013458108484873,0.9977,11.411806841707602,21.07162416077704,15.325119246764888
0.9594,0.9606,0.9803,0.9748,0.9756,0.8905,3.234894653858736,4.0956525784878695,4.750434224328695,4.430377309170804,0.9215,14.887503892895149,0.9838,0.9875,0.9908,0.9959,0.9696,3.5309110652477864,0.9959,4.470434606438642,4.790787057973689,4.410981914583104,0.9909,0.9748,0.9771,0.9995,0.9851,12.772430567660654,0.9995,16.170986627214297,24.87090777385577,20.27716769210815,0.9556,0.9768,0.9855,0.9811,0.8973,3.655913442555556,0.9822,4.628698279206775,6.253645809879043,5.548121241866604,0.9623,0.9596,0.9664,0.9869,0.9459,5.143056717731612,0.9869,6.511548523584993,6.343246030818917,6.342862474373328,0.9643,0.9783,0.9819,0.9904,0.9904,0.9334,0.5656149163431763,0.7161167328243054,0.7108062212207863,0.6867079149194468,0.9458,0.9707,0.977,0.9851,0.9182,9.366409752599347,0.9852,11.85867373104344,12.405666795699528,11.97738346476412,0.9599,0.9793,0.9878,0.9902,0.9469,4.876175468406778,0.9902,6.173654096128606,9.467028753184694,7.516038963532996
0.9708,0.9815,0.9881,0.9843,0.9847,0.9151,3.426186083827964,4.337843846590387,5.087613211438058,4.859939768177704,0.9717,19.59821896485562,0.9767,0.9908,0.9972,0.9984,0.9553,3.1749816458078017,0.9984,4.019797599527096,5.731863658818127,4.62489725633086,0.97,0.9942,0.9971,0.9982,0.9547,7.485590988426997,0.9983,9.477396735836768,17.205438332658048,13.780469473520466,0.9824,0.9828,0.9869,0.9875,0.9469,4.430502817347616,0.9871,5.609394502606866,6.2689310871268695,5.805307969995675,0.9308,0.9536,0.9583,0.9759,0.9069,3.903619089737567,0.9761,4.942314758611087,5.328417590625877,5.077349947370743,0.9395,0.9667,0.969,0.9755,0.9753,0.9019,0.4978801235513941,0.630358707158744,0.6032949767290983,0.5953567461458962,0.9626,0.9734,0.98,0.9939,0.9381,10.235761218560572,0.994,12.959346845368534,15.400581842309377,13.995126808344056,0.9803,0.966,0.9927,0.9951,0.9729,7.631228101984718,0.9952,9.66178574490533,13.06923184256814,11.332638452927858
0.9717,0.9779,0.991,0.9857,0.9856,0.9144,3.4428554072520767,4.358948631991104,5.088809768790105,4.573794538363845,0.9407,15.851086395448249,0.9383,0.9698,0.9763,0.9852,0.9053,2.483163544854597,0.9853,3.143896869457354,3.572722728829154,3.278702365983573,0.94,0.96,0.9706,0.9727,0.916,4.916134779994809,0.9734,6.224245993254189,6.745416037734379,6.523160977534496,0.9689,0.9889,0.9965,0.9939,0.9233,4.020071561829142,0.9943,5.089753522041674,7.43048268766465,6.166025313926599,0.9645,0.9758,0.9889,0.9954,0.9484,5.405426596283887,0.9954,6.843731170809182,8.241358913977038,7.394351759949587,0.9731,0.9832,0.9848,0.9901,0.9901,0.9417,0.6003743972912294,0.7601252007977453,0.6975029483404884,0.676701773246543,0.9852,0.9952,0.9976,0.9978,0.9705,13.291116719059731,0.9978,16.827687540447915,18.233367526600052,18.089188305931717,0.9633,0.9795,0.9894,0.9951,0.9507,5.389634246514258,0.9951,6.823736708863656,12.996126926679173,9.251600707216138
0.9587,0.9601,0.975,0.9711,0.9724,0.8893,3.195486737779616,4.0457587951123415,4.468654701511039,4.112322268299152,0.9371,15.970588065827991,0.9852,0.9823,0.9974,0.9995,0.9724,3.614868291172132,0.9995,4.57673161627467,6.841708570053927,5.724568566500189,0.9795,0.991,0.9923,0.9977,0.9705,8.840999203606907,0.9977,11.193459156844328,16.099629760452277,15.172496132977615,0.9595,0.9673,0.976,0.9748,0.9021,3.721553797520981,0.9749,4.711804567922025,5.733816579192976,5.296569916131921,0.9674,0.9672,0.9811,0.9961,0.951,5.71135508277615,0.9961,7.231062731371847,8.529079537057127,7.944257364388671,0.9663,0.9798,0.9881,0.9985,0.9983,0.9351,0.5742325713181438,0.7270274191357262,0.8416571801899315,0.7365076577135151,0.9189,0.9383,0.9481,0.9537,0.8871,7.733483662057328,0.954,9.791250006678595,9.198972462921091,9.029830701117092,0.9768,0.9828,0.9878,0.9949,0.9678,7.183606389574221,0.9949,9.095058473451727,12.934787805845763,11.284646494164592
0.9646,0.9853,0.9871,0.9877,0.9879,0.9024,3.3733038147614702,4.270890382928094,5.003729506507487,4.88950765925167,0.9405,15.89549664963804,0.9364,0.9353,0.9391,0.9491,0.905,2.3231397964516862,0.9493,2.941293153449513,2.523244101975957,2.497103309659219,0.9636,0.976,0.9803,0.9876,0.9488,6.612051340110217,0.9876,8.37142102538439,8.901141697593332,8.87191560576636,0.958,0.9896,0.9983,0.9975,0.9016,3.7057561532157295,0.9971,4.691803402642761,8.226996083420035,6.178002013665713,0.9521,0.948,0.9511,0.9852,0.9327,4.470941347523018,0.9852,5.660593131342916,6.252834795556859,5.864077129777162,0.9706,0.9832,0.989,0.9911,0.991,0.9374,0.5925700057890477,0.7502441754168069,0.7111540698574348,0.6937668840615032,0.9323,0.9556,0.9673,0.9683,0.9027,8.404185209717747,0.9687,10.640415378971166,10.529460701290118,9.846407634707129,0.9937,0.9884,0.9928,0.9995,0.9904,15.981346707241766,0.9995,20.233748190577604,42.43356367561183,28.701832881733505
0.9745,0.965,0.9731,0.9778,0.9782,0.9226,3.5242486992862765,4.46199948281057,4.400678209275311,4.176474785500061,0.9586,17.89677882421958,0.9666,0.9767,0.9815,0.9848,0.941,2.890364033189869,0.9848,3.659447423173997,3.446502129765339,3.4116925323530505,0.9561,0.9714,0.9743,0.9794,0.9406,5.761528272181425,0.9794,7.29458626909001,7.590239269199516,7.295754714102749,0.9775,0.9923,0.9946,0.9931,0.9402,4.304294829953589,0.993,5.449604424627195,6.978128174980279,6.545326179965766,0.9663,0.9878,0.9907,0.9911,0.9504,5.472979801683844,0.9912,6.929259291346716,7.151282728525813,6.942237357748883,0.951,0.9818,0.9882,0.9902,0.9902,0.9129,0.5557534189306716,0.7036312358832851,0.6976839495598777,0.6836009895238077,0.9635,0.9879,0.9927,0.9945,0.937,10.979876103064065,0.9945,13.901459764493293,15.746165342924227,14.604993421693932,0.9839,0.9955,0.9969,0.9979,0.9772,9.097165491757767,0.9979,11.517787529434528,21.61709583652942,16.481827168591177
0.9641,0.9794,0.9827,0.9835,0.9838,0.901,3.3135232736324367,4.195203118390293,4.7791189446302536,4.685764680529271,0.936,15.55179094244628,0.9379,0.9717,0.9788,0.9806,0.9061,2.407404114181339,0.9807,3.0479789677069578,3.328742980246085,3.139518553853037,0.9387,0.9548,0.9573,0.9801,0.9142,4.977392832098817,0.9801,6.301803912722649,7.655506722211041,7.357301866219598,0.9594,0.9538,0.9581,0.9702,0.9044,3.7396347422672314,0.9701,4.734696586332311,5.698074797449914,5.084978067367148,0.9636,0.9614,0.9837,0.9961,0.9457,5.540135442830063,0.9961,7.014284061625535,8.474952487975639,8.343305548950203,0.9606,0.9843,0.9906,0.9983,0.9983,0.9259,0.5692626523161695,0.7207350777294825,0.8389624257590723,0.7266799531839068,0.9817,0.9893,0.9938,0.9998,0.9638,14.262713546859857,0.9998,18.057812004712456,31.895938346089316,25.708783658329924,0.9719,0.9824,0.9875,0.9963,0.9613,6.624458666139873,0.9963,8.387129758521924,15.362034211921436,12.514417581675808
0.9582,0.9321,0.9376,0.9597,0.96,0.8911,3.224264486020854,4.0821938792183134,3.712164137076064,3.6330495736054855,0.9082,14.34330678481706,0.9619,0.953,0.9628,0.9851,0.9366,2.7461998219277715,0.9852,3.476923234054895,3.443483744729919,3.3338578706045965,0.9727,0.9899,0.9918,0.996,0.9599,7.948309517822727,0.996,10.063237865399714,14.156156509857924,12.568293326472167,0.954,0.9664,0.972,0.9703,0.8996,3.7003098919717328,0.9697,4.6849079713246224,5.600823179518374,5.3276183964032935,0.9585,0.9817,0.9901,0.9907,0.9409,5.06739018586692,0.9908,6.415748239650801,7.102272335600738,6.746099480913291,0.9401,0.9634,0.9691,0.9836,0.9836,0.9018,0.5148842861001898,0.6518874274541422,0.6531295570191549,0.6202377450296761,0.925,0.9777,0.9799,0.982,0.894,8.070667758070172,0.9821,10.218153835096256,11.758724138145098,11.650712062135142,0.9258,0.9597,0.9728,0.9729,0.9054,3.068051131557334,0.9729,3.884414446976346,5.181569822126227,4.370110654389047
0.962,0.955,0.9695,0.9705,0.9713,0.8946,3.2735795846825337,4.14463100085724,4.479982724122047,4.175663920652759,0.9341,15.665049045248978,0.9532,0.9803,0.9938,0.9946,0.924,2.6032997308741543,0.9946,3.295999528953166,4.5660460908266485,3.6970629927510994,0.9569,0.9626,0.9725,0.9921,0.9411,5.929263270844526,0.9921,7.506953085721185,10.708757068778858,8.823849983657588,0.9836,0.993,0.9938,0.9939,0.9496,4.483945022545713,0.994,5.677056893176084,8.197062358997904,7.087289003933282,0.9281,0.9638,0.9685,0.9832,0.9038,3.8737966769541794,0.9832,4.9045570400815794,5.934028732007865,5.58450368301891,0.9713,0.9845,0.9898,0.9894,0.9894,0.9393,0.5814633086555447,0.7361821494095449,0.6975794678863714,0.6543132542181129,0.9721,0.9753,0.9776,0.9908,0.9512,11.332618240251373,0.9909,14.348061400187737,14.134814675532818,13.614383739162744,0.9577,0.9733,0.9867,0.9869,0.9449,4.690326770625919,0.9869,5.938353791258764,7.8546804164510196,6.641442165119143
0.9497,0.9429,0.9559,0.9612,0.9607,0.8732,3.058528599288175,3.872358108821596,4.080478006091688,3.8199378053496194,0.9452,16.341123215284064,0.9794,0.9847,0.9876,0.9973,0.9593,3.314472345177069,0.9973,4.196404723924589,5.243939568208317,4.943377594435274,0.9214,0.9574,0.9737,0.9719,0.8968,4.261854911263267,0.9718,5.3958718673065125,6.697111807479863,5.764099042774697,0.9596,0.9663,0.9699,0.9724,0.9032,3.727966734140048,0.9725,4.719923892725455,5.120172153494069,5.01677106863157,0.953,0.9712,0.9768,0.9954,0.9318,4.964522969096427,0.9954,6.285509568321773,8.198101910974096,7.205578144967842,0.9512,0.9729,0.99,0.9944,0.9944,0.9148,0.5400301330698939,0.683724214737734,0.7545825061100145,0.727692265976113,0.9618,0.9658,0.9829,0.986,0.9364,10.269471659580388,0.9862,13.002027139306415,12.792629950678496,11.891290796248956,0.9749,0.9632,0.9658,0.9951,0.9652,6.835475217546591,0.9951,8.654294712979288,12.98501499568818,12.5654229912852
0.9626,0.9588,0.9644,0.9718,0.9723,0.8992,3.2885675332875444,4.163607022310406,4.280963211635252,4.139081391362652,0.9213,14.74877743031091,0.981,0.9924,0.9973,0.9991,0.963,3.351569224806028,0.9991,4.243372538015525,6.431417092174549,5.2353006515117775,0.9744,0.9805,0.9914,0.9981,0.9612,8.185165539783185,0.9981,10.363117793766332,16.885593676096175,12.941383785065002,0.965,0.9923,0.9949,0.9937,0.913,3.9374396821835775,0.9939,4.985134513650795,7.1593125963780055,6.576481521440065,0.9822,0.9752,0.9832,0.9974,0.9702,6.955751955401968,0.9974,8.806575323088763,9.378811618156726,8.046395983625752,0.9725,0.9851,0.9914,0.993,0.9929,0.9406,0.6006090578315311,0.7604223010590503,0.7557314623535607,0.6889879562463039,0.9514,0.9753,0.985,0.9965,0.9231,10.105994449304852,0.9965,12.795051045976656,17.236366858769166,14.084270243772083,0.9923,0.9866,0.9887,0.9991,0.9885,14.461587815669612,0.9991,18.30960379362712,32.536609279643535,29.103599433796575
0.9787,0.9801,0.9887,0.9862,0.9862,0.9298,3.624134369236432,4.588463261529717,5.092804422422073,4.695683490606438,0.9198,14.615435533050498,0.9776,0.9778,0.9807,0.9924,0.9579,3.0874140488615307,0.9926,3.908929552001291,4.0481861103321,4.001008223143125,0.9631,0.9833,0.9885,0.9936,0.9484,6.436590572546878,0.9936,8.149272726293095,11.657526047663334,9.942907574378422,0.9664,0.9763,0.9875,0.9817,0.9171,3.91433902612066,0.9826,4.955887112516421,5.969480912492042,5.368191268677162,0.9408,0.9654,0.9726,0.9915,0.9162,4.326303059411576,0.9915,5.477468720492296,7.165589865074705,6.501361040332164,0.9557,0.986,0.9925,0.9953,0.9953,0.9188,0.5601926986889293,0.709251742741785,0.7552098188524724,0.7466450399800084,0.9124,0.9619,0.9744,0.9879,0.8768,7.795638122292547,0.9879,9.869942855307606,13.238132656560587,11.15553793857839,0.9823,0.9861,0.9884,0.9982,0.9746,8.56362802441183,0.9982,10.842283583348156,22.43853797128852,14.395286727233804
0.9664,0.9714,0.9789,0.9778,0.9782,0.905,3.3231810504017294,4.207430687618994,4.662808382512236,4.3954785611020615,0.9309,15.450762748951057,0.9577,0.9738,0.9793,0.9813,0.9307,2.6416294698289637,0.9817,3.3445282481174115,3.3648440555259422,3.2176684977461383,0.9588,0.9703,0.98,0.9844,0.9433,6.103763929612583,0.9844,7.727885805177352,8.50863139227232,7.969232750231782,0.9627,0.9734,0.9751,0.9754,0.9132,3.848168289082617,0.9747,4.872109314853976,5.39527496236539,5.338931721156117,0.9478,0.9654,0.9679,0.9761,0.9244,4.465702945736949,0.9761,5.65396086782958,5.34917320823859,5.208080536208736,0.9552,0.949,0.9666,0.9833,0.9833,0.9174,0.5623868894596398,0.712029775428888,0.6401895952744663,0.6217781346691973,0.9856,0.9738,0.9747,0.9973,0.9713,13.613448893019465,0.9973,17.235787568630606,17.53414269799013,17.332088653820275,0.9578,0.9817,0.9845,0.9911,0.9445,4.919880798279738,0.9911,6.2289887719500685,9.645078865402194,8.765856094640574
0.9925,0.9849,0.9851,0.9917,0.9912,0.9617,4.127714326628991,5.226038444545155,5.874624749088362,5.619639173466048,0.9359,15.849917883897,0.969,0.9807,0.9856,0.988,0.9435,2.9149676522705983,0.988,3.690597703696399,3.733640811908401,3.529801015340749,0.9761,0.9892,0.9952,0.9976,0.9641,8.10431022239824,0.9976,10.260748064743757,15.909504714190575,12.108215279723304,0.9819,0.979,0.9891,0.983,0.9513,4.677906378162577,0.9833,5.922628514901575,10.469131489604177,7.9366497114362495,0.9177,0.8901,0.9185,0.954,0.8914,3.3888663105645063,0.9547,4.290593830144647,4.158503627880043,4.045669402764641,0.9622,0.9744,0.9868,0.993,0.993,0.9275,0.5772224095719829,0.7308128094077064,0.7503148059821491,0.7005578937876282,0.9555,0.9929,0.9946,0.995,0.9286,10.36031741059718,0.995,13.117045609522366,15.555638569399918,15.525320803070832,0.9609,0.9825,0.9868,0.989,0.9478,5.048314622618026,0.989,6.391596949372077,8.956591896414004,8.042032114383387
0.9739,0.9792,0.9855,0.9837,0.9838,0.921,3.5023213137234217,4.434237542212944,5.002164652024639,4.669581994501485,0.9544,17.021135219914186,0.9552,0.9453,0.9471,0.9932,0.9267,2.621937742496385,0.9932,3.3195968415480035,4.149808556362477,3.9644950877701657,0.9483,0.9655,0.9707,0.9756,0.9272,5.290203250095651,0.9756,6.697848585620534,7.022025550658723,6.684904792814292,0.9866,0.9934,0.9937,0.9938,0.9574,4.6692887943408685,0.9935,5.91171791867625,7.2599064310842785,7.05676169135115,0.9586,0.9864,0.9903,0.9935,0.9407,5.197739567281134,0.9935,6.580781675733985,7.5854502211089025,6.72526378176393,0.9827,0.9803,0.9822,0.9921,0.9917,0.9574,0.6384025666197303,0.8082721070902459,0.7147882669099161,0.705921394287633,0.9663,0.9591,0.9739,0.9962,0.9425,10.88886675893168,0.9962,13.786234171437991,16.69682596285639,15.43170950106716,0.9812,0.9938,0.9954,0.9967,0.9734,7.930769895264249,0.9967,10.041031207055632,16.804976128255735,13.247839863969237
0.9834,0.9826,0.9911,0.9888,0.9886,0.9395,3.7376728274090856,4.732212634764384,5.189435567275753,4.713711388655581,0.9725,19.315384752763958,0.9722,0.9836,0.9904,0.9949,0.9475,3.0805611916795304,0.9949,3.9002532502385776,4.6108007783509874,4.035483967228995,0.9718,0.9874,0.9923,0.9953,0.9588,7.467960281198801,0.9953,9.455074756531014,13.060857385977442,11.740586244041856,0.9699,0.9962,0.9982,0.9976,0.9254,4.033952695469373,0.9974,5.107328221334626,8.12876916836246,7.508062519401737,0.9645,0.9764,0.9843,0.9961,0.9485,5.3701962530172205,0.9961,6.799126550974339,8.57878470976144,8.024386653263539,0.9663,0.9915,0.9954,0.9946,0.9946,0.9344,0.5905904311767236,0.7477378650936556,0.7676910603940951,0.7216812560120409,0.9765,0.9765,0.9801,0.9978,0.9587,12.06780687815648,0.9979,15.278872929681992,18.64608653782201,17.865164836292287,0.9724,0.9684,0.977,0.9932,0.9627,6.481232007608867,0.9932,8.205792591136586,11.083386597767053,10.048482081467313
0.9627,0.9576,0.964,0.972,0.9721,0.8995,3.292196682441224,4.168201834716818,5.522414409534672,4.706413000438834,0.9413,15.963465503326894,0.9765,0.9848,0.99,0.9982,0.9552,3.1176528560855763,0.9982,3.947214461412431,5.557173014798287,4.409782404405029,0.9477,0.9563,0.9742,0.9928,0.9255,5.505386390550176,0.9928,6.970288797235591,11.08391194491548,9.101366930492638,0.9606,0.9707,0.9809,0.977,0.9109,3.822120510972138,0.9778,4.839130605808595,5.540252428832945,5.138443362926802,0.9715,0.9894,0.9954,0.9989,0.956,6.038530215182679,0.9989,7.64529435806779,11.721526275447411,10.181686008919142,0.9613,0.9729,0.9777,0.9824,0.9821,0.9286,0.5418479876636964,0.6860257737222106,0.6271217013043883,0.6154280203315372,0.9394,0.9805,0.9846,0.9887,0.9107,9.007000216581512,0.9889,11.403630599679426,13.43928955502171,12.508962655930988,0.9589,0.9547,0.9596,0.9846,0.9462,4.764037629165781,0.9846,6.031678025938624,7.188759024729149,6.732673687401667
0.9747,0.9725,0.9803,0.9824,0.9823,0.9228,3.5244633198388597,4.462271210737949,4.81809787222006,4.523194645001544,0.963,17.871880294734964,0.9751,0.9734,0.9807,0.9973,0.9537,3.027230514017369,0.9973,3.8327320630435056,5.198450031393921,4.157343100244998,0.9625,0.9743,0.9778,0.9924,0.9475,6.513173017638266,0.9924,8.246232634502563,10.97031260468776,10.488395654892262,0.9589,0.9785,0.9835,0.9804,0.904,3.748593563873662,0.9809,4.746039218701753,5.753674747157213,5.564144657757404,0.9409,0.9746,0.9866,0.9887,0.9175,4.266337468321402,0.9887,5.401547166918347,6.520011193020822,6.5046348454988925,0.964,0.9777,0.9868,0.99,0.9898,0.9314,0.5737451603275098,0.7264103152438908,0.6973595019305012,0.6676549653927544,0.942,0.9636,0.9701,0.9801,0.9141,8.87644945507176,0.9804,11.23834219921694,11.764816742588252,11.139359508980563,0.9577,0.9814,0.9868,0.9932,0.9445,4.849109217784004,0.9932,6.139385914003747,11.10542685911306,8.221297464344845
0.938,0.8936,0.899,0.9289,0.9272,0.8557,3.005119708445668,3.8047378970683736,3.893492285270413,3.7807135449110025,0.9184,14.60893629049692,0.9601,0.9828,0.9871,0.9897,0.9339,2.768892776879238,0.9897,3.505654450803983,3.9346449019724754,3.604026942526095,0.9748,0.9824,0.9928,0.9965,0.9624,8.01074275719645,0.9965,10.142283672198806,14.962637809393597,13.61824522247892,0.931,0.9603,0.9759,0.9659,0.8602,3.237644732771541,0.9663,4.099134412981874,5.475751490741114,4.992536832093778,0.9644,0.9874,0.9922,0.9961,0.9482,5.419768647182444,0.9961,6.861889430668869,8.47514105335942,7.872001559643954,0.9677,0.9824,0.9917,0.9971,0.997,0.9354,0.5909840648769341,0.7482362389363164,0.8115548635222757,0.7073568148161353,0.9356,0.9728,0.9838,0.9837,0.9067,8.554767873634743,0.9838,10.831065876665598,12.42157537576612,11.13424961666749,0.9451,0.9749,0.9789,0.9787,0.9298,3.894724530167279,0.9787,4.931053487461157,5.955879972491117,5.633805982814883
0.9596,0.9836,0.9882,0.9877,0.9877,0.8931,3.2246565451616944,4.0826902595344965,5.173380526467025,4.761669830422836,0.9173,14.761481850252377,0.98,0.9426,0.9452,0.9995,0.9597,3.3944434517484465,0.9995,4.297654966631224,6.691350906026665,6.159723979810679,0.97,0.9722,0.979,0.9967,0.9548,7.458355368289693,0.9967,9.44291411745876,15.03020073030824,12.19859677866263,0.9666,0.9921,0.9967,0.9947,0.9192,3.959401587320846,0.9947,5.012940158974257,8.287912237427467,6.754677485945971,0.9532,0.9827,0.9846,0.986,0.9345,4.783123266569258,0.986,6.055842070956409,6.330038816643146,6.099960701009728,0.9713,0.9668,0.9781,0.9967,0.9966,0.9395,0.5807385833309222,0.7352645853272197,0.7785799976456755,0.7565224688794947,0.9476,0.9858,0.988,0.991,0.9195,9.66569573434098,0.9911,12.23759531396523,14.291275164937677,13.549427866486916,0.9512,0.9399,0.9535,0.9806,0.9382,4.129329978176755,0.9806,5.228083997224791,6.261709656987413,5.816736989733108
0.9726,0.973,0.9841,0.9812,0.98,0.9148,3.487416044392824,4.415366199773988,4.801988967966178,4.399776196553786,0.909,14.11864630982275,0.9706,0.9891,0.9933,0.9962,0.9458,3.039327818050785,0.9962,3.848048281887945,4.901675928744996,4.431567244103276,0.9545,0.9814,0.9835,0.9857,0.937,5.780316805567884,0.9857,7.31837415507834,8.645062611559299,8.582540504685753,0.9664,0.9795,0.9906,0.9855,0.9174,3.908961235123273,0.9856,4.949078370371218,6.309442775193221,5.488517748182527,0.954,0.9794,0.9862,0.9906,0.9353,4.8743561203607015,0.9906,6.171350646306154,6.963565755228837,6.125152178843479,0.9576,0.9809,0.9886,0.9976,0.9975,0.9205,0.5675873559297862,0.718614009596263,0.8167852999412194,0.7176112406549572,0.9724,0.9791,0.9863,0.9965,0.9512,11.724136542340888,0.9965,14.84375696837737,17.24752476606159,15.470935126739574,0.9451,0.9565,0.9646,0.9854,0.9299,3.846584534984479,0.9854,4.870104147066519,7.497881445507603,5.959552387204624
0.9662,0.9668,0.9737,0.9759,0.9753,0.9039,3.338979068545245,4.227432326209391,4.423854450558257,4.21678331583373,0.9216,14.89893123973346,0.9619,0.9571,0.9749,0.9944,0.9368,2.726434676800185,0.9944,3.4518988742942383,4.372028808897841,3.742615454815653,0.9408,0.9776,0.9808,0.9825,0.9156,5.131633948037964,0.9825,6.497086322754599,8.174035745866762,7.641107960237713,0.9623,0.9835,0.9897,0.9884,0.9107,3.824849481792092,0.9882,4.842585715656463,6.9554253964296,5.77439427287611,0.9459,0.9873,0.9902,0.9939,0.9223,4.600207823398504,0.9939,5.824255516638815,7.770302520177205,7.276441944497112,0.9634,0.9518,0.9577,0.9805,0.9799,0.9312,0.5577645744392494,0.7061775303150443,0.6251399512022016,0.6083175664270098,0.9462,0.9681,0.9737,0.9878,0.919,9.36482590842878,0.988,11.856668449216604,13.236546163409416,12.630905534835035,0.9831,0.9866,0.9937,0.9983,0.976,8.82023215373502,0.9983,11.167166300211758,22.85805441384679,15.915931891846263
0.9831,0.9782,0.9857,0.9874,0.9869,0.9404,3.735352760232932,4.729275231810336,5.360594830860848,4.840246630180893,0.9626,18.032562972968037,0.9593,0.953,0.9668,0.9867,0.9325,2.726263584299064,0.9871,3.4516822565930894,3.5122457041038504,3.404751060349968,0.9617,0.9804,0.9851,0.9902,0.9466,6.509340619625664,0.9902,8.241380491702987,9.979805502214797,8.784886150362974,0.9769,0.9908,0.9912,0.9924,0.9369,4.406739230391899,0.9923,5.579307774412115,6.444574065645553,6.377121832498295,0.9689,0.9956,0.9983,0.9993,0.9524,5.939030948218932,0.9993,7.519319798490828,12.287886683214158,9.698964122509352,0.9649,0.9648,0.9928,0.9947,0.9946,0.9332,0.5857411895114486,0.74159831148983,0.765457433013664,0.698120201674035,0.9373,0.9747,0.9827,0.995,0.906,9.165051398950956,0.995,11.6037368788228,15.890767339140446,13.372543544326147,0.9497,0.9645,0.9751,0.984,0.9361,4.1807660181619335,0.984,5.293206411502242,6.976760389199247,6.297899689284827
0.9928,0.9977,0.9986,0.9982,0.9982,0.9626,4.172749161443921,5.28305638703411,6.155610840559392,5.743756041479174,0.9148,14.662385840365296,0.969,0.9932,0.9976,0.9982,0.9416,3.1232170309608542,0.9982,3.9542591814461754,5.599763698108669,4.594365226896365,0.9506,0.9741,0.9846,0.9888,0.9301,5.69697672131452,0.9888,7.212858499241905,9.359226206491874,8.39319913469312,0.9757,0.9847,0.9852,0.987,0.9356,4.202046947910548,0.9868,5.320149883894322,5.8180836805976455,5.7917029738084285,0.9484,0.9822,0.9892,0.9912,0.9251,4.564014644355266,0.9912,5.778431864577909,7.141269082035361,6.35988677191845,0.9799,0.9911,0.9927,0.9939,0.9937,0.951,0.6334842561220417,0.8020451064527961,0.7324804502839335,0.7202470457984058,0.9696,0.9304,0.9382,0.9936,0.9488,10.664623577606733,0.9936,13.50232317523096,15.26569494212579,13.771080548219585,0.9993,0.9882,0.9959,0.9999,0.9988,50.34062173971167,0.9999,63.735521336063925,139.88455684006604,88.89183782678742
0.9545,0.9681,0.9729,0.974,0.9732,0.8834,3.1304124911378803,3.9633692478257054,4.421990293050363,4.314425879934831,0.957,17.676064834252152,0.9315,0.955,0.9739,0.9891,0.8969,2.3853289128784625,0.9888,3.0200298797733165,3.930143670742247,3.392997913360772,0.9588,0.9785,0.9825,0.9873,0.9435,6.020742765808652,0.9873,7.622773929834816,9.124170291049586,8.389438823081669,0.9793,0.9959,0.9983,0.9968,0.9451,4.412910736631381,0.9968,5.587121427760218,8.518600678725736,7.432814888993409,0.9356,0.9588,0.9786,0.9806,0.91,4.126607799675144,0.9806,5.224637487031351,5.653393548309616,5.628690061802098,0.9799,0.9777,0.9905,0.996,0.9959,0.9502,0.6464669683727564,0.8184823276284465,0.7757629478939451,0.7485746812669285,0.9663,0.9812,0.983,0.9892,0.9432,10.802811695763848,0.9896,13.677281120699588,13.471626938173532,13.17155192786706,0.9993,0.984,0.9846,0.9999,0.9988,49.313889928535616,0.9999,62.435591279657714,139.87854166655904,77.81020092227718
0.9767,0.9836,0.9924,0.9908,0.99,0.9268,3.566897399634102,4.515996375519385,5.452376206365434,4.912382604480453,0.9189,14.802539925902217,0.9478,0.9555,0.9674,0.9715,0.9198,2.4863320305261274,0.9724,3.1479084425993182,3.006075205460961,2.8896310953410462,0.9719,0.9834,0.9914,0.9946,0.9589,7.577509962749653,0.9946,9.59377399830727,12.171902522845128,12.030874764896796,0.9588,0.9635,0.9772,0.9714,0.9048,3.741995505327463,0.9714,4.73768551374709,5.394278813349191,4.901220695610864,0.9439,0.9704,0.9783,0.9915,0.9208,4.353771352829108,0.9915,5.512245923090836,7.165839411892195,6.082143024246227,0.951,0.9679,0.982,0.9824,0.9818,0.9147,0.535513482595932,0.678005749953187,0.6464147126139796,0.6135294888158225,0.9587,0.9563,0.9634,0.9945,0.9334,10.08496253634555,0.9945,12.768422850081764,15.667424218745635,13.89157927192376,0.9565,0.9758,0.9854,0.9923,0.9436,4.566871966057295,0.9923,5.782049477591217,10.349004148253224,7.190599035100904
0.9801,0.9751,0.9772,0.9835,0.9832,0.9331,3.67234592038293,4.649503197878345,5.347929595160148,4.923751703829051,0.9248,15.155876422755668,0.9435,0.9842,0.9941,0.9948,0.9138,2.5324746893217243,0.9949,3.206328984748672,4.593055842891637,3.805970619600492,0.9543,0.9838,0.9933,0.9938,0.9352,5.990418319453283,0.9938,7.584380593978135,11.691195659033385,9.082504429060045,0.9799,0.9947,0.9952,0.9947,0.9441,4.374053636576628,0.9947,5.537925024457881,7.439054511970925,7.078171212511472,0.9663,0.9808,0.9896,0.9983,0.9497,5.670380062108247,0.9983,7.179184859907964,10.636104904452845,8.66500565603327,0.965,0.9705,0.9826,0.9889,0.9886,0.9342,0.5759830028962629,0.7292436148309516,0.6866919338185873,0.659521560099946,0.9538,0.9887,0.9894,0.9954,0.9252,10.316244475638548,0.9954,13.061245514304574,15.738223142372188,15.588124913422996,0.936,0.954,0.96,0.9702,0.9175,3.3325921514135177,0.9703,4.219345944296476,4.86931985384456,4.401052009700033
0.9638,0.9683,0.9778,0.9775,0.9776,0.9029,3.2987409130419745,4.17648738890085,4.621501261570259,4.279440647145504,0.948,16.59538689510483,0.9886,0.9937,0.9976,0.9999,0.9786,4.108563920639579,0.9999,5.201792396972612,9.413314787507751,6.775226436879284,0.96,0.972,0.9807,0.994,0.9444,6.3661461968954765,0.994,8.060084137591302,12.008776761814168,10.520471948017256,0.9722,0.9929,0.9942,0.993,0.9288,4.107126647777424,0.9931,5.199972686925221,6.825715960389736,6.6252854949856985,0.9496,0.9573,0.9619,0.9862,0.9275,4.562925454366704,0.9864,5.777052857141052,6.338800579699681,6.253762109926531,0.9845,0.9717,0.9847,0.9959,0.9959,0.9593,0.679681530818383,0.8605347969914003,0.7636622039805573,0.7450795283227457,0.9531,0.939,0.9491,0.9792,0.9291,9.020485110957804,0.9794,11.420703626263776,11.83351637770493,10.746659006229144,0.9766,0.989,0.9924,0.9967,0.9678,7.027933491836674,0.9967,8.897963305527503,16.72814517611435,12.523180954412132
0.9829,0.9814,0.9819,0.9881,0.9882,0.9388,3.727585057102349,4.719440657037476,4.67356898611115,4.657720240610514,0.9415,15.953517751706215,0.9732,0.9783,0.9869,0.9858,0.9515,2.8822983693448387,0.9864,3.6492356047196575,3.6171912359358136,3.415590408192818,0.9617,0.9631,0.9713,0.9937,0.9463,6.637783007644877,0.9938,8.403999511475556,11.594362571844211,10.540770714091984,0.9524,0.9775,0.9849,0.9804,0.8938,3.605262756328538,0.9806,4.564570189780304,5.76261117713271,5.376115933846565,0.928,0.9719,0.9837,0.986,0.9042,3.8061043124004095,0.9861,4.818852732184605,6.3525732548196565,5.160275874018326,0.9552,0.9749,0.9833,0.9856,0.9856,0.9174,0.5602925800602088,0.7093782010780201,0.6590734460066535,0.6438404302868148,0.9701,0.9906,0.9925,0.9933,0.9494,11.077678318268124,0.9933,14.025285711778633,14.4308006107379,14.389812302247224,0.9547,0.9652,0.9782,0.9848,0.9408,4.350044075077823,0.9848,5.507526871509177,7.333280166793976,6.034656293508461
0.9658,0.9817,0.9907,0.9871,0.9867,0.9051,3.3467685514604684,4.23729447604749,5.666118807881272,4.868399511377646,0.9714,20.0557818863518,0.9558,0.9711,0.984,0.9949,0.9275,2.6386079730561054,0.9949,3.340702775459782,4.581912651042188,3.684619690289396,0.905,0.9502,0.9603,0.9595,0.8782,3.920543553832247,0.9595,4.963742573865045,5.680633453841974,5.322987342849002,0.9814,0.9818,0.9834,0.9869,0.9455,4.400886043748819,0.9859,5.571897140826718,6.481767563365972,6.04463334783908,0.9426,0.9688,0.9805,0.9819,0.9187,4.359497220683742,0.9819,5.519495360229365,5.857539278730464,5.6062860579041285,0.9449,0.9473,0.9597,0.9643,0.9642,0.9095,0.5138570532579443,0.6505868630496622,0.5666809495419234,0.5604467812877094,0.9821,0.9764,0.9827,0.9998,0.9654,13.989850973445863,0.9998,17.712344710733415,32.26569033988422,22.93377402538825,0.9478,0.9556,0.9579,0.9848,0.9328,4.133082577693242,0.9848,5.232835108321221,7.32520305160791,6.5864720899760165
0.9849,0.9851,0.9893,0.9893,0.9892,0.944,3.8198649025967,4.836274813194791,5.005730461584714,4.800238875651639,0.9479,16.469603782634124,0.9733,0.9829,0.9844,0.9949,0.9506,2.999150953018311,0.9949,3.797180943543704,4.57139057778994,4.350650553891067,0.9365,0.9352,0.9446,0.9826,0.9124,4.854221297792724,0.9826,6.145858243371312,8.101756244597166,7.552656302739109,0.9331,0.9455,0.9516,0.9537,0.8618,3.3056436543316856,0.9533,4.185226848199198,4.693073485470556,4.613529961707637,0.9525,0.9835,0.9889,0.9894,0.9322,4.726668616591775,0.9894,5.984365668325461,6.711207347077829,6.305710863333951,0.9846,0.9876,0.9933,0.9983,0.998,0.9606,0.6594307588655459,0.8348955922444783,0.8281561015823478,0.7837838463004555,0.9533,0.9386,0.9506,0.9749,0.9265,9.715268328869714,0.9752,12.300358447337056,11.044449663808797,10.530186950803593,0.983,0.9904,0.993,0.9985,0.9755,8.999444398462126,0.9985,11.394064289405202,24.92903428665524,15.70792939228017
0.97,0.9629,0.9693,0.9746,0.9724,0.912,3.4071361121573616,4.31372495743282,4.382198659977293,4.1986400397586765,0.9469,17.561418914624156,0.9338,0.9538,0.9588,0.9699,0.9004,2.351327264115187,0.9701,2.976980891991277,2.92456482904052,2.8560459885753318,0.9525,0.9794,0.9798,0.9857,0.9331,5.902174145570312,0.9857,7.472655942336323,8.633717978319183,8.523295021421905,0.9508,0.9623,0.9657,0.9662,0.8912,3.5986508003893807,0.9663,4.556198889540664,5.147257535763024,4.990853802343758,0.9854,0.9604,0.9733,0.9979,0.9754,7.126501396257378,0.9979,9.022758680676816,9.892113887430796,9.221715434030193,0.9516,0.9227,0.9325,0.9655,0.9646,0.9169,0.5285402130270349,0.6691769958371058,0.5698387561908889,0.5484709213475105,0.9701,0.9817,0.9854,0.9922,0.949,11.200446934518808,0.9923,14.18072125250164,14.328407361586036,14.187833921092466,0.9701,0.9816,0.9868,0.994,0.9591,5.990592271395641,0.994,7.584600831975809,12.22933074922897,9.87663402886056
0.9849,0.9787,0.9839,0.9847,0.9842,0.9452,3.8612274004353857,4.888643263809911,4.7413742582196665,4.582361422934624,0.9461,16.422599195013568,0.9823,0.9905,0.9965,0.9995,0.9637,3.6542354153880607,0.9995,4.626573753671723,6.927835130151419,6.470457157839984,0.9596,0.9662,0.9693,0.9806,0.9444,6.122573200817333,0.9806,7.751699947012641,7.58856769817804,7.553852581949272,0.977,0.9693,0.9702,0.9792,0.9381,4.250929637970474,0.9788,5.3820395393576135,5.226622429984979,5.189212487168133,0.9623,0.9773,0.9882,0.99,0.9459,5.156804923384919,0.9902,6.528954924707323,6.84634020329838,6.691142362912714,0.9598,0.9724,0.9914,0.9929,0.9929,0.9241,0.5681405994591883,0.7193144630979016,0.7448317576011152,0.62406477157285,0.9392,0.9537,0.9672,0.9871,0.9098,9.089740178971024,0.9873,11.50838645004394,12.979631548498654,12.454686873869084,0.9809,0.9777,0.989,0.9967,0.9732,7.848629461834847,0.9967,9.937034411496324,16.72632554764863,11.962934324645955
0.9761,0.981,0.9819,0.9846,0.9838,0.9253,3.5509690483774308,4.4958297240899086,4.67356898611115,4.647008762430553,0.9355,15.875439731607836,0.9479,0.9685,0.9745,0.974,0.9191,2.52642618228629,0.9748,3.198671058885111,3.102479313554275,2.976811591063833,0.9671,0.9774,0.9835,0.9947,0.9521,7.028395275540275,0.9948,8.898547963087868,12.185206908839032,12.0944706475307,0.9837,0.9947,0.9962,0.9964,0.9538,4.643005660770668,0.9958,5.878441229542299,9.157246084943653,7.664599748667808,0.9761,0.9876,0.9963,0.9983,0.9619,6.406388060714353,0.9983,8.111033769943731,10.636177431704896,9.139473648901284,0.9728,0.9854,0.9928,0.9942,0.9941,0.9405,0.6121454155085315,0.7750283139657781,0.7433280957253694,0.7288476687914329,0.9516,0.966,0.9809,0.9877,0.9259,9.409139663622003,0.9878,11.912773443394116,13.240085536986811,11.4021792286668,0.9335,0.9587,0.9636,0.9637,0.9159,3.416424576676386,0.964,4.325484945849184,4.320025882605125,4.228508470693861
0.9351,0.9437,0.9507,0.9569,0.9564,0.8506,2.898456776851184,3.669693526985744,4.41645153903884,4.207784553423577,0.9392,15.746261112732526,0.9253,0.9579,0.9723,0.9737,0.8908,2.1583547258934725,0.9746,2.732661197437284,3.1345201112619394,2.834746354938886,0.9423,0.9454,0.9524,0.9777,0.9193,4.972377572487769,0.9778,6.29545416623762,7.22534562361779,6.568125025567585,0.9677,0.9648,0.9735,0.9755,0.921,3.953683077142509,0.9758,5.005700037281553,5.765970469713427,5.262823987985088,0.9714,0.9908,0.9936,0.9947,0.9563,5.858310766787,0.9947,7.417121163112285,7.969789159144463,7.281145972613495,0.9599,0.9888,0.9954,0.9934,0.993,0.9248,0.5679795904168271,0.7191106119156935,0.7553870569281897,0.7081489402887523,0.9373,0.9705,0.9797,0.9877,0.9055,9.226748788136774,0.9878,11.68185103651367,13.11118423857389,12.145341794150244,0.9747,0.9641,0.9741,0.9925,0.9652,6.452394944629467,0.9925,8.169282409512368,10.527496993576747,9.731138498903537
0.9713,0.9678,0.9795,0.979,0.9788,0.9167,3.441076178302692,4.35669597636735,4.705638435893887,4.282188055079882,0.9045,13.886787391430492,0.9799,0.9758,0.9858,0.9973,0.9597,3.341440809773052,0.9973,4.230549100598075,5.148287103019702,4.978790984493458,0.9813,0.988,0.9933,0.9965,0.9717,9.386991650940296,0.9965,11.884732170043833,14.835472306033653,13.573095255653778,0.9624,0.9807,0.9834,0.982,0.9098,3.81139174407748,0.9821,4.82554707172235,7.128381263091227,6.352930719002464,0.9402,0.9276,0.9288,0.9658,0.9173,3.942126998863796,0.9662,4.991069056410828,4.628655254568416,4.602473145088426,0.9584,0.9725,0.9856,0.9901,0.9901,0.9215,0.569667034050427,0.7212470595000877,0.6981727154953723,0.6752296947564651,0.9501,0.9649,0.9712,0.9729,0.9242,9.06019087951269,0.9732,11.47097451628138,10.684069998588097,10.528895850084584,0.9796,0.9874,0.9964,0.9983,0.9718,8.24257973919177,0.9983,10.435809067829648,22.764736373442712,14.058465066882556
0.9689,0.9833,0.9942,0.9882,0.9893,0.911,3.3842335108559576,4.284728310521217,5.760111844018192,4.975425057714016,0.9404,15.844226173521909,0.9577,0.9818,0.9849,0.9916,0.9294,2.7464014138857955,0.9919,3.477178466670182,4.063842351017662,3.911847679330272,0.9707,0.9847,0.9869,0.9879,0.9565,7.22707355534415,0.9879,9.150091613202603,9.123400464212516,9.021095169763267,0.9834,0.9813,0.9828,0.9842,0.9493,4.54007716712135,0.9841,5.748124976457568,5.993627412234124,5.859477173474701,0.9434,0.9839,0.9912,0.9938,0.9203,4.262859126985157,0.9939,5.397143290073188,7.780666729012394,6.631101443839684,0.9465,0.9677,0.977,0.974,0.9734,0.9082,0.5518181257031042,0.6986488189642779,0.6154506246531717,0.5838683121193631,0.9548,0.9838,0.9908,0.9949,0.9292,9.864720842855192,0.9949,12.489578078812832,15.8898331604359,13.166864031711054,0.9694,0.9666,0.9772,0.9916,0.9585,5.8773600729705615,0.9917,7.44123920970649,9.906681267621186,8.988217198368286
0.9631,0.9717,0.9731,0.9788,0.9782,0.8961,3.284356630948704,4.158275660746202,4.426139307920783,4.382360710415689,0.9481,17.092285587407343,0.9751,0.9826,0.9914,0.9984,0.9533,3.051686491961424,0.9984,3.863695417292624,5.7013793616814,4.45746562257933,0.9229,0.9348,0.9383,0.9553,0.8993,4.288651485826052,0.9554,5.429798616535207,5.236911992107112,5.184597252560255,0.9756,0.981,0.9846,0.9856,0.9367,4.225068948624461,0.9855,5.349297700647308,6.002482083373115,5.636045816427226,0.8754,0.9218,0.9355,0.9438,0.8431,2.6000423729726045,0.944,3.291875435986915,3.7676816718378894,3.385351815941718,0.9772,0.98,0.987,0.9968,0.9968,0.9463,0.6200026302243924,0.7849762180412208,0.8019514290114598,0.7157884669955886,0.9776,0.9939,0.9957,0.9964,0.9617,12.016600125685756,0.9964,15.214040812956783,17.273179938377144,15.653885523630674,0.9919,0.9922,0.9954,0.9993,0.9877,14.006961372244154,0.9993,17.734007935182962,38.28408367628144,24.54564501703109
0.9827,0.9833,0.9928,0.9901,0.9908,0.9395,3.72443930760511,4.715457869831631,5.379258658691726,5.086350482323399,0.9012,13.825052344590333,0.9387,0.9538,0.9624,0.9627,0.9069,2.445479817342682,0.9635,3.0961860558866228,2.8644853156820598,2.7568119085452456,0.9522,0.9761,0.9821,0.9819,0.9338,5.603266354477109,0.982,7.094213181036298,8.101224688487306,7.343447554039836,0.9647,0.9858,0.9893,0.9886,0.918,3.904169574752173,0.9881,4.943011719597684,6.595654723846032,6.057298688997623,0.9759,0.9724,0.9796,0.9984,0.9609,6.509603757107906,0.9984,8.241713646201962,10.873446701634968,9.782978385811424,0.9275,0.9761,0.9827,0.9902,0.9901,0.8845,0.5052317421353167,0.6396664834022106,0.7111285249365902,0.655454252422697,0.9292,0.9706,0.9766,0.977,0.8974,8.436220048492425,0.9772,10.680974217532556,11.51580454433811,10.986061968873058,0.9161,0.9345,0.9405,0.9457,0.8937,2.7206903286311133,0.9458,3.444626039501202,3.3769509917525267,3.235781833214558
0.9753,0.9817,0.9875,0.9887,0.9886,0.9234,3.539815249278677,4.4817080629766926,4.997273581971797,4.730643109914785,0.8964,13.66799214348582,0.9823,0.9701,0.9757,0.9999,0.9632,3.760508286475457,0.9999,4.761124273878992,9.327542439083633,6.223620717073869,0.9626,0.9845,0.986,0.987,0.9478,6.5140192900223575,0.9871,8.247304087530523,8.921994707629478,8.826339435342078,0.979,0.9886,0.9922,0.9911,0.9434,4.374276365028039,0.9913,5.538207017676807,6.7335938926005365,6.236476371354755,0.9408,0.9765,0.989,0.9961,0.9149,4.472306244722354,0.9961,5.662321207627305,8.475103872448448,7.501735508112663,0.9725,0.9832,0.9881,0.9906,0.9905,0.9402,0.6124272668109239,0.7753851617574109,0.7102722044539215,0.6928732235048095,0.9526,0.9779,0.9825,0.9811,0.926,9.721233700497304,0.9812,12.307911116682572,11.92785768043844,11.41939232182225,0.9573,0.9682,0.9775,0.9791,0.9451,4.355864091792399,0.9791,5.514895509135586,6.070866944295725,5.615366801187675
0.9668,0.97,0.977,0.9799,0.9801,0.9078,3.388325308068411,4.289908874835373,4.523608048032195,4.342905185797413,0.9423,16.040161414607603,0.9507,0.9618,0.9777,0.98,0.9239,2.393369555700427,0.9806,3.0302100194780808,3.306675469323036,3.0992759402568177,0.9483,0.9351,0.9504,0.9879,0.9271,5.350022952045037,0.9879,6.773585431097442,9.138972598631518,8.374869252636552,0.9657,0.9521,0.9531,0.9654,0.9181,3.97753935824192,0.9635,5.035904124169324,4.5957780755362165,4.552993966806307,0.9327,0.9767,0.9847,0.9835,0.908,3.9920340308550575,0.9835,5.054255616138784,5.975995617364629,5.301854566058413,0.9557,0.9597,0.969,0.9901,0.9901,0.9189,0.553074422894975,0.7002393983752937,0.6937225206290867,0.6744326161735155,0.9643,0.9805,0.994,0.9973,0.9389,10.6525068880815,0.9973,13.48698241270024,17.935160557759243,16.21489621904443,0.9875,0.9776,0.9949,0.9983,0.9831,10.469905181561652,0.9983,13.255793075745412,22.76407571649844,17.21093333492572
0.9803,0.9793,0.9817,0.9856,0.9855,0.9332,3.6520037214486942,4.623748238773963,4.738417695576949,4.626189036526863,0.938,15.700088540661936,0.9649,0.9797,0.9821,0.9911,0.9391,2.8812014364877467,0.9912,3.6478467941507513,3.9697713557616927,3.87242889921226,0.9715,0.9894,0.9983,0.9986,0.9574,7.640810156323608,0.9986,9.673917443077782,17.999243030180015,13.343370578129122,0.96,0.9562,0.9658,0.9653,0.9061,3.792837624475892,0.9659,4.8020559735819,5.673724739573961,5.074307740333079,0.9409,0.9705,0.9725,0.9732,0.9176,4.210777633788892,0.9733,5.33120367697131,5.056046243017977,5.003639797839009,0.9543,0.9762,0.9845,0.9874,0.9872,0.9189,0.525328577423321,0.6651107912001717,0.6872810905746378,0.6365091232486558,0.9579,0.9822,0.987,0.989,0.9322,10.18608628590264,0.9892,12.896454143195378,13.480871278571462,13.036442391052608,0.9827,0.9925,0.9962,0.9965,0.9755,8.274936756510725,0.9965,10.476775811910931,16.111129039328304,13.419795991964117
0.9596,0.98,0.9902,0.9851,0.9852,0.8926,3.2389217573975677,4.100751235092646,5.050256674297406,4.630242911330333,0.9384,15.94010507466241,0.9541,0.9162,0.926,0.9671,0.9265,2.537417446378405,0.9678,3.2125869368151747,2.8148505081314656,2.7110749589576355,0.9408,0.9776,0.9883,0.9905,0.917,4.907935722241112,0.9905,6.213865286732558,10.269913443375488,7.825640359963264,0.966,0.9814,0.9895,0.987,0.9199,3.9323957699006025,0.9869,4.978748490438944,6.371729448048524,5.607537715101069,0.916,0.9439,0.9494,0.9715,0.8881,3.5430421339450406,0.9717,4.485793574227734,5.03267597394832,4.885878352282991,0.9489,0.9805,0.988,0.9879,0.9879,0.9101,0.5682547599171863,0.7194589999759737,0.668183452726596,0.6615939135178979,0.9613,0.9915,0.9954,0.9965,0.9353,10.63116930484519,0.9965,13.45996721216001,17.264218445413253,15.447643212530863,0.9749,0.9716,0.9869,0.9971,0.9649,6.932545434077992,0.9971,8.777193887503248,18.105901348595577,12.114784289770451
0.9897,0.994,0.9977,0.9966,0.9968,0.9551,4.034482671783539,5.107999216557009,5.745925232259509,5.305642936363662,0.9091,14.49283255278126,0.9275,0.9549,0.9579,0.9685,0.8928,2.235602311372342,0.969,2.830463230115876,2.8808806717437,2.843492097877009,0.9696,0.9846,0.9858,0.9908,0.9551,7.247387210568148,0.9908,9.175810433534958,10.24435030876958,9.77655672672064,0.9626,0.9591,0.9658,0.973,0.9097,3.810351330940494,0.9735,4.824229819940409,5.510469947441955,5.005674466914042,0.9532,0.957,0.959,0.9847,0.9332,4.7268664259797575,0.9848,5.984616111884411,6.108334469991769,5.926852624626385,0.9836,0.9891,0.9927,0.9951,0.9949,0.9585,0.6611718675184848,0.8370999843211507,0.7547389182294153,0.7317379496078389,0.9654,0.9773,0.9881,0.9934,0.9406,10.730931693771064,0.9934,13.58627490658616,15.159101992022082,13.778282697237945,0.9587,0.9694,0.9836,0.989,0.9456,4.800084354031619,0.989,6.07731625451794,8.954591223133678,8.313270702075396
0.9809,0.9867,0.9911,0.9919,0.9922,0.936,3.6721383979435935,4.649240456767828,5.399191002039383,4.98774032756325,0.9238,15.286456658726276,0.9697,0.963,0.9705,0.9946,0.9451,2.89389508963247,0.9946,3.663918041840565,4.474873367667634,3.9806104417627513,0.9749,0.9794,0.99,0.994,0.9631,7.800811558146263,0.994,9.876492866408782,11.986687149319993,10.948247894808318,0.9661,0.9705,0.9802,0.9802,0.915,3.907354121769151,0.9797,4.947043627773069,6.309031233669572,6.030753442658758,0.9322,0.9239,0.9365,0.969,0.908,3.8350839854906233,0.9691,4.855543470374204,4.871260266008004,4.320883885851496,0.9366,0.9323,0.9424,0.9714,0.9713,0.8976,0.4991029809029653,0.6319069488794169,0.5803769959043572,0.5713332910818667,0.9579,0.9758,0.9784,0.9882,0.9322,10.20977345208556,0.9882,12.926444116172837,13.300162951059344,12.681358943546105,0.962,0.9648,0.9708,0.9847,0.9487,5.036583394514742,0.9848,6.3767442138826125,7.329636440694119,7.071252668482309
0.9655,0.9791,0.9954,0.9895,0.9892,0.9058,3.321125672368136,4.2048284036982455,5.479416495175478,4.607015605382754,0.8983,13.618984186579784,0.9741,0.9808,0.9839,0.9899,0.9519,3.011314202361305,0.9899,3.812580654775412,3.791546053373674,3.776818990733227,0.97,0.9832,0.9882,0.9896,0.9554,7.256523874693632,0.9896,9.187378229704048,9.49336731112855,9.46016279653622,0.9648,0.9599,0.9638,0.9663,0.9141,3.865227959156993,0.9666,4.893708312411724,4.869318308599965,4.779522038697172,0.9586,0.9907,0.9918,0.9915,0.9409,5.020375320619102,0.9915,6.35622340973098,7.102274099943554,7.041890307636447,0.9626,0.9752,0.978,0.9824,0.9821,0.9304,0.5608576016218383,0.7100935665731621,0.6166916613947755,0.6150745957766451,0.9355,0.9766,0.9887,0.9885,0.9066,8.492681320335105,0.9886,10.75245900400971,13.475035884140782,12.320630579388672,0.9611,0.9813,0.9879,0.9916,0.9482,5.009662151550152,0.9916,6.342659623822623,9.857423827974843,8.140753308695139
0.9762,0.9888,0.9974,0.9939,0.9937,0.9262,3.5655474400399343,4.514287211517363,5.783278792928945,4.991657186568691,0.9442,16.279980807030753,0.9448,0.9648,0.9709,0.9878,0.9156,2.495705137984876,0.9879,3.1597755961976817,3.675226605810861,3.379897908570516,0.9307,0.9667,0.9799,0.9824,0.9048,4.656927685968231,0.9825,5.8960677010350135,8.140443841985226,6.712964240262173,0.9568,0.9856,0.9875,0.9867,0.9046,3.728435921643755,0.9868,4.72051792412832,5.98014594339287,5.839456121060627,0.9452,0.9549,0.9637,0.9647,0.9239,4.163203650111963,0.9649,5.270970955425669,4.574842506490346,4.542179512844937,0.955,0.9772,0.9811,0.9911,0.9911,0.9187,0.5416924736333373,0.6858288796939394,0.7240473881004079,0.6871845182205227,0.9375,0.9545,0.9695,0.9835,0.9074,8.814774560268368,0.9837,11.160256521333062,12.26394573585053,11.157407243427263,0.9701,0.9745,0.989,0.9948,0.9593,5.890982745742991,0.9948,7.4584866754932815,12.814793528377976,9.689245123542475
0.9933,0.987,0.9955,0.9939,0.9939,0.9625,4.11591423926242,5.2110985273544586,5.816719298337013,5.185621370867098,0.9391,16.321758087328824,0.9552,0.9694,0.9758,0.9913,0.9263,2.665948023364236,0.9913,3.3753176113422767,4.014115813688832,3.473203231335819,0.9626,0.9805,0.9863,0.9879,0.9475,6.624726595394229,0.9879,8.387468979813148,9.165532558743529,8.44983180325689,0.9649,0.9688,0.9815,0.9785,0.9176,3.8999267761659926,0.9763,4.937639974663497,6.664546694449124,5.697313955282157,0.9136,0.9574,0.9728,0.9733,0.8859,3.511830887076285,0.9733,4.446277473274229,5.1331138073948255,4.897888970422264,0.956,0.9751,0.9895,0.9937,0.9935,0.9189,0.5610040201350234,0.7102789449008147,0.754496586608192,0.6827541703195859,0.9553,0.9749,0.9834,0.982,0.9304,9.880183792060652,0.9821,12.509155491545217,12.15609768485286,11.424519967925145,0.8977,0.9345,0.9389,0.9476,0.8744,2.3511010279901554,0.9476,2.976694457758333,3.4797218056434067,3.3096762651044136
0.965,0.9599,0.9658,0.973,0.9727,0.9042,3.308659429260848,4.189045076514617,4.385842635548968,4.258865404603036,0.927,14.982727629055349,0.9739,0.9868,0.9895,0.9936,0.9503,3.100372984332256,0.9936,3.925336669745241,4.168947655810332,4.155450227636407,0.9813,0.9874,0.9907,0.9986,0.9717,9.47633581702594,0.9987,11.997849505647029,17.94304750119429,16.658704309087188,0.9647,0.9738,0.9813,0.9773,0.9124,3.868388420984171,0.978,4.89770972668228,5.858716350346576,5.427692692630437,0.9643,0.9842,0.9911,0.9972,0.9482,5.364343476515622,0.9972,6.791716436663046,9.05400471912236,7.811447917475267,0.9642,0.9938,0.997,0.9974,0.9973,0.9309,0.5955307100715902,0.7539926795959064,0.81574361275273,0.7630866153680876,0.9894,0.9684,0.9721,0.9996,0.9775,15.721861321533314,0.9996,19.90521755735002,28.44136069134841,25.414231105333062,0.9587,0.9797,0.9809,0.9895,0.9453,4.869116113504913,0.9895,6.164716350637638,9.20736840058946,9.09988024803767
0.978,0.9792,0.9837,0.9872,0.9872,0.9278,3.6019157957583405,4.560332652192155,4.765910090058769,4.6228203905313805,0.9256,15.103060318828485,0.9603,0.9721,0.9813,0.9919,0.9343,2.720361412850684,0.9918,3.4442096040656263,4.112240981024389,3.682673637753578,0.9899,0.9856,0.9927,0.9995,0.9834,11.853941228723672,0.9995,15.00810077408656,25.260899423119582,19.430031296960266,0.9571,0.9908,0.9917,0.9911,0.9044,3.729613840187184,0.9911,4.722009269484463,6.466767477923593,6.381764907027854,0.9316,0.9402,0.9617,0.9756,0.9077,3.843191392947829,0.9757,4.865808139802419,5.307794413945083,4.962975616627661,0.9898,0.9764,0.9824,0.999,0.999,0.9719,0.6900610493022407,0.8736761527975823,0.8433320555104975,0.8317028023577392,0.9481,0.9811,0.9847,0.9847,0.9209,9.372263616033475,0.9851,11.866085221504033,12.30953583191008,11.97312572667332,0.9719,0.9849,0.9906,0.9964,0.9621,6.374497278485455,0.9964,8.070657319257776,15.654354288114796,10.984226213281008
0.9336,0.9751,0.9812,0.9764,0.9772,0.8464,2.881733946574646,3.648520997345553,4.66462995297667,4.471094495418596,0.9315,15.385081607128486,0.9572,0.9346,0.9359,0.987,0.9287,2.741995282474265,0.987,3.4715999284462984,3.444563756032588,3.423612780894976,0.9246,0.9534,0.9619,0.9666,0.9003,4.358981660941094,0.9666,5.518842617616302,6.018330942102673,5.905955814998204,0.9739,0.9793,0.9815,0.9819,0.9293,4.196022289505228,0.9819,5.312522152430851,5.882687202902085,5.717009405750959,0.9311,0.9615,0.9758,0.989,0.9069,3.971302320241964,0.9893,5.028007502022394,6.67841159022586,5.948012994765455,0.979,0.9965,0.9983,0.9998,0.9998,0.9476,0.6521873253565732,0.8257247875344262,0.9218385355449752,0.8198943337312654,0.9552,0.9809,0.9932,0.998,0.9291,10.111942467925273,0.998,12.80258174493483,18.822891136975127,15.432377989480626,0.9649,0.9564,0.9879,0.9911,0.9547,5.278110334219016,0.9911,6.6825379225569,9.63262780818467,8.602169158946463
0.9732,0.9851,0.9898,0.9894,0.9887,0.92,3.481719920037256,4.40815442044249,5.487010334302184,5.053358443197528,0.9518,16.75062476068033,0.9471,0.9729,0.9813,0.9904,0.9175,2.5568308765453835,0.9904,3.237165995433308,3.966752629065701,3.615900292928524,0.9612,0.9747,0.9802,0.9904,0.9462,6.444422460802493,0.9904,8.159188564909437,10.204936376808446,9.77322949763629,0.9661,0.9892,0.9925,0.9914,0.914,3.885752107609085,0.9913,4.919693635126579,7.364922920333315,6.418181122467701,0.9207,0.9619,0.9673,0.971,0.895,3.559372054668067,0.9711,4.506468646856757,4.993007425379144,4.740464467351192,0.9389,0.9673,0.9754,0.9827,0.9827,0.8989,0.5334000912037643,0.6753300161717606,0.6466439904719696,0.6204125534472592,0.925,0.9657,0.9675,0.9686,0.8943,8.057921916270681,0.9688,10.202016512117648,10.308701921244792,10.14919490540493,0.9533,0.9759,0.9805,0.9888,0.9384,4.433374543529532,0.9888,5.61303035292046,8.759240821170046,7.479814677325655
0.9677,0.9704,0.9786,0.9785,0.9782,0.9089,3.360341170593143,4.254478569656618,4.571657010122765,4.329391148159852,0.8867,13.185588542140003,0.9625,0.9877,0.9957,0.9973,0.936,2.838329761344684,0.9973,3.5935675963307143,5.245861722719353,4.445773168380276,0.9944,0.9915,0.9964,0.9999,0.9904,15.53145924236208,0.9999,19.664152283222183,39.20955442299464,28.972118825977425,0.9603,0.9859,0.9887,0.9868,0.905,3.756424831616669,0.9868,4.755954271696204,6.122404028709212,5.88299373471431,0.938,0.973,0.9828,0.9915,0.9115,4.286556462315328,0.9915,5.427146138058527,7.14052984670013,6.467244241199572,0.9468,0.986,0.9924,0.9936,0.9936,0.91,0.5412908274375563,0.6853203613483951,0.7517123898126836,0.7110083522711866,0.9256,0.9242,0.9398,0.9385,0.895,7.973181586173151,0.9393,10.094728025597115,8.647273694245074,8.16415524054915,0.9926,0.9765,0.9767,0.9988,0.9887,14.254017806771389,0.9988,18.04680245598644,30.197616352646445,25.698746349754018
0.9728,0.9703,0.9809,0.9817,0.9814,0.9179,3.471197839690187,4.394832569156506,4.80417967925249,4.40806329096062,0.9414,15.98506576477866,0.9751,0.9752,0.9862,0.9991,0.9527,3.140012578768058,0.9991,3.9755237776832217,6.413980463331913,5.175043536539158,0.9451,0.9772,0.98,0.9844,0.9217,5.338641546026552,0.9844,6.75917560020826,8.47744885069901,8.08080183978447,0.9632,0.97,0.9758,0.9733,0.9121,3.834905760399864,0.9733,4.855317822206142,5.437745417514914,5.103563903252564,0.9747,0.9802,0.9861,0.993,0.9603,6.189658107475935,0.9932,7.836635161396263,7.529340981144342,7.289792751001546,0.9421,0.983,0.9888,0.9905,0.9906,0.9034,0.5288991836932044,0.669631483321805,0.7229737622997812,0.6868399481945986,0.9336,0.9636,0.9738,0.9752,0.9037,8.626721101930242,0.9753,10.922164801524698,11.233390190488446,10.14439701092322,0.9737,0.981,0.9934,0.9946,0.9642,6.590817111853583,0.9946,8.344536681064941,12.566181508606345,11.16731616561454
0.9755,0.9703,0.9791,0.9784,0.9781,0.925,3.545000275701067,4.488272748726523,4.620403371219831,4.3918625530511,0.9331,15.530266845174244,0.9267,0.9518,0.9582,0.9682,0.8904,2.3063884527233585,0.9685,2.92008452334707,2.9148502519987307,2.828853551521073,0.9355,0.9687,0.9707,0.9742,0.9116,4.766765931783106,0.9744,6.035132289784963,6.769520575180607,6.6719984060182425,0.9244,0.9391,0.953,0.9478,0.8499,3.1496087113150755,0.9477,3.987673300068077,4.637368980797464,4.303319175602535,0.9721,0.9794,0.9798,0.9954,0.957,5.884931851463016,0.9954,7.450825727174491,8.194683166772634,8.095772326686513,0.9203,0.9442,0.9505,0.9727,0.9724,0.8808,0.4673878974225021,0.591752947796639,0.5903745920388839,0.580398884754059,0.9673,0.9862,0.9872,0.9869,0.9443,11.165214609700772,0.987,14.13611412385373,12.7425547919973,12.443955971639832,0.9959,0.9889,0.9917,0.9997,0.9935,19.304241883277903,0.9997,24.44081693686377,53.26725843486695,32.9670244449705
0.9678,0.9807,0.9865,0.9843,0.9843,0.9099,3.4101530443072754,4.317544650888426,5.12435528828782,4.927516587710166,0.9163,14.569696025691528,0.9502,0.9678,0.979,0.9751,0.9229,2.5163046091306027,0.9756,3.185856283867941,3.212022152325414,2.9818998436219526,0.9114,0.9478,0.9563,0.9722,0.8856,4.155289704595481,0.9722,5.260951225317325,6.60639877972547,5.996932265020038,0.9724,0.9802,0.9807,0.9856,0.9294,4.118570580511803,0.9855,5.214461681970453,5.673328716286225,5.645642712867565,0.9636,0.9712,0.9851,0.985,0.9464,5.402540678649531,0.985,6.840077352906224,6.161075182044036,5.998239918383144,0.9427,0.9651,0.9696,0.974,0.9734,0.9043,0.5346405545303958,0.6769005485587049,0.5958275485730047,0.5877753316892611,0.9646,0.9886,0.9971,0.9965,0.9398,10.4900076665164,0.9965,13.281244536503408,17.39709916506928,14.894823901155457,0.9793,0.9867,0.9886,0.9967,0.9718,7.702034915827166,0.9967,9.751433211274108,16.801280288934482,13.295356770324029
0.9657,0.956,0.9664,0.9709,0.9711,0.9063,3.329325502586989,4.215210088226657,4.2320691297057085,3.9855694068400456,0.9088,14.257441477218832,0.9461,0.9619,0.9647,0.9829,0.9175,2.4951203920976024,0.9833,3.1590352580237275,3.3693512633939164,3.2654272960955417,0.9563,0.979,0.9884,0.9899,0.9395,6.035521282046874,0.9899,7.641484792046387,9.998856025230909,8.784312187391164,0.9695,0.96,0.9631,0.9703,0.9199,4.008074215251451,0.9706,5.074563857862867,5.461437202970913,5.148206173001231,0.9663,0.9602,0.9613,0.9979,0.9504,5.477993797432833,0.9979,6.935607437674566,9.890963583643444,9.14951274991267,0.9767,0.9914,0.9981,0.9987,0.9987,0.9441,0.6465067637705538,0.8185327119967307,0.8410185865746819,0.8153095827361324,0.9661,0.9868,0.9923,0.9981,0.9407,11.28561163644588,0.9981,14.288547029958623,19.0324991608544,16.171924039895508,0.9308,0.9565,0.9758,0.9877,0.9111,3.4656205262397544,0.9877,4.387771214565855,8.20669198622343,6.331256964275467
0.9698,0.9642,0.97,0.9739,0.974,0.9141,3.452938763631679,4.371715021309738,4.399567835977549,4.295625965262886,0.9413,16.261067706614263,0.9804,0.9914,0.9983,0.9989,0.9607,3.356627503768081,0.9989,4.249776750668612,6.100038052253541,4.76057660098597,0.9689,0.9854,0.997,0.9987,0.953,7.507343062307274,0.9987,9.50493671688961,18.022061491923623,13.145643053543818,0.9564,0.9569,0.9675,0.9667,0.899,3.67597640256006,0.9661,4.654099698006156,5.046522434710257,4.744508006896592,0.9524,0.9546,0.9711,0.986,0.9322,4.580965597430657,0.986,5.799893217141039,6.357231706905378,6.118974817012192,0.9117,0.9582,0.963,0.9606,0.96,0.87,0.4652801290670845,0.5890843332594007,0.5612621290656236,0.5506163651239881,0.9696,0.9786,0.98,0.9935,0.9466,11.520368627162489,0.9935,14.585769405716558,15.16816822507154,14.531040730709588,0.9648,0.9882,0.9925,0.9923,0.9545,5.313413141138391,0.9923,6.727234287557451,10.414732409253904,8.412751211743489
0.973,0.9834,0.9868,0.9876,0.9877,0.9192,3.485122025107927,4.412461775672238,4.937884172942536,4.83241895923242,0.945,16.27712218383345,0.9767,0.9848,0.9886,0.9897,0.9557,3.163764631440891,0.9899,4.005595902491931,3.9773506208906895,3.701533540106,0.9625,0.9834,0.9899,0.997,0.9466,6.782561139735192,0.997,8.58730097673256,15.38814767058104,11.89353665123668,0.9845,0.9958,0.9976,0.9967,0.9526,4.595915456427438,0.9969,5.818821013901023,8.237486733230327,7.147435085500286,0.9304,0.9693,0.9811,0.9806,0.9067,3.8849982982588696,0.9806,4.918739248186896,5.751995093132066,4.845420033258582,0.9795,0.9783,0.9924,0.9903,0.9902,0.9498,0.6369782916081741,0.8064688534304714,0.718232200409958,0.6703263955526327,0.9729,0.9811,0.99,0.9942,0.9514,11.700637400721655,0.9944,14.814005050536627,15.591462068182851,14.980765562121675,0.9642,0.9564,0.9622,0.9905,0.9531,5.250595955183746,0.9907,6.647702371635058,9.521876831901924,8.498240241664842
0.97,0.9545,0.9641,0.9721,0.9712,0.9134,3.423216862720475,4.334084559384394,4.332902012519135,4.052273829162709,0.9464,16.38764698421192,0.9597,0.9547,0.9603,0.9843,0.9325,2.798630807439318,0.9844,3.543305334240715,3.404501704952543,3.321521279342445,0.9641,0.9768,0.9889,0.9921,0.9489,6.752352616983972,0.9921,8.54905441004738,10.823858224525829,9.753830389601612,0.9796,0.9908,0.994,0.9921,0.9424,4.357725298466274,0.9927,5.517251955551504,6.777717922680461,6.418099547420481,0.9658,0.9725,0.9754,0.996,0.9497,5.513783135503224,0.996,6.980919792614942,8.464530498079576,8.179430563492229,0.9476,0.9638,0.9661,0.9716,0.9713,0.9127,0.5200446622207116,0.6584209038190587,0.5773827395918014,0.5719651000640805,0.9675,0.9817,0.9882,0.9936,0.9457,10.7166835714392,0.9938,13.568235568304308,15.410986747459289,14.017877847291254,0.8981,0.9326,0.9412,0.9487,0.8746,2.3544550972816367,0.9488,2.980940995594024,3.551949569523173,3.2447938858718133
0.9738,0.9784,0.986,0.985,0.9851,0.9218,3.505503477968934,4.438266433596396,4.834850903311615,4.569493235828711,0.9627,17.97751457204755,0.9582,0.9814,0.9872,0.9954,0.9309,2.723886994027792,0.9955,3.448673290579024,4.696691969174133,3.873649061768564,0.9951,0.9987,0.9989,0.9999,0.9909,16.52338551162239,0.9999,20.920015554540715,39.230865652419965,32.45361907001087,0.9886,0.9987,1.0,0.9997,0.9631,4.82824874106308,0.9997,6.11297477101069,13.5851781999549,9.15600848676358,0.9761,0.9776,0.9811,0.9989,0.9609,6.575894049573803,0.9989,8.325642811234525,11.721114983768643,9.525881711823308,0.9641,0.9768,0.9853,0.9967,0.9965,0.9318,0.5776781270452881,0.7313897866030464,0.7958438578194809,0.6748157205836793,0.973,0.9851,0.9928,0.9994,0.9514,11.875494625877156,0.9994,15.035389213455534,22.08200444210066,17.41705999281277,0.9665,0.9783,0.9846,0.9899,0.9559,5.479490275329471,0.9899,6.937502106345987,9.42212797257481,8.50326583694442
0.9851,0.9864,0.9875,0.9921,0.9921,0.9428,3.90929898055337,4.949505984896471,5.702223609275735,5.096388293409181,0.9258,15.00286027151445,0.9415,0.9582,0.9618,0.9617,0.91,2.5344730998480696,0.9622,3.208859142945737,2.8289046031172767,2.76411882061637,0.9693,0.981,0.993,0.9969,0.9547,7.226811990276106,0.9969,9.149760449514137,15.278079793868466,12.623469894844684,0.9588,0.9548,0.9665,0.9709,0.9029,3.726389099770199,0.9716,4.717926473036046,5.281187091264104,4.765273630293066,0.9347,0.9404,0.9593,0.9657,0.911,3.844654686812331,0.9657,4.867660794658453,4.706357630593618,4.426847433871832,0.9487,0.955,0.9624,0.9598,0.9595,0.9135,0.5220276399369111,0.6609315227620125,0.5612056356200894,0.5445078859410879,0.9418,0.9493,0.9566,0.9805,0.9132,9.084254423506076,0.9809,11.501441015673098,11.894142995692016,11.141073002559864,0.9781,0.9721,0.9815,0.9967,0.9707,7.465603874672708,0.9967,9.45209134486008,16.797669100807475,12.731015367656884
0.972,0.9631,0.9676,0.975,0.9748,0.917,3.4599694623098443,4.380616485577037,4.259600491507463,4.151624650965999,0.9464,16.347948957440387,0.968,0.9748,0.9792,0.9809,0.9429,2.903073909509648,0.9813,3.675539210787317,3.3452492314129167,3.201008376350666,0.9446,0.9786,0.9858,0.9857,0.9217,5.186879334525408,0.9857,6.567031694653176,8.848646208750294,7.725276112202736,0.9707,0.9874,0.9906,0.9908,0.9247,4.051411389701862,0.9908,5.129432417514563,6.887398991505558,6.0667361636478425,0.9484,0.9576,0.9837,0.9824,0.926,4.431086700906585,0.9824,5.610133748999627,5.905428646468081,5.287224453805763,0.9575,0.9824,0.9931,0.9911,0.9911,0.9211,0.5571350041893467,0.705380440674342,0.735336366345622,0.6569814193489141,0.9443,0.9536,0.9569,0.9606,0.917,8.964772431876039,0.9607,11.35016662207926,9.456408169956283,9.431472039609856,0.9598,0.9714,0.9844,0.9911,0.9462,5.041707213822015,0.9911,6.383231406203545,9.6450369597576,8.715469789803905
0.9839,0.9884,0.9916,0.9926,0.9925,0.9421,3.760867053558066,4.761578503609537,6.081026192535481,5.3970305810558346,0.9376,16.07128209479253,0.9754,0.9867,0.9912,0.9973,0.9528,3.202064470462044,0.9973,4.05408676578961,5.24296243477817,4.939846316584604,0.963,0.9845,0.9917,0.9965,0.9475,6.830090743985406,0.9965,8.647477510138275,14.954441413305108,11.594949779486251,0.9667,0.9811,0.9881,0.9846,0.9179,3.913311460228434,0.9856,4.954586126442256,6.067390555557122,5.625433716570545,0.971,0.9802,0.9836,0.9984,0.9548,5.908512608329309,0.9984,7.480680976880051,10.86445552494386,8.42408391557158,0.9805,0.9678,0.9892,0.999,0.999,0.9535,0.6226911379809733,0.7883800981992315,0.8599343609354255,0.7553280330999091,0.9481,0.9711,0.9812,0.9788,0.9213,9.25538296192278,0.9788,11.718104343111966,11.763125358740645,10.9864176589034,0.9728,0.9902,0.996,0.9958,0.963,6.461959174353666,0.9959,8.181391540202123,13.874651143689965,11.077740816215735
0.9809,0.9888,0.9943,0.9907,0.9904,0.9348,3.675036226365624,4.6529093547440095,5.351561774010632,5.004261532685,0.9705,18.92870739679685,0.9728,0.9841,0.9884,0.9984,0.9488,3.117282542769989,0.9984,3.9467456131660046,5.695773535199798,4.630323859151479,0.9692,0.9781,0.9868,0.998,0.9545,7.355445141735143,0.998,9.312620992074246,16.536760030628354,13.3494762381644,0.9456,0.9623,0.9713,0.9668,0.8838,3.482797831748429,0.9677,4.4095191486181,5.173884660830224,4.883867278096943,0.97,0.9835,0.9867,0.9974,0.9543,5.646362804485771,0.9974,7.148776963010189,9.314420958330372,8.400907242819672,0.9902,0.9927,0.9972,1.0,1.0,0.9725,0.7315510222621074,0.9262059977901452,0.9215765788372134,0.9204099873523824,0.9506,0.9572,0.9658,0.9907,0.9233,9.498109475387269,0.9907,12.025416814494104,14.138163103901691,12.412013185431372,0.9249,0.9667,0.9742,0.9753,0.9024,3.1447680790889314,0.9754,3.981544646748604,5.431479736262299,4.983854783821825
0.9554,0.9671,0.9798,0.975,0.9757,0.8842,3.1588732008067795,3.999402934054708,4.694737048393447,4.298669271778257,0.9169,14.473204343067104,0.9515,0.9826,0.9891,0.9922,0.9226,2.659995059361175,0.9922,3.3677806511078225,4.1677788122703205,3.6389544939648575,0.9827,0.988,0.9949,0.9997,0.9741,10.222415016285664,0.9997,12.94244941481541,25.741031498627937,17.678899719150778,0.976,0.9904,0.9967,0.9942,0.9367,4.214246499219011,0.9942,5.335595556510988,7.714372630275438,6.532203294994407,0.9532,0.951,0.9557,0.9939,0.9338,4.765588687431252,0.9939,6.033641798012866,7.778460314198842,6.801107499925132,0.9472,0.9602,0.9625,0.9767,0.9763,0.913,0.5088887474126292,0.6442965640373562,0.5870734827121632,0.5852048149181155,0.9682,0.969,0.9737,0.9909,0.9457,11.150980102689967,0.991,14.11809202372977,14.30037859122068,12.887887020224056,0.9327,0.9605,0.9671,0.9794,0.9137,3.3767063624110456,0.9794,4.275198298500488,6.090395700572622,5.380048517761924
0.9892,0.9804,0.983,0.9907,0.9913,0.9507,3.953946160244231,5.00603312293015,4.806271500057082,4.7277276873456575,0.945,16.253670351580244,0.9463,0.9666,0.97,0.982,0.9175,2.5346191072995814,0.9823,3.2090440008342465,3.334567162973872,3.241720295264276,0.9641,0.9812,0.9882,0.9938,0.9494,6.44911637710878,0.9938,8.165131463359042,11.896467847304386,9.471839914314325,0.9541,0.9512,0.9552,0.9647,0.8979,3.652010518996759,0.964,4.623756845049665,4.967063853604781,4.886788578176241,0.9583,0.9499,0.9637,0.9899,0.9409,4.87185747137625,0.9899,6.168187143549211,6.83421863273621,6.443028578890059,0.9846,0.9874,0.9914,0.9962,0.996,0.9614,0.647002433069636,0.8191602716115213,0.7797282756392198,0.7479595615544579,0.9781,0.9907,0.9929,0.9938,0.962,12.090096844703815,0.9939,15.307093928735272,15.49545236486411,14.46263317100345,0.977,0.982,0.9877,0.9971,0.9682,7.180149204991928,0.9971,9.090681382861812,18.106281453833056,12.458620036528496
0.9601,0.9711,0.9755,0.975,0.9746,0.8946,3.2308631868466198,4.090548397353697,4.564582260612444,4.457692526762966,0.9227,14.743391715480332,0.944,0.9849,0.989,0.9962,0.9129,2.645089909218597,0.9962,3.348909459571068,4.90392781389507,4.392789029621065,0.9612,0.9844,0.9909,0.9924,0.9463,6.454142564506686,0.9925,8.171495045354407,11.030265421991237,9.538673482977009,0.9597,0.9757,0.9849,0.9845,0.9093,3.790724954850964,0.9842,4.799381153619367,5.93312987898452,5.315651059944951,0.9452,0.9724,0.982,0.9862,0.9226,4.371983199293863,0.9862,5.53530367424308,6.38779094095447,5.868782504929968,0.9731,0.9781,0.982,0.9868,0.9867,0.9427,0.5776466114491743,0.7313498851699871,0.6632863155006137,0.6474599870415384,0.9251,0.9706,0.9769,0.9767,0.8927,8.520198070900584,0.9768,10.787297557491096,11.48676558797788,10.853989691082926,0.9869,0.96,0.9815,0.9973,0.9824,10.052515665012494,0.9973,12.727342343153794,19.354817762281098,17.584920924306445
0.9277,0.9508,0.9681,0.9604,0.9618,0.8423,2.837268302352648,3.592223698701001,4.330126077074612,3.881852472961052,0.9719,19.03303159363277,0.9744,0.9775,0.9809,0.9879,0.9534,2.9091693988344414,0.988,3.683256620236943,3.722596104225894,3.5080412779222025,0.9803,0.9674,0.9869,0.9963,0.9714,9.013707178274638,0.9963,11.41212218530788,14.53056644116445,14.400595625895717,0.9475,0.9667,0.9729,0.9693,0.8874,3.5091784439071905,0.971,4.442919253960397,5.211085154032987,4.955045581296295,0.9791,0.9938,0.9963,0.9984,0.9663,6.359203470742795,0.9984,8.051294054045599,11.008931337935932,9.80537550743134,0.9598,0.98,0.9872,0.9866,0.9862,0.9248,0.5603285595371417,0.7094237541649799,0.6714443100656985,0.6431474552351284,0.9517,0.9774,0.9868,0.9884,0.9251,9.706681989372193,0.9887,12.28948740909139,13.321618018508412,12.911776408838625,0.9744,0.9836,0.9892,0.9895,0.9647,6.472509640929804,0.9895,8.194749330875544,9.2164706562822,9.128778279771067
0.9754,0.9779,0.9824,0.9853,0.985,0.9204,3.573782649019277,4.524713688574476,4.690349412446622,4.556647678799091,0.9028,13.844803316472156,0.9618,0.9644,0.966,0.989,0.9351,2.819905225740388,0.9893,3.570240562584757,3.726594593981605,3.6772850020536327,0.9749,0.9886,0.9925,0.994,0.9624,8.172665430483876,0.994,10.347291589094716,12.065052452181597,11.71501611449714,0.9546,0.9794,0.981,0.9809,0.8976,3.689298046179159,0.9808,4.670966035206095,5.854508597157992,5.618226470477326,0.9647,0.9664,0.9736,0.9938,0.9491,5.279776728784658,0.9938,6.68464772022571,7.801614655084309,7.108603011401842,0.9618,0.983,0.9928,0.9967,0.9967,0.9275,0.5698241880792647,0.7214460299063301,0.7980184358233056,0.7102300162177598,0.9677,0.9754,0.9827,0.9892,0.9455,11.109499912765989,0.9892,14.065574564895162,13.410980412037404,13.12385597378043,0.9647,0.9816,0.9929,0.9949,0.9532,5.530729522287622,0.9949,7.002375363864156,12.898502034802524,9.669057708853474
0.9814,0.9727,0.9758,0.9848,0.9846,0.9344,3.715267265059868,4.703845281565236,4.908622807188626,4.733501626108555,0.9326,15.510519249617053,0.9461,0.9792,0.9823,0.982,0.9158,2.620198270503704,0.9823,3.3173945216228304,3.38255385166505,3.287494026440388,0.9587,0.9832,0.9884,0.9895,0.9425,6.167226214439774,0.9895,7.808234471301354,9.672849688262511,8.974332425827184,0.9661,0.9661,0.9845,0.9782,0.9191,3.926190404246466,0.9778,4.970891968183573,5.790835231509545,5.013938718463876,0.9674,0.9964,0.9972,0.9974,0.9509,5.7284395536746455,0.9974,7.252693128888521,9.27797783739952,8.589521566059446,0.9378,0.9583,0.9631,0.9713,0.971,0.8999,0.5048675540936094,0.6392053902750219,0.579362880690787,0.5747447841106883,0.941,0.9697,0.9814,0.9884,0.9128,9.095255950428456,0.9884,11.515369887221729,13.298145955072156,12.789976529052687,0.9558,0.9804,0.9825,0.984,0.9424,4.4523749422844965,0.984,5.637086478538103,7.00425597826501,6.589456396286463
0.9841,0.984,0.9867,0.9908,0.9906,0.9427,3.78736390446272,4.795125777119667,5.249393767780365,4.91136873136832,0.9128,14.37848069186283,0.9519,0.9661,0.9818,0.9875,0.9239,2.5132773109840487,0.9877,3.1820234661763367,3.71189884903598,3.2673468735722704,0.9162,0.9415,0.9543,0.9591,0.8935,4.063553599350353,0.9593,5.144805490698281,5.673271895332068,5.125530708365681,0.9533,0.9465,0.9477,0.9616,0.8948,3.6176190041700766,0.9616,4.580214253574551,4.441907052953124,4.428827630224212,0.954,0.9825,0.9842,0.9894,0.9356,4.828374098662302,0.9894,6.113133484424703,6.71117526743462,6.53663796932007,0.9553,0.9817,0.9913,0.9937,0.9937,0.9189,0.5488985718397913,0.6949524147261836,0.7594498793053668,0.7150351884188724,0.9792,0.9793,0.989,0.9964,0.9627,12.534421018812855,0.9964,15.869646235408826,17.15525732469971,15.725255507692594,0.9887,0.9674,0.9719,0.9988,0.9844,11.450637152957988,0.9988,14.497483411059282,30.19550181717944,20.09975474688417
0.9752,0.9666,0.9708,0.9767,0.9758,0.9214,3.538462518450792,4.47999539035639,4.330780602320838,4.218325380194544,0.967,18.270269792778173,0.9594,0.9725,0.976,0.9776,0.9317,2.7925366519632133,0.9781,3.5355896135573097,3.1862975411911587,3.079651902158855,0.9338,0.9515,0.9591,0.9633,0.9098,4.690809436185589,0.9634,5.938964887030197,5.765205113542585,5.691192785772883,0.9782,0.9823,0.9861,0.9861,0.9402,4.294326820385802,0.9861,5.436984074211764,6.500680644408951,6.123140614530594,0.9715,0.9929,0.9951,0.9954,0.956,6.045249468271004,0.9954,7.653801505651061,8.200842548978166,8.00125614712941,0.9594,0.9332,0.9443,0.9743,0.9739,0.9241,0.5548099342916584,0.702436703848083,0.6039387345962854,0.5749740276351394,0.9743,0.9828,0.9867,0.9988,0.9531,12.011125110169498,0.9988,15.207108976277135,20.4193314675375,17.027420949550223,0.9462,0.9598,0.9708,0.9812,0.9304,3.98347116150857,0.9812,5.043414293106403,6.303600274815132,6.130952305037084
0.9703,0.9885,0.9962,0.9916,0.9918,0.9131,3.4127596211638407,4.320844799538053,5.54900520975984,5.037830970260023,0.9182,14.7935578965417,0.974,0.9922,0.9946,0.9959,0.9511,3.0379159419481727,0.9959,3.84626072630456,4.810669814496628,4.365954638301375,0.9648,0.9837,0.9899,0.9969,0.949,6.999569401451118,0.9969,8.862051947553145,15.183838837859517,12.83560976186962,0.9758,0.9837,0.9839,0.9886,0.9378,4.244018291205067,0.9885,5.373289184792961,5.946557758846247,5.915696499894867,0.9775,0.9968,0.9981,0.9991,0.963,6.626945149694553,0.9991,8.390277858807027,12.056768070087324,11.494910622553167,0.9737,0.9457,0.9635,0.9949,0.9949,0.9415,0.6127050042535267,0.7757368010516242,0.73563992778677,0.7310156620233066,0.9656,0.9893,0.9939,0.9977,0.9414,10.87731909298114,0.9978,13.771613841292336,18.48929793792771,15.779704718495244,0.9934,0.9783,0.988,0.9995,0.9895,15.42951748169678,0.9995,19.535085318266653,42.43123859252213,25.973046060547205
0.9803,0.9728,0.981,0.9834,0.9831,0.9329,3.695113920188275,4.678329427814006,4.712274832844104,4.471908779971631,0.945,17.03975219860384,0.9587,0.957,0.9614,0.9758,0.9313,2.684929968220824,0.9762,3.3993503727504004,3.014730306287976,2.933628115309677,0.9426,0.9423,0.9476,0.9717,0.9204,4.897520988250314,0.9718,6.200679345090595,6.581295747383327,6.272409839823856,0.9664,0.9815,0.9889,0.986,0.9186,3.979917250785866,0.9862,5.038914738971683,6.196233508244498,5.565586926803894,0.9559,0.9866,0.9951,0.9972,0.938,4.8293101849294295,0.9972,6.114318649489994,9.065530137235148,7.09389503628237,0.9782,0.9801,0.9816,0.9941,0.9938,0.9473,0.6359584841333441,0.8051776901745469,0.7296809722407467,0.7166507754414062,0.9672,0.984,0.9975,0.9985,0.944,11.200294739354788,0.9985,14.18052856044126,19.52260555198361,17.8083108363412,0.9758,0.9851,0.9924,0.9965,0.9669,6.931430087327781,0.9965,8.77578176337489,16.109277191992394,11.79579178985087
0.9677,0.9638,0.9687,0.9757,0.9746,0.9073,3.4258577801668557,4.337428186150087,4.295499468457858,4.194897987548339,0.9208,14.96814568894365,0.9697,0.9765,0.9818,0.9921,0.9449,2.9252893109770883,0.9922,3.703665804088813,4.153815803500328,3.710375946413199,0.9728,0.9898,0.9964,0.9969,0.9608,7.702970877740844,0.9969,9.752618218897322,15.306723673659304,12.8830660294746,0.9685,0.9747,0.9842,0.9794,0.9193,3.983289905788478,0.98,5.043184807903085,6.195343778045408,5.462828902502634,0.9667,0.9926,0.9951,0.9951,0.9508,5.576783992231236,0.9952,7.060684251404113,7.969790922688808,7.952854761208245,0.96,0.9632,0.9804,0.9846,0.9845,0.9261,0.557078915600179,0.7053094277359224,0.6522675127367104,0.6333848721251429,0.9625,0.9845,0.9968,0.9965,0.9378,10.41505689522142,0.9965,13.1863504665071,17.26818725125844,14.148033232213193,0.9184,0.9674,0.9791,0.9791,0.896,2.9643306131295497,0.9791,3.753095422959868,6.05854290516704,5.054896103005066
0.9645,0.9729,0.9817,0.9805,0.9793,0.9016,3.2918635245688206,4.16778002843094,4.677633933680983,4.4492290563270736,0.9579,17.819523545620413,0.9729,0.9718,0.978,0.9799,0.9502,2.9724086190134456,0.9801,3.763322867488224,3.252980478555342,3.162408712431986,0.9689,0.9741,0.9836,0.9844,0.9545,6.894816355381538,0.9845,8.729425655464292,8.256845064202743,8.194300435641281,0.9533,0.9521,0.9558,0.9661,0.8948,3.718582931622589,0.9659,4.708043198270443,5.218898948168937,4.879732383704521,0.9548,0.9803,0.9893,0.9908,0.9373,4.751019824173284,0.9909,6.015196374358355,7.092741944692483,6.466535543047858,0.9623,0.9656,0.979,0.9901,0.99,0.9286,0.5708789941225556,0.722781504335414,0.7063375304975429,0.6547135762873983,0.9476,0.9749,0.9782,0.9792,0.9199,9.566839252538813,0.9793,12.112434575234424,11.401870452508756,11.321725741045134,0.984,0.9873,0.9927,0.9973,0.9774,9.13964408489036,0.9973,11.571569051898177,19.36072279475607,17.813378979586368
0.9671,0.9689,0.9764,0.9791,0.9781,0.9061,3.339386890421543,4.227948663493274,4.581593008525449,4.314792476501021,0.9386,15.80569932886581,0.9433,0.9787,0.9893,0.989,0.9128,2.54596270375995,0.989,3.223405961597579,3.910520387534077,3.316958972950881,0.9078,0.9526,0.9567,0.9644,0.8816,3.953108084371851,0.9647,5.004972047385206,5.964069026261627,5.715510422459536,0.9665,0.9771,0.9802,0.981,0.9209,3.961208786945617,0.9797,5.015228227859038,5.592098075403617,5.436455550859058,0.9567,0.9718,0.9743,0.9859,0.9391,4.867910312744502,0.986,6.163189704016354,6.339398271613583,6.076109148375828,0.9656,0.9329,0.951,0.9762,0.9758,0.9349,0.5767343022756429,0.7301948239334504,0.5910880956487027,0.5797661314058591,0.958,0.9914,0.9961,0.9994,0.9314,10.570131598415353,0.9994,13.38268826911123,22.155823071040647,16.067546440795017,0.9602,0.9604,0.9633,0.9911,0.9469,4.980995357617186,0.9912,6.306365017335677,9.635045533911017,8.754708762773665
0.9742,0.9732,0.9772,0.9812,0.9813,0.9221,3.510923460904496,4.445128594334433,4.535008210864008,4.406890709595969,0.9461,16.327960281014498,0.9478,0.9722,0.9776,0.9951,0.9176,2.6214106381783218,0.995,3.318929482517677,4.558005007309728,3.824887224699912,0.9857,0.9917,0.9993,0.9997,0.9784,10.728909082833097,0.9997,13.583714108603605,25.77982873896892,18.27047060018854,0.9662,0.9877,0.989,0.9884,0.917,3.908125519789702,0.9886,4.948020283469767,6.223927996771832,6.157646761721031,0.9619,0.9797,0.9842,0.9978,0.9442,5.376183468034466,0.9978,6.806706875914468,9.589475259162604,7.748833195122507,0.9389,0.9836,0.9863,0.9873,0.9873,0.9013,0.5075326225374085,0.6425795942636037,0.6616020310662873,0.6580188911565252,0.9558,0.9809,0.9914,0.9913,0.9309,9.887588597895745,0.9914,12.518530607385705,14.50769967079292,13.315997928614,0.9853,0.9936,0.9948,0.9977,0.9796,9.85196255295646,0.9977,12.473424995478728,21.08038101727628,17.760776004945413
0.9789,0.9756,0.9772,0.983,0.9834,0.9303,3.6282523262432784,4.593676946375088,4.529432034696599,4.483051034431359,0.9216,15.014771866102336,0.9522,0.9722,0.9817,0.9899,0.9236,2.618030739316219,0.9904,3.3146502422422364,3.935670411161156,3.3804980744634263,0.9521,0.9745,0.9837,0.9899,0.933,5.648049422757446,0.9899,7.150912365615979,9.971285964113704,8.742290065621809,0.9724,0.9703,0.973,0.977,0.9286,4.1065285753260286,0.9771,5.199215476184291,5.57210153575349,5.465175845043994,0.9696,0.9848,0.994,0.9983,0.9532,5.858885572532891,0.9983,7.417848916219325,10.63616312202119,8.135795737341164,0.9783,0.9768,0.9871,0.9915,0.9913,0.9504,0.6073207356230608,0.7689198576703817,0.7418593625041985,0.684462277326529,0.9793,0.9798,0.9924,0.9986,0.9624,12.882645821282257,0.9986,16.310528540007518,19.637801894555277,19.14657570400849,0.978,0.9724,0.9849,0.9956,0.9706,7.439526637844551,0.9956,9.419075338565198,13.52645412716995,12.226525844116544
0.9723,0.9776,0.9873,0.9847,0.9849,0.9169,3.46141324397223,4.38244443632074,4.969932847054288,4.55256201627714,0.9337,15.593155009134549,0.9613,0.9932,0.9973,0.9984,0.9339,2.9156557088847768,0.9984,3.691468842063345,5.732995763851003,4.43730244722724,0.9319,0.9616,0.9658,0.9688,0.9066,4.622637388006041,0.9689,5.852653258744462,6.201390646786035,6.068750265065297,0.9689,0.9755,0.9816,0.9818,0.9229,4.027011471557063,0.9821,5.098540039753379,6.0291129866807465,5.419900962634166,0.9753,0.9914,0.9941,0.9996,0.9606,6.223190542178189,0.9996,7.879090084151611,13.178593287466844,9.807606150184242,0.9846,0.9814,0.9896,0.9985,0.9985,0.9613,0.6473544127834641,0.8196059079542055,0.8386417157549386,0.7929471997790136,0.9587,0.9715,0.9802,0.9926,0.9332,10.27778714869977,0.9929,13.012555257868968,14.398498505860696,14.26755764686148,0.97,0.9637,0.9846,0.9932,0.9593,5.891465085444074,0.9932,7.459097358699948,11.104427156360648,9.120033347819886
0.9696,0.9639,0.9688,0.9774,0.9764,0.9135,3.426476733649756,4.338211834058121,4.6299490479635255,4.410527660877824,0.9573,17.545608444941216,0.936,0.9679,0.9691,0.9701,0.9032,2.394908064419884,0.9702,3.032157902756553,2.960059406651593,2.9362952633065915,0.9447,0.9804,0.9846,0.9837,0.9214,5.356458840895099,0.9838,6.7817338153832125,8.426436253731904,8.086443476790722,0.9495,0.9614,0.9685,0.9675,0.8898,3.5569329525911533,0.969,4.503380535564295,5.071353772412152,4.791756295253446,0.9574,0.96,0.9666,0.9902,0.9404,4.952334308968284,0.9903,6.270077684868446,6.845595450740758,6.7656615385091445,0.9428,0.974,0.9848,0.9959,0.9958,0.9025,0.5590200677058423,0.7077670918880805,0.7758923473663912,0.7081144202169125,0.973,0.9802,0.9929,0.9933,0.9521,11.506825297419706,0.9933,14.568622394973511,14.980016952246173,14.439223288637445,0.9467,0.97,0.9803,0.9809,0.9308,3.882140244853451,0.9809,4.915120708774679,6.286399092706224,5.211397426224421
0.9809,0.9612,0.9704,0.9786,0.9769,0.9365,3.686367221120847,4.667255360673662,4.528245432857107,4.201855847237439,0.956,17.210088652850636,0.9645,0.9581,0.968,0.983,0.9393,2.7755539991426907,0.983,3.5140881264127533,3.4331801132476456,3.1663031162504103,0.9893,0.9948,0.9985,0.9996,0.9818,11.435208548510523,0.9996,14.47794948172024,25.29893011081179,19.07337663193022,0.9794,0.9799,0.9824,0.985,0.9454,4.42000866509013,0.9854,5.596108010664648,6.007751639378412,5.821272479875072,0.9275,0.963,0.9902,0.9936,0.9027,3.903103424576345,0.9937,4.941661882529118,7.627229689516589,5.834013920840625,0.9824,0.9904,0.9937,0.997,0.997,0.9562,0.6478575486910189,0.8202429209322474,0.8049286032405514,0.7694231428629078,0.9741,0.9812,0.9897,0.9955,0.9534,11.68291967752852,0.9956,14.791572901596524,16.31798006481138,15.545777392090145,0.9482,0.9606,0.9705,0.9849,0.9335,4.12197843042197,0.9849,5.218776310657055,7.376744404545817,6.19774081951401
0.9798,0.9948,0.9988,0.9975,0.9976,0.9333,3.6515297022136535,4.623148089987068,6.309078932379265,5.363685105843587,0.8972,13.79151885931049,0.9729,0.9876,0.9936,0.9991,0.9488,3.127772289113188,0.9991,3.9600265268448966,6.458577807054579,4.779869581492917,0.9283,0.9512,0.9564,0.9681,0.903,4.592240639084317,0.9682,5.814168381671139,6.182330862794742,5.862262918013326,0.9539,0.9667,0.9739,0.9724,0.8956,3.625681451193227,0.9723,4.590421999257984,5.232879766477325,5.020491608772236,0.9396,0.9455,0.9622,0.9816,0.9154,4.140541339808843,0.9816,5.242278537415473,5.845128315249409,5.115346437638596,0.9692,0.9722,0.9834,0.9873,0.9872,0.9366,0.5924387813381649,0.7500780340681307,0.6695951860963569,0.6440520078614604,0.9555,0.981,0.9868,0.9972,0.928,10.54492187295181,0.9972,13.350770606205405,17.69934122154372,14.98758661568125,0.9558,0.9798,0.9828,0.9856,0.9424,4.525329086408393,0.9856,5.7294526482172285,7.550532777674115,7.289811609868809
0.9762,0.967,0.9766,0.979,0.9782,0.9258,3.554999568237214,4.500932706048434,4.510257649012253,4.255957144104345,0.9601,17.56503686435037,0.928,0.9809,0.989,0.9879,0.891,2.3281372540377863,0.9879,2.947620361052388,3.7962073044803457,3.316773561823197,0.97,0.9921,0.9964,0.9969,0.9548,7.465362591540319,0.9969,9.451785859832263,15.306700319172586,12.95102611878997,0.9258,0.9374,0.9649,0.9578,0.8544,3.1765043259798,0.9564,4.021725442514261,5.285324842783068,4.4609527396903,0.9495,0.9693,0.9745,0.9907,0.9261,4.77615514523372,0.9907,6.047019834942922,7.026553289381024,6.861043644471107,0.9772,0.9921,0.9934,0.9993,0.9991,0.9446,0.6536746326010946,0.8276078453779827,0.8784482314196511,0.817918829486603,0.9617,0.9894,0.9932,0.9947,0.9356,10.542215274160448,0.9949,13.34734382125414,15.874708762367511,15.159578064540383,0.9766,0.9888,0.9957,0.9962,0.9681,6.85354665824406,0.9962,8.677174698453095,15.16091567356686,10.761741979449509
0.9665,0.9639,0.9799,0.9761,0.9758,0.9062,3.337049421864679,4.224989228906855,4.668816612207418,4.215373800562412,0.9301,15.289284585436343,0.9632,0.9631,0.965,0.9813,0.9379,2.7978642232204054,0.9817,3.542334773227524,3.178506757780778,3.1615359685186446,0.9338,0.9664,0.9757,0.9879,0.9085,4.822088625315399,0.9879,6.105175538996851,9.199640024161232,7.45345399196345,0.9634,0.9406,0.9474,0.9597,0.9157,3.934277788028734,0.9575,4.981131285931233,7.676791420380653,6.076096214477731,0.966,0.9821,0.9946,0.9974,0.9497,5.571700554016711,0.9974,7.054248184991233,9.314553545549805,8.227764381803281,0.9045,0.9337,0.9379,0.9368,0.9362,0.862,0.4388189533321239,0.5555822275573072,0.5044306132335472,0.495865461805793,0.9335,0.9672,0.9721,0.9701,0.9034,8.604379442417438,0.9709,10.893878354767564,10.632058101684338,10.278443008026546,0.9634,0.9707,0.9941,0.994,0.9512,5.278336686903778,0.994,6.682824504364406,12.118325941027932,9.218887767002508
0.9779,0.9655,0.9776,0.9827,0.9824,0.9277,3.5920812620660207,4.547881293620979,4.55983690690608,4.256613462015856,0.9556,17.171879756035086,0.9435,0.9806,0.9897,0.988,0.9148,2.450234981838582,0.9881,3.1022064997689407,3.861583669723276,3.312733933596381,0.9449,0.9718,0.9793,0.986,0.922,5.256911817773578,0.9862,6.655698792436757,8.870593886858412,7.612710519752672,0.9634,0.9569,0.958,0.9682,0.9125,3.842443641903836,0.9674,4.864861423195204,4.833773447263433,4.809346911635567,0.9451,0.973,0.9771,0.9791,0.9222,4.422495262225938,0.9793,5.59925625475315,5.585598762791273,5.462153559906181,0.976,0.9794,0.9915,0.9996,0.9996,0.9437,0.6229634812186098,0.7887249079698151,0.895483167743053,0.8303878865827095,0.9152,0.9332,0.9395,0.9457,0.8802,7.835612988789457,0.9459,9.920554446274714,8.748194512992775,8.556705791282706,0.9451,0.9498,0.957,0.9787,0.9298,3.850213713064962,0.9787,4.874698996096733,5.959483068064609,5.3263749958167
0.9655,0.9631,0.9643,0.9749,0.9744,0.9037,3.357758173965628,4.251208275588436,4.188698536386897,4.162185530325154,0.94,16.839625808323742,0.9571,0.9754,0.9768,0.9863,0.9292,2.6769708303482007,0.9863,3.389273425264131,3.466520042601684,3.4507833573971154,0.9763,0.9931,0.997,0.9981,0.9642,8.305793595301896,0.9981,10.515843202006094,16.92325215771567,13.381543014342236,0.9719,0.9905,0.9972,0.9951,0.929,4.095580516201469,0.9949,5.185354299428673,7.629428639358434,6.354024070267057,0.9624,0.9745,0.9873,0.9947,0.9454,5.279580149722651,0.9947,6.684398834364396,7.957966538554421,6.906334334800906,0.9824,0.9767,0.9916,0.996,0.9959,0.9566,0.6379407120624202,0.8076873598230427,0.7889232379978826,0.7160357063733153,0.9766,0.9933,0.9968,0.9998,0.9571,12.88878869896292,0.9998,16.318305947158052,32.30315567448668,21.900852921876737,0.9438,0.942,0.9502,0.9823,0.9264,3.85548702383441,0.9823,4.881375457360871,6.454459133796789,5.839451262244095
0.9671,0.9709,0.9778,0.9811,0.9803,0.908,3.3748905428314018,4.27289931601753,4.7555794187217,4.37304412042927,0.9435,16.122131296993448,0.9514,0.9779,0.9858,0.988,0.9229,2.6141913897106197,0.988,3.3097892981329333,3.7340369186617166,3.5353315750747694,0.9649,0.9868,0.9948,0.9987,0.9491,7.115582141918259,0.9987,9.008933973236704,17.964712118909155,11.829364873096852,0.9748,0.9861,0.9892,0.9875,0.933,4.219262439344069,0.9873,5.341946164584802,6.230421034345729,5.909811046529928,0.9789,0.991,0.9955,0.9984,0.9649,6.494448252919755,0.9984,8.222525485087523,10.873905900641647,9.604155680480275,0.9577,0.9645,0.9765,0.9823,0.9818,0.9206,0.5669044118884017,0.7177493441825922,0.6330014501363561,0.615349169414274,0.9669,0.9681,0.9709,0.9945,0.9424,11.265371329933206,0.9945,14.262921075351684,15.373599330754065,15.2577076861407,0.9426,0.9642,0.9718,0.9846,0.9247,3.7816622118401018,0.9846,4.787906947887093,7.1944458000725175,5.91814584114192
0.9789,0.9732,0.9771,0.9838,0.9831,0.9323,3.633293990120573,4.600060122913551,4.694752513955066,4.522985758257882,0.9538,16.994908913363698,0.9881,0.9866,0.9917,0.9995,0.9776,4.00615236890641,0.9995,5.072130636450497,6.810210278421314,5.866659935961105,0.9717,0.9874,0.9915,0.9932,0.9588,7.444342447830419,0.9932,9.425172564811067,11.365266623936751,11.018377739183288,0.9684,0.9893,0.9924,0.9904,0.9232,3.981728263959475,0.9903,5.0412076361346,6.596114472096973,6.160304118396393,0.8973,0.9362,0.9367,0.9477,0.8638,3.098646633256733,0.9478,3.923150962020445,3.771571289047589,3.770920429289125,0.97,0.9738,0.9779,0.9986,0.9985,0.9369,0.599179072109042,0.7586118171520934,0.838934019936801,0.7749301710389508,0.9654,0.9815,0.987,0.9945,0.9403,10.625141835241182,0.9946,13.452335921479197,15.813699531826954,13.726119538012563,0.9916,0.9916,0.9957,0.9993,0.9875,13.644193449972745,0.9993,17.274712800341,38.28421524311136,22.272396067085868
0.9736,0.9797,0.9861,0.9865,0.9863,0.9204,3.495808992705631,4.425992388282927,4.834820592750031,4.623311785701944,0.95,16.799730243187565,0.974,0.9716,0.9785,0.9955,0.9533,2.8521093612977486,0.9955,3.6110137453145703,4.5995792276942575,4.4782209507474775,0.9649,0.9774,0.9848,0.9936,0.9507,6.660490409208313,0.9936,8.432749018867739,11.632537803152855,10.07967850747949,0.9619,0.9879,0.9912,0.9888,0.9093,3.8115758919238543,0.989,4.825780218604251,6.4882630448649286,6.011370153019408,0.9401,0.9643,0.9711,0.9732,0.9167,4.013533723992837,0.9732,5.081476061642753,5.14396259645081,4.730634504858894,0.9558,0.9736,0.9843,0.9894,0.9894,0.9211,0.533426362731607,0.6753632781670535,0.6967504058751282,0.6315637056709514,0.9837,0.9949,0.9963,0.9998,0.9679,13.861590441935464,0.9998,17.549955936813937,32.30254423317563,23.257514403712364,0.9831,0.9924,0.9942,0.9977,0.9763,8.54028696908331,0.9977,10.812731816236717,21.079990666321912,15.359249655646227
0.9575,0.9684,0.9777,0.9751,0.9751,0.89,3.178860070429406,4.024708015939884,4.540824162162589,4.317764131692154,0.9173,14.6101054332004,0.9347,0.9562,0.9611,0.9628,0.902,2.396603727029896,0.9635,3.03430475626619,2.812563983754181,2.7770199617447413,0.9226,0.9737,0.9891,0.9902,0.8964,4.634752303571484,0.9902,5.867991775290769,10.060894637228184,7.941488478752245,0.9798,0.9829,0.9878,0.9868,0.9428,4.347907356809965,0.9867,5.50482160391327,6.000716980917154,5.706500432408246,0.9761,0.9826,0.992,0.9961,0.9613,6.429620526849074,0.9961,8.140448053872822,8.483957864904868,8.149698126155451,0.9605,0.965,0.9821,0.9911,0.9911,0.9249,0.5750115520664234,0.7280136752125597,0.6966412010213785,0.6917947784603398,0.9506,0.9877,0.994,0.9933,0.9221,9.90722125845028,0.9933,12.543387230375526,15.00991332245034,12.943867667370853,0.9923,0.9951,0.9963,0.9989,0.9885,13.535575036827217,0.9989,17.13719262380601,30.4642134616053,23.64575298148097
0.9859,0.9924,0.9961,0.995,0.9949,0.945,3.8053939235041,4.817953319243466,5.560480056764426,5.190526054322433,0.953,16.848268690010727,0.9593,0.9915,0.9957,0.9949,0.931,2.8327523561431613,0.9949,3.5865061255753554,4.648572892796822,4.07661747460703,0.915,0.913,0.9146,0.9473,0.8913,4.125334726293842,0.9475,5.223025667533452,4.726581402372024,4.673653851634751,0.9668,0.9849,0.9939,0.9892,0.9209,3.9471380914283634,0.9898,4.997413527059549,6.789135868064706,5.869986868770754,0.9728,0.9666,0.9723,0.9961,0.9574,6.102412518234907,0.9961,7.726174803093566,8.578208825694462,8.23883269884753,0.9578,0.9615,0.9729,0.9841,0.9836,0.9216,0.5610616404053692,0.7103518970782631,0.6424442227021474,0.6204550308483792,0.954,0.9893,0.9933,0.9922,0.9266,10.02398796779592,0.9924,12.691223844975186,14.75035132517714,13.84926375191781,0.9893,0.9865,0.9905,0.9987,0.9854,11.850815654526672,0.9987,15.004143530531834,25.31203352258559,20.398126466274807
0.9842,0.9892,0.9926,0.9918,0.992,0.944,3.826085752611037,4.844150939971041,5.692648565680472,5.330858178666777,0.9657,18.347147604778076,0.9486,0.9566,0.967,0.9824,0.9211,2.456903480796094,0.9826,3.1106493882931145,3.433888766882661,3.048202872743601,0.9707,0.9813,0.9879,0.9938,0.9565,7.222044666211112,0.9938,9.143724610580096,11.86130358412902,11.338120970589776,0.9668,0.9837,0.9901,0.9873,0.9158,3.914044446854459,0.9871,4.955514150036871,6.292043504978155,5.748355388184866,0.9586,0.9715,0.9834,0.9907,0.9413,4.990353837928437,0.9907,6.318213651717567,7.102203091209435,6.762449961707396,0.9776,0.9687,0.9828,0.9911,0.9911,0.946,0.6310458569218489,0.7989578850622197,0.7185522697045568,0.6888509374460838,0.9447,0.979,0.9823,0.9846,0.9166,9.181014720822,0.985,11.62394780603318,12.248642173238691,11.909978769155249,0.9638,0.9674,0.9773,0.9852,0.9522,5.250326668150265,0.9853,6.647361431279638,7.477977987672918,7.09954629681419
0.9734,0.9723,0.9786,0.9773,0.9777,0.9196,3.48745812029217,4.415419471451767,4.82699834146224,4.6145620139211605,0.9702,19.00491826295173,0.9527,0.9619,0.9698,0.9706,0.9239,2.5868025136430712,0.972,3.2751126446740244,3.021380859339679,2.887874329833678,0.9752,0.9877,0.9949,0.9987,0.9633,8.082779229103036,0.9987,10.233487990570485,18.0086753145719,13.279767151071832,0.9823,0.9952,0.9965,0.9959,0.9498,4.530047357009864,0.9959,5.735426381282034,9.1741391702942,7.774803254070651,0.9274,0.9849,0.9955,0.9954,0.9018,4.034548416521764,0.9954,5.108082455003835,8.195020970786949,6.702142124753717,0.944,0.9809,0.9915,0.9902,0.9901,0.9071,0.5322211989748665,0.6738374380467559,0.7154828619832396,0.663315635221257,0.9697,0.9646,0.9668,0.9965,0.9462,11.765424027381888,0.9965,14.89603044639179,17.099814171470303,16.659368538677683,0.9682,0.9734,0.9838,0.9965,0.9569,6.053757953222155,0.9965,7.664573973399782,16.10447539281672,10.649063141261188
0.9613,0.9761,0.9906,0.9848,0.986,0.8971,3.24631826990587,4.110115850873971,5.626656505963838,4.654272929976298,0.9121,14.312085160420663,0.9705,0.9845,0.9874,0.9901,0.9461,2.9974977117778043,0.9902,3.795087799106537,3.874427338296112,3.814334539481639,0.9552,0.9702,0.9838,0.9889,0.9383,5.894480781034622,0.9889,7.4629154865659135,9.463312328530009,8.622060609000375,0.9662,0.9661,0.9692,0.9742,0.9205,3.947683540861396,0.9739,4.9981041125703225,5.103215046557784,5.007825082263135,0.9299,0.961,0.9758,0.9755,0.9064,3.779271243164645,0.9757,4.784879777586806,5.297009820630556,4.57644429700647,0.9462,0.9736,0.9851,0.9901,0.9901,0.9076,0.5558277485664456,0.7037253435427271,0.7095182535778152,0.6415928369695273,0.9241,0.9744,0.9797,0.9816,0.8924,8.198127598059687,0.982,10.379528865248782,11.916964894906975,11.525842019058908,0.9821,0.9544,0.9702,0.9971,0.9743,8.469938515489256,0.9971,10.72366467304198,18.098126850728463,17.140360508206154
0.9819,0.97,0.9727,0.9835,0.9839,0.9376,3.697582074142237,4.681454321261028,4.465411322768188,4.355954739000117,0.9533,17.59397435844358,0.9826,0.9871,0.9877,0.998,0.9669,3.460052866288784,0.998,4.380722082128997,5.244540669084558,5.243288790416804,0.9446,0.9488,0.9592,0.9783,0.9222,5.037552816017262,0.9784,6.37797158419951,7.326025990904542,6.193151933277347,0.9613,0.9465,0.9566,0.9636,0.907,3.770733532006025,0.9637,4.77407030696634,4.646858674398168,4.413160813531485,0.9646,0.9882,0.9924,0.994,0.9486,5.358790581586298,0.994,6.784685998003093,7.828591365597292,6.920982304687497,0.9491,0.9665,0.9699,0.9785,0.9782,0.9127,0.5395543113557808,0.6831217838585759,0.6112176590288048,0.601658943025712,0.9586,0.9736,0.9873,0.9862,0.9336,9.99312904874703,0.9863,12.6521538210963,12.88422111233347,12.047284543431443,0.9446,0.9529,0.9642,0.9885,0.9292,3.8094835751711846,0.9885,4.823131167114163,8.46047381850164,6.096493526934905
0.9697,0.9572,0.9663,0.9697,0.9682,0.9136,3.427874232154311,4.339981186375911,4.25834667496548,4.026525673272353,0.9171,14.504497692395706,0.9545,0.9922,0.9981,0.9974,0.9241,2.7688944252840093,0.9974,3.505656537825037,5.382565437904114,4.180367729276381,0.9463,0.9441,0.9517,0.9656,0.9255,5.001746744590145,0.9661,6.332638043402112,5.968411226562663,5.8003528192743605,0.9591,0.973,0.9806,0.9801,0.9105,3.813891802073516,0.979,4.828712358408153,6.0752257870635145,5.325307451994084,0.9641,0.9933,0.9952,0.9954,0.9468,5.455309538891016,0.9954,6.9068872313219245,8.13178407232427,8.008422994213737,0.9729,0.9839,0.9921,0.9946,0.9944,0.9402,0.625693797910468,0.7921817218063211,0.7626726961128939,0.7031413560119435,0.9746,0.9217,0.9364,0.9932,0.9552,11.283853925803696,0.9933,14.286321618347364,14.844179808690765,14.05940980787104,0.9656,0.9624,0.9635,0.9789,0.9558,5.2138954515616005,0.979,6.601236403380869,5.962506659685037,5.848753188627257
0.9757,0.9915,0.9962,0.9933,0.9931,0.9246,3.550763946633865,4.495570047786729,5.545396577226372,5.226969087437994,0.9418,16.73235699598871,0.9871,0.9738,0.9866,0.9982,0.9753,3.726289694115242,0.9982,4.717800616997256,5.560762181470011,4.714900660563067,0.9529,0.9757,0.9881,0.9892,0.9347,5.601966842836022,0.9892,7.092567888446245,9.523804356104543,7.681037540958903,0.972,0.9807,0.985,0.9821,0.9298,4.096979042921197,0.9831,5.1871249535545845,8.032132547022607,6.64454988116773,0.9583,0.9913,0.9934,0.9969,0.9399,5.275467530226365,0.997,6.679191907262701,8.845287115876523,8.016370309334736,0.9511,0.9668,0.9713,0.9937,0.9937,0.9127,0.5604985562439841,0.7096389844970972,0.7267774354172782,0.7233337359265171,0.9215,0.9635,0.9713,0.9749,0.8903,7.881882161702436,0.9752,9.979135166088726,11.189065463816892,10.336460466941029,0.9828,0.9835,0.9872,0.9982,0.9754,8.615153155246707,0.9982,10.907518794241058,22.43802135121909,14.476313799793676
0.9617,0.9254,0.9264,0.9514,0.9506,0.8959,3.2670258840929245,4.136333456859493,4.009802962673874,3.992984349996111,0.9227,14.750758918650032,0.9435,0.9803,0.9867,0.9911,0.9128,2.6010149231492186,0.9911,3.2931067674721017,4.068187384042074,3.528870450832871,0.9727,0.9837,0.9854,0.9941,0.9605,7.7494213619514465,0.9942,9.811428494280552,12.028184949751193,11.840201429760508,0.9458,0.95,0.9512,0.9618,0.8842,3.500616834835148,0.9623,4.432079526542972,5.024198277523256,4.936160199866952,0.961,0.9834,0.9912,0.9972,0.9437,5.215559019236843,0.9972,6.603342621965289,9.054006278873045,7.581584552459898,0.9616,0.9704,0.9755,0.9933,0.9932,0.9283,0.5554235110431125,0.7032135443554535,0.727479939399484,0.7175187601508273,0.9573,0.9577,0.9785,0.9798,0.9326,9.849194943308222,0.9801,12.469920965578238,11.467346645579962,11.2752523575953,0.9533,0.9539,0.9678,0.9841,0.9384,4.440251572314671,0.9841,5.621737257994662,6.973281264943955,6.879881863736497
0.9834,0.9852,0.9912,0.9883,0.9888,0.9422,3.7546528322525536,4.753710769344108,5.179767882338453,4.961955530404149,0.9356,15.668941063595469,0.9473,0.969,0.9723,0.9782,0.9174,2.6056628028339155,0.9785,3.2989913796317047,3.179448719330627,3.1036418383867828,0.9763,0.98,0.9837,0.9933,0.9652,7.939021579194445,0.9933,10.051478542805889,11.326641725289557,11.068761708627486,0.9694,0.9903,0.9923,0.9924,0.9248,4.008404786199826,0.9925,5.074982388882252,7.410119892047753,6.514168403511642,0.9411,0.9641,0.9805,0.9828,0.9187,4.122787318248624,0.9828,5.219800431646277,5.953087893328113,5.314803295077462,0.9717,0.9801,0.99,0.9948,0.9949,0.9389,0.6094358966655617,0.7715978319800872,0.7674663229386138,0.7314633855727749,0.9636,0.9332,0.9561,0.9902,0.9393,10.117757880971707,0.9903,12.809944553924671,13.813971220212752,12.311366032701397,0.9552,0.9842,0.9907,0.9907,0.9414,4.567965295134223,0.9907,5.783433725467023,9.53571829935238,7.310413367176208
0.9796,0.9888,0.9977,0.9939,0.9935,0.9326,3.661985171349093,4.636385605796982,5.913319382812846,5.08558522055392,0.896,13.7222796505837,0.9415,0.9674,0.9746,0.9883,0.9104,2.4893858930890875,0.9883,3.1517748931081213,3.786608463948314,3.378265887444265,0.9596,0.9789,0.9858,0.996,0.9434,6.350400235637795,0.996,8.040148407458988,14.372087479423248,10.442705151997634,0.9697,0.9661,0.9722,0.9738,0.9243,4.008774727315837,0.9728,5.075450765892264,5.183325289312519,4.968441610807576,0.9685,0.9597,0.9894,0.9965,0.9525,5.677958347166377,0.9965,7.18877961524314,8.675087115843814,7.94965654222437,0.9393,0.9742,0.9792,0.9799,0.9799,0.9013,0.5108896462518802,0.6468298726508211,0.6244137516088603,0.6106331681425556,0.9835,0.9621,0.9789,0.9965,0.9683,13.316299810934089,0.9965,16.8595714829579,17.133145645426403,16.520640542385486,0.9446,0.9615,0.9696,0.9757,0.9292,3.7818275117878257,0.9757,4.788116231721517,5.466056412322764,4.966707857950689
0.9789,0.988,0.992,0.9915,0.9923,0.9304,3.6805876869667857,4.659937977422155,5.1625271580802,4.945290579552028,0.9079,14.166895289928014,0.9883,0.9844,0.9899,0.9991,0.9785,3.987990240150748,0.9991,5.0491358321590445,6.39276298384011,5.951236794010797,0.931,0.9768,0.9804,0.9806,0.9043,4.835491018215003,0.9806,6.122144111674077,7.806830700920875,7.450759109420144,0.9568,0.9778,0.9868,0.982,0.9037,3.716760102534797,0.982,4.705735341152235,6.0070125613764365,5.48538306768834,0.9377,0.973,0.9841,0.9911,0.9116,4.18289598563091,0.9911,5.295903132010899,7.100157595082927,6.273668689325273,0.9564,0.9892,0.9983,0.997,0.9968,0.9188,0.5656372815038648,0.7161450490255556,0.8059424689503081,0.7144647684335954,0.9555,0.9788,0.9803,0.9853,0.9296,10.165188954262897,0.9856,12.869996338731251,12.420345401935114,12.12954391353317,0.9606,0.9765,0.98,0.9848,0.9478,4.8888249229532565,0.9848,6.189669384622762,7.335908022430503,6.574400988745516
0.9712,0.9742,0.9887,0.9836,0.9857,0.9167,3.443553448867352,4.3598324122211904,4.953633296232658,4.448310733758917,0.9482,16.766664491500507,0.9744,0.974,0.9834,0.9901,0.9528,2.978072807679459,0.9904,3.770494213512531,3.976096922061108,3.695542552699088,0.9444,0.9744,0.9862,0.9868,0.922,5.017866364037634,0.9868,6.353046856676943,9.095464629507026,7.371242626213569,0.9667,0.9803,0.985,0.9848,0.917,3.91711801041886,0.9848,4.959405543694055,6.436179430594114,5.664961644806908,0.9554,0.9727,0.9764,0.9885,0.9381,4.773998612569375,0.9885,6.044289480630832,6.609246745575076,6.41424196939686,0.9584,0.9798,0.988,0.99,0.99,0.9223,0.5614110602954661,0.7107942924657431,0.6865781724414306,0.6765621419109857,0.9355,0.9825,0.9908,0.9898,0.9041,9.000007749938307,0.9898,11.3947775404297,13.808122375764436,12.51776203957552,0.9749,0.9794,0.9804,0.9952,0.9649,6.877377949271057,0.9952,8.70734714577746,12.89187685685145,12.891330704991454
0.9767,0.9518,0.9545,0.9741,0.9733,0.9257,3.5929600978805905,4.548993974729688,4.3539264465120375,4.301096726082204,0.9449,16.2184332522705,0.9854,0.9952,0.9972,0.9997,0.9724,3.670626859506793,0.9997,4.647326720167849,7.196714058687016,5.63678175226608,0.9785,0.9876,0.9953,0.9994,0.9679,8.7898348829672,0.9994,11.128680762436758,21.904933197470957,14.65866913641039,0.9591,0.9873,0.9905,0.9885,0.9078,3.773100672293475,0.9885,4.777067308494774,6.632849548995085,6.172411985968344,0.9714,0.9749,0.9881,0.9986,0.956,6.002438170899986,0.9986,7.599598751240848,11.014871048300058,8.753130170257446,0.9476,0.9808,0.9901,0.9959,0.9959,0.9097,0.5536469128204058,0.7009642194560828,0.7817053157124455,0.6694405609217875,0.9705,0.9924,0.997,0.9978,0.9494,11.339777885419936,0.9979,14.357126121711422,18.693523371103726,15.742462116321098,0.9725,0.9849,0.9919,0.994,0.9631,6.239210150625443,0.994,7.899372274968888,12.243090594284176,10.586737618765104
0.9553,0.9368,0.9385,0.956,0.9551,0.8823,3.141910227261824,3.9779263625517225,3.7649988389082463,3.7223214548892334,0.9416,16.031680057215063,0.9471,0.9414,0.9532,0.9754,0.9177,2.544675088638761,0.9755,3.2217757310165283,2.9541582895031286,2.888462586172441,0.9327,0.9421,0.9561,0.9617,0.908,4.592385194455948,0.9625,5.814351401102653,5.749376929973076,5.502610354770073,0.9644,0.9883,0.9943,0.9914,0.9128,3.857298260557701,0.9915,4.883668637556755,6.833991519464286,6.099757373242213,0.9335,0.9539,0.9606,0.9717,0.9085,3.943639991529178,0.9719,4.992984634188241,5.052084249156722,4.684914216246614,0.9682,0.9696,0.9763,0.991,0.9907,0.9353,0.6015696955440082,0.7616385503484691,0.720960555813937,0.6813892430608866,0.9734,0.9782,0.9861,0.9941,0.9526,11.619265077551606,0.9941,14.710980748087886,15.393133389720688,14.866273194581373,0.9769,0.9604,0.9855,0.9941,0.9684,6.91664223639718,0.9941,8.757059082646489,12.320199763292385,11.371947209164986
0.9857,0.9851,0.9886,0.9908,0.9907,0.9459,3.814519918551825,4.829507607450006,5.157133066947436,5.05136138171455,0.952,17.06993090664175,0.9581,0.9714,0.9786,0.9844,0.9311,2.651470737103118,0.9844,3.3569881319775856,3.457303386652724,3.356920677703741,0.9767,0.985,0.9938,0.998,0.9648,8.375111993184849,0.998,10.60360620680358,16.676829912759718,14.059147510291792,0.9667,0.991,0.9953,0.9925,0.9201,3.9374344909840033,0.9926,4.985127941149309,7.25638712947403,6.45984153641874,0.9839,0.9909,0.9941,0.9984,0.9717,7.250514861378217,0.9984,9.17977030625897,10.864722612881495,10.411173105700636,0.9556,0.9791,0.9871,0.9894,0.9894,0.9178,0.564404964035153,0.7145848299896055,0.6720683427378333,0.6683588387647355,0.9458,0.9701,0.9842,0.9908,0.9187,9.19223263654329,0.9909,11.638150644259875,14.153859249914763,12.007702477348202,0.9923,0.9859,0.9874,0.9993,0.9885,14.134467092768578,0.9993,17.89544105400644,38.27965648964037,24.348242587037145
0.9782,0.9737,0.9865,0.9832,0.9827,0.9286,3.599432823625235,4.557188997666301,5.019812411929058,4.595945485273671,0.964,18.300714010762647,0.9807,0.9807,0.9882,0.989,0.9625,3.262299392510426,0.9895,4.130349315331431,3.8484922545059055,3.703612034094965,0.9304,0.9442,0.9535,0.9657,0.9053,4.493047406217816,0.9662,5.688581287366962,5.999093278647602,5.806043244769184,0.938,0.9376,0.9427,0.9506,0.8718,3.3534511586084017,0.9503,4.245755226744212,4.4427578833961245,4.3393506092696885,0.924,0.9635,0.9693,0.9678,0.8989,3.728554286038411,0.9679,4.72066778354881,4.800403703169478,4.513358548970173,0.971,0.9781,0.9837,0.9976,0.9977,0.9377,0.5985785016410725,0.7578514437090913,0.8223310857988495,0.7382572814650583,0.9403,0.9777,0.9862,0.9945,0.9111,9.177179019815444,0.9945,11.619091481361504,15.730701803588618,12.767995237334606,0.9737,0.9817,0.985,0.9956,0.9642,6.584282257887567,0.9956,8.33626299850034,13.482036804812784,11.46885531305275
0.9693,0.9762,0.9794,0.9807,0.9805,0.9111,3.388533968986581,4.29017305735721,4.631491149936973,4.554901592599057,0.9315,15.28956130055223,0.9223,0.9768,0.9899,0.9899,0.8843,2.212562263953396,0.9899,2.8012925646948768,3.971387497749704,3.1919608302419977,0.9506,0.977,0.9795,0.9814,0.9304,5.613963911592107,0.9815,7.107757200879201,7.935527894136259,7.624503852815583,0.9597,0.9838,0.9894,0.9858,0.9042,3.742259056326721,0.9869,4.738019191793882,6.256995269449125,5.870908086956021,0.9524,0.9659,0.9788,0.9819,0.9316,4.697023589032301,0.982,5.946832534620945,5.8918108489043854,5.566059917516302,0.9721,0.9898,0.9963,0.9985,0.9985,0.9402,0.5985199263014997,0.7577772823325313,0.8440199595590774,0.7859954915319487,0.9007,0.9467,0.956,0.9612,0.862,7.328356632345986,0.9617,9.278324628452404,9.904369004735976,9.388257026774216,0.9823,0.9712,0.9737,0.9977,0.9746,8.32886987257753,0.9977,10.54505973751618,21.237346263044525,14.628493592141028
0.9544,0.941,0.9562,0.9601,0.9599,0.8805,3.130026888686145,3.962881042228704,4.049870031719799,3.837131828257081,0.9751,19.192304420717697,0.9853,0.9914,0.9925,0.9983,0.9719,3.764404514535802,0.9983,4.766057230963913,5.569380250541484,5.456840417652712,0.9529,0.948,0.9654,0.9885,0.9345,5.665151897699269,0.9886,7.172565557787307,9.290081665723342,7.614129622727713,0.9852,0.9919,0.9931,0.9939,0.9538,4.5776575606994365,0.9939,5.795704960453362,7.513686614714285,6.860144714947571,0.9629,0.9749,0.9788,0.9873,0.946,5.29581144165953,0.9874,6.704949034536809,6.4550669607597175,6.384730504532078,0.9649,0.9581,0.9623,0.9904,0.9904,0.9334,0.5838691537190422,0.7392281544860939,0.6982395232702869,0.6806552746293477,0.9675,0.991,0.995,0.9964,0.9447,11.144048388196676,0.9964,14.109315881884182,17.068341404523714,15.511244070828084,0.9379,0.9726,0.9775,0.9809,0.9196,3.633559613576878,0.9809,4.600396424867751,6.281059214402993,5.753916518782105
0.9833,0.9936,0.9966,0.995,0.9955,0.9404,3.737122242237563,4.731515546970587,5.755210906686488,5.3002704828329135,0.8983,13.63728663398107,0.9838,0.9909,0.9992,0.9997,0.969,3.5905991660187,0.9997,4.546004833597611,7.212492006210212,5.572627309541394,0.9719,0.9616,0.9758,0.998,0.9588,7.6593730827953905,0.998,9.697419691467152,16.61028749186135,12.841339682489911,0.9707,0.9858,0.9926,0.9892,0.9251,4.051247728741866,0.9896,5.129225208778413,6.585195037470102,5.93252340815139,0.9724,0.9863,0.997,0.9984,0.957,6.01019054008316,0.9985,7.609413911928254,11.008936567517791,9.246826892734669,0.9834,0.9835,0.9879,0.9926,0.9924,0.9577,0.6630645144071154,0.839496236730898,0.7070930522397205,0.7057059083449047,0.97,0.9862,0.9909,0.9967,0.949,11.023170994412592,0.9967,13.956274790131122,17.561612426657504,15.11692938587308,0.9328,0.9635,0.9707,0.978,0.9142,3.3594771145997986,0.9781,4.253384601062345,5.8902011954580535,5.222978084777437
0.9554,0.9601,0.9691,0.9699,0.97,0.8854,3.1865649547946107,4.0344630567971365,4.286289561342572,4.090235084665451,0.9656,18.23713308791303,0.9559,0.9631,0.9642,0.9867,0.9283,2.606371167719084,0.987,3.2998882300020838,3.4740739287042093,3.4358489196813093,0.9794,0.9935,0.9976,0.998,0.97,8.767019571029904,0.998,11.099794631306176,16.713820167621012,14.521475883875414,0.9669,0.9832,0.992,0.9871,0.9178,3.932768827381995,0.9879,4.979220813033367,7.486926627163157,6.376893777118758,0.9417,0.9763,0.9808,0.9796,0.9189,4.176007834166983,0.9797,5.287182144676553,5.673915264786943,5.333503111099144,0.9719,0.95,0.978,0.9901,0.9901,0.9402,0.5913329750390661,0.7486779889647112,0.7043021799833884,0.6632983076655371,0.9665,0.9852,0.9905,0.9963,0.9437,10.879989125900806,0.9963,13.774994330730848,16.888877226116993,14.521066713352344,0.945,0.9685,0.971,0.9749,0.9294,3.848516205180043,0.9749,4.872549806311656,5.404158582907055,5.158095731002828
0.9391,0.942,0.9535,0.9539,0.952,0.8578,3.030456205956034,3.836816064199537,3.9603300357682274,3.753249977640955,0.9552,17.135358560744734,0.9637,0.9611,0.9672,0.9965,0.937,2.9301248817474383,0.9965,3.709788049173493,4.901806968618422,4.127635649478399,0.9763,0.9859,0.9951,0.9992,0.9644,8.347027949189854,0.9992,10.56804941144851,20.577830180744535,13.93199039543316,0.9534,0.9272,0.9339,0.9527,0.8958,3.622957495270922,0.9517,4.5869732386983255,4.204156661457839,4.0865156932166204,0.9774,0.9804,0.9844,0.9997,0.963,6.598546230351934,0.9997,8.354322404402005,13.429876922635094,10.033043611372188,0.9799,0.9777,0.9858,0.9868,0.9868,0.9504,0.6524954534685756,0.8261149040085196,0.6540676940459891,0.6440929674380151,0.9767,0.9893,0.9913,0.9992,0.9581,12.673990663787045,0.9992,16.04635331167646,21.353629763747044,19.3565110891908,0.978,0.9908,0.9926,0.9958,0.9703,7.343378173073333,0.9958,9.29734318039796,13.746070247164775,13.267435139502393
0.9482,0.9586,0.9637,0.9686,0.9683,0.8754,3.125813716131661,3.95754680637784,4.170321336083755,4.056522292016839,0.9439,16.107688156929015,0.9457,0.9555,0.9631,0.9761,0.9165,2.534372680586785,0.9762,3.2087320035948723,3.0332240965012964,2.9382421260250005,0.9791,0.9835,0.9891,0.9963,0.9693,8.660612169600242,0.9964,10.965073784209736,14.81301782911906,13.171357233264208,0.9709,0.9965,0.9993,0.9985,0.9264,4.053952469590171,0.9985,5.132649641415281,9.190620156905348,7.368651406801418,0.9806,0.9914,0.9987,0.9991,0.9681,6.911558294209863,0.9991,8.750622378161065,11.936544898990793,9.7776029267633,0.9716,0.9778,0.9835,0.9865,0.9862,0.9401,0.5850846978449313,0.740767137039212,0.6529929560639596,0.6472312464992063,0.9756,0.974,0.9847,0.9986,0.9567,11.812198362419398,0.9986,14.955250744547378,19.61774811796139,17.58540701810515,0.9627,0.9832,0.9891,0.9899,0.9501,5.027608567869547,0.9899,6.365381317768813,9.435358307088402,7.501738265787614
0.9795,0.9821,0.9832,0.9882,0.9889,0.9326,3.6319443386618433,4.598351349037279,4.800677048666299,4.755490176589811,0.9212,14.908619806445586,0.9541,0.9617,0.9686,0.9702,0.9261,2.5748242541491604,0.9706,3.2599471463714718,2.929520255616928,2.874911673723934,0.9319,0.9548,0.9681,0.9648,0.9071,4.568769724497888,0.9648,5.7844522016617805,6.101565492885928,5.335481046532186,0.9665,0.9898,0.9923,0.9909,0.9202,3.9599533516301,0.9913,5.013638739657007,6.736383009198574,6.408778565364498,0.9532,0.9791,0.9826,0.9941,0.9341,4.891822246849883,0.9941,6.19346425235706,7.864958097677941,7.465976508427313,0.9698,0.9871,0.9935,0.9978,0.9978,0.9369,0.5920472774954282,0.7495823568067153,0.8281847152452545,0.7184587101901461,0.9752,0.9849,0.9911,0.9988,0.9547,12.372212705205476,0.9988,15.664276673501831,20.185422436247084,19.095232568937305,0.9676,0.9867,0.995,0.9958,0.9565,5.796848902935986,0.9958,7.339305200586335,13.746999372921508,9.437912306785554
0.98,0.9836,0.9854,0.9883,0.9881,0.9347,3.677392657513024,4.655892797587617,4.891195674919641,4.7772041699895365,0.9481,16.66490740406976,0.9537,0.9732,0.9836,0.988,0.9247,2.635475756106844,0.988,3.3367371216140445,3.767592390001529,3.2985509703357856,0.9505,0.9666,0.9837,0.9833,0.9304,5.548369480582207,0.9834,7.024709055809103,8.34719632529584,7.471044813841232,0.9861,0.983,0.9875,0.9857,0.9562,4.637414148922505,0.9867,5.871361898568955,10.40789670693287,7.789716339186685,0.9497,0.9734,0.9777,0.9761,0.929,4.456921094219097,0.9761,5.642842294688386,5.366659387120046,5.197380793488075,0.9621,0.9905,0.9948,0.994,0.994,0.9257,0.5978394036358093,0.7569156825870405,0.7486484370525446,0.7286118180744205,0.9567,0.979,0.9833,0.9977,0.9309,10.308493066478336,0.9977,13.051431569088129,18.19412667795777,16.532255677416547,0.9837,0.9793,0.9942,0.9982,0.9771,8.968326635162544,0.9982,11.354666546624712,22.441993564297757,16.21451504057417
0.97,0.9713,0.9721,0.978,0.9783,0.915,3.4607611681350217,4.381618852686712,4.38522164005469,4.372164181189923,0.953,16.93729113830216,0.9775,0.9686,0.9743,0.9989,0.9561,3.320716399642679,0.9989,4.204310229515564,5.948990703941138,5.560987065286778,0.9749,0.988,0.9947,0.9976,0.9625,7.956536055786537,0.9976,10.073653364211497,15.976618175561018,12.826415381856306,0.9585,0.962,0.9674,0.9693,0.9023,3.71411990171677,0.9691,4.702392621699167,4.975275807080717,4.794052537229975,0.9585,0.9853,0.9886,0.9986,0.9404,5.277721702802401,0.9986,6.682045882031982,11.01489952830762,8.196550653338942,0.9882,0.9701,0.9711,0.9962,0.996,0.9671,0.7009665702831122,0.8874834726346534,0.7540084792482737,0.7480777806046046,0.9563,0.9813,0.9915,0.9937,0.9309,10.096530604654555,0.9938,12.783069011353623,15.238152623831036,13.669795417979532,0.923,0.9517,0.9644,0.9676,0.9014,2.968385413518064,0.9676,3.758229146138971,4.627855399570537,3.850062548953448
0.9774,0.9884,0.9962,0.9924,0.9919,0.9291,3.593272728312846,4.549389791525283,5.540617503292817,4.9364449978865945,0.8869,13.284103360040168,0.9543,0.9536,0.9592,0.9788,0.9263,2.578778988566314,0.9794,3.2649541774948903,3.177677765842237,3.0756847601519954,0.9625,0.9854,0.9911,0.996,0.9473,6.723269052826288,0.996,8.512232136904126,14.15466658267022,10.41328608794175,0.9699,0.9734,0.9761,0.9781,0.9214,4.002083403615478,0.978,5.066978979296623,6.306262364250161,5.828479609251758,0.9375,0.9656,0.9766,0.9772,0.912,4.111343785319407,0.9773,5.205311942788486,5.399036582069051,5.003790582502094,0.9635,0.9665,0.9838,0.9911,0.9911,0.9311,0.5636472063309075,0.7136254440969116,0.7327649508425478,0.6838808551437157,0.9579,0.9733,0.9787,0.9941,0.9315,10.38848953521221,0.9942,13.152713922455955,15.511883115730722,14.432962909467925,0.984,0.9792,0.9855,0.9967,0.9775,8.95901377382089,0.9967,11.342875669749771,16.79963856588733,16.640879511564595
0.9695,0.9847,0.9958,0.9918,0.9915,0.9124,3.400559608190371,4.305398542414108,5.911065947190628,4.920785497757089,0.9357,15.69359032884945,0.9815,0.9843,0.9859,0.9995,0.9637,3.3985314696197486,0.9995,4.302830745977093,6.878693843035752,5.408554402093595,0.9415,0.9646,0.9711,0.9709,0.9169,5.064125613644168,0.9712,6.411615012738505,6.380202871437044,6.273166538529073,0.9478,0.9651,0.9691,0.9686,0.8858,3.513003905851479,0.9691,4.44776261510582,5.100948147586802,4.918905919088439,0.9612,0.9892,0.9941,0.9979,0.944,5.259867852435565,0.9979,6.6594413844779,9.777278563236694,7.90607274684606,0.9722,0.9732,0.9914,0.9901,0.99,0.9412,0.5829592148348528,0.7380760942380573,0.7108567623418924,0.6638354173905172,0.9718,0.9828,0.9899,0.9992,0.9495,12.014074714132349,0.9992,15.210843426504614,21.455991541928384,17.645078663894164,0.9837,0.9934,0.9945,0.9969,0.9771,8.915112585719125,0.9969,11.287293020703322,17.274451947897962,15.598470640049667
0.9805,0.9491,0.9531,0.9732,0.9725,0.9357,3.671043599633169,4.647854348717086,5.398232920577083,4.742830717878031,0.9661,18.38310908374889,0.9558,0.9606,0.9692,0.9947,0.9265,2.711385420754217,0.9947,3.4328452323911023,4.471654163019758,3.891736535638039,0.9707,0.9871,0.9929,0.9942,0.9563,7.358907397343486,0.9942,9.317004503015715,12.181845960289955,11.251730509039827,0.9569,0.979,0.9835,0.9814,0.8994,3.68360131605645,0.9816,4.6637534889217225,6.041032770252197,5.558644445482583,0.955,0.987,0.9904,0.9955,0.9356,5.099370442121805,0.9955,6.456237972086072,8.241381633631129,7.663734231705515,0.9767,0.9951,0.997,0.9976,0.9976,0.9456,0.6210492141857644,0.7863012826132256,0.81574361275273,0.7835511660247602,0.9548,0.9818,0.9898,0.9965,0.9285,10.070892091552215,0.9965,12.750608466720143,17.15698824793752,14.091188394502892,0.9505,0.9747,0.9781,0.982,0.9367,4.219802041542725,0.9821,5.342629346998068,6.32030081764026,6.301703252600273
0.9757,0.9813,0.9888,0.9859,0.9865,0.925,3.546040379916762,4.489589609387759,5.560202978149569,4.961183819420628,0.9444,16.201638997323556,0.9805,0.9833,0.9973,0.9973,0.9611,3.360910563974211,0.9973,4.2551994702480975,5.298760240739527,4.889897492601593,0.9816,0.982,0.9862,0.9967,0.9724,9.268068267194211,0.9967,11.734165021682092,15.05614055081353,14.189482061572631,0.9785,0.9905,0.996,0.9928,0.9395,4.27483946650848,0.9926,5.412311421870411,7.357378678045074,6.410667868395973,0.9534,0.9845,0.9927,0.9972,0.935,4.81832195379817,0.9972,6.100406611547095,9.054023167942468,7.925699421290046,0.9696,0.998,0.9988,0.9995,0.9995,0.9361,0.6093276156247864,0.7714607389457517,0.863899994961655,0.8630032952502542,0.9663,0.9719,0.9768,0.9862,0.9418,11.038632543506512,0.9863,13.97585043020286,12.46943863476788,12.240679618232493,0.984,0.9702,0.9789,0.9961,0.9777,8.886192775980877,0.9961,11.250678074623842,14.965744794985753,14.43916915751219
0.9784,0.9803,0.9874,0.9856,0.9859,0.9285,3.6126322953955783,4.573900654884072,5.070231246286141,4.811776269187355,0.9343,15.50534380001663,0.9681,0.9746,0.9772,0.9949,0.9431,2.882835087011731,0.9949,3.6499151350696497,4.557038366276455,4.155185556091059,0.9863,0.9797,0.9827,0.9996,0.9785,11.17298944903573,0.9996,14.14595773367007,25.22370960809212,21.7430982281492,0.934,0.9556,0.9633,0.9604,0.8658,3.2941284800399675,0.961,4.170647655265247,5.209115692589057,4.889356972338621,0.9601,0.9653,0.9839,0.9862,0.943,5.00641190899883,0.9863,6.338544539496724,6.409975931070617,5.7557575967064665,0.9638,0.9868,0.9879,0.9951,0.995,0.9299,0.5836602716248351,0.7389636919365272,0.7504738436775328,0.7412390716325872,0.9674,0.9798,0.9853,0.9889,0.9451,10.954464343217696,0.9891,13.869286308824638,13.250526793700375,13.082998908875904,0.9335,0.9283,0.947,0.9729,0.9161,3.3656422095928025,0.9729,4.261190137225509,5.182346615980593,4.4662277000228
0.9704,0.9845,0.9962,0.9896,0.9902,0.9123,3.41421421321205,4.322686437152369,5.54900520975984,4.794059477570945,0.928,15.125814777181947,0.9627,0.9794,0.9875,0.9982,0.9368,2.8411088343351167,0.9982,3.597086139800281,5.546775974055193,4.491283861503563,0.9209,0.9613,0.9734,0.9768,0.896,4.355669948306712,0.9768,5.514649706921656,7.176721072983235,6.391842518650294,0.9703,0.9846,0.9902,0.9877,0.926,4.053106993752917,0.9877,5.131579196883566,6.362006849311575,5.861497344493146,0.9388,0.9741,0.9812,0.9816,0.9133,4.172201095091548,0.9816,5.28236248828022,5.854846179439106,5.641580022317253,0.9504,0.9783,0.9849,0.9903,0.9903,0.9124,0.5558353875560273,0.7037350151551678,0.714179063027327,0.6705082944803997,0.9692,0.9943,0.997,0.9979,0.9459,11.55542298336532,0.998,14.630151210916337,18.693523371103726,18.012777095021228,0.9645,0.9791,0.9842,0.9938,0.9523,5.576263883808424,0.9938,7.0600257497739465,11.9553103144709,10.666060804761395
0.9798,0.9721,0.9759,0.9833,0.9831,0.9333,3.655734942603129,4.628472283040395,4.69879333526001,4.500478397648886,0.9018,13.870821057816809,0.9538,0.9821,0.9877,0.9917,0.9253,2.603724705376925,0.9918,3.2965375829253354,4.116314323935386,3.647991300288493,0.968,0.9833,0.9868,0.9899,0.953,6.889792822351252,0.9899,8.723065434124761,10.007106231244371,9.450019526090824,0.9449,0.9503,0.9569,0.9596,0.8811,3.496297000064849,0.9592,4.426610247228262,4.918797638567784,4.622466432723899,0.9647,0.9791,0.9815,0.9941,0.9486,5.450244631888645,0.9941,6.900474627004403,7.871850898534548,7.355307322776813,0.955,0.9753,0.9794,0.9877,0.9875,0.9173,0.5562121520034982,0.7042120310848596,0.6666846981535414,0.6512177833644603,0.9786,0.9924,0.9946,0.9998,0.9606,13.163104100723643,0.9998,16.665612645754894,32.29645566957702,22.15727802182975,0.9588,0.9572,0.9637,0.9876,0.946,4.7980031978203215,0.9876,6.074681333225258,8.122192364166269,7.1317175736118905
0.9694,0.9785,0.9841,0.9867,0.9864,0.9127,3.3994860453048754,4.304039320222776,5.080417115196108,4.577194759647167,0.9619,17.984996952524483,0.9564,0.9832,0.9929,0.9918,0.929,2.620225142614075,0.9921,3.3174285440068347,4.171411126690146,3.72433087513864,0.977,0.983,0.9863,0.9964,0.966,8.3808082735181,0.9964,10.61081818361613,14.528516754300194,14.514322018371198,0.9779,0.9765,0.98,0.9828,0.9398,4.272184226318402,0.983,5.408949661289421,5.650553000641938,5.4637009130747,0.9757,0.9829,0.987,0.9989,0.9608,6.459690763710148,0.9989,8.178519538824858,11.721357076925718,9.756615501848916,0.9776,0.9568,0.9847,0.9976,0.9976,0.9462,0.6289827609841758,0.796345829616544,0.8158199072076796,0.7688258214087813,0.9759,0.9784,0.9824,0.9967,0.9567,12.117997719567075,0.9968,15.342418816344662,17.538916901924136,16.745015113853132,0.985,0.9865,0.9935,0.9987,0.9794,9.72319749601744,0.9987,12.310397449329008,25.313623764035704,16.770697525736317
0.9664,0.9808,0.9929,0.9883,0.9884,0.9055,3.3424817682889274,4.231867042876213,5.279146917590847,4.650620010202946,0.9552,18.06512299662832,0.9728,0.9867,0.9924,0.9963,0.9501,2.986873103059515,0.9963,3.7816361381565953,4.9564148981147,4.173406075305395,0.9846,0.996,0.9984,0.9994,0.9762,10.744469507378636,0.9994,13.603414933431486,21.93001354307415,21.28029653635869,0.9498,0.9505,0.9653,0.9628,0.8904,3.561525286722185,0.9645,4.509194822314747,5.139846067214102,4.662255916078605,0.9435,0.9666,0.9823,0.9812,0.921,4.227695959378001,0.9816,5.352623720353582,5.84567706121458,5.18541781974398,0.9764,0.9911,0.997,0.9949,0.9947,0.9455,0.6154299713908615,0.7791868418957699,0.7772746803381352,0.7110541366685967,0.9553,0.9902,0.9949,0.9976,0.9306,9.74320541464586,0.9976,12.335729181051065,18.22434125511323,14.536827924150932,0.9476,0.9733,0.9779,0.9839,0.9327,4.118412288380991,0.984,5.214261270630027,6.9454459591431545,6.41153729632008
0.9847,0.9917,0.9952,0.9954,0.9951,0.942,3.767916585951264,4.770503812966642,5.732563429833567,5.258016849163641,0.9711,18.67397799836341,0.9756,0.9928,0.9976,0.9973,0.9528,3.266027731133192,0.9973,4.1350697100668805,5.265602377172441,4.762692223043576,0.9756,0.9935,0.997,0.998,0.9634,8.149634689602308,0.998,10.318132706543915,16.593394395707318,14.247995695384567,0.9657,0.9736,0.9755,0.9792,0.918,3.97611873716269,0.9788,5.034105496699566,5.46875564924643,5.41544552349971,0.945,0.9659,0.9737,0.9739,0.9231,4.18922959194292,0.9741,5.303922017878471,5.151420147851766,5.060145638406845,0.9598,0.9777,0.9796,0.9962,0.9962,0.9249,0.5603560364788025,0.7094585423169921,0.7789507221574594,0.7517433546686314,0.9545,0.9842,0.9903,0.9965,0.9266,10.25143193277097,0.9965,12.979187306320178,17.1572432164807,14.194713958301437,0.9796,0.9811,0.9944,0.9967,0.9723,7.743083456900365,0.9967,9.80340416584262,16.804541870405004,13.24411794962188
0.978,0.9831,0.9871,0.9885,0.9885,0.9286,3.604132455863104,4.563139132972874,5.488808061582773,5.010590896255732,0.9478,16.888062752152635,0.9611,0.9727,0.976,0.9767,0.9345,2.7851138747293955,0.9768,3.526191744393021,3.154598254141458,3.053817136699205,0.9657,0.9854,0.9908,0.9932,0.9513,6.874667469909758,0.9932,8.703915447693626,11.360467444398198,10.820500481693896,0.9487,0.9517,0.9589,0.9617,0.889,3.548142638689892,0.9612,4.492251248323836,4.736791738762613,4.535745763754986,0.9525,0.9722,0.9759,0.9872,0.9319,4.785509493096668,0.9872,6.058863237292748,6.487977936172843,6.332535388850099,0.9499,0.9747,0.9793,0.9903,0.9902,0.9138,0.5336228578447133,0.675612057741898,0.6957938080596139,0.681560338393308,0.9484,0.9898,0.994,0.9933,0.9204,9.693204213992397,0.9933,12.272423395763877,15.00991332245034,13.52765129630914,0.9839,0.9902,0.9926,0.9963,0.9773,8.886003827550027,0.9963,11.250438849792488,15.365048852221438,13.918880194020936
0.9666,0.9768,0.9899,0.9853,0.9847,0.9085,3.3981964407196448,4.302406570810541,5.016357937616451,4.571287932041743,0.9443,16.244706398587205,0.9344,0.9622,0.9662,0.9705,0.9019,2.352709951708638,0.9707,2.9787314924321926,2.9772379761336274,2.9094723994787084,0.9679,0.9886,0.9952,0.9988,0.9521,7.323410218538994,0.9988,9.272062046628074,18.2581483406058,13.447733826652058,0.9653,0.968,0.9723,0.9744,0.9146,3.8805934200842858,0.9744,4.91316229666789,5.187147394218304,5.039726384762579,0.9532,0.9827,0.9883,0.9929,0.9343,4.8481238854063,0.9931,6.138138399161619,7.485402415551381,7.340298442053311,0.9686,0.9794,0.9829,0.9904,0.9904,0.9355,0.6041469143703759,0.7649015292275337,0.7074614995960792,0.6855493186780552,0.9765,0.9789,0.9837,0.9951,0.9591,11.896693294115243,0.9951,15.062228535758123,15.575595266680187,15.539386385343883,0.9737,0.9584,0.9838,0.9932,0.9647,6.291330241650307,0.9932,7.965360756214292,11.103942648522963,10.278636794670106
0.9637,0.9709,0.9931,0.9845,0.9856,0.8987,3.2831639828127046,4.156765666469385,5.216626796158402,4.35463932635658,0.9571,17.52503678834522,0.9707,0.9612,0.9652,0.9886,0.9487,2.871628668840992,0.9888,3.635726853722729,3.807089928594026,3.4814469120006293,0.9521,0.9868,0.9921,0.9939,0.9321,5.869050559132553,0.994,7.430718656359871,11.884890503313509,9.98102112975822,0.9741,0.9827,0.9914,0.9879,0.9342,4.172615083885075,0.988,5.282886633407372,6.431730759984461,5.629808486029294,0.9696,0.9937,0.9973,0.9984,0.9532,5.72125413796304,0.9984,7.243595779659037,10.864740823770733,9.307070052849864,0.9564,0.9834,0.9927,0.9924,0.9923,0.921,0.5392122922158803,0.6826887584521522,0.747650732268385,0.6779351318789291,0.9697,0.9796,0.9816,0.9892,0.948,11.220356534268657,0.9894,14.205928504136512,13.659955230743984,13.065032015130765,0.978,0.9799,0.987,0.9969,0.9702,7.461895933118896,0.9969,9.447396774553862,17.33082235539602,12.57900390343011
0.9782,0.9865,0.9923,0.9899,0.9896,0.9292,3.6126171093529367,4.573881428058669,5.2511950931412095,4.889161722295775,0.9298,15.206041727189769,0.9571,0.9732,0.9775,0.9833,0.9293,2.649957982940656,0.9834,3.355072856165213,3.406612138560995,3.3231305619204727,0.98,0.9906,0.997,0.9983,0.9707,9.000391798429538,0.9983,11.395263778580146,17.20462154843709,13.892492434643126,0.9756,0.9866,0.9933,0.9894,0.9339,4.213932096756906,0.9902,5.335197496174443,7.683648254034733,6.913176651862143,0.9481,0.9618,0.9792,0.9811,0.9251,4.436948747193581,0.9814,5.617555599649976,5.845661596375838,5.583875477502699,0.9451,0.9284,0.9343,0.9845,0.9845,0.9099,0.5050546008852206,0.6394422074688824,0.6483483344674602,0.6217701458080247,0.949,0.9862,0.9901,0.9932,0.9204,9.934151253518724,0.9932,12.577482901345576,14.855546441328569,14.286592585515018,0.9796,0.9655,0.9683,0.9973,0.9721,7.900215721847922,0.9973,10.002347017143334,19.281561469669917,13.481925538455489
0.9642,0.9544,0.9634,0.9711,0.9707,0.9011,3.3153034291058785,4.197456947072539,4.183989907413824,3.999468365287808,0.9246,14.992151735235415,0.9774,0.9631,0.9645,0.9989,0.9561,3.310956116488989,0.9986,4.191952878460098,6.317037808900754,5.592515068704505,0.9732,0.9877,0.9899,0.9964,0.9609,7.799911933958984,0.9965,9.875353865446913,14.815597453436215,12.14725833699657,0.9747,0.9791,0.9906,0.9876,0.934,4.171105879553812,0.9866,5.280975851984111,6.699161917163252,5.767073022628686,0.9404,0.983,0.9875,0.9901,0.9146,4.352206295412048,0.9901,5.510264426896511,6.83511876467638,6.532966923605667,0.9766,0.9871,0.9895,0.9983,0.9983,0.9456,0.6193101883619911,0.7840995275759487,0.8418609451959443,0.7814549897472501,0.9448,0.973,0.9733,0.9823,0.916,9.338528397633532,0.9824,11.823373557289322,11.729887758624283,11.728289689973378,0.9625,0.9748,0.9839,0.9899,0.9501,4.960980842251441,0.9899,6.2810249335814445,9.436786245635645,7.499235442235115
0.9414,0.941,0.9424,0.9545,0.9541,0.8632,2.979418915167555,3.7721985004196688,3.9317323491407374,3.889319691448079,0.8752,12.940188042047566,0.9833,0.9778,0.9828,0.9974,0.9697,3.336489753931679,0.9976,4.224280641562239,5.302090466146751,4.413791440316071,0.9367,0.9729,0.9892,0.9921,0.9121,4.99325357929412,0.9921,6.321884971643595,10.663618875398456,8.258880177636723,0.9696,0.968,0.9758,0.9761,0.924,4.002438096038576,0.9757,5.067428050160646,5.333027672041933,5.09574656198847,0.9587,0.9761,0.9915,0.9954,0.9411,5.036969981112626,0.9954,6.377233665492588,8.200824733350272,7.087580194695454,0.9665,0.936,0.9443,0.9929,0.9929,0.935,0.5810536468770249,0.7356634826524988,0.7394691763815416,0.6830935021193831,0.9672,0.9837,0.9909,0.9933,0.9443,10.894263157635352,0.9933,13.793066472526649,15.000522723986728,12.945816617733325,0.9698,0.9817,0.9853,0.9948,0.9585,5.979572278370661,0.9948,7.570648580766068,12.813000538794697,9.832178717788404
0.9713,0.9788,0.9918,0.9875,0.9865,0.914,3.433133246272289,4.346639546859739,5.420411689948535,4.726632406950402,0.951,17.00654646965622,0.9631,0.9813,0.9904,0.9982,0.936,2.9450710283892194,0.9982,3.728711145775371,5.575297031842298,4.758206112348689,0.9909,0.9928,0.997,0.9995,0.9853,12.683533621392696,0.9996,16.058435510049552,25.284826222305355,23.660950549526817,0.967,0.9654,0.9704,0.9719,0.9207,3.9655802562293783,0.9717,5.020762880872378,6.130323483955946,5.576680374253487,0.9636,0.996,0.9991,0.9993,0.946,5.491587376091489,0.9993,6.952818067831498,12.249652793028863,9.173975536672543,0.9714,0.9736,0.9775,0.9949,0.9948,0.9388,0.6035059452846887,0.7640900076883719,0.7512056816813766,0.7294334707108252,0.9758,0.9873,0.995,0.9997,0.9559,12.362406816949472,0.9997,15.651861582496585,29.548146006724565,19.99437056451757,0.9737,0.9871,0.9935,0.996,0.9642,6.559861793152281,0.996,8.305344607002912,14.092594221636292,11.259513635796717
0.9608,0.9761,0.9795,0.979,0.9792,0.8967,3.251091550393325,4.116159231146948,4.688113350846384,4.525379007804718,0.9017,13.852414864888864,0.9385,0.95,0.9616,0.9657,0.9091,2.3422818897565274,0.9672,2.965528676454292,2.9342564130050475,2.765424793994512,0.9403,0.9602,0.9696,0.9794,0.916,4.953578364798815,0.9797,6.271652765671779,7.595943316742533,6.8277950979852085,0.9712,0.9818,0.9868,0.9857,0.928,4.085312856380871,0.9857,5.172354566232075,6.371233311708629,5.670676991353067,0.9585,0.9816,0.9981,0.9991,0.9401,5.341300980933296,0.9991,6.762542671658371,11.936544392767368,9.068404330613472,0.9628,0.9866,0.9906,0.9901,0.9901,0.9295,0.5721336291092778,0.7243699792529202,0.7177098223912971,0.6710574928876438,0.9158,0.9173,0.9264,0.9455,0.8822,7.693175125387942,0.9465,9.74021596081002,8.83749024514842,8.462928276903542,0.9675,0.9832,0.987,0.994,0.9566,5.644119679704375,0.994,7.145936975691332,12.114684947318414,9.545936720344054
0.9822,0.9804,0.989,0.9888,0.9877,0.9402,3.738349864913628,4.733069821998566,5.231682695453896,4.769523019553371,0.935,15.831390399966692,0.9654,0.9789,0.9824,0.9901,0.9409,2.756158067275952,0.9904,3.4895312221353847,3.9095728327178674,3.770371164652808,0.9797,0.9864,0.9922,0.9993,0.9696,9.318287564376163,0.9993,11.797746935778664,21.31249464339077,16.04148185522078,0.9717,0.9754,0.9765,0.9796,0.9286,4.09336805039912,0.9794,5.182553128992599,5.4691232918251735,5.390189424464045,0.9281,0.9505,0.9771,0.9813,0.9048,3.7444918676629895,0.9816,4.740846121411437,5.845640676388889,5.071862631670908,0.9691,0.9614,0.9651,0.9841,0.9836,0.9366,0.586505448964014,0.7425659291505162,0.6271178118859595,0.6238927795794588,0.9647,0.9531,0.9603,0.9986,0.9389,10.958071735225156,0.9986,13.873853574827985,19.548977556944266,16.31914608422904,0.9558,0.9789,0.9846,0.9879,0.9423,4.570572520780683,0.9879,5.78673469554,8.317834399538501,6.886273344524587
0.9902,0.992,0.9977,0.9968,0.9962,0.958,4.058239669448959,5.138077602148158,6.411635061122168,5.548110029536727,0.9306,15.247411741675656,0.9773,0.9932,0.9965,0.9962,0.9564,3.1594431258236684,0.9962,4.000124507742488,4.981467682615417,4.39718207693388,0.966,0.9757,0.9857,0.9921,0.9516,6.730729391068815,0.9921,8.521677561509515,10.80579018819883,10.28257637153759,0.9679,0.96,0.9622,0.9741,0.9234,3.9823909740037697,0.974,5.042046683581931,5.299428697436648,5.042755177142411,0.9532,0.979,0.9846,0.9907,0.9347,4.806780251250348,0.9907,6.085793831577972,7.100165994228162,6.637372375278753,0.972,0.9753,0.9768,0.9872,0.9868,0.9402,0.5953431826177678,0.7537552538426846,0.6550843768893497,0.6498681276976201,0.9549,0.9439,0.9496,0.9922,0.9295,9.905556898375378,0.9923,12.541280008545543,14.564575289170625,13.446309616048785,0.9592,0.9781,0.9907,0.9899,0.9457,4.9867620966645845,0.9899,6.313666200890688,9.42533384483766,8.016771129142082
0.9865,0.9898,0.9957,0.9935,0.9928,0.9472,3.835561394278784,4.856147910624489,5.548338437387237,5.21822593968214,0.9274,15.120970886610603,0.944,0.951,0.9546,0.9706,0.9164,2.409433267513199,0.9715,3.0505480489182637,2.903592166374984,2.833703771531697,0.9719,0.9502,0.9659,0.9921,0.9596,7.404573941749475,0.9921,9.374822243733767,10.581109258418884,10.409792393945478,0.9549,0.9605,0.9706,0.9709,0.8999,3.674358127757029,0.9715,4.652050824061582,5.291372874119576,4.9138157559771365,0.9301,0.9326,0.9684,0.9817,0.9062,3.835131611386518,0.9817,4.855603768821045,5.8574989628136,5.246000773202585,0.9642,0.9819,0.9947,0.9937,0.9937,0.9314,0.5887950114747496,0.7454647105960006,0.7456055262595305,0.7207296441144746,0.9278,0.9261,0.9454,0.9555,0.897,8.257330091071811,0.9562,10.454484271561254,9.395805531329517,9.080872723156066,0.9777,0.9784,0.9861,0.9956,0.9701,7.247871888980214,0.9956,9.176424077749228,13.482645235175536,11.53649821789959
0.9797,0.9775,0.9789,0.9832,0.9827,0.9337,3.656135574989429,4.628979517816655,4.583862585857871,4.539453359782703,0.9628,17.723914691559784,0.9593,0.9723,0.9852,0.9922,0.9317,2.737728726266641,0.9922,3.466198104336763,4.145412003882707,3.559167631050297,0.9352,0.9514,0.9566,0.9573,0.9112,4.735876218821943,0.9581,5.996023278186325,5.492183521892998,5.325778732356867,0.9784,0.9906,0.9943,0.9923,0.9405,4.304707617109245,0.9923,5.450127048378299,6.849777141299193,6.350852981649709,0.9484,0.9752,0.9771,0.986,0.9259,4.459549349800163,0.986,5.646169890452494,6.329946860305178,6.141559146204591,0.9591,0.9808,0.99,0.9909,0.9906,0.9235,0.5592467008284328,0.7080540287537993,0.7246379238178536,0.6556183854657066,0.9798,0.9527,0.955,0.995,0.9646,12.52471155363146,0.9951,15.857353224241216,15.874079548100102,14.962086994955683,0.9642,0.9774,0.9858,0.9932,0.9523,5.321973055185111,0.9932,6.738071868928227,11.10507043267548,9.097638946669
0.9755,0.987,0.9947,0.9922,0.9922,0.9221,3.544498451243214,4.487637396155675,5.488501077455695,4.901383199088091,0.9321,15.372911040622402,0.9723,0.994,0.9967,0.9962,0.9475,3.0954979531881057,0.9962,3.919164464461236,4.922791796725381,4.740765620332279,0.9696,0.9613,0.963,0.9958,0.9552,7.150377558812403,0.9958,9.052987939183344,13.61181006644151,11.979548555274492,0.9317,0.9111,0.9163,0.9328,0.8606,3.2907128222937225,0.9314,4.166323141192137,3.9100810724787207,3.8348434381397407,0.9674,0.9949,0.9973,0.9991,0.9509,5.777678821437552,0.9991,7.315034242140985,11.936542906138843,8.952043837109994,0.9408,0.9644,0.9672,0.9717,0.9713,0.9022,0.5210288405606367,0.6596669575509162,0.5784653932628424,0.5769715351589109,0.9664,0.9536,0.9716,0.9877,0.9432,10.840373963515846,0.9878,13.724838155853366,13.073416793381709,12.573421162851243,0.9645,0.9866,0.994,0.9937,0.9528,5.485141275428294,0.9937,6.944656754519205,11.960450511354784,9.338770971800628
0.9769,0.9808,0.9874,0.9851,0.9846,0.9273,3.573340331999224,4.524153677496053,5.27056403591968,4.792418155100837,0.9621,17.779860860164014,0.938,0.9752,0.9837,0.9957,0.905,2.476355749852633,0.9957,3.1352776202585115,4.684697797916668,3.7940833227866713,0.9692,0.9862,0.9885,0.9924,0.9547,6.987966296341628,0.9924,8.847361426703118,10.957487846985048,10.607239898386398,0.9496,0.9446,0.9505,0.9587,0.889,3.5780541221699877,0.9587,4.530121737953388,4.666143625720522,4.445585678288692,0.9465,0.9614,0.9789,0.9861,0.9242,4.353534525105141,0.9862,5.511946078990143,6.387747706672311,5.633310521005404,0.9637,0.9583,0.9645,0.9906,0.9906,0.9312,0.5677195098126463,0.7187813276851065,0.6912920608058635,0.6892229934080945,0.9543,0.9934,0.9963,0.9961,0.9262,10.349462127858487,0.9961,13.103301895585377,16.337180624188196,15.981602141274582,0.9766,0.9833,0.9881,0.9975,0.967,7.389247278602504,0.9975,9.355417380777064,20.178004878937283,12.82528330064055
0.9726,0.9702,0.9765,0.9774,0.9784,0.9172,3.4777104161233807,4.403078046464212,4.519349699554782,4.322831835071316,0.9544,17.027738567594408,0.9686,0.9761,0.978,0.9946,0.9418,3.03054534998816,0.9946,3.8369289281484735,4.4173635469331725,4.128193930233078,0.9426,0.9828,0.9952,0.9958,0.9174,5.441896088789799,0.9958,6.889904659284244,13.63795837574454,8.921126643528082,0.967,0.9738,0.978,0.9791,0.9199,3.943114307933351,0.9793,4.992319073913458,5.417354393260018,5.262949694472012,0.9565,0.9869,0.9933,0.9928,0.9375,5.106739425993574,0.9928,6.465567734265264,7.410612805861699,6.693689457781568,0.9521,0.9439,0.9501,0.9883,0.9882,0.9168,0.5388689962356801,0.6822541164569902,0.6594293773126683,0.6531254035907231,0.8921,0.9351,0.9468,0.9472,0.852,6.974138883421297,0.9475,8.829854742424107,9.050944218841872,8.594424831049627,0.9833,0.9892,0.9967,0.9972,0.9766,8.829756963057793,0.9972,11.179225521310622,18.8235628525424,15.49801271784753
0.9738,0.9734,0.9786,0.9815,0.9822,0.9206,3.500095543863338,4.431419527704899,4.698602279869689,4.5002612529823285,0.951,17.947761032989774,0.9767,0.9793,0.9929,0.9931,0.9559,3.08804314106563,0.9934,3.909726036395228,4.245839833758993,4.062430059613092,0.9527,0.9652,0.9742,0.9822,0.9338,5.615305996570917,0.9821,7.1094563949464495,8.050772579489294,7.454169356448375,0.9634,0.967,0.974,0.9747,0.9099,3.863139648707028,0.9745,4.8910643332426105,5.571754655677772,5.425405436071236,0.9601,0.9638,0.9754,0.9912,0.9427,4.996982383807584,0.9915,6.326605956236409,7.1797216080172985,6.58753948844107,0.9642,0.9863,0.9916,0.999,0.999,0.9311,0.5966109149191463,0.755360311077788,0.8606510646952736,0.7875573412621598,0.9215,0.9744,0.9889,0.9934,0.8892,8.123677915572047,0.9935,10.285269216427023,15.160151886275225,12.054809513725449,0.9958,0.9958,0.9979,0.9997,0.9932,19.24494453547828,0.9997,24.36574143629892,53.27051505609068,33.09907970562093
0.9197,0.9175,0.9302,0.9339,0.9335,0.8276,2.8134323984988607,3.562045411144433,4.001233093377639,3.811882334912213,0.9452,16.391164644067416,0.9748,0.9734,0.9877,0.9906,0.9515,3.151366828722105,0.9906,3.989899226678329,3.9379995649034094,3.799899070939327,0.9806,0.9727,0.9748,0.9981,0.9714,9.17042014063716,0.9981,11.610534163768111,16.88437819616302,15.29039847796472,0.9832,0.9842,0.9863,0.988,0.9487,4.506373797247081,0.9882,5.70545363519314,5.900847840017235,5.776980335093784,0.9391,0.9475,0.9665,0.9698,0.9157,3.9937918480868793,0.9698,5.056481162701616,4.909652795105596,4.529990099243656,0.9774,0.9711,0.9745,0.9999,0.9999,0.9449,0.653213276686483,0.8270237294349719,0.9155680122716372,0.8947561986821961,0.9669,0.9846,0.9868,0.9912,0.944,10.923274123234462,0.9912,13.82979682970186,14.111616583206436,13.90031776785736,0.9587,0.9761,0.9784,0.9855,0.9454,4.884409868534321,0.9855,6.184079549110342,7.50474347490991,6.894269412555963
0.9643,0.9488,0.9602,0.9684,0.9684,0.9039,3.3108904149177363,4.191869694666341,4.083210349505494,3.859589563337253,0.9553,17.150147432299654,0.9622,0.985,0.995,0.9959,0.9353,2.864301029182863,0.9959,3.626449436844796,4.816546147181835,3.837813566825514,0.8995,0.9388,0.9503,0.9511,0.8716,3.6099948287419066,0.9513,4.570561397116309,5.181324215028989,4.721753396318231,0.9488,0.9448,0.95,0.959,0.889,3.536883927654382,0.9587,4.477996759749368,4.865221803324152,4.71495956873261,0.9721,0.9805,0.9865,0.9974,0.957,5.884777807242067,0.9974,7.4506306940503135,9.27783388441237,7.77378180121655,0.9746,0.9853,0.9893,0.9917,0.9916,0.9426,0.6193402631569296,0.7841376048318154,0.7345771541332966,0.6957715020445723,0.9472,0.9456,0.9498,0.961,0.9206,9.060801591270469,0.9619,11.47174772946236,9.65680535473592,9.408808053526222,0.9606,0.9667,0.9794,0.9919,0.9477,4.923796862310795,0.9919,6.233946843065981,10.204532821022172,7.613163193847148
0.965,0.9682,0.979,0.978,0.9782,0.9027,3.301714803322216,4.180252587677844,4.806333790154289,4.487535365562787,0.938,15.749673659683031,0.9347,0.9579,0.9658,0.9751,0.9032,2.3191222030781846,0.9759,2.9362065375252917,3.1131846238359757,2.944794285441724,0.9707,0.9935,0.9958,0.9969,0.9553,7.574505491658344,0.9969,9.589970081614826,15.300519378252678,12.79863570138454,0.9738,0.9829,0.9884,0.9888,0.9341,4.164145802613676,0.9889,5.272163800861414,6.948771861336106,6.123473407294551,0.9409,0.9729,0.9795,0.9807,0.9181,4.132324385015038,0.9807,5.231875171714392,5.768125156790985,5.574498489388022,0.9839,0.9826,0.9854,0.9942,0.9938,0.9604,0.6254362142838434,0.7918555989623196,0.7497077839073969,0.7150879886434993,0.9752,0.9793,0.9846,0.9941,0.9556,11.660465476784925,0.9941,14.76314396804109,15.577791835632656,14.243075057363347,0.9471,0.9646,0.9713,0.9795,0.9318,3.9746919368887577,0.9795,5.03229904584221,6.127335014186,5.67370810774029
0.9682,0.9816,0.9909,0.986,0.9857,0.9103,3.409135702861134,4.316256609835182,5.392693509563323,4.8940205213701775,0.9685,19.704862259467625,0.9673,0.9826,0.9889,0.9944,0.9416,2.9168225056666017,0.9945,3.692946106320575,4.426353285782622,3.843233954913959,0.9127,0.9387,0.9453,0.9594,0.8883,4.058154590448762,0.9595,5.1379698848764015,5.58573405931196,5.256407047707362,0.9471,0.9636,0.9779,0.9767,0.8855,3.511014284442377,0.9771,4.445243584680925,5.604972212888174,4.889151503191609,0.9601,0.9857,0.9903,0.9937,0.943,4.974818069914127,0.9937,6.298544044161506,7.667878753401601,6.690256234366056,0.9195,0.9673,0.9748,0.9717,0.9716,0.8788,0.4800967907240172,0.6078434908249839,0.604393873337026,0.5797830196015222,0.9766,0.992,0.9935,0.9965,0.9581,12.578245689884078,0.9965,15.925132007367466,17.266951794984713,16.39269269949153,0.9717,0.9607,0.964,0.9962,0.9607,6.377030625208163,0.9962,8.07386475231118,15.145468074483643,11.549150308405538
0.9699,0.9693,0.9748,0.983,0.9829,0.9131,3.4061101243329888,4.312425969327172,4.815912784564487,4.386628261478852,0.9408,15.889792676189275,0.9721,0.9756,0.9837,0.9991,0.9471,3.10440047334897,0.9991,3.9304358143979,6.403564574630005,5.165624719912061,0.9846,0.9635,0.9767,0.9996,0.9767,10.407973231333838,0.9996,13.177381943766582,25.205776543428637,17.938316314580888,0.9435,0.9163,0.9193,0.9363,0.8821,3.451081316806269,0.9365,4.3693633351827055,3.992313732333465,3.9481425031699473,0.9333,0.953,0.966,0.9688,0.9092,3.767254662381865,0.9691,4.769665761263618,4.902399069510659,4.68502811733746,0.9664,0.9773,0.9902,0.9974,0.9973,0.935,0.5765069759349803,0.7299070093945186,0.8239961588545804,0.7159285129453546,0.9772,0.9676,0.9685,0.9981,0.9615,11.905581417970891,0.9981,15.073481658744331,18.968022560981037,18.02802079915052,0.9782,0.9733,0.9786,0.9961,0.9707,7.605554670847947,0.9961,9.62928099106164,14.965619141941422,13.469702322175005
0.9684,0.9728,0.9797,0.9813,0.9811,0.91,3.381332846935062,4.281055822561595,4.709303825852722,4.434514233831205,0.9464,16.346402370920842,0.9756,0.9891,0.9921,0.9995,0.9526,3.272763102817181,0.9995,4.143597265167229,6.812381011578796,5.14924519443364,0.9353,0.9626,0.9719,0.9785,0.9114,4.718400263605487,0.9785,5.973897228128269,7.425499458263427,6.822238663404151,0.9758,0.9711,0.978,0.9787,0.937,4.228474403367737,0.979,5.353609296848311,6.902508735941924,6.212186185381519,0.9539,0.9849,0.9927,0.9936,0.9353,4.851535569820445,0.9937,6.142457882657354,7.667891566400286,6.324572630172321,0.9473,0.9702,0.9826,0.9824,0.9824,0.9104,0.5427731019017372,0.6871970472627282,0.6515366553953911,0.616009110342489,0.9044,0.9425,0.9537,0.9542,0.8676,7.529919133132854,0.9549,9.53351994836474,9.399498920950386,9.03194676103382,0.9391,0.964,0.9767,0.979,0.9207,3.7128159040689743,0.9791,4.700741649441952,6.005553822170713,5.591049472946491
0.9843,0.9916,0.9978,0.9942,0.9937,0.9428,3.768651866608287,4.7714347410001885,6.079003442790555,5.503218987356547,0.9138,14.738048370679588,0.9699,0.9865,0.9919,0.9945,0.9458,2.893640048693628,0.9945,3.663595138256196,4.4434112360946,4.231090580466847,0.9713,0.9938,0.9968,0.9983,0.9563,7.828936021811237,0.9983,9.912100836513972,17.199395554683356,13.533361352572044,0.9837,0.9964,0.9989,0.9979,0.951,4.5354717249990335,0.9982,5.7422940938719975,9.267265240353115,7.584222530785313,0.9743,0.9729,0.9881,0.9969,0.9592,6.272642308544201,0.9969,7.941700238762406,8.849373832173217,8.540628169121165,0.9522,0.9624,0.9713,0.979,0.9783,0.916,0.5521156786554553,0.6990255463841583,0.6119476935279925,0.6029646721821018,0.9548,0.9738,0.9815,0.9885,0.9304,9.641224264244691,0.9885,12.206612345329852,13.543977185511872,12.73399942236051,0.984,0.9848,0.9892,0.9982,0.9774,9.08279479542055,0.9982,11.499593002005952,22.43899837800431,17.045346943364148
0.9617,0.9503,0.9549,0.9684,0.9679,0.8937,3.2406810798445096,4.102978687386221,4.056061963718506,3.96439616635529,0.913,14.5531828946487,0.9612,0.977,0.9794,0.9841,0.9363,2.692159059285677,0.9845,3.408503018702741,3.43429466119984,3.376552086441145,0.9715,0.9751,0.9777,0.9953,0.9573,7.639194780212428,0.9953,9.671872239124356,12.99964602849663,12.549042518724796,0.9546,0.9876,0.9909,0.9904,0.8987,3.6638761266881006,0.9905,4.638779716560613,6.9250719939767205,6.063507878016383,0.9595,0.9779,0.9879,0.9915,0.9417,5.109213119416632,0.9915,6.468699641152695,7.166078903764971,6.565176695506381,0.9647,0.9593,0.9641,0.9758,0.9753,0.934,0.5664053744218333,0.7171175201804489,0.5942567283650029,0.5859472456670043,0.9577,0.9362,0.9457,0.9862,0.9333,9.73849408280824,0.9863,12.329764233053194,12.671916545620658,12.034840857177745,0.975,0.972,0.9759,0.9969,0.9652,6.869379762796747,0.9969,8.697220759430483,17.26470415359436,11.757647859774115
0.9874,0.9831,0.9917,0.9938,0.9934,0.9484,3.8602689403149313,4.887429771537748,5.328529822524626,4.763315595145356,0.9339,15.738088481574447,0.9705,0.9858,0.9921,0.9937,0.9442,3.1485374701473834,0.9937,3.986317017369533,4.338210486175604,3.883617686407195,0.937,0.9759,0.984,0.9871,0.9121,5.074869139273404,0.9872,6.4252172326416925,9.066320335559244,7.84084605514725,0.9573,0.9616,0.9716,0.9702,0.901,3.693921359315898,0.9712,4.676819544020379,5.172685275072587,4.80877250993153,0.9761,0.9652,0.9802,0.9986,0.9619,6.377020420151895,0.9986,8.073851831839422,11.052790964468931,9.312611655357315,0.965,0.9645,0.9696,0.9903,0.9903,0.9335,0.5844998155383101,0.7400266261467265,0.7115566124544171,0.6719276023014845,0.9829,0.9801,0.9859,0.9985,0.9675,13.046972181074718,0.9985,16.518579729060832,19.491556448110785,16.957275742050317,0.9931,0.9783,0.9803,0.9993,0.9891,14.890629623691568,0.9993,18.85280732120047,38.27643607470841,26.178140545563373
0.9796,0.9797,0.9873,0.989,0.9891,0.9309,3.6464014041242834,4.616655227145946,5.035394330136944,4.622167692961639,0.9249,14.902025162406122,0.9855,0.9903,0.9938,0.9991,0.9729,3.694837346712372,0.9991,4.6779792622009255,6.413315000738441,5.809284350870557,0.9488,0.9633,0.9783,0.9785,0.929,5.244513375304869,0.9785,6.640001306645178,7.46591355772522,6.446339580291533,0.9611,0.9795,0.9855,0.9819,0.9075,3.809412550013966,0.982,4.823041243206454,5.795402761744144,5.462539352383006,0.9413,0.9635,0.9712,0.9743,0.9184,4.21291990759664,0.9744,5.333915978354622,5.216794205267665,4.965958921555456,0.9618,0.9898,0.9932,0.9966,0.9963,0.9249,0.596772867783768,0.7555653572194889,0.7801565945261408,0.7564717334493839,0.9767,0.9804,0.9887,0.9992,0.9586,12.509027505478892,0.9992,15.83749588138136,21.345900795425425,18.69477073343518,0.9765,0.9913,0.9926,0.994,0.9676,6.951853578159627,0.994,8.801639644956103,12.232552934627112,10.9511873526662
0.9531,0.9563,0.9664,0.9666,0.9659,0.8782,3.0988461689805,3.923403591267759,4.23127035875511,4.047704043584935,0.9264,15.354498887508594,0.9618,0.9846,0.9889,0.9921,0.9363,2.7569514982521746,0.9921,3.4905357734334435,4.1571650356951535,3.872643296609884,0.9608,0.987,0.9886,0.9879,0.9458,6.330576305545493,0.9879,8.015049620918457,9.302036412357875,8.944976401612646,0.9743,0.9882,0.9933,0.9902,0.9344,4.16988200233641,0.9908,5.279426319026298,6.708981362287648,6.042742572854413,0.9771,0.9967,0.9995,0.9998,0.9627,6.550747340314659,0.9998,8.293804932218947,13.70007112866821,10.260544584969782,0.9642,0.9762,0.9908,0.9901,0.9901,0.9335,0.5631985048061362,0.7130573496908976,0.710789795116054,0.6565844099831835,0.9646,0.9598,0.9732,0.9794,0.9401,10.296060064157253,0.9801,13.03569032757538,11.729663362144649,11.184072554226075,0.9911,0.9797,0.9807,0.9983,0.9869,12.778267724222935,0.9983,16.178376965349983,22.851470372919163,22.26095258184469
0.9766,0.9693,0.9807,0.9793,0.9794,0.9257,3.590375184350329,4.545721253699111,4.872243686033146,4.67985518733578,0.9528,16.877701868753327,0.9834,0.9834,0.9862,0.9986,0.9687,3.5687492251712243,0.9986,4.518340944615932,5.764156670940472,5.478949172390843,0.9454,0.9695,0.9793,0.9921,0.9214,5.48023256781535,0.9921,6.938441911952998,10.784370042487875,8.29671399567401,0.9745,0.9886,0.9897,0.9899,0.9342,4.17465969468613,0.99,5.285475285093249,6.240611563079126,6.113845418376109,0.9564,0.977,0.98,0.9954,0.9381,4.980383415812352,0.9954,6.305590246810193,8.131458406530516,7.520836706676223,0.9458,0.9797,0.989,0.9877,0.9875,0.9089,0.534176010626168,0.6763123963488944,0.6912653701487967,0.6389827915086327,0.9683,0.9865,0.9948,0.9951,0.9458,11.189637364971434,0.9951,14.167035415364335,15.605693621241183,15.534264819546191,0.984,0.9897,0.9943,0.9962,0.9777,8.885287328460244,0.9962,11.249531700825193,15.16033927844768,14.650709030120968
0.9734,0.9958,0.9973,0.9968,0.997,0.9166,3.5382728444191747,4.47975524685257,5.714643144912121,5.518781179141115,0.9281,15.0827876994563,0.9508,0.9624,0.9768,0.9896,0.9236,2.47383239097431,0.9899,3.1320828326680945,3.8828702730981446,3.529745212169153,0.9358,0.9706,0.977,0.9756,0.9112,4.90571687182682,0.9757,6.211056032833136,7.090263257837413,6.548300288230575,0.9571,0.9565,0.96,0.9621,0.8998,3.685185340217215,0.9623,4.665758998631501,4.865146019954295,4.789979002663685,0.9564,0.9829,0.9912,0.9911,0.9386,4.883917807202127,0.9911,6.183456557489403,7.141278480254834,6.525833283741898,0.9574,0.9743,0.9824,0.9833,0.983,0.922,0.5469140182076224,0.6924398005391825,0.6344619158387745,0.6227936810510838,0.9565,0.9706,0.9786,0.9939,0.9316,9.87333380295108,0.994,12.500482821006852,15.455317196620149,13.07431175758351,0.9763,0.9786,0.9858,0.9967,0.9668,7.206684501875965,0.9967,9.124277332261403,16.799712061235805,12.381370910596967
0.9479,0.9457,0.952,0.9573,0.9568,0.8696,3.035519377802633,3.843226471661836,3.9060772502380416,3.81219366447498,0.9304,15.929274562504965,0.9471,0.9483,0.9504,0.9813,0.9175,2.5639708475877496,0.9813,3.2462058078349614,3.212651922056016,3.159638495508006,0.9785,0.9898,0.9935,0.994,0.9685,8.515216014198892,0.994,10.780989848721624,12.015586889958715,11.4359658206964,0.9544,0.9653,0.9791,0.9753,0.898,3.6634748001618833,0.9759,4.6382716029440045,5.980452488434549,5.081385877705242,0.9746,0.9638,0.9803,0.9977,0.9606,6.056096312119109,0.9978,7.667534535232706,9.589319277588334,8.443834301303642,0.9592,0.9886,0.9902,0.9921,0.9921,0.9214,0.5823288881845027,0.7372780469298659,0.7162290818406488,0.7115887975453847,0.9709,0.9645,0.9769,0.9933,0.9497,11.371238956557072,0.9934,14.396958521499492,14.773727932112678,14.55730900556199,0.9652,0.9602,0.963,0.9946,0.9547,5.510093382354518,0.9946,6.976248250381114,12.497759507365714,10.075559744316664
0.9861,0.9928,0.9942,0.9945,0.9945,0.9452,3.825384172609704,4.843262679842371,5.351374204362587,5.236274525166348,0.9042,14.078069898966865,0.9458,0.9591,0.9747,0.9944,0.9174,2.4925818561102258,0.9941,3.1558212549185933,4.40175411978769,3.5770352587905787,0.9232,0.9372,0.9408,0.9722,0.899,4.42743055352771,0.9722,5.605504754537085,6.596924189437609,6.339413233917703,0.9821,0.9854,0.9931,0.9897,0.9492,4.52542199848452,0.9904,5.729570282831298,8.135596730782176,7.439806783013848,0.9396,0.9741,0.9857,0.9954,0.914,4.249676970448469,0.9954,5.38045355541827,8.233053461277642,6.609555398711012,0.9598,0.9581,0.9609,0.9726,0.972,0.9248,0.5585289920467768,0.7071453482134031,0.5851526727314937,0.5814229028430783,0.929,0.9431,0.9517,0.962,0.8984,8.228369637703672,0.9631,10.4178178671793,9.8926346031506,9.521775698016128,0.9958,0.9822,0.9886,0.9997,0.9932,19.161570481035717,0.9997,24.26018277130519,53.26556587906484,32.6683036047422
0.9775,0.9774,0.9826,0.9849,0.9848,0.9287,3.589020561918289,4.544006186146588,4.925612647617445,4.636251231331348,0.9423,16.056263157003254,0.966,0.987,0.9932,0.9973,0.9399,2.916181587997978,0.9973,3.692134649879802,5.18305373669008,4.35625576527146,0.9692,0.9863,0.9923,0.9967,0.9545,7.217718657956222,0.9967,9.138247515107276,15.19751855943522,11.989835972303972,0.9237,0.9624,0.9774,0.9701,0.8522,3.160305521511271,0.9709,4.001216374248061,5.469971453838254,4.804138133350546,0.9548,0.9691,0.9712,0.9929,0.9368,4.871108143446477,0.9929,6.167238430470087,7.509810493302236,7.097737926277877,0.9485,0.9705,0.9773,0.9901,0.9901,0.9101,0.5574562660509106,0.7057871855957301,0.7070871867061082,0.6527234050524433,0.9393,0.9796,0.9916,0.9913,0.9095,9.226298993600825,0.9913,11.681281558262263,14.428981023404235,11.984841708801357,0.9578,0.9651,0.9722,0.9839,0.9451,4.615964077021924,0.9839,5.844204277784125,6.9426209925923255,6.407946509665532
0.9736,0.9669,0.9819,0.9818,0.9813,0.9206,3.4989067771986075,4.42991444770181,4.711018261882495,4.284650310017316,0.943,16.18605955406696,0.9511,0.9651,0.9697,0.988,0.9226,2.598084754758513,0.988,3.2893969243368764,3.6654904586236072,3.5065949374503744,0.9658,0.9817,0.9906,0.9966,0.9512,6.937964083256873,0.9966,8.784054359591554,15.075108198895204,11.128990890930698,0.9584,0.9751,0.9889,0.9825,0.908,3.7734574102368335,0.9825,4.777518969161936,6.463778143222914,5.426276521362901,0.9253,0.9717,0.9807,0.9828,0.8996,3.946623375138601,0.9829,4.996761852329789,5.933467181038887,5.471312452459621,0.9608,0.9639,0.9669,0.9973,0.9973,0.927,0.5592709778683425,0.708084765557233,0.8048773508240402,0.767768210069615,0.9402,0.9701,0.975,0.9811,0.9109,9.240242510314616,0.9815,11.69893523984782,11.873240456704504,11.438689957613205,0.9659,0.9816,0.9899,0.9946,0.9553,5.538711406753481,0.9946,7.01248111047782,12.511048558490646,9.158290098425306
0.966,0.9657,0.9803,0.9772,0.977,0.9058,3.375322946026433,4.273446775347794,4.680667979905784,4.20042323687338,0.9032,13.845312719196423,0.9545,0.9794,0.9899,0.9884,0.9259,2.625140740176346,0.9886,3.3236521098366247,3.864119109100365,3.611111693341913,0.9569,0.9684,0.9801,0.9951,0.9393,6.27995458939859,0.9951,7.950958210084653,12.447210137377104,10.163410636306535,0.9693,0.9777,0.9791,0.9827,0.9239,3.995806303932971,0.9819,5.059031635642196,7.990963158243925,6.450624213271392,0.9353,0.9714,0.9744,0.9758,0.9099,4.060324310006915,0.9758,5.140716934920936,5.291849537848064,5.092933456887967,0.9584,0.9828,0.9941,0.9973,0.9973,0.9215,0.569061593075534,0.7204805195798513,0.8151355137940591,0.7034694234164325,0.954,0.9497,0.9803,0.9811,0.9292,9.432073259145731,0.9811,11.941809331635088,11.747570544486834,11.42798798479086,0.9795,0.9835,0.9888,0.9967,0.9721,7.730898230514018,0.9967,9.787976629799314,16.72617575784556,13.353346042662196
0.9605,0.9494,0.9664,0.964,0.9664,0.8961,3.239474771447021,4.101451398053094,4.274957525880896,3.874123436171072,0.8561,12.316188428864212,0.943,0.9578,0.982,0.9832,0.914,2.4273175356935504,0.9827,3.0731910580189927,3.514882933999112,3.230485916042481,0.982,0.9918,0.9952,0.9962,0.9728,9.166166216911042,0.9962,11.605148333457755,14.589875427943554,14.15519457189173,0.9419,0.9447,0.9524,0.9541,0.8779,3.4347959419010614,0.9549,4.34874466135894,4.556276227346374,4.394849984766169,0.9556,0.9869,0.9903,0.9966,0.9368,4.964973315944475,0.9967,6.286079745847406,8.67509932593724,7.607068000778582,0.9489,0.9753,0.9822,0.9868,0.9867,0.912,0.5453043840309683,0.6904018663646734,0.660297475997593,0.6506482566754855,0.9856,0.9879,0.9896,0.998,0.9714,13.8569442323778,0.9981,17.544073439177627,18.887620681820813,18.259564227562134,0.9628,0.9801,0.983,0.9923,0.9495,5.239070898830525,0.9923,6.633110667168273,10.384202542224784,9.901618002248757
0.9831,0.9738,0.9807,0.9867,0.9865,0.9417,3.7501117579805103,4.747961381947763,4.647585070164925,4.451487389752957,0.9482,16.822290343719857,0.941,0.9844,0.9914,0.9961,0.91,2.50189693073574,0.9961,3.1676149339997,4.883460324920924,3.967125290824816,0.9723,0.9851,0.9891,0.9943,0.9597,7.720436694437203,0.9943,9.774731432724089,12.209584131017396,10.713576075088472,0.9648,0.9698,0.9795,0.9759,0.9127,3.8647670048958647,0.9762,4.893124704996286,5.546357842710377,5.090291050352818,0.9596,0.981,0.9883,0.9961,0.9414,5.148938873172144,0.9961,6.518995834139092,8.578906673665166,7.052997909477869,0.9473,0.9557,0.9773,0.9833,0.9833,0.9127,0.5140520591681175,0.6508337571665597,0.6588376418994664,0.5895250475592835,0.9649,0.982,0.9973,0.998,0.9396,10.7186277340158,0.998,13.570697043969476,18.69450429352745,16.085641083328554,0.9757,0.9831,0.9945,0.9948,0.9663,6.784085006648144,0.9948,8.589230322235004,12.899109490666488,11.899582942903644
0.9853,0.9821,0.9829,0.9894,0.9896,0.9446,3.79820101269118,4.808846480576362,4.868574466506882,4.816141324197115,0.941,16.33962544801428,0.9702,0.9821,0.9844,0.996,0.9443,3.093665487014241,0.996,3.916844405969987,4.75997325658868,4.411268520698088,0.9385,0.9723,0.9829,0.9951,0.9128,5.195995769259199,0.9951,6.578573878686751,12.45603407655179,8.71969046806422,0.9488,0.9658,0.9768,0.9742,0.8889,3.564083680356295,0.9743,4.512433966894565,5.528821906521225,4.931301534341761,0.9605,0.9713,0.9858,0.9865,0.9434,5.087480182087511,0.9866,6.441183888606023,6.455153458870663,6.1216809825816,0.9463,0.9893,0.994,0.9977,0.9977,0.9075,0.5614444104723824,0.710836516634594,0.8250725895717039,0.7448976900308266,0.9739,0.9752,0.98,0.9912,0.9531,11.683165303332755,0.9913,14.791883884817343,14.397817989571443,13.793055383119851,0.9667,0.9678,0.9787,0.994,0.9561,5.494125520465928,0.994,6.956031575121248,12.274838852035424,9.361304603616196
0.9877,0.9898,0.9935,0.9937,0.9934,0.9491,3.894316474247112,4.93053685385777,5.251271102026378,5.021651433507134,0.913,14.52963563035153,0.9866,0.9509,0.9533,0.9982,0.9741,3.808999014831756,0.9982,4.822517672389923,5.403081192954565,5.316180322171862,0.9835,0.9942,0.9989,0.9994,0.9752,10.304663492996768,0.9994,13.046583002385784,21.94049787013664,20.06467563744649,0.9681,0.9798,0.9882,0.9858,0.9237,3.9870097318507143,0.9865,5.047894425010755,7.350661222893027,5.957541509565678,0.979,0.9882,0.9992,0.9991,0.9647,6.926849429124543,0.9991,8.769982259345019,11.936544992021076,10.468099923073094,0.955,0.9615,0.9686,0.9805,0.9801,0.9174,0.5523223798224326,0.699287247693812,0.6201120803693361,0.6132765839329887,0.9875,0.987,0.9908,0.9996,0.9756,14.138171328538927,0.9996,17.900130932474678,28.49516835020328,20.587029127428245,0.9865,0.9911,0.9982,0.9983,0.9814,10.097906685807011,0.9983,12.784811247476693,22.765430565826925,17.081912217559502
0.9864,0.9786,0.9807,0.9889,0.9889,0.9462,3.8222122895884,4.839246805365787,4.700708715236361,4.654062058060124,0.927,15.194158225427884,0.9626,0.9776,0.9809,0.9946,0.9365,2.869514121144703,0.9946,3.633049655961648,4.430238342299439,4.09318785345633,0.9778,0.9908,0.9964,0.9987,0.9666,8.523462612429382,0.9987,10.791430745542227,18.26490018581047,15.364544391461372,0.9607,0.9858,0.9874,0.9883,0.9062,3.786458334870356,0.9884,4.793979248767795,6.227942096029789,6.068960266366298,0.9395,0.9603,0.9791,0.9809,0.9162,4.019248695919392,0.9811,5.088711703606876,5.818752186444359,4.852314478177743,0.9513,0.9562,0.9767,0.9797,0.9787,0.917,0.5138430559174475,0.6505691412225758,0.6309109748677426,0.5978788656670542,0.9459,0.9803,0.9821,0.9853,0.9181,9.454436324395331,0.9853,11.97012287988098,12.299091995177283,12.16240826726459,0.9949,0.9833,0.984,0.999,0.9927,17.278448287166828,0.999,21.87598943761289,31.85997178785488,27.5812779735939
0.9781,0.9717,0.9778,0.9835,0.9834,0.93,3.603013578657854,4.561722538987278,4.606694045210361,4.447248953129448,0.9338,15.40678196372696,0.9851,0.988,0.9926,0.9965,0.972,3.6082718074270055,0.9965,4.5683799051525,4.990352264995637,4.620285827537911,0.9727,0.9885,0.9952,0.9969,0.9604,7.766247118353451,0.9969,9.832731337175504,15.292245043440344,12.152886474012051,0.9591,0.9808,0.9868,0.9831,0.9027,3.719350395268036,0.9835,4.709014872712644,5.920614708269143,5.5196955459486485,0.953,0.9722,0.986,0.9911,0.9328,4.749924623030783,0.9912,6.013809756287841,7.1412430800545135,6.8482873786435805,0.9739,0.9764,0.9876,0.9894,0.9894,0.9428,0.5915488082527068,0.7489512522244335,0.7048914056087809,0.6401810009951183,0.9763,0.9902,0.9942,0.9945,0.9577,12.206194631145616,0.9949,15.454083629877438,15.497962231511382,15.3524366831356,0.9796,0.9796,0.9919,0.9967,0.9721,7.863125771066461,0.9967,9.955387975564385,16.72797028367045,13.749792031752753
0.9491,0.9432,0.9571,0.9546,0.9526,0.8739,3.0816047943967195,3.901574540301138,4.34517978291574,4.147335609503969,0.9195,15.33050420731458,0.9559,0.9734,0.9802,0.9823,0.9285,2.5983086330232563,0.9826,3.2896803733175624,3.4110111976203235,3.265821184314783,0.9577,0.9615,0.9658,0.9898,0.9418,6.171988784503483,0.9898,7.814264291264236,9.70793740573521,8.591554472554161,0.9582,0.975,0.9881,0.9815,0.9049,3.828606436736323,0.9811,4.847342341095949,6.643321159991797,5.691942049925837,0.9485,0.9701,0.9765,0.9773,0.926,4.487300254305458,0.9774,5.681304902795757,5.421748861772228,5.0865754297156425,0.9558,0.975,0.9805,0.9911,0.991,0.9188,0.5621810279409933,0.7117691371856454,0.7216755996300573,0.6829968876505274,0.9587,0.9818,0.9849,0.9864,0.9338,9.95402330846188,0.9865,12.602642618052489,12.8772272929857,12.198525312232272,0.9763,0.9868,0.9939,0.996,0.9676,6.811980513566137,0.996,8.624548413567787,14.09267452915309,11.001321755126916
0.9591,0.9463,0.9577,0.9656,0.9659,0.8933,3.217274910094204,4.0733444798623335,4.148866517370575,3.9382441345804646,0.9479,16.64000035182726,0.9921,0.9709,0.9735,0.9999,0.9844,4.471263108675031,0.9999,5.661000508408604,9.322506141171312,7.50954835329007,0.9705,0.9784,0.9792,0.9866,0.9557,7.279158349423907,0.9866,9.216035405504565,8.773673722265057,8.710656164325822,0.9612,0.9647,0.9666,0.9726,0.911,3.816961631151412,0.9718,4.832599023886859,5.13527646207657,5.055355112387691,0.945,0.9545,0.9613,0.9782,0.9225,4.348306798396998,0.9782,5.50532733103608,5.400283268992539,5.380900194098514,0.955,0.9585,0.9643,0.9725,0.9721,0.9188,0.5384118366349766,0.6816753134053457,0.5938290264901236,0.5764874416001202,0.9656,0.9915,0.9961,0.9986,0.9413,10.924682801287666,0.9986,13.831580336281892,19.64713519797189,16.03804435397715,0.9703,0.9838,0.9899,0.9967,0.9587,6.255338768524574,0.9967,7.919792481051095,16.726612783548667,10.786937864400764
0.9526,0.9494,0.9719,0.9662,0.9657,0.877,3.088169994936799,3.909886644217162,4.398657529192543,3.939215450959266,0.943,16.076925094555037,0.9625,0.9797,0.9871,0.9916,0.9366,2.802714647867108,0.9919,3.548475824586748,4.137257672692473,3.606264541024452,0.9772,0.9877,0.9985,0.9994,0.9654,8.836355180958238,0.9994,11.187579428021351,21.93179463597061,15.0868671263088,0.9833,0.9961,0.9985,0.9972,0.9482,4.461636275260422,0.9975,5.648812116106497,8.573058269266674,7.275906437662452,0.971,0.9565,0.9579,0.99,0.956,5.783581462451126,0.9901,7.32250748917804,6.899346014948549,6.638943744471328,0.9601,0.9782,0.985,0.9855,0.9855,0.9241,0.5769669812293332,0.7304894153370698,0.6471552741488329,0.6421791236694556,0.9221,0.9555,0.9702,0.973,0.89,8.183747542245769,0.9732,10.36132248792431,10.962263051785458,9.914215427869395,0.9823,0.9744,0.9784,0.9941,0.9749,7.93971898504343,0.9941,10.05236151810162,12.316849134547564,12.079998716895927
0.962,0.9772,0.99,0.9856,0.9859,0.8986,3.274488989735937,4.145782385229964,5.039460571500642,4.534850462677238,0.8966,13.713788415007492,0.9838,0.9646,0.9724,0.9995,0.9693,3.5487839453565155,0.9995,4.49306319726926,6.748223913032863,5.136435735556325,0.9649,0.9827,0.9872,0.994,0.9505,6.756736937761357,0.994,8.55460533414792,12.103258501421324,10.56214108459048,0.9706,0.9879,0.9942,0.9909,0.9262,4.057426696524251,0.9911,5.137048309076326,7.1268251708405685,6.194809834893668,0.9532,0.9886,0.9923,0.9915,0.9345,4.802624933100192,0.9915,6.080532844338149,7.166097934522072,6.878305678004962,0.9597,0.9884,0.9901,0.9911,0.9911,0.924,0.5695248260753639,0.7210670120728702,0.7055654159245168,0.6970792376361354,0.9432,0.9702,0.9786,0.9837,0.9131,9.356638530543774,0.984,11.846302530405064,12.28998816069665,11.488994807731858,0.9913,0.9858,0.9935,0.9991,0.9874,13.104893251695716,0.9991,16.591912745316773,32.53926374114071,23.33605425379306
0.9565,0.9631,0.9665,0.9722,0.9712,0.8865,3.2123435976424948,4.067101017641986,4.292374580341372,4.1803748312591935,0.8524,12.590808305383971,0.9768,0.9792,0.9854,0.9942,0.9559,3.14478146141196,0.9943,3.981561589911112,4.399939563314108,4.072943620618481,0.9715,0.9694,0.9735,0.9951,0.9583,7.390390957312689,0.9951,9.356865375583553,12.426038113700509,10.43587857459625,0.9656,0.954,0.9582,0.9704,0.9188,3.930719404256453,0.9712,4.976626068534181,5.253583372909907,4.938626361658217,0.9608,0.9737,0.9883,0.9983,0.9426,5.395038062980974,0.9983,6.830578401473083,10.636073904951395,8.568098972287897,0.9751,0.9798,0.9835,0.9881,0.9878,0.9436,0.5969947190863425,0.7558462398931627,0.6628915133964857,0.6609467159053837,0.944,0.9296,0.9416,0.9792,0.9163,8.864109240776815,0.9795,11.22271843526039,11.712416728006112,10.82573537975794,0.9498,0.973,0.9837,0.9853,0.9359,4.273206857829977,0.9853,5.410244400016763,7.481404853822792,6.09867084476735
0.9693,0.9667,0.9688,0.9757,0.9754,0.9105,3.4071358848391124,4.313724669628526,4.368209538421697,4.303646670708681,0.9278,15.045955874245085,0.9605,0.9604,0.9697,0.9931,0.9342,2.7828842554334017,0.9934,3.523368856170743,4.092865915747174,4.03284507624023,0.9612,0.969,0.972,0.9868,0.9463,6.391365825303565,0.9868,8.092014338469678,8.84451920331951,8.714110787806709,0.957,0.9765,0.9842,0.9785,0.9018,3.739457062106084,0.9813,4.734471628091622,5.768407109166741,5.48245725899033,0.9491,0.9774,0.9902,0.9972,0.9262,4.583300090928003,0.9972,5.802848885048328,9.053990785196149,7.304991695329523,0.9526,0.9458,0.9554,0.9854,0.985,0.9173,0.5374219265895093,0.6804220028453396,0.637924376354257,0.633089399079735,0.9826,0.9916,0.9919,0.9997,0.9661,13.876675975729864,0.9997,17.569055509441196,29.542537014436245,24.28738344372923,0.9471,0.9762,0.9813,0.9846,0.9308,4.090003537866501,0.9846,5.178293369122787,7.199867277539776,6.239872562689006
0.987,0.9696,0.9734,0.985,0.9852,0.9484,3.851544987692314,4.876384503336879,4.4243978981110965,4.305354729015615,0.899,13.886131392784309,0.9673,0.9843,0.9881,0.996,0.9403,3.03490080465292,0.996,3.842443305288061,4.780566291990975,4.048207997469557,0.9525,0.9777,0.9868,0.9951,0.9333,5.7607887318102655,0.9951,7.293649947894998,12.47150223243952,10.158819113640034,0.9703,0.9828,0.9918,0.9882,0.9271,4.037878735745515,0.987,5.112298923227823,6.79822861390208,6.2199582162401,0.9538,0.9088,0.9531,0.9947,0.9352,4.881042734421638,0.9947,6.17981647009654,7.967203192234893,6.7051826943795945,0.9571,0.9679,0.9734,0.9833,0.9827,0.9193,0.568093628897032,0.7192549943594747,0.6386147340744176,0.6190782611777289,0.9506,0.9858,0.9897,0.9964,0.9229,9.690988088310233,0.9964,12.26961759160776,17.05445984694685,14.886022418203527,0.9684,0.9721,0.9852,0.9895,0.9575,5.737005452659876,0.9895,7.263538287701984,9.321216883631566,8.629265441343707
0.981,0.9906,0.9977,0.9944,0.9947,0.935,3.724910691304519,4.716054681805597,5.745925232259509,5.080824956934603,0.9032,14.02999554164737,0.9455,0.9681,0.9703,0.9762,0.9155,2.574201580405856,0.9764,3.259158788296415,3.058622011390645,3.0436647194650908,0.9171,0.9694,0.9712,0.9715,0.8921,4.350022931197643,0.9717,5.507500101553228,6.55845397610183,6.399814688198828,0.9603,0.9845,0.989,0.9866,0.9074,3.77525925153848,0.9869,4.7798002539525575,6.549738506573142,5.9026456767264674,0.9409,0.9632,0.9711,0.9769,0.9172,4.245647463601276,0.9771,5.375351856020098,5.405090667532967,4.953006779255482,0.964,0.959,0.9688,0.9746,0.9739,0.9338,0.5387857375948031,0.6821487039154154,0.5992258651065199,0.5790214101082167,0.9537,0.9749,0.9885,0.9933,0.929,9.330128585783044,0.9934,11.812738678956196,15.189737019243202,12.966204434202698,0.9607,0.9703,0.9794,0.9889,0.948,4.94962424485974,0.9889,6.266646512530025,8.863900735405887,7.395759888042453
0.9692,0.9746,0.9851,0.9813,0.9817,0.912,3.387726543440845,4.289150787740366,4.88429754452146,4.564234964654309,0.9659,18.731843073990824,0.9403,0.9684,0.977,0.9927,0.9086,2.5268537865739145,0.9928,3.199212442389236,4.172408419957196,3.52775241188692,0.9723,0.9429,0.95,0.9924,0.9607,7.208359034623582,0.9925,9.126397433562804,10.949504007258048,9.225764312666811,0.9775,0.9768,0.9838,0.984,0.9392,4.2750825135999335,0.9836,5.4126191402208725,5.736392398171521,5.369851682906054,0.922,0.9642,0.9887,0.9887,0.8947,3.7880991839262266,0.9887,4.79605670364212,6.609465476571195,5.350350269620936,0.9568,0.9822,0.9843,0.9874,0.9873,0.9189,0.5704321206161816,0.722215724356627,0.665253568669437,0.6572893278066587,0.9728,0.9793,0.981,0.9954,0.9521,11.34145845686653,0.9954,14.359253868520849,15.84234649473184,15.521732575685236,0.9656,0.9714,0.9775,0.989,0.955,5.444012772770018,0.989,6.89258456176301,8.980670082269642,7.612573549842478
0.9873,0.9846,0.9919,0.9925,0.9924,0.9465,3.970867260292621,5.027456679014542,5.17107109816539,4.784633618716232,0.9322,15.681939927595051,0.9833,0.9924,0.9942,0.9991,0.969,3.430674178389734,0.9991,4.343526157154189,6.416953257506467,5.342825493672368,0.9753,0.9809,0.9842,0.994,0.964,7.792885091379214,0.994,9.86645728332912,12.041372233546218,11.413024442545744,0.975,0.9713,0.9747,0.9779,0.9314,4.23285923451118,0.9781,5.359160867115817,5.652071984482075,5.501427610353003,0.9532,0.9698,0.9779,0.9839,0.9328,4.843646957667643,0.9841,6.132470226748442,5.953058236734664,5.873182747969577,0.9502,0.9847,0.9971,0.9968,0.9968,0.9144,0.529421354078014,0.6702925955717525,0.8057545421214465,0.7128309178052188,0.9521,0.9809,0.9897,0.9882,0.9251,9.842808568591138,0.9884,12.461835270408532,13.36787039381607,11.93967054848561,0.9857,0.995,0.9962,0.9983,0.9804,10.336737157838842,0.9983,13.087190998060482,22.764705768113892,20.89227454001625
0.9539,0.9716,0.9877,0.9814,0.9811,0.8809,3.172966892712974,4.01724675024426,4.959378372906571,4.486287371695241,0.9643,18.103327843951615,0.9843,0.9937,0.9949,0.9998,0.969,3.738420092375337,0.9998,4.733158735955714,8.07427859111922,6.210695610434751,0.9679,0.9782,0.9902,0.9986,0.9521,7.408350928024287,0.9986,9.379604230546503,17.682780704610483,13.42679561381195,0.9471,0.9514,0.9557,0.9581,0.8868,3.515644093974133,0.9581,4.451105318485462,5.060469669114486,4.851215664509205,0.9536,0.9613,0.9695,0.9926,0.9352,4.8162942385635805,0.9926,6.0978393510896085,7.398836753799056,6.656821050161059,0.964,0.9402,0.9472,0.9808,0.9804,0.9312,0.5745278331577732,0.7274012458114619,0.623339650212382,0.6058580463785246,0.9514,0.9896,0.9939,0.9967,0.9241,9.854253364626736,0.9968,12.476325358466749,17.5871196869277,14.956205782733822,0.9895,0.9843,0.9911,0.9983,0.9866,12.101053560665145,0.9983,15.320966065784695,22.856487504482637,22.008216320208227
0.9622,0.9639,0.9713,0.9742,0.9738,0.8983,3.277372425017716,4.149433060262807,4.705702386162242,4.3524622639576345,0.9306,15.418958761756144,0.9738,0.9889,0.99,0.9962,0.9488,3.2640676118466248,0.9962,4.132588031845737,4.791225332878658,4.698652476971391,0.9396,0.9528,0.9664,0.9853,0.9158,4.887215626429867,0.9853,6.18763187794609,8.603539143142623,7.356136351100814,0.9575,0.9705,0.9777,0.9745,0.9073,3.763383717134859,0.974,4.764764814377086,5.432560518087629,5.188459767378136,0.9725,0.9772,0.9932,0.9978,0.9572,5.950291010335273,0.9978,7.533575997648879,9.589703072003838,8.068374631950716,0.9833,0.9933,0.9959,0.9986,0.9986,0.9571,0.6716546109910612,0.8503720317684673,0.8437083602044394,0.8062758616832175,0.9659,0.9706,0.9779,0.9988,0.9408,11.183162636734876,0.9988,14.158837857102142,20.145839441272827,17.329722821164307,0.9628,0.9882,0.9897,0.9923,0.9492,5.270334437631911,0.9923,6.6726929741691565,10.413721353946023,9.84432882499144
0.9699,0.9711,0.9866,0.9813,0.9814,0.9124,3.406623071198267,4.313075403814596,4.860790087355106,4.354829189637225,0.9593,17.740669935235196,0.9697,0.9932,0.9955,0.9951,0.9435,3.044997275760696,0.9951,3.855226298971292,4.681688618138543,4.407091729936258,0.9707,0.9847,0.9955,0.9967,0.9565,7.312686157063946,0.9967,9.258484470004442,15.220161250405338,11.433830413236969,0.9498,0.9542,0.9565,0.9578,0.8888,3.587085515157477,0.9567,4.541556251881817,6.448837370451879,5.572625414011855,0.9545,0.965,0.9704,0.9808,0.9368,4.753057632939437,0.9809,6.017776414087812,5.8104779035589615,5.410848645011733,0.9539,0.9731,0.9775,0.9855,0.9854,0.9193,0.5173162316569108,0.6549664779815667,0.6653523108339137,0.6364828205674227,0.97,0.9927,0.9953,0.9987,0.948,11.421226608481462,0.9988,14.460247152939925,20.195207584803622,16.650500663347437,0.9553,0.9566,0.9801,0.9876,0.9419,4.472122588015521,0.9876,5.66208868256996,8.130419084673504,7.026949941584988
0.9811,0.9727,0.979,0.9826,0.9824,0.9367,3.6813622615579047,4.660918654928164,4.5860496087566265,4.401084008660948,0.93,15.655145954970742,0.9559,0.9624,0.9692,0.9846,0.9272,2.7100223906321528,0.9846,3.4311195199858067,3.4975243492432484,3.3005108858404477,0.9482,0.968,0.9734,0.9827,0.9268,5.475837490865281,0.9827,6.932877369620303,8.175528860223903,7.859683775976956,0.95,0.9302,0.937,0.9504,0.8908,3.58948412870264,0.9498,4.544593101239284,4.423783076651005,4.326915801942114,0.9683,0.9706,0.9922,0.9979,0.9525,5.621840033972634,0.9979,7.117729043670993,9.777260295354436,9.042938415105445,0.9881,0.9853,0.996,0.9997,0.9997,0.9664,0.6984396685465517,0.884284199483491,0.8968306641251058,0.8670013410973283,0.9542,0.9856,0.9922,0.991,0.9281,9.721198895328984,0.9912,12.307867050370492,14.388804667314025,12.603811992683974,0.945,0.971,0.9807,0.9823,0.9292,3.892862178189456,0.9823,4.928695590992743,6.454831805699303,5.5373626587960105
0.9688,0.9759,0.9823,0.983,0.9835,0.9111,3.391288648160601,4.293660716174329,4.790334232761114,4.497490601298969,0.9482,16.542563937235343,0.9775,0.9831,0.9871,0.9921,0.9572,3.172277066865421,0.9922,4.01637337187694,4.041443688824028,3.9834676057373737,0.9673,0.99,0.9933,0.9953,0.9527,6.868721853814372,0.9953,8.696387790537088,13.001575201209825,10.671735756815666,0.9634,0.9567,0.9673,0.9695,0.909,3.813260991242905,0.9681,4.82791369808645,5.086141706247102,4.745983625549677,0.9168,0.9322,0.9522,0.9612,0.8904,3.4202773101636743,0.9613,4.330362835094392,4.468593651820821,4.0752765373793,0.9695,0.97,0.9821,0.9901,0.9901,0.9369,0.5860709234127714,0.7420157827362447,0.7091766215151346,0.6604282866197873,0.9749,0.9378,0.9397,0.9977,0.954,12.11839682446599,0.9977,15.342924117191592,18.066253023377275,16.521661167574376,0.9672,0.9604,0.9756,0.9929,0.9565,5.6756049303149885,0.9929,7.185799988755411,10.797697202706072,10.465418894037771
0.9603,0.9816,0.9918,0.9863,0.9872,0.8947,3.232938118733679,4.093175438120939,5.162159511758383,4.68517229186174,0.9418,16.313445079357543,0.9699,0.9837,0.9862,0.988,0.9455,2.958713204053475,0.9883,3.74598330388687,3.8052262549218736,3.577733791039811,0.9355,0.946,0.9626,0.9782,0.9116,4.773181840399855,0.9781,6.04325537739098,7.293789551438795,6.622973676503658,0.9707,0.9902,0.9951,0.9925,0.9286,4.056399284647172,0.9929,5.135747517998476,6.969901519791178,6.429281153408935,0.9269,0.9602,0.967,0.9657,0.9036,3.699369850161368,0.9658,4.683717798204173,4.709759116084398,4.45548174265669,0.985,0.9775,0.9828,0.999,0.999,0.9618,0.6492578902900182,0.8220158728501297,0.8595732142633354,0.7750421170739697,0.9468,0.9581,0.9659,0.9672,0.9206,8.954182162202072,0.9675,11.336758437288658,10.141066781877065,10.006302075672576,0.9497,0.9595,0.9738,0.9854,0.9355,4.279224962223963,0.9854,5.4178638335428095,7.489343295222159,6.350206887238541
0.9777,0.9836,0.9869,0.9891,0.9893,0.9288,3.5917227062894663,4.5474273314219245,4.937019993699852,4.809976751726849,0.8872,13.728278488628938,0.9552,0.9653,0.9664,0.9813,0.9257,2.7050494568738044,0.9816,3.4248233616408243,3.1938599057736976,3.1790065676641466,0.9513,0.9855,0.9883,0.9879,0.9308,5.723305234858346,0.988,7.246192643293519,9.29394589813531,8.887802267439945,0.9739,0.983,0.9913,0.9881,0.9289,4.172395187030111,0.9885,5.282608225231095,6.714846663670594,5.933814206703106,0.9382,0.9695,0.978,0.9811,0.9133,4.049574549521792,0.9812,5.127106821158343,5.810643385905262,5.1946066042176335,0.974,0.9821,0.9895,0.9921,0.9921,0.9427,0.6012682310886279,0.7612568706320902,0.7322097728512892,0.7053786218991156,0.9128,0.9586,0.9688,0.9768,0.8768,7.836402828337256,0.9768,9.921554450518029,11.09485318616998,11.062183247667424,0.9481,0.9713,0.9823,0.985,0.9334,4.171532527546174,0.985,5.281516024736858,7.401472127990677,6.125687693432811
0.9748,0.9674,0.9687,0.9789,0.9775,0.922,3.599576835376065,4.557371328827508,4.980750775935756,4.787427620167247,0.9257,15.041432395071224,0.9799,0.9826,0.9897,0.9995,0.9593,3.459457368944338,0.9995,4.379968131693129,6.800850216552701,5.057777478187879,0.9379,0.9575,0.967,0.9785,0.9141,4.853549587213076,0.9785,6.145007800478449,7.415038708277182,6.559185186962231,0.9743,0.9799,0.9834,0.9856,0.9306,4.201031476887785,0.9857,5.318864210956627,5.734616393070597,5.537437925862726,0.9532,0.9796,0.9834,0.9872,0.9336,4.812498597422099,0.9872,6.093033745624349,6.488161758263239,6.068670794388337,0.9458,0.9282,0.9392,0.9781,0.9777,0.9101,0.5154824159868395,0.6526447109130038,0.6131826996685994,0.5885209528034281,0.9483,0.9524,0.9563,0.9624,0.9226,8.958251371811334,0.9627,11.341910403770385,9.736016811126415,9.507331248578064,0.9791,0.9734,0.9844,0.9973,0.9715,7.740994630087435,0.9973,9.800759532913943,19.288726606338454,13.626584673689008
0.9712,0.9801,0.9835,0.9846,0.9852,0.9152,3.439599904456979,4.354826887747868,4.870708263361438,4.691422060475834,0.9474,16.71430512017578,0.9671,0.9719,0.9747,0.989,0.9416,2.8778884695934472,0.9894,3.643652295456057,3.856442702467083,3.6527026226402217,0.9543,0.982,0.9876,0.9862,0.9358,5.853638169931603,0.9862,7.411205256906125,8.955575071764912,8.172992453607522,0.9759,0.9825,0.989,0.9871,0.9375,4.251126041340211,0.9878,5.382288202777527,6.108808841965228,5.715286792635613,0.9591,0.9805,0.9873,0.9903,0.9409,5.15140237398366,0.9903,6.522114836310849,6.900744687585521,6.351571804952633,0.9631,0.9904,0.9991,0.9985,0.9983,0.9286,0.586920736475351,0.7430917185652014,0.8411366444258622,0.7766393509919167,0.9683,0.9803,0.9876,0.9912,0.9458,11.114511938617992,0.9913,14.071920217165394,14.332094304237115,13.826527520968783,0.9772,0.9858,0.99,0.9971,0.969,7.268517359412531,0.9971,9.202563004440195,18.107547372496416,12.752773523109711
0.9793,0.9839,0.9842,0.9892,0.9892,0.9309,3.642396915115485,4.611585202465283,4.75960992862475,4.752111876125427,0.9611,17.562132509243416,0.9561,0.9843,0.9906,0.9899,0.9285,2.61493433454147,0.9899,3.3107299296643244,4.013843549564298,3.717486860200725,0.9338,0.9482,0.9612,0.9856,0.9079,4.8492185510538,0.9856,6.139524339249781,8.643195602790776,7.570206259724306,0.9549,0.9644,0.9732,0.9717,0.8982,3.664047077353639,0.9726,4.638996154685814,5.314843326459732,4.917267218356077,0.9278,0.9309,0.9571,0.9619,0.9036,3.856438878434819,0.9623,4.882580586481184,4.468709150376054,4.383546771356752,0.9655,0.9778,0.9823,0.9953,0.9953,0.9332,0.5965516087147187,0.755285224363977,0.759952242760977,0.7444150213213946,0.9598,0.9736,0.9811,0.9784,0.9336,10.45526883215691,0.9786,13.237262208872307,11.659492718981245,11.049431531826894,0.9612,0.9699,0.9783,0.9878,0.9483,4.992306154409597,0.9879,6.32068545092146,8.264649303170742,7.840711761431375
0.9609,0.9848,0.9921,0.9878,0.9879,0.895,3.2390241178299988,4.100880832131772,5.314033695411926,4.87165756337229,0.9178,15.146449363873502,0.9426,0.9716,0.9813,0.9883,0.914,2.383159368339248,0.9883,3.0172830513176883,3.802345584933825,3.2465991873968,0.9846,0.9721,0.9769,0.9981,0.9768,10.222720044977663,0.9981,12.942835607159392,16.8898003507452,16.082428301632664,0.9645,0.9573,0.9618,0.9641,0.9166,3.90155751467878,0.9638,4.939704628727817,4.9643889592579455,4.849576396892863,0.9614,0.9901,0.9909,0.9954,0.9442,5.254103898408224,0.9954,6.6521437269958525,8.23314258660815,8.013287916902167,0.9767,0.9754,0.9862,0.9985,0.9983,0.946,0.6117033114283941,0.7744685724874537,0.84423787058579,0.7492173205772583,0.9565,0.9721,0.982,0.995,0.9309,10.158956692944797,0.9951,12.86210576427102,15.949501092481572,13.107316439662569,0.9547,0.9715,0.9857,0.9875,0.9411,4.40425811452287,0.9875,5.576166470074925,8.108081070349256,6.88747644642746
0.988,0.9804,0.9847,0.9845,0.9844,0.949,3.871091255487659,4.901131745723991,5.4171413642009885,4.923492351334441,0.893,13.41812153193208,0.9236,0.9354,0.9361,0.9507,0.8869,2.201244896481612,0.9511,2.786963812068508,2.542674173343068,2.535265559539907,0.9493,0.9747,0.9848,0.9834,0.9304,5.373716197660395,0.9835,6.803583101154962,8.428289362826646,7.254086477391004,0.9659,0.9728,0.9828,0.979,0.9199,3.936822566311599,0.9775,4.984353192314942,5.676100843389698,5.253328685832268,0.9594,0.9848,0.9967,0.9966,0.9409,5.17555531769396,0.9967,6.55269452337026,8.67514562459858,8.121773489467849,0.9486,0.9524,0.9567,0.9953,0.9953,0.912,0.5385456693646788,0.681844757057502,0.7492623045525231,0.7360462650507973,0.9266,0.9474,0.9639,0.969,0.8949,8.305953617817934,0.9692,10.516045804161823,10.56897543909225,9.828891739148125,0.9692,0.9855,0.9917,0.9948,0.9585,5.800102786233051,0.9948,7.343424894406912,12.816713922826546,9.494818373735525
0.9806,0.996,0.9989,0.9972,0.9978,0.9339,3.683342979660057,4.663426413006982,6.619742992529401,5.7144607671368055,0.9129,14.40826706007535,0.9561,0.9799,0.9866,0.988,0.9283,2.6484781391352312,0.988,3.353199247672209,3.775747572798352,3.435206370746267,0.9617,0.985,0.9874,0.9928,0.9463,6.513223824514771,0.9928,8.246296960342205,11.05239657978426,10.10415502479784,0.9368,0.9546,0.9657,0.9604,0.8711,3.3365609754370147,0.9609,4.224370814063413,5.1015264778133655,4.702418199434216,0.961,0.9854,0.9898,0.9895,0.9437,5.164809808711063,0.9895,6.5390897923721525,6.683162409750405,6.605652374257232,0.9618,0.9868,0.9951,0.993,0.9929,0.9277,0.5669170617702506,0.7177653600120879,0.7558792293956952,0.6887847719097433,0.9704,0.9715,0.9841,0.9978,0.9495,11.18067898472584,0.9978,14.155693341795365,18.60243689773284,14.943850836703968,0.9839,0.9766,0.9781,0.9973,0.9773,8.904831552829274,0.9973,11.274276356060282,19.353271320192118,17.45419663199101
0.9847,0.9881,0.9929,0.9934,0.9932,0.9445,3.785392460371273,4.792629760729503,5.270834236556938,4.944486800757597,0.9218,14.745762189911233,0.9659,0.992,0.9941,0.9951,0.9403,2.8898384895186693,0.9951,3.6587820400557263,4.63001076554969,4.5176571749182255,0.968,0.9698,0.9775,0.9909,0.9531,6.848400530801609,0.9909,8.670659262130073,10.20561526090586,10.059142863901611,0.9668,0.9846,0.9934,0.9891,0.9162,3.944983406154893,0.9891,4.994685511701895,6.699317977140963,5.89836461314199,0.9747,0.9804,0.9851,0.9996,0.9601,6.3039299408643,0.9996,7.981313050213235,13.17834136588868,10.628235496395378,0.9846,0.9855,0.9877,0.9973,0.9973,0.9598,0.6790618423525172,0.8597502185322358,0.8031583214904892,0.7709063453001057,0.9587,0.9777,0.9857,0.9912,0.9334,10.102231179164145,0.9913,12.790286424959724,14.336939318143786,12.994757132446257,0.9426,0.9551,0.9623,0.9757,0.9254,3.658469878866912,0.9758,4.6319349456490215,5.424884545744541,5.3821317831998
0.9747,0.9547,0.9666,0.9684,0.9679,0.9231,3.5216860107816235,4.458754900558279,4.251555003234854,3.9760669661931782,0.9788,20.342756751901724,0.9599,0.9775,0.9806,0.989,0.9334,2.773169545494526,0.989,3.511069204692771,3.774479644037308,3.699836284977893,0.9892,0.9972,0.9996,0.9998,0.9816,11.720180370660866,0.9998,14.83874811755656,30.113604733322838,19.84855440275733,0.9613,0.9909,0.9939,0.9915,0.9075,3.8182207762922697,0.9918,4.834193209044231,6.917814282209729,6.389458084327604,0.952,0.977,0.9887,0.993,0.9307,4.6839779246505175,0.993,5.930315610677346,7.510423416414054,6.675765455246962,0.9324,0.9699,0.9758,0.9761,0.976,0.8917,0.4881099897444123,0.6179888843359191,0.6183302269773634,0.5966581360735576,0.9598,0.985,0.9866,0.9986,0.9328,10.793682130587152,0.9986,13.665722312405228,19.49330721367173,17.257471833631264,0.9442,0.9467,0.9614,0.9707,0.9286,3.674152779368599,0.9707,4.651790835484964,4.905534005970428,4.756323426781532
0.9804,0.9797,0.9834,0.9872,0.9879,0.9328,3.6533426154048447,4.625443392734321,4.76387653925827,4.612960175127046,0.9425,16.061724242791254,0.9307,0.9495,0.9576,0.9742,0.8958,2.316713986647363,0.9742,2.9331575300954245,3.0044909879199144,2.929478877445394,0.9475,0.9762,0.9819,0.989,0.9248,5.516843841555011,0.989,6.98479490756437,9.453165788498314,8.214504260316536,0.9775,0.977,0.9831,0.9813,0.9382,4.258719296097009,0.981,5.391901911028181,5.941380711284404,5.547905190373756,0.9408,0.9618,0.9803,0.9857,0.9174,4.162024643375099,0.9859,5.269478232323811,6.330003229382401,6.070621610075222,0.9729,0.9768,0.9811,0.9883,0.9882,0.941,0.6075954345984882,0.7692676500059608,0.6648139729523639,0.6511033085681932,0.9597,0.9751,0.9892,0.9878,0.9349,10.068514113516931,0.9878,12.747597743678456,13.3111104999092,12.314414483613469,0.9744,0.9868,0.9913,0.9963,0.9645,6.675304333936435,0.9963,8.45150471124798,15.36440881129415,11.124980042630416
0.9765,0.9888,0.9955,0.9913,0.9912,0.9267,3.570435465054783,4.520475868150092,5.440536735246617,5.016784610025066,0.9329,15.33514588550457,0.9805,0.9878,0.9907,0.9998,0.9593,3.5976195907155457,0.9998,4.554893290128156,8.048919063147508,6.106761976381356,0.9574,0.9745,0.9788,0.9859,0.9416,6.18085385750382,0.9859,7.825488229901312,8.836706690863148,8.497980879980432,0.9675,0.9665,0.972,0.9741,0.9218,3.9595959875842768,0.9739,5.013186286290715,5.532839959302578,5.311680207898521,0.9525,0.9794,0.9908,0.9925,0.9328,4.598405201135315,0.9926,5.821973243084262,7.374288970242833,6.2552403768921065,0.9322,0.967,0.9748,0.9839,0.9835,0.89,0.4989361058484276,0.6316956708254046,0.6303987557531019,0.6256876031273477,0.9534,0.9902,0.9912,0.9923,0.9256,10.052828862301014,0.9924,12.727738877637774,14.301021275696057,14.288698442026387,0.93,0.9624,0.972,0.9719,0.9099,3.208509739417289,0.9719,4.062247026088693,5.05480009097767,4.804758581994613
0.9728,0.9937,0.9971,0.9945,0.9954,0.9187,3.474779509463876,4.399367268617708,5.665212344427452,5.272468744986767,0.9136,14.47951194890187,0.966,0.9725,0.9761,0.9825,0.9404,2.8975985119086016,0.9827,3.6686068903557314,3.3726552966810037,3.254275946425819,0.9473,0.9547,0.9579,0.9761,0.9259,5.246043081185119,0.9763,6.641938044778304,6.974034185299904,6.779338899328038,0.9812,0.9923,0.9941,0.9929,0.9494,4.53146288896325,0.9933,5.737218565484355,10.751771827198285,8.315103322674819,0.97,0.9899,0.9925,0.9925,0.9539,5.682235229530466,0.9925,7.194194513147613,7.343561456300208,6.81879294978534,0.9721,0.9768,0.9813,0.9977,0.9977,0.9401,0.6008057153749917,0.7606712862845793,0.8150108285032646,0.7824906121182059,0.9749,0.9922,0.9966,0.9988,0.9547,11.86366508779516,0.9988,15.02041200914687,20.490912348551625,16.599353287658236,0.9659,0.9817,0.9862,0.9923,0.9548,5.679820636123671,0.9923,7.191137431922187,10.44398756808717,9.381572063919627
0.9762,0.9753,0.9914,0.9828,0.9833,0.924,3.572034969143203,4.522500976768767,5.20172758612228,4.520282203392107,0.9603,17.53845719488394,0.9593,0.9849,0.9881,0.995,0.9313,2.771437319262635,0.9951,3.508876058518844,4.58626268409646,4.3938546550835405,0.9768,0.9745,0.9815,0.9981,0.9655,8.120152580875617,0.9981,10.280805841979191,16.84842528581514,12.862576742155856,0.9613,0.9717,0.9797,0.9846,0.9077,3.795263691381418,0.9845,4.805127581235444,6.283584758919303,5.226322847624454,0.9678,0.9803,0.9865,0.996,0.9515,5.799920709911052,0.9961,7.343194370251577,8.475057849865227,8.004742241790762,0.971,0.9803,0.9843,0.9901,0.9901,0.9389,0.5815031607967247,0.7362326056197921,0.7041141797635779,0.6741037393098288,0.9397,0.9445,0.9695,0.9744,0.9128,8.622306454595563,0.9746,10.916575481415672,10.72270891326428,10.575511231109182,0.9462,0.9572,0.9806,0.9869,0.9302,4.106044923013592,0.9869,5.19860313109968,7.875885144815959,7.260603550648692
0.9771,0.9775,0.982,0.9859,0.9857,0.9264,3.580020912348991,4.532611862093403,4.6822272039922055,4.545646658773547,0.9134,14.425305808461138,0.9618,0.9826,0.9882,0.9899,0.9344,2.890355955866609,0.9899,3.659437196593728,3.963470611187015,3.7374887609490983,0.9689,0.9829,0.9891,0.9933,0.9531,7.237388658891849,0.9933,9.163151414204812,11.14195418743263,11.114735380484897,0.9669,0.9769,0.9821,0.9801,0.916,3.9364831630392008,0.98,4.983923478819919,5.908125359431654,5.449736955770488,0.9594,0.9755,0.9777,0.9806,0.9425,5.000811763018149,0.9806,6.331454276975091,5.720675509112069,5.570790586919954,0.9552,0.9658,0.9739,0.9894,0.9894,0.9189,0.5415839892703996,0.6856915292364023,0.702929945034835,0.6467077086417263,0.9572,0.9821,0.9848,0.9853,0.9316,10.134779597863366,0.9856,12.83149549951557,12.07943300201014,12.065378085767652,0.9644,0.9797,0.9885,0.9949,0.9531,5.347410684568309,0.9949,6.770278077637261,12.93508403076241,9.046688303548654
0.9733,0.9683,0.9768,0.9822,0.9816,0.9206,3.4972103960149004,4.427766684416579,4.530632544962644,4.263614888642139,0.9159,14.775875271935812,0.9767,0.9787,0.9849,0.9861,0.9558,3.0802937609099774,0.9863,3.899914660071637,3.542867756442004,3.465703959945821,0.9606,0.9816,0.9897,0.9932,0.9451,6.38845514822529,0.9932,8.08832917299866,11.354636330080226,10.056067563024056,0.9758,0.984,0.9882,0.9884,0.9367,4.223176130330473,0.9886,5.346901231223757,6.440193520852029,5.966960137195471,0.9375,0.9735,0.9848,0.9895,0.9117,4.112966377581765,0.9895,5.207366283004863,6.730606655006702,6.063168463449093,0.9447,0.9507,0.9624,0.9901,0.9901,0.9075,0.5305731224840735,0.6717508326232964,0.7057639743070241,0.6301449067100341,0.9638,0.983,0.9907,0.9909,0.9384,10.682401968062104,0.9909,13.52483213410016,14.211150370849603,12.789868763195562,0.955,0.9719,0.9767,0.9847,0.9418,4.430641800245924,0.9848,5.609570466811803,7.334205340458759,6.912859593983677
0.9791,0.985,0.9864,0.989,0.9893,0.933,3.636179937982677,4.603713979087416,4.854413925569579,4.768325690132317,0.9217,14.823552161664434,0.9769,0.9746,0.9773,0.9911,0.9569,3.061485236301201,0.9911,3.876101463490537,3.883790323023221,3.859592538209994,0.9592,0.9688,0.9726,0.9909,0.9434,6.277305762895146,0.9909,7.947604569778049,10.367258059937171,9.632376035062036,0.9541,0.9765,0.9842,0.9807,0.8965,3.6355435909805776,0.9807,4.602908309500356,5.740262091569599,5.370645767496789,0.9388,0.9841,0.9959,0.9954,0.9126,4.260305560832633,0.9954,5.393910257496858,8.241411232115327,6.892023540407254,0.9746,0.9362,0.9422,0.9903,0.9903,0.9437,0.5879290281024613,0.7443683017755747,0.7029168811177169,0.6595962008349827,0.9409,0.9761,0.983,0.983,0.9118,9.17142442757295,0.9832,11.61180567669766,12.334742189448477,11.519230316616092,0.9606,0.964,0.9734,0.9898,0.948,4.888070337059919,0.9898,6.188714014513242,9.386773382298347,7.957984404642417
0.9813,0.9716,0.9753,0.9836,0.9831,0.9355,3.6879180314426527,4.669218818830075,4.479173299734695,4.36148982492235,0.8957,13.829039389534486,0.9539,0.9851,0.9876,0.987,0.9262,2.554588148253923,0.9875,3.234326510104532,3.688473179189209,3.522122097287175,0.9768,0.9844,0.9882,0.9977,0.9654,8.176228243588092,0.9977,10.351802414403831,16.08109884209397,12.526337644512036,0.9705,0.9765,0.9786,0.983,0.9269,4.056437447506386,0.9827,5.135795835433651,6.867777690417881,6.105606162531378,0.9586,0.9868,0.9927,0.9961,0.9409,5.072696979995635,0.9961,6.422467093704009,8.578962660187937,7.015344517390999,0.9764,0.9592,0.9696,0.9963,0.9963,0.9443,0.6339115273530473,0.8025860682788308,0.7764191891386709,0.7503751403683457,0.9537,0.9742,0.9865,0.9902,0.9263,9.966068882568225,0.9902,12.61789334239653,13.905951750013408,12.136927318272472,0.9276,0.9688,0.9716,0.9733,0.9067,3.1386731959524683,0.9733,3.973828004785113,5.145583626749883,5.135862370726374
0.9772,0.9867,0.994,0.991,0.9914,0.9268,3.5739051220240867,4.524868749845897,5.457606552820259,4.877316010671692,0.9393,15.836629864450655,0.9782,0.9852,0.9876,0.9959,0.9579,3.226629890180357,0.9959,4.085188682660669,4.778308670110761,4.209116069502182,0.9597,0.9817,0.9864,0.9963,0.9438,6.278210023088765,0.9963,7.948749440319412,14.803175826757435,10.58884932953104,0.966,0.9768,0.9845,0.9818,0.9208,3.948191779884975,0.9818,4.998747586528562,6.09397278491776,5.5716260504012105,0.9847,0.9911,0.9991,0.9997,0.9725,7.36783392677213,0.9997,9.328306250733457,13.430200005182028,11.356923781313329,0.9487,0.9586,0.9726,0.9801,0.9799,0.9121,0.5382214813824608,0.681434307417758,0.6437339071236272,0.5990085289517033,0.9863,0.9871,0.9945,0.9978,0.9726,13.827699380122167,0.9978,17.50704696154399,18.22397427029636,17.894352488916894,0.9667,0.9796,0.9884,0.9932,0.9558,5.740528059530755,0.9932,7.267998208489979,11.089377618572534,10.19236034237798
0.9435,0.9764,0.9912,0.9852,0.9854,0.866,2.9992207888780205,3.7972693616993145,5.082847638319998,4.51950761517501,0.9399,15.919569216699424,0.9699,0.9659,0.9693,0.9818,0.9458,2.890437107610756,0.9824,3.659539941624317,3.3545480719200635,3.218563679726906,0.9633,0.9855,0.9913,0.9909,0.9486,6.576762994790537,0.9909,8.326742970002675,10.3191011310938,9.711550465516844,0.9627,0.9628,0.9696,0.9709,0.9104,3.815773567746704,0.971,4.8310948342709485,5.600294836621418,5.126827733930014,0.961,0.9863,0.9958,0.9992,0.9431,5.385501554419442,0.9992,6.818504368139966,12.169809566585265,8.72517930596761,0.9118,0.9695,0.9905,0.9898,0.9897,0.8702,0.4663154610319804,0.5903951518440368,0.7077762920969359,0.5950695548303196,0.9765,0.9833,0.9895,0.9992,0.9598,11.744068258574035,0.9992,14.868992221366709,21.454226509477387,18.463995552896627,0.949,0.9463,0.954,0.9798,0.9361,3.991323632669786,0.9798,5.053356191437026,6.179833065916744,5.437278172501038
0.97,0.9737,0.9761,0.9802,0.9802,0.9091,3.429753038404201,4.342359915356363,4.837272045358122,4.76033636031972,0.9512,16.75410614784591,0.9533,0.9756,0.9804,0.9921,0.9236,2.7038146780013594,0.9921,3.4232600262577826,4.041493311059769,3.940791922682736,0.9719,0.9874,0.991,0.9939,0.9597,7.354305300198965,0.994,9.311177855457371,11.911735379923751,10.123254295207833,0.9243,0.9417,0.9451,0.9465,0.8516,3.15882968067698,0.9463,3.9993478338579767,4.393177815554191,4.316432704310593,0.9656,0.9778,0.9815,0.9944,0.9497,5.419402269865139,0.9944,6.861425565732022,7.810030016458656,7.806032719805842,0.9703,0.9782,0.9851,0.9991,0.9991,0.9372,0.5957812789482091,0.7543099211680205,0.8624210353010409,0.7383028834282911,0.9683,0.9898,0.9924,0.9929,0.9458,11.127398625270438,0.9929,14.088235861742348,14.388951657776598,14.35088925822171,0.9578,0.9752,0.9812,0.9895,0.945,4.74309132886378,0.9895,6.005158222970901,9.31882911740652,7.7297173520698195
0.97,0.96,0.9723,0.9722,0.9726,0.9132,3.415935201253918,4.3248653548190745,4.496343743475353,4.241466183842601,0.9123,14.249288217250852,0.9438,0.9773,0.9817,0.989,0.913,2.609409280534579,0.989,3.303734739987092,3.8701487591793073,3.5630671514722656,0.933,0.9547,0.9684,0.97,0.9085,4.563887089845387,0.9701,5.7782703696876005,6.4557699075408586,5.642628480166914,0.9796,0.9909,0.9958,0.9936,0.9419,4.319654538035378,0.9935,5.469051125290216,7.848873445230811,6.742274045307315,0.9807,0.9869,0.9907,0.9996,0.9688,6.874924636949929,0.9996,8.704241043103641,13.178534682476496,11.473718193118524,0.9388,0.9758,0.9913,0.9904,0.9903,0.9016,0.4978355677305739,0.6303022956888342,0.7244553904550135,0.6297059316651452,0.9548,0.9661,0.9736,0.9869,0.9302,9.703930196833678,0.987,12.28600340500106,12.9998634160379,11.66317809451403,0.9839,0.9855,0.9879,0.9987,0.9771,9.416339568242478,0.9987,11.921889136818177,25.310575822040192,16.11439258911921
0.9791,0.9813,0.9897,0.9862,0.9854,0.9328,3.637855136876624,4.6058349237868965,5.117359888876532,4.748744810687466,0.9301,15.854818734863231,0.9631,0.9906,0.9955,0.9947,0.9372,2.8405036893641205,0.9947,3.596319974646229,4.605254914852699,4.333452157896595,0.9524,0.9598,0.9696,0.9862,0.9338,5.654661789056974,0.9862,7.159284185406855,8.834858957650091,7.406690962567141,0.9427,0.9434,0.9592,0.9579,0.8784,3.440995414032889,0.9576,4.356593721912332,4.707430917528368,4.358627833650504,0.9525,0.9668,0.9893,0.9984,0.9304,5.017401711161649,0.9984,6.352458566499592,10.864652606034348,8.402434218232008,0.9393,0.98,0.9875,0.9942,0.994,0.9005,0.518581143255409,0.6565679639662085,0.7583917263028219,0.6924023069064105,0.9703,0.9878,0.9937,0.9949,0.9483,11.620878771143843,0.9949,14.713023821828804,15.899803398511368,15.147959639964991,0.973,0.9862,0.9883,0.9948,0.9634,6.446408146942252,0.9949,8.161702612947655,12.895754545640232,11.217307920917124
0.9793,0.9866,0.9872,0.9896,0.9894,0.9312,3.629593436372783,4.595374906199958,4.932911063667484,4.870685624131675,0.9424,16.019450553827518,0.9805,0.9604,0.9661,0.9984,0.9607,3.3690354374836677,0.9984,4.26548625318837,5.622775971583732,5.089431675131061,0.9455,0.9848,0.9932,0.9958,0.9216,5.532348475422449,0.9958,7.004425096634649,13.611563470302128,9.21111175076444,0.9669,0.9723,0.9803,0.9776,0.9195,3.9392386068341754,0.9773,4.98741210571239,5.55472626296352,5.200094450248347,0.9482,0.9814,0.9915,0.9909,0.9251,4.505704622109712,0.9911,5.704606402386483,7.100218311753325,6.785729621509716,0.9496,0.9729,0.9809,0.9904,0.9904,0.9127,0.5463032557178533,0.6916665231271708,0.7046448994303116,0.6881074962925668,0.9112,0.9481,0.957,0.9517,0.8778,7.162112782201472,0.9528,9.067845733045424,9.373834114008856,8.9240419091337,0.9579,0.9788,0.9865,0.9856,0.9452,4.630231807275039,0.9856,5.862268441366898,7.590654519179896,6.3547826770163045
0.9783,0.9834,0.9871,0.9886,0.9875,0.9289,3.6086732140007465,4.5688881201161005,5.138847020339161,4.870210053905083,0.9266,15.161888238697976,0.9827,0.9708,0.9751,0.9999,0.9645,3.758898949361524,0.9999,4.759086715811227,9.325497219756487,6.204052015658883,0.9682,0.9627,0.9771,0.9977,0.9529,7.085964567728272,0.9977,8.971435597839818,16.04248333689824,11.22996982016306,0.9527,0.9802,0.9843,0.9822,0.8937,3.606405746568843,0.9821,4.566017312925197,5.78564562881898,5.513940564746547,0.9524,0.9556,0.9818,0.9907,0.9316,4.687764800023487,0.9908,5.935110117931923,7.092648413934665,6.54064044515425,0.9495,0.9887,0.9895,0.9903,0.9902,0.9132,0.5365704487874468,0.6793439593141902,0.6870942609972575,0.6842928202442842,0.9548,0.9909,0.9931,0.9932,0.927,10.447726499132957,0.9932,13.227712971879216,14.512147303922225,14.4083039570266,0.9748,0.9811,0.9819,0.9902,0.9653,6.499243725444234,0.9905,8.228596962372423,9.391520340801602,9.354008449582556
0.975,0.9915,0.9962,0.9945,0.9942,0.9239,3.5326695898446,4.472661048585895,6.331493126724148,5.27465448661711,0.9415,16.211393821357497,0.9767,0.9883,0.992,0.9962,0.9559,3.097566869255526,0.9964,3.921783888687647,4.90205793684,4.716440765308026,0.9451,0.9766,0.9922,0.9921,0.9216,5.365019221032686,0.9922,6.792571986864783,10.861552252249334,8.544782006017194,0.9315,0.9465,0.9695,0.9641,0.8616,3.244346710635627,0.964,4.107619688657628,5.085227622885796,4.430373287867514,0.9409,0.9527,0.9709,0.982,0.9179,4.139104908816029,0.9822,5.240459893246483,5.898844578012063,5.386503394728956,0.9578,0.9794,0.9934,0.9924,0.9923,0.9215,0.5639368490774689,0.7139921565214966,0.7384316359908644,0.7032365646799723,0.9749,0.9717,0.9781,0.9964,0.9548,11.91084372154309,0.9964,15.080144183957804,16.905962581982134,14.381726060693804,0.9892,0.9871,0.9976,0.9992,0.9851,12.033436213789688,0.9992,15.235356736667708,33.07951202809092,20.06158507861721
0.9763,0.9692,0.9743,0.9791,0.979,0.9258,3.573484594349872,4.524336325938005,4.609709318145671,4.414752172129521,0.9363,15.53601942047785,0.9434,0.9554,0.9616,0.9741,0.9141,2.4717183801258487,0.9742,3.129406314602159,2.971146951241249,2.912181598362649,0.9846,0.9926,0.9948,0.9993,0.9768,10.16205830148509,0.9993,12.86603266526001,21.326601069529087,18.290997551223278,0.9597,0.971,0.9816,0.9795,0.9057,3.757031538495013,0.9797,4.7567224143581965,5.878286301035415,5.270500662642764,0.944,0.9521,0.9713,0.9864,0.9215,4.326647952583186,0.9864,5.477905384668028,6.426286445762414,6.229223193191665,0.9867,0.9942,0.9964,0.9977,0.9977,0.9636,0.6916433488617447,0.8756794790150504,0.8256018454934649,0.7775244736326091,0.9832,0.9812,0.9919,0.9996,0.9676,13.409013798262851,0.9996,16.976955299711257,28.497763060933103,20.745293399344728,0.9364,0.9631,0.9842,0.9841,0.9171,3.534518393311095,0.9841,4.475001791483237,7.0351913360687215,5.689110350559806
0.9863,0.9868,0.9936,0.9921,0.9923,0.9467,3.832880808336508,4.852754060159144,5.295840884314373,4.876811694138828,0.9347,15.540665199820795,0.9687,0.9553,0.9581,0.9726,0.9442,2.7783834453092977,0.973,3.517670446620348,2.877430725817,2.865102246721665,0.9724,0.9883,0.9912,0.9958,0.9597,7.784532542338608,0.9958,9.855882243744972,13.699791802436978,11.929372113478935,0.9621,0.9636,0.9754,0.9723,0.9098,3.820136621358285,0.9707,4.836618832325425,5.323488663622038,4.888464206207466,0.974,0.9927,0.9973,0.9991,0.9585,6.396268589426472,0.9991,8.0982216560705,11.936542906138843,9.71440309561866,0.9417,0.9364,0.9575,0.964,0.9638,0.902,0.5410560278399401,0.6850230850286676,0.571140553238663,0.5499457725151407,0.9745,0.9741,0.9917,0.998,0.9542,11.662142779516287,0.998,14.765267576378202,18.891646738184747,16.982335347619305,0.9589,0.981,0.9916,0.9923,0.9457,4.894365300558417,0.9923,6.196683975282555,10.414398223948318,7.987152956183582
0.9579,0.9717,0.9843,0.9769,0.9787,0.8871,3.1960895922700883,4.046522060322666,4.756541897046786,4.385921023235315,0.9554,17.23840165876649,0.9705,0.9877,0.99,0.9945,0.945,3.1066654048578224,0.9946,3.933303410893898,4.392684471501578,4.295822720832265,0.9271,0.9541,0.9594,0.9726,0.9021,4.48658213516601,0.9727,5.680395702707393,6.699978770485674,6.432994917905762,0.9617,0.9624,0.9724,0.9749,0.9081,3.788599201290951,0.9755,4.796689768278917,5.548116545559371,5.09189148338333,0.957,0.9817,0.9878,0.9954,0.9387,5.005698007628599,0.9954,6.337640679463976,8.198504189340058,7.405436835026601,0.9604,0.9465,0.9655,0.9904,0.9904,0.9268,0.5570775734236564,0.7053077284259526,0.7182207609608156,0.6617729793273709,0.9679,0.9889,0.9909,0.9909,0.9453,11.331302649883922,0.9909,14.34639575055854,14.17592369252688,13.582675120899143,0.9752,0.9788,0.9868,0.9948,0.9658,6.689536156802536,0.9948,8.46952341301578,12.813876141006409,10.207483720479589
0.9682,0.9662,0.9693,0.976,0.9753,0.9082,3.4269873739159533,4.33885834819435,4.990578131821037,4.628228982285179,0.9404,15.839752217862271,0.9693,0.9873,0.9876,0.9912,0.9434,2.9997524076659894,0.9912,3.79794243643364,3.9011094074744137,3.89645690853791,0.8986,0.9006,0.9174,0.922,0.871,3.520374555462025,0.9223,4.457094486252398,4.100560424268465,3.9069680881283455,0.9623,0.9748,0.9838,0.979,0.9104,3.8238944658536154,0.9794,4.841376584012483,5.713413932557565,5.307535860394983,0.9644,0.9585,0.9687,0.9961,0.948,5.52013625701142,0.9961,6.988963386385593,8.483020726672152,8.232135338518686,0.9721,0.9916,0.996,0.9967,0.9967,0.9378,0.638817011520967,0.8087968296886673,0.7832838396141291,0.7636264294087535,0.9485,0.9806,0.986,0.9867,0.9207,9.651358999811226,0.9868,12.219443785081948,12.917894191092325,12.305357023705657,0.9609,0.9685,0.9749,0.9887,0.9481,4.96702703461944,0.9888,6.288679928878583,8.684086562150323,7.615030028448774
0.9731,0.9857,0.9915,0.989,0.99,0.9186,3.4767728845982293,4.401891051578978,5.201470378138124,4.829390189054585,0.9449,16.276269940661603,0.9737,0.9901,0.9929,0.9947,0.9506,3.055532048027218,0.9947,3.868564219309963,4.587295606862236,4.242006437381029,0.9168,0.96,0.9722,0.9785,0.8931,4.17616377634873,0.9785,5.287379580781004,7.372497344703018,6.529821347196411,0.9697,0.9749,0.9791,0.9802,0.9246,4.011002040487188,0.9799,5.0782707343640245,5.633578522923647,5.312450899035321,0.9694,0.9888,0.9985,0.9984,0.9532,5.748305433661929,0.9984,7.277845027574554,11.008938331062136,8.847005466179741,0.9598,0.9449,0.9526,0.9762,0.9759,0.9266,0.5476166835886007,0.6933294348510712,0.6011228184563095,0.5816139941639396,0.9751,0.9777,0.9921,0.9964,0.9548,11.932798576501964,0.9964,15.107940903154017,17.16086631698803,14.729014108004156,0.9715,0.9909,0.9962,0.9965,0.9606,6.309804239206316,0.9965,7.9887504130103775,16.111129039328304,10.409959879293035
0.9699,0.9397,0.94,0.9672,0.9657,0.9114,3.3975307629333367,4.301563765948663,3.773697833744863,3.77063467270286,0.929,15.37366414572805,0.9533,0.9517,0.9633,0.968,0.9262,2.4587359558969046,0.9687,3.1129694580866394,2.9139859188776223,2.79635586064454,0.9488,0.9577,0.9735,0.9857,0.9284,5.401776490315752,0.9857,6.839109825287987,8.783316558922815,8.322455499573563,0.9707,0.9809,0.983,0.9855,0.9282,4.053621676740412,0.9852,5.132230829449814,6.172752195612695,5.805333362585739,0.9529,0.9813,0.9908,0.9913,0.9333,4.653028528102753,0.9915,5.891131034566871,7.164051979201442,6.778525545030291,0.979,0.9583,0.9734,0.9949,0.9947,0.9506,0.6182698824200312,0.7827824115120541,0.7617990853900297,0.725108441692429,0.9627,0.9783,0.9907,0.9904,0.9364,10.785495669449228,0.9907,13.655357554273696,13.918897062819516,13.499093286065358,0.966,0.987,0.9932,0.9937,0.9558,5.480095152815635,0.9937,6.938267932841425,11.96018936209088,8.653542336192391
0.9758,0.979,0.9878,0.9831,0.9837,0.924,3.548655042078725,4.4928999947237225,5.0264265518190285,4.587261584131463,0.9388,15.722855759698204,0.9593,0.9682,0.9814,0.9949,0.9333,2.64950285041335,0.995,3.354496619561407,4.612320299234411,3.7977098842332815,0.9782,0.9801,0.9848,0.9975,0.9673,8.625275202815356,0.9976,10.920334169905503,15.707540932171424,13.976401950605934,0.9737,0.9936,0.9974,0.9962,0.9328,4.158989420420334,0.996,5.265635381149001,7.7018799760367695,6.758845975463911,0.954,0.9775,0.9813,0.989,0.9359,4.788378744201762,0.989,6.062495953947954,6.678779485652005,6.309439972565303,0.965,0.9689,0.9831,0.9911,0.9911,0.9327,0.5940920275411845,0.7521711847882618,0.7217452892914685,0.6812338734020846,0.9238,0.959,0.9642,0.9616,0.8924,8.15200155892864,0.9618,10.321129365012462,9.76739775067955,9.531652413412294,0.9932,0.9689,0.9898,0.9994,0.9891,15.322796804038047,0.9994,19.399967836740764,41.74016626282722,26.295730911467484
0.9796,0.9795,0.9833,0.9849,0.9847,0.9329,3.639348684668603,4.607725882695871,4.908600181991934,4.810262638223643,0.9787,19.908576274097435,0.969,0.9622,0.9665,0.9904,0.9432,2.9702558268792414,0.9904,3.7605972490063726,3.9206761149246314,3.542599655928988,0.9545,0.9845,0.9891,0.9933,0.9365,5.912155625142043,0.9933,7.485293346925781,11.437305798225902,9.736755721931976,0.9622,0.9619,0.9667,0.9727,0.9091,3.798105230325319,0.973,4.808725211930644,5.045442851119756,4.923266998166452,0.9677,0.9677,0.9746,0.9974,0.9524,5.5079813738391135,0.9974,6.973574267439634,9.397582403548384,7.352319980950792,0.9447,0.9781,0.9895,0.9901,0.9901,0.9075,0.5334379027968918,0.675377888874108,0.7104967038865995,0.6401018632860042,0.9788,0.9899,0.9925,0.9996,0.961,13.19368570341196,0.9996,16.70433156346533,28.498844113935597,20.92987878682556,0.9092,0.957,0.9637,0.9628,0.8847,2.74442845362184,0.9628,3.47468053067629,4.264671290104413,4.063841603566191
0.9804,0.9658,0.9721,0.9797,0.9789,0.9338,3.6896354386277705,4.671393202826676,4.385014392830832,4.210962500552416,0.9096,14.206255964896716,0.9461,0.9838,0.9898,0.9982,0.9157,2.6171179914118,0.9982,3.313494625534971,5.501572219633253,4.136316230304904,0.9611,0.9866,0.9917,0.9936,0.946,6.386627024753215,0.9937,8.086014612738323,11.676197741384904,10.032825889864084,0.9744,0.9836,0.9868,0.9887,0.9347,4.1738539846569,0.9882,5.284455187466642,6.51525107851174,5.883766886668399,0.9539,0.973,0.983,0.99,0.9353,4.851837606574784,0.9902,6.142840286953032,6.835071690523055,6.687628508858491,0.972,0.9877,0.9891,0.9967,0.9967,0.9398,0.6074550330384445,0.7690898896542502,0.7873612581966927,0.760526434322664,0.9432,0.9634,0.9744,0.9795,0.9141,9.025748033730222,0.9798,11.427366935437547,11.63152533557918,11.32728342810981,0.9649,0.9724,0.9797,0.9907,0.9545,5.391690420122651,0.9907,6.826340000049966,9.53006245236714,8.558284115817672
0.9873,0.992,0.9961,0.9943,0.9943,0.9503,3.989416831730015,5.05094201879115,5.5419798120439925,5.133285675737235,0.9388,15.854730214893744,0.9724,0.9838,0.9903,0.991,0.95,2.9475453191953624,0.9911,3.731843809000746,4.0127457121372005,3.865327609871161,0.9569,0.9858,0.9948,0.9963,0.9394,6.237867277399831,0.9963,7.897672082913949,14.724339494303068,10.800047481943093,0.98,0.9899,0.9959,0.9931,0.9471,4.481151435930185,0.9935,5.673519974219088,7.3932820704221776,6.510910988324287,0.9743,0.9708,0.9823,0.9938,0.9604,5.880284063166132,0.9939,7.444941230719656,7.780500543006664,7.551730233106716,0.92,0.9409,0.9447,0.9516,0.9511,0.8808,0.463738646991025,0.5871326854578336,0.5356628049420453,0.5290150105863309,0.9253,0.9572,0.9676,0.9697,0.8948,8.044309188239243,0.97,10.184781637221272,10.499512549059435,10.193954749431033,0.9593,0.9778,0.9862,0.9923,0.946,4.991735956858801,0.9923,6.3199635321825065,10.44398756808717,9.039325286387642
0.9755,0.9774,0.9878,0.9854,0.985,0.9241,3.542264948942798,4.484809591718567,5.080183910848295,4.609311260977046,0.9345,15.849596348733709,0.9222,0.9482,0.9577,0.9564,0.8855,2.116669339165129,0.9573,2.6798839419444187,2.7898090992115128,2.633028162137523,0.9744,0.9921,0.9941,0.9965,0.9614,8.08210631612494,0.9965,10.23263602533862,14.84115914325209,13.211445584879003,0.9711,0.9835,0.99,0.9877,0.9293,4.066906090940555,0.9873,5.149050031029567,6.606352433155029,5.869575743058391,0.9272,0.9172,0.9301,0.9427,0.9042,3.639036443753281,0.9434,4.607330559061941,3.7082337195017065,3.592457524204172,0.9635,0.9787,0.9793,0.9906,0.9906,0.9309,0.5659586716054843,0.716551956309794,0.6951730311482589,0.6944587605490276,0.9533,0.9659,0.978,0.9818,0.9273,9.47722039605532,0.982,11.998969458155598,11.595021080302027,11.502379389078357,0.9609,0.9814,0.993,0.9937,0.9476,5.177166459293403,0.9938,6.554734366070608,11.960093143123558,8.754895047526999
0.9717,0.9867,0.9968,0.9927,0.9922,0.9162,3.4456402467285923,4.362474476323952,5.720453133398356,5.15921008506315,0.9574,18.07323367322825,0.974,0.9826,0.9884,0.9924,0.9515,3.0040895282326088,0.9924,3.803433601041025,4.210126057516218,3.8295505665673706,0.9618,0.9699,0.9767,0.9849,0.9473,6.436904826081643,0.985,8.149670598074923,8.40448317019653,8.258986311542154,0.9445,0.9635,0.9735,0.97,0.8825,3.4629339195110083,0.9704,4.384369741271248,5.564012721996235,4.995601818893377,0.9704,0.9908,0.9951,0.9974,0.9545,5.783845910865253,0.9974,7.322842303428608,9.277970857481115,8.590043796767569,0.9446,0.9337,0.9432,0.9566,0.9553,0.9078,0.5258651259355865,0.6657901073859775,0.5356325211992614,0.530735431394657,0.9743,0.9802,0.9868,0.9977,0.9531,12.028710615865524,0.9977,15.22937372658733,18.203552628038818,16.94094057068687,0.9795,0.9835,0.9935,0.9972,0.9718,7.885013865651478,0.9972,9.983100170432424,18.822191469286818,14.528634253479666
0.983,0.9918,0.9977,0.9949,0.9944,0.9377,3.780013997815664,4.785820168334307,5.913319382812846,5.374214358067902,0.9643,18.60850067013533,0.9806,0.9774,0.9829,0.9984,0.9618,3.347564413225931,0.9984,4.238302104932081,5.666945067199282,4.739495432903023,0.9479,0.9463,0.9522,0.9833,0.926,5.485375605695321,0.9833,6.9449534366263705,8.231474895435507,7.891642130823157,0.9689,0.9853,0.9911,0.9889,0.925,4.013253450051331,0.9884,5.081121210924556,6.469263119201337,5.951550851777889,0.9497,0.9601,0.9629,0.986,0.9286,4.449860208105316,0.986,5.633902610552515,6.343035087106513,6.148486573482844,0.9346,0.972,0.9886,0.9866,0.9865,0.8938,0.4988634211566012,0.6316036458053191,0.6772203299593131,0.612945970352295,0.9326,0.9675,0.9687,0.9731,0.9015,8.787077559829076,0.9733,11.125189756135544,10.630827042476898,10.554695715558656,0.9597,0.9726,0.9811,0.9919,0.9463,5.015503542043125,0.9919,6.350055322475735,10.148539419900688,8.414766588929579
0.9546,0.9375,0.9387,0.9565,0.9561,0.8844,3.160735855612649,4.00176121392926,3.860970265226341,3.819776315725515,0.9327,15.476475006627386,0.9809,0.9903,0.9928,0.9983,0.9625,3.342829609026351,0.9983,4.232307438921702,5.716343378524951,5.268005401580726,0.9535,0.9612,0.9717,0.9853,0.9355,5.668168409402922,0.9853,7.17638471892208,8.628348589207894,7.585590754190616,0.9731,0.9861,0.9898,0.9914,0.9298,4.141648133130785,0.9914,5.243679832174006,6.979625947575822,6.055305114502717,0.9725,0.9309,0.9808,0.9925,0.9574,5.882856506317728,0.9925,7.448198163187081,7.410417723255228,7.059617982129689,0.9753,0.9836,0.9853,0.9937,0.9937,0.9428,0.6225577370403463,0.7882112012288773,0.7308262727902524,0.7272347154281897,0.9548,0.9872,0.99,0.9898,0.9286,9.971870870739645,0.9898,12.62523915434941,13.565946882087342,13.347235120301724,0.9879,0.9894,0.9919,0.9988,0.9833,11.291122065029796,0.9988,14.295523702602772,30.20502568917506,20.53851374086858
0.9825,0.9725,0.9804,0.9865,0.9844,0.9379,3.74325813896616,4.739284115640307,4.634166025070847,4.393205756849598,0.9562,17.30481857748515,0.9435,0.9749,0.9825,0.9959,0.9126,2.615812548276322,0.996,3.311841823167045,4.752749617039648,4.031251505364063,0.9352,0.9677,0.9743,0.9747,0.9112,4.703725596632228,0.9747,5.9553178479448095,6.953580868332814,6.589130045290185,0.9785,0.9941,0.9969,0.9947,0.9397,4.292948861383256,0.9948,5.4352394605702985,7.616839049015562,6.876924148812988,0.9613,0.9734,0.9836,0.9861,0.9442,5.2492310737568415,0.9861,6.645974315319911,6.352573102567027,6.1916550472508245,0.9322,0.9569,0.9663,0.9671,0.9656,0.8913,0.4910243314341789,0.6216786895176891,0.5849407317663117,0.5618263985808744,0.9448,0.9825,0.9918,0.9955,0.9176,9.049609577372342,0.9955,11.457577685153296,16.251240743552838,12.54541842769822,0.9371,0.9644,0.9681,0.9665,0.92,3.452858358516811,0.9666,4.3716132215755055,4.580682530778693,4.35824423138809
0.9854,0.9754,0.9819,0.9876,0.9877,0.9429,3.869788725603998,4.899482631781376,4.89368211668117,4.57774989854396,0.9374,16.307221028858628,0.9699,0.967,0.9712,0.9973,0.9458,2.888386801001081,0.9973,3.656944078558857,5.1926904295312895,4.577941187363295,0.9529,0.9805,0.9831,0.9872,0.9338,5.83951644664922,0.9873,7.393325950603154,9.078774800908151,8.599905208672457,0.9687,0.9873,0.9895,0.9885,0.92,3.9963934627814783,0.9884,5.059775028830906,6.267931402676516,5.968365607186291,0.9377,0.9803,0.9869,0.9868,0.9116,4.189003224946931,0.9869,5.303635417951732,6.444602190601694,5.832521672577611,0.9728,0.9857,0.9921,0.9929,0.9929,0.9412,0.5974627017538866,0.7564387458706692,0.7327404986223468,0.7156323175861158,0.9468,0.9657,0.9761,0.982,0.919,9.59000741461984,0.9821,12.141767444746204,11.976227775763498,11.488525118943626,0.9745,0.9778,0.9818,0.9946,0.9646,6.678949975476225,0.9946,8.45612040442206,12.50645827955858,11.010106603990984
0.9815,0.9771,0.9825,0.9864,0.9867,0.9352,3.6859801896604303,4.6667653458297735,4.706890178080126,4.541306367752262,0.9524,16.868801932470287,0.9663,0.9859,0.9904,0.9904,0.9391,3.025153202158257,0.9906,3.830102009028624,3.9196563424294575,3.850767100669144,0.9344,0.9659,0.9752,0.9793,0.9098,4.860445602425989,0.9794,6.153738743989817,7.575965408700632,6.521656021583855,0.9682,0.99,0.9925,0.9917,0.9211,3.995479405693131,0.9916,5.058617754585109,6.884202022002567,6.258676123121347,0.9532,0.9888,0.9938,0.9974,0.9338,4.884240231946307,0.9974,6.183864774719382,9.37907390076757,7.473164957225824,0.9495,0.9751,0.983,0.9962,0.9962,0.9122,0.550325839482968,0.6967594573128704,0.784872699213482,0.6971082114481544,0.9459,0.9836,0.9909,0.9935,0.9187,9.383696300262756,0.9935,11.880559974982276,15.166248552485404,12.869350061153888,0.9731,0.9751,0.982,0.9965,0.9634,6.616285002061487,0.9965,8.376781202559396,16.103828519652076,11.377424827166717
0.9618,0.9792,0.9907,0.9876,0.9874,0.8959,3.2507502070334726,4.115727061335711,5.305774505906301,4.601700140752207,0.9556,17.18112395965362,0.9345,0.9701,0.9844,0.9818,0.9026,2.321272607629372,0.9818,2.938929133123376,3.4483746375351267,3.1440320736204925,0.9879,0.9705,0.9715,0.9998,0.9801,11.599853516912514,0.9998,14.686404056451536,29.99571816341569,19.84640909385013,0.972,0.9769,0.9806,0.9815,0.93,4.098470080482934,0.9819,5.189012734297942,6.995810004417391,5.953084604055595,0.9454,0.9724,0.9862,0.9915,0.9226,4.42198217348662,0.9918,5.598606640641086,7.16606110987533,7.066791197450419,0.9739,0.9775,0.9814,0.9877,0.9874,0.9421,0.6069227655419567,0.7684159935996028,0.6699035040764707,0.6479858148369467,0.9495,0.9797,0.9927,0.9933,0.9226,9.434510702971744,0.9933,11.944895343440452,14.979104771990285,12.74141024109871,0.9505,0.9818,0.9878,0.9879,0.9361,4.257995955268861,0.9879,5.390986099836494,8.251324361097906,6.724003100128987
0.9739,0.9729,0.9787,0.9808,0.9807,0.9177,3.542735972860437,4.485405948178123,4.653117680361564,4.479673090332977,0.9451,16.284352404777252,0.9604,0.9779,0.9891,0.9973,0.9313,2.9743278647433997,0.9973,3.765752796300052,5.100569262482376,4.871295164197716,0.9547,0.984,0.99,0.9948,0.9364,6.037737949161279,0.9949,7.644291281701912,12.419029147617364,10.141281308445668,0.958,0.9683,0.9716,0.9733,0.9018,3.716875958439856,0.9732,4.705882024610914,5.206888753709663,5.0782266281924,0.9724,0.959,0.9918,0.9954,0.9568,6.0658447923871845,0.9954,7.67987694282816,8.131770421657189,8.003307808306984,0.9738,0.9847,0.9872,0.9987,0.9986,0.941,0.6234940360814973,0.7893966356842319,0.8444434852850733,0.7910972684035983,0.9549,0.9787,0.985,0.9978,0.9292,9.973363745003354,0.9978,12.627129260514144,18.60509824082299,15.22765173052603,0.9876,0.9791,0.9858,0.9985,0.9833,10.45355533333785,0.9985,13.235092773200533,25.06208351671417,17.97564354590293
0.9866,0.9793,0.9889,0.99,0.9895,0.9475,3.832826358248948,4.852685121703528,4.979521248120811,4.610824923868499,0.8995,13.71459570601936,0.9625,0.9845,0.9903,0.9928,0.936,2.8738270085682998,0.9929,3.6385101393428014,4.255343526345218,3.836066617254709,0.99,0.9853,0.9898,0.9998,0.9835,12.256186551760534,0.9998,15.517377665844208,30.04888663643119,21.08042869489468,0.9766,0.9867,0.9895,0.9887,0.9367,4.222271354886004,0.9883,5.345755708330864,6.215311829953457,5.918235894058286,0.9806,0.9695,0.9768,0.9984,0.9681,6.726597449182211,0.9985,8.516446170613419,11.052632858881058,10.266127152384303,0.9742,0.9719,0.9839,0.9981,0.9979,0.9416,0.6257099905907568,0.7922022231208533,0.8255407424644052,0.7139697192228492,0.9591,0.9696,0.9805,0.991,0.9333,10.424370178552948,0.9911,13.198141877657218,14.263918689558778,12.392764613826888,0.97,0.9752,0.9885,0.9949,0.9592,5.866357727601993,0.9949,7.4273093019351695,12.93508403076241,9.453523560402395
0.9697,0.9681,0.9822,0.978,0.9782,0.9114,3.394197851525313,4.297344015798265,4.715466253312966,4.262698897402205,0.9464,16.41792545167099,0.9474,0.9579,0.9709,0.995,0.9182,2.5611889052043937,0.995,3.2426836314691854,4.5391344423265085,3.681708696845464,0.9216,0.9579,0.9708,0.9783,0.8968,4.315967952002386,0.9783,5.464383592895048,7.366711282471016,6.4626432602369945,0.9836,0.9962,0.9981,0.9972,0.95,4.490252062988223,0.9973,5.685042144386715,9.004879548313724,7.776644614643321,0.9435,0.976,0.985,0.9857,0.9203,4.364209387149458,0.9857,5.525461364937603,6.283742705839327,5.534509348948893,0.9772,0.9695,0.9861,0.9998,0.9998,0.9461,0.6248136515207008,0.7910673813976168,0.9185967471871236,0.7830648032622162,0.9364,0.9809,0.9832,0.982,0.9074,8.698869129053769,0.9821,11.013510358317037,11.930114924067848,11.59567970585198,0.9178,0.9577,0.9755,0.9812,0.8959,2.9407171044613047,0.9812,3.7231987066792063,6.318557190847872,4.76845662085163
0.9622,0.9803,0.986,0.9838,0.9842,0.8987,3.265512848169504,4.134417824313712,4.849825165826234,4.648185108263254,0.9355,16.284089866078077,0.9564,0.9648,0.975,0.9973,0.9274,2.771743995606589,0.9973,3.509264336930747,5.147070264771232,4.332613475446653,0.9447,0.9778,0.9847,0.9833,0.9217,5.207317130279435,0.9833,6.592907687486122,8.405838379863502,7.298257446876592,0.9737,0.9747,0.9778,0.9812,0.9314,4.1564634145673365,0.982,5.262437242262851,5.420288388899245,5.303516054557663,0.9434,0.9789,0.9861,0.9954,0.9205,4.330069219472311,0.9954,5.482237000394502,8.20074332096536,6.585502940410718,0.9468,0.9562,0.9694,0.993,0.993,0.9111,0.5298577627449907,0.6708451261711786,0.7486209753179653,0.6792719897371191,0.9869,0.984,0.9907,0.9993,0.9746,13.738683923757105,0.9993,17.394345800487024,22.07844338694565,20.415986487796523,0.9539,0.973,0.9822,0.9895,0.9395,4.470448140678492,0.9895,5.659968689405648,9.319543118581704,7.789758688664572
0.9919,0.9894,0.9922,0.9938,0.9939,0.9585,4.043151129427933,5.118974223381551,5.150233616499014,5.018514777946624,0.9423,16.048251314857687,0.9559,0.973,0.9795,0.9945,0.9265,2.76327548997746,0.9945,3.4985424864140677,4.417910602216256,3.72900603906422,0.9612,0.9849,0.9909,0.9921,0.9464,6.372033256237154,0.9921,8.06753765690257,10.679571945187377,9.783497690726591,0.9719,0.9899,0.9925,0.9908,0.9297,4.089923928412468,0.9911,5.178192576763045,7.385716822505264,6.8063911690628975,0.9413,0.9711,0.9919,0.9936,0.9179,4.298509048184308,0.9936,5.442279131361877,7.627240117379357,6.0236830463669975,0.9694,0.9793,0.9899,0.9968,0.9968,0.9362,0.5997507776373623,0.7593356451192288,0.7971603739296305,0.7004744767034112,0.9398,0.9502,0.9745,0.9794,0.9126,8.795952028976462,0.9795,11.136425591096309,11.773774682002148,10.383694685239,0.9864,0.977,0.9848,0.9977,0.9817,9.742502307124225,0.9977,12.334838986951384,21.074607520024653,17.752109736023684
0.9813,0.9487,0.951,0.9634,0.9631,0.935,3.6779756817106426,4.6566309559556025,4.22305948965222,4.177095049491436,0.9392,15.732799315926057,0.9537,0.9265,0.9353,0.9747,0.9254,2.573997702024374,0.974,3.258900660873992,3.5699739534305137,3.24846405327774,0.9666,0.9855,0.991,0.9986,0.9517,7.006159537351177,0.9986,8.870395621761968,17.945366094304735,11.5270403975378,0.9595,0.9732,0.9779,0.9765,0.91,3.805582185215987,0.9767,4.818191674630031,5.569018666679439,5.242361328317807,0.9584,0.9675,0.9792,0.9918,0.9414,4.810176833817041,0.9918,6.090094194846598,7.299823385297422,6.270308873175406,0.943,0.9645,0.9752,0.9758,0.9752,0.9067,0.5205208786880673,0.6590238344894959,0.6194022616974946,0.5809907049696431,0.9829,0.9828,0.9868,0.998,0.9677,12.92379790082897,0.998,16.362630583115656,18.87844511522706,17.30227963905441,0.9718,0.9896,0.9938,0.9961,0.9609,6.370284400612377,0.9961,8.065323456498708,14.973422127556368,10.664369781471986
0.9907,0.9879,0.9905,0.9952,0.9949,0.9568,4.02268251298994,5.093059208933601,5.468418187332722,5.048601848304495,0.9532,17.037272850637958,0.9593,0.9825,0.983,0.988,0.9313,2.784966823493194,0.988,3.526005564984055,3.65434241039991,3.601264445132516,0.9384,0.966,0.9716,0.9719,0.914,4.936269337953099,0.972,6.249738061170594,6.673443384504287,6.379035773735307,0.9519,0.9413,0.9497,0.957,0.8934,3.5930003350737536,0.9568,4.549044918448591,4.536015827314616,4.314051371402339,0.9274,0.9575,0.9715,0.971,0.9044,3.658922602202877,0.9711,4.632508132011079,5.023887189562458,4.391466060109124,0.9618,0.9856,0.99,0.9911,0.991,0.9286,0.5576850603068064,0.7060768586405649,0.7318438044353026,0.6791051266760255,0.9627,0.984,0.9909,0.9965,0.9367,10.777626930905694,0.9965,13.645395060049404,17.158812095234225,14.610714226580477,0.8959,0.948,0.9564,0.9565,0.8698,2.4166944058586344,0.9565,3.0597412694615542,3.860538114487895,3.602434390090445
0.9764,0.9728,0.9814,0.9823,0.9815,0.9265,3.5591701707592973,4.5062130446069215,4.683393198986941,4.398621446043226,0.9581,17.30612482725998,0.936,0.9801,0.9812,0.983,0.9032,2.3972048301502564,0.9833,3.035065804092555,3.4007335912527474,3.3551210586496008,0.9658,0.9899,0.9932,0.9966,0.9508,7.05074841080828,0.9966,8.926848939130005,14.96444718361578,11.77986353074084,0.9595,0.9829,0.9918,0.9869,0.9054,3.752842027183756,0.9872,4.751418135659635,6.468153095964139,5.642170139060735,0.9368,0.9752,0.99,0.9906,0.9105,4.279162597181835,0.9906,5.4177848740795405,6.958021839386259,6.199096880193169,0.9684,0.9732,0.9876,0.9889,0.9887,0.9361,0.5892925788200448,0.7460946732992064,0.6973722633588322,0.6555121347044163,0.9853,0.9721,0.974,0.9998,0.9697,14.190616296600249,0.9998,17.966530735761268,31.841584207671705,23.430227988314044,0.9471,0.9639,0.9776,0.9787,0.9325,3.811644927376941,0.9787,4.8258676233768005,5.980037174711472,5.411085336432987
0.9784,0.9711,0.9801,0.9818,0.9821,0.9288,3.6140098773285465,4.575644791123287,4.716937129369857,4.454771877333134,0.938,15.830274337784424,0.9639,0.9882,0.9938,0.997,0.938,2.858218309870406,0.997,3.618748195320109,5.126595392623342,4.143019119067244,0.9625,0.9646,0.9669,0.9859,0.9477,6.512685960088152,0.9861,8.245615978096575,8.795255611816877,8.490605995143822,0.9665,0.9825,0.9867,0.9837,0.9183,3.920935718823898,0.984,4.9642390881973855,6.075034133329545,5.741313254366007,0.9512,0.9632,0.967,0.986,0.9304,4.556527861565358,0.986,5.768952958919732,6.338385832759144,6.132373625996944,0.9677,0.9753,0.9776,0.9855,0.9855,0.9355,0.5866096827492087,0.7426978980140426,0.6365596704893746,0.632975527394321,0.9556,0.986,0.9884,0.9942,0.929,10.373173896291789,0.9944,13.13332301711046,15.587749981029647,14.90806503118077,0.9965,0.9896,0.9975,0.9994,0.9952,21.217314028681734,0.9994,26.86292946402451,41.74435512021074,40.09695022255317
0.9792,0.9798,0.9814,0.9839,0.9843,0.9318,3.652543027574243,4.624431046333419,4.81338655831016,4.718059748493456,0.9475,16.64408286567941,0.9737,0.9922,0.9966,0.9961,0.9502,3.0873134178040984,0.9961,3.908802144498436,4.91847454109233,4.125882813701374,0.9686,0.9836,0.9922,0.9963,0.9529,7.264346573144164,0.9963,9.197282433243238,14.707620156225197,11.65901042052101,0.9646,0.9557,0.9571,0.9698,0.9146,3.869930122413398,0.9696,4.899661652203669,4.873030802683742,4.819901372782763,0.9733,0.9797,0.9832,0.9991,0.9584,6.033921281110321,0.9991,7.639459054375592,12.056424083005837,8.588438037176385,0.9877,0.9833,0.986,0.9985,0.9985,0.966,0.6839891374707798,0.8659885944657495,0.8411416563744862,0.8001612917900305,0.938,0.9654,0.9721,0.9757,0.9091,8.685867155063145,0.9758,10.997048750135576,11.246080130098912,10.709948586390894,0.966,0.9712,0.9786,0.9919,0.9558,5.462588750467357,0.9919,6.916103334117247,10.204254195403026,8.944088460050976
0.9623,0.959,0.9664,0.9719,0.9721,0.896,3.2565546587058103,4.1230759922909,4.271061093531825,4.065935129916253,0.9588,17.949185701757003,0.974,0.9795,0.984,0.9906,0.9523,2.942430999954677,0.9908,3.7253686445745,3.893123981868981,3.836878797281317,0.9601,0.9861,0.9875,0.9889,0.9445,6.406217677360431,0.989,8.110818050083429,9.37643215703146,9.17773439457183,0.9778,0.9844,0.9877,0.9873,0.9389,4.276435403966334,0.9873,5.4143320148305465,6.087032823467972,5.777121069797818,0.9617,0.9797,0.9828,0.994,0.945,5.216648549845388,0.994,6.6047220606561,7.732451515226142,7.7015969354761,0.9623,0.9799,0.9889,0.9922,0.9921,0.9286,0.574505961705299,0.7273735546869255,0.7344890670207603,0.7026479162481307,0.949,0.9777,0.9823,0.9943,0.9207,9.814936716326956,0.9945,12.426547127885293,15.572382298276649,14.501944770711432,0.9839,0.9906,0.9968,0.9973,0.9773,9.082938237420615,0.9973,11.499774611814088,19.362690316935275,17.27494131214589
0.9718,0.9816,0.9879,0.9874,0.9872,0.9159,3.4551901350406453,4.374565449562562,5.083555450084339,4.723375992432558,0.9283,15.470202833168807,0.914,0.9566,0.9632,0.9699,0.8763,2.0767470290829446,0.9702,2.629338891881583,2.989581358222799,2.8582628691085628,0.9581,0.9758,0.9829,0.9882,0.9418,6.213372518456769,0.9883,7.866659628611946,9.256420862533858,8.584150547622494,0.9572,0.9753,0.9799,0.9786,0.8996,3.68779140754023,0.9791,4.669058502168189,5.509992382621914,5.31001158626977,0.9606,0.9721,0.9777,0.9937,0.9436,5.039842540630814,0.9937,6.3808705708809885,7.667534657615143,6.503832946557078,0.9577,0.9611,0.963,0.9911,0.9911,0.9218,0.5589973604528908,0.7077383425688435,0.7079194101618267,0.6908542899039859,0.9502,0.9502,0.9713,0.9792,0.9232,9.31840440989177,0.9795,11.79789487216871,11.57712665890704,11.144898660249536,0.9956,0.9675,0.9717,0.9996,0.9931,18.677018036027043,0.9996,23.64669804207449,52.31374420871085,31.0620742798186
0.973,0.9524,0.9632,0.9636,0.9642,0.9154,3.516586020693266,4.4522978780612,4.438625218075366,4.289567311173654,0.971,18.87012714601854,0.9768,0.9771,0.9817,0.9981,0.9552,3.2673390307555774,0.9981,4.136729927246809,5.438112512275263,4.840120160113121,0.9633,0.9631,0.9672,0.994,0.9483,6.646289404349954,0.994,8.414769335326616,11.828316384257716,10.818365538820704,0.9558,0.967,0.9781,0.9712,0.8981,3.659097670794159,0.972,4.632729783781544,5.415897394110521,4.9859776236549145,0.9731,0.9794,0.9949,0.9989,0.9572,6.359477583857014,0.9989,8.051641104630914,11.721522482369643,9.400048413872062,0.9799,0.9839,0.986,0.9951,0.9951,0.9506,0.6521697276243976,0.82570250730435,0.7528341727878185,0.7429955376339881,0.9536,0.9724,0.9756,0.982,0.9266,9.870024647293254,0.982,12.496293147662644,11.587174929486835,11.52049129812453,0.9294,0.9647,0.9673,0.9682,0.9088,3.1740769283459898,0.9682,4.018652150045193,4.640469067737574,4.579186554419039
0.9833,0.9867,0.9902,0.9918,0.9919,0.9404,3.737090832084355,4.731475779037241,5.043671566632559,4.879229783967729,0.9331,15.340529126959964,0.9788,0.9666,0.986,0.9973,0.96,3.0711454129085647,0.9973,3.888332071118948,5.239141216027016,4.298907416075869,0.9625,0.9647,0.9666,0.9922,0.9473,6.594482146903861,0.9924,8.349176928077627,10.75021658979294,10.529557508444912,0.9696,0.9904,0.9944,0.993,0.924,4.046546482210132,0.993,5.123273029638101,6.968156750397169,6.273051557529596,0.9367,0.9592,0.9656,0.971,0.9116,3.974235308695363,0.971,5.03172091559755,4.992368610158203,4.704430244732343,0.9712,0.9894,0.9969,0.9994,0.9994,0.9372,0.613916869398146,0.7772711257006265,0.8633655979226302,0.8536049146709433,0.9517,0.9743,0.9801,0.9792,0.9253,9.580598717688536,0.9795,12.129855231839684,11.650332683008635,11.279146038992367,0.9799,0.9798,0.9874,0.9979,0.9723,8.13392279084239,0.9979,10.29824010243941,21.58940685935828,14.749870176120044
0.9517,0.9568,0.9713,0.9716,0.9717,0.8764,3.0962165327570266,3.9200742474925914,4.64837893849774,4.106885784198546,0.9263,14.959857993782308,0.9341,0.9711,0.973,0.975,0.8994,2.429322711997004,0.9753,3.075729782267018,3.066222069083833,3.03636425626436,0.9648,0.9784,0.9881,0.9944,0.9506,6.602359283997651,0.9944,8.359150055582969,12.202906529134118,9.623846168305594,0.9829,0.9917,0.9958,0.9936,0.9487,4.460843554189268,0.9934,5.647808463608811,7.294113683977255,6.786921657904653,0.9353,0.9535,0.9623,0.9732,0.9103,4.035666625131669,0.9733,5.109498202490691,5.121438522677342,4.878157787605462,0.9597,0.9925,0.998,0.9987,0.9987,0.9239,0.5697084025553925,0.7212994355562379,0.8410093570332026,0.8156104919566826,0.9607,0.9636,0.9805,0.9882,0.9354,10.377638914111628,0.9884,13.138976110550464,13.289053066117068,12.676391909079618,0.9561,0.959,0.9624,0.98,0.9438,4.419902567079509,0.98,5.595973681532708,6.214440716685632,5.879333421733419
0.9815,0.9826,0.989,0.9899,0.9892,0.9364,3.709170512052104,4.696126272185173,5.813398721652545,5.125268290317333,0.95,16.846413205602325,0.9761,0.9929,0.9958,0.9962,0.9541,3.167305093853936,0.9962,4.010078429919442,4.921774192800847,4.285517470811442,0.9634,0.9731,0.9771,0.9951,0.9486,6.673678430370527,0.9951,8.449446178638846,12.436292538270497,11.634975473436551,0.9687,0.9857,0.9897,0.9872,0.9209,3.971802480936189,0.987,5.028640748126565,6.227586644860391,5.886180129290185,0.9598,0.9777,0.9825,0.9939,0.9421,5.163902046371429,0.9939,6.537940487815188,7.780511635963522,7.0291646293570125,0.9269,0.9759,0.9939,0.9953,0.9953,0.8848,0.48837738812998,0.6183274335019724,0.7765718550263939,0.634188932201562,0.9399,0.9804,0.9846,0.9845,0.9112,9.096540634518863,0.9851,11.516996406867785,12.309459362432492,11.906300122880078,0.9693,0.9657,0.9708,0.994,0.9577,6.059035977638155,0.994,7.671256402542546,12.106576157107954,10.846300716810063
0.9678,0.9713,0.9765,0.9783,0.9789,0.9082,3.3542534836562483,4.246771038695639,4.523692256591261,4.385165362999109,0.9307,15.820387340854342,0.9605,0.9855,0.99,0.9973,0.9338,2.8352269293055383,0.9973,3.58963914628781,5.214299556751261,4.281881563003427,0.9801,0.9587,0.9701,0.9992,0.9709,8.941257212129143,0.9992,11.320394347957382,20.496060023241984,14.878794995703826,0.9679,0.9817,0.9926,0.9874,0.9168,3.947066735996042,0.9877,4.997323184995387,6.7678482691948245,5.977775877418901,0.9608,0.9857,0.9917,0.9934,0.9433,5.199928417603454,0.9934,6.583552946957868,7.585457745455034,6.820946248328984,0.9393,0.9488,0.9619,0.9642,0.9641,0.9009,0.5178895241857867,0.6556923152267817,0.5715351294920723,0.5551992667608967,0.9798,0.9914,0.998,0.9994,0.9638,12.935337720760868,0.9994,16.377240979532424,22.09642689768076,18.37501826158697,0.9839,0.9872,0.9881,0.9963,0.9773,8.920092243906383,0.9963,11.293597692748916,15.362473606549472,15.175651853159414
0.9714,0.9357,0.9404,0.9613,0.9608,0.912,3.4596144485305045,4.380167007848599,4.381029422947802,4.073315768914863,0.9189,14.951496860766891,0.9315,0.9833,0.9915,0.9919,0.8966,2.400525494145368,0.9921,3.0392700479734645,4.154615622085658,3.4835219687770227,0.9304,0.9675,0.9744,0.9758,0.9049,4.567658044992587,0.976,5.783044720578306,7.083126257204496,6.734052494454058,0.9486,0.937,0.9383,0.9523,0.8882,3.5448288903701544,0.9525,4.488055760277879,4.254224655107828,4.220518258746498,0.9403,0.9677,0.979,0.994,0.9155,4.215466179582372,0.994,5.337139775893579,7.801836686859308,5.84994694789328,0.9762,0.9731,0.9854,0.9901,0.9901,0.9449,0.6149708770544603,0.778605589303693,0.6969766258470076,0.6773033864003927,0.9765,0.9683,0.9753,0.998,0.9581,12.06846990038112,0.9981,15.279712372376268,18.985828755713573,15.829546433976024,0.9592,0.9687,0.9765,0.9891,0.9465,4.729963304423443,0.9891,5.988537024167601,9.031209494705958,8.224985931748547
0.9695,0.9867,0.9895,0.9884,0.9882,0.9139,3.450539169311696,4.368676930207687,5.006021400935712,4.864778355447264,0.9301,15.293726949643986,0.9706,0.9638,0.9792,0.9973,0.9463,3.0051248451786856,0.9973,3.804744400610554,5.131771807150024,4.283450036566103,0.962,0.9857,0.987,0.9902,0.9468,6.569992797115579,0.9902,8.318171322226993,9.989748489847564,9.759728508353632,0.9507,0.9405,0.9447,0.9582,0.8915,3.5692479465413767,0.9578,4.518972368413049,4.42248143993341,4.3625787649003485,0.9642,0.9688,0.9718,0.998,0.9467,5.595122392878158,0.998,7.083902230946451,9.909092295061797,8.149016781555755,0.9827,0.9798,0.992,0.9975,0.9974,0.9562,0.6570837461949846,0.8319240739959746,0.8044962385241712,0.7798862629227674,0.9805,0.9834,0.987,0.9933,0.9665,11.75654099715537,0.9933,14.884783772374565,14.66940901658296,14.47933471510678,0.9671,0.9833,0.9876,0.9923,0.9562,5.646907913915296,0.9923,7.149467118047518,10.470387421502656,8.744643298675795
0.9698,0.9525,0.9594,0.9695,0.9703,0.9073,3.427727256832154,4.339795103080602,4.318953308374379,4.196833312502301,0.9534,16.878070596333778,0.9607,0.985,0.9921,0.9947,0.9355,2.6900170324925776,0.9947,3.405791030061046,4.584207120470073,3.8343977597763783,0.954,0.9475,0.9619,0.9769,0.9364,5.692696212708855,0.9771,7.207439010206267,7.051756147351719,6.869306052685398,0.9768,0.9869,0.9883,0.9882,0.9385,4.258865721191938,0.9881,5.392087297688882,6.09570510773033,5.9299652461316406,0.9495,0.97,0.9719,0.9813,0.9273,4.595765065992978,0.9816,5.81863060678222,5.803484283758144,5.702257423164084,0.9623,0.941,0.9462,0.9834,0.983,0.9282,0.5791849141295837,0.733297507585449,0.634586236473344,0.6174120858754424,0.9455,0.9391,0.9565,0.9746,0.919,8.835388110096638,0.9749,11.186355033816378,10.947074141764007,10.531475650891483,0.9624,0.9749,0.9832,0.9911,0.9497,4.989248344966107,0.9911,6.316814003325225,9.62997520995714,7.929385480721186
0.9847,0.988,0.9967,0.9929,0.993,0.9409,3.813834638176542,4.828639984038324,5.568290435962718,4.950522803760723,0.9196,14.867990741375596,0.9471,0.9557,0.97,0.9911,0.9188,2.4668089671044524,0.9912,3.123190578928677,3.975094781107839,3.347790925645807,0.9553,0.9492,0.9692,0.9873,0.9373,6.087162168272258,0.9873,7.706866559137968,8.89868365877236,8.752643142409392,0.9774,0.9886,0.9893,0.9907,0.9382,4.265596510805479,0.9907,5.400609051497178,6.26792761408768,6.232532005419404,0.9619,0.9958,0.9983,0.9986,0.9437,5.514954806133405,0.9986,6.982403227579945,11.053249358109047,8.977457066932635,0.9473,0.9764,0.9882,0.9911,0.9911,0.9117,0.5274049275766135,0.6677396276134476,0.7398831210390215,0.6398689727588412,0.9438,0.9676,0.9692,0.9755,0.9154,8.966081017839082,0.9755,11.351823403534976,10.869201146231363,10.867038141160329,0.9436,0.9787,0.9873,0.9877,0.9259,3.8069080676681457,0.9878,4.8198703549164135,8.235049573582955,6.119245633224322
0.9591,0.9459,0.9606,0.966,0.966,0.8929,3.212493231434791,4.0672904667872665,4.497199330095694,4.034122382095615,0.9466,16.670448707871934,0.9415,0.9529,0.9706,0.9805,0.9116,2.412426316190042,0.9805,3.054337503859625,3.3356693261762844,3.046251669072387,0.9631,0.9845,0.9893,0.9909,0.9479,6.647949240104146,0.9909,8.41687082898064,10.37365744988652,9.949462351828055,0.9712,0.9814,0.9838,0.9851,0.9276,4.0776044529716335,0.985,5.1625950699648895,5.753221337585677,5.611609388432563,0.9708,0.973,0.975,0.9993,0.9534,6.211332393472349,0.9993,7.864076656352584,12.28711422870034,10.91448781444429,0.9386,0.9415,0.9503,0.9836,0.9835,0.8999,0.510714603419369,0.6466082534931571,0.6522320933926573,0.6116790915680744,0.9548,0.988,0.9898,0.9909,0.9274,10.266806786154742,0.9909,12.998653182227452,14.159102507136913,13.685803933110098,0.9412,0.9418,0.9511,0.9757,0.9242,3.582802823120893,0.9757,4.536133998436382,5.506982848549958,5.253021877927497
0.9744,0.9616,0.9669,0.9776,0.9774,0.9219,3.514893083518056,4.450154475184511,4.254705669252766,4.14326812923308,0.9532,16.899401100809754,0.9697,0.9809,0.9907,0.9982,0.944,2.978224097382676,0.9982,3.770685759182292,5.559481867866963,4.819510569650632,0.9072,0.9425,0.9541,0.9527,0.8816,3.9556898411162207,0.9529,5.00824077165556,5.290341701245905,4.793680899332513,0.9714,0.9791,0.9875,0.9845,0.9297,4.073673283635817,0.9844,5.157617874244621,6.253492044413626,5.687826831169387,0.9574,0.9765,0.9796,0.9918,0.939,5.185501232220237,0.9921,6.565286899578362,7.205259559935868,7.120434737205429,0.9533,0.9655,0.974,0.9845,0.9842,0.9166,0.5555925058883486,0.7034275062453152,0.6424561494781538,0.6273610010720874,0.9624,0.9884,0.9935,0.9967,0.9378,10.33317908944165,0.9968,13.082686179955193,17.568728793470292,14.880138022764257,0.9442,0.9473,0.9511,0.9794,0.9276,3.87794306224296,0.9795,4.909806717556901,6.083512578097375,5.727146603473836
0.9556,0.9445,0.9526,0.9623,0.9629,0.8864,3.151381311386177,3.989917562966461,3.998024299490535,3.7943311508103914,0.9579,17.311574370354485,0.9605,0.9848,0.9911,0.9911,0.9333,2.8750810194800165,0.9912,3.6400978241281168,4.07695174780571,3.834772836030651,0.9648,0.9901,0.9978,0.9976,0.9491,7.068082412509988,0.9976,8.94879526392931,16.011783567131545,12.512753667102915,0.9696,0.9652,0.9719,0.9774,0.9248,4.035564558753947,0.9763,5.109368977749912,5.998411874348875,5.404409383637381,0.9524,0.9584,0.9787,0.979,0.9318,4.663662224261746,0.9791,5.90459420099193,5.578907107910209,5.406959345325801,0.9643,0.9697,0.9772,0.99,0.9898,0.9324,0.5792993893683058,0.7334424430027696,0.7036278370982596,0.6563119182785249,0.9772,0.99,0.993,0.9988,0.9599,12.386233346019049,0.9988,15.682028000776638,20.43622041838527,17.960868102241577,0.9474,0.9436,0.9638,0.9868,0.9328,3.9134194848446167,0.9869,4.954722894821183,7.842984340091065,6.680635494513314
0.9406,0.94,0.9564,0.9545,0.9531,0.8573,2.952848127989084,3.7385576172798896,4.071740730807418,3.756614555672371,0.9122,14.32632646740775,0.9697,0.9794,0.9846,0.9931,0.9443,2.9305454133253157,0.9931,3.710320478023752,4.246293920286234,4.02575217570376,0.9748,0.9679,0.9783,0.9962,0.9624,7.971083663542378,0.9961,10.09207187658715,14.344221805590983,12.71564957963528,0.9697,0.9737,0.9801,0.9807,0.9273,4.035057866172834,0.9806,5.108727461719751,5.9956648818324165,5.371267983992517,0.9643,0.9715,0.9762,0.9929,0.9484,5.31360518505903,0.993,6.727477431542932,7.399183585806926,7.35149280320016,0.9461,0.9507,0.9648,0.9642,0.964,0.9107,0.5198182160077842,0.6581342035969178,0.574506928405875,0.5501061390625244,0.9696,0.9932,0.9937,0.9959,0.9476,11.04918792996615,0.996,13.989214449868475,16.257233041550446,15.89428857302503,0.9993,0.9855,0.9915,0.9999,0.9988,49.21308059927769,0.9999,62.30795806946389,139.8820845134482,75.45522149907424
0.9741,0.9761,0.984,0.9855,0.9855,0.9212,3.508674477404611,4.442281189378202,4.826828537743408,4.513048789767982,0.946,16.28838987872944,0.9659,0.9875,0.9958,0.9953,0.9391,2.974257823213564,0.9954,3.765664117748517,4.647651883053939,4.523896375258019,0.9724,0.9756,0.9836,0.9962,0.9601,7.5970813978795535,0.9962,9.618553104686782,14.51721778469033,12.787904404684731,0.9696,0.9543,0.9621,0.9713,0.925,4.032978356247862,0.9692,5.10609462476599,4.855803029038521,4.597815778122331,0.9304,0.9491,0.9624,0.9645,0.9071,3.745784896462231,0.9647,4.742483206170706,4.609774032628335,4.5080393436771535,0.9814,0.9648,0.9757,0.9976,0.9975,0.9537,0.6470552905315039,0.8192271936671542,0.8134995556921308,0.7252610253394263,0.9535,0.9695,0.9797,0.983,0.9273,9.5733596203958,0.983,12.120689917149283,12.290715220112832,11.475079228854913,0.9771,0.9882,0.9916,0.9967,0.9684,7.289869594183852,0.9967,9.229596755073564,16.802870530384595,12.714705508587691
0.987,0.9802,0.9855,0.9891,0.9891,0.9469,3.8678834068996295,4.897070335771958,4.8409878790754775,4.629206788999633,0.939,15.774536222763489,0.9795,0.9843,0.9889,0.9933,0.9597,3.2731687687100584,0.9936,4.14411087279219,4.247479904982654,4.0893851699280885,0.9551,0.9655,0.9667,0.9895,0.9372,6.000749420934152,0.9895,7.59746064972841,9.580477900621313,9.250299345571884,0.9293,0.9441,0.9682,0.9583,0.8621,3.300384925509572,0.9595,4.17856884892427,5.561685834493383,4.754763553865951,0.9737,0.9561,0.9684,0.9993,0.9587,6.21190512287102,0.9993,7.864801780626923,12.248439984541308,9.478077421574804,0.9845,0.9921,0.9942,0.9963,0.9963,0.96,0.6628540851527889,0.8392298153446422,0.7761658050714995,0.7610488081101285,0.9442,0.9643,0.9735,0.9752,0.9166,8.878613718866736,0.9753,11.241082341799896,11.287805937385553,10.370758536553684,0.9636,0.984,0.9899,0.9948,0.9512,5.405500859759856,0.9948,6.843825194704666,12.815754367114524,9.69182899097196
0.9634,0.9675,0.9712,0.9768,0.976,0.8973,3.273000654602192,4.143898025990969,4.606855898059591,4.440981046050542,0.9078,14.182657305071718,0.9832,0.9843,0.986,0.9995,0.9658,3.817885948314853,0.9995,4.83376928826294,6.4266541989949735,6.419799774528832,0.9419,0.9687,0.9809,0.9879,0.9174,5.16268674153343,0.9879,6.536401808220952,9.194216341422692,7.432534703911127,0.9451,0.9597,0.9666,0.9641,0.8843,3.4857871480934417,0.9644,4.413303878108985,4.950589474304758,4.73873270572642,0.9847,0.9684,0.9731,0.9999,0.9725,7.44671530804508,0.9999,9.428176808255278,14.015327090986183,11.663509716176112,0.9845,0.9637,0.9689,0.996,0.9959,0.96,0.6524110094334408,0.8260079906566967,0.7822254025385972,0.7257283846195223,0.9299,0.9666,0.9713,0.9765,0.8984,8.451807401395099,0.9768,10.700709135957638,11.284451072739174,10.963482522436523,0.9476,0.9761,0.9815,0.9853,0.9323,4.162170923223059,0.9853,5.26966343508946,7.480228205771054,7.103725888683817
0.9716,0.9827,0.9898,0.9864,0.9863,0.9175,3.4527368746865985,4.371459412683503,5.028791762334198,4.744020876853592,0.9192,14.671625794567396,0.9618,0.986,0.9926,0.9965,0.9333,3.035182415509062,0.9965,3.842799848654231,4.944031662186717,4.160291931008254,0.9853,0.9795,0.9875,0.998,0.9782,10.04367736022409,0.998,12.716152295356435,16.540319496734302,16.292187117958914,0.9694,0.9763,0.9816,0.9815,0.9199,4.011766390712464,0.9814,5.079238466950705,5.617534482466802,5.369478787714732,0.9782,0.9818,0.983,0.9996,0.9642,6.706946112837198,0.9996,8.491565902479746,13.17824326612988,11.039080122318085,0.9485,0.9785,0.9859,0.9937,0.9937,0.9106,0.5540432125924739,0.7014659687731397,0.7517929308722748,0.7135730561519291,0.962,0.9663,0.9825,0.9795,0.9378,10.152934055930162,0.9795,12.854480592060588,11.854150544499396,10.872552762461703,0.9884,0.9897,0.9935,0.9989,0.9837,11.3528904464612,0.9989,14.373727742532418,30.46247822740664,20.840669849372794
0.988,0.983,0.9862,0.9899,0.9895,0.949,3.874875205247888,4.905922548903275,4.836211452678189,4.733852639819654,0.9273,15.07385302336171,0.9511,0.9547,0.9681,0.9665,0.9237,2.456396901174439,0.9683,3.110008015279262,2.969289282149802,2.7824335482922997,0.9693,0.9706,0.9867,0.9904,0.9557,6.891546507114569,0.9904,8.725285748629956,10.246344000854874,9.42266170349352,0.9701,0.9643,0.9716,0.9747,0.928,4.048803792915164,0.9748,5.126130977546385,5.186341109945914,4.872730659370948,0.9616,0.9432,0.9475,0.9856,0.9454,5.038945507837632,0.9856,6.379734850845098,6.170767558197078,6.1480618821015085,0.9446,0.9672,0.9802,0.9762,0.9761,0.9073,0.5332445349913976,0.6751330687374693,0.6258849867362938,0.5862849275916767,0.9443,0.9766,0.9866,0.9898,0.9158,9.310490428656763,0.9898,11.78787509683767,13.692533037674004,13.24410448368017,0.9578,0.964,0.9679,0.9847,0.945,4.712707312585232,0.9847,5.966689466509973,7.2234621699364,6.665177451030844
0.966,0.9806,0.9893,0.9856,0.9855,0.9058,3.3543179232229363,4.246852624683964,5.005730602344409,4.635732590823998,0.9265,15.212868549182808,0.9691,0.9938,0.9961,0.9962,0.9428,3.070057269139603,0.9962,3.8869543882853534,4.920835332445992,4.476013389463167,0.9516,0.9859,0.9923,0.9933,0.931,5.911899126257067,0.9934,7.484968597457238,11.435517634815248,9.118731101408896,0.9576,0.9752,0.9798,0.9795,0.905,3.7420613234439775,0.9792,4.737768845097091,5.486515360990311,5.3064474148304015,0.9609,0.9741,0.98,0.9926,0.9434,5.251545052079348,0.9926,6.648904009265845,7.412169238431317,6.931871790136858,0.9525,0.9762,0.9882,0.9946,0.9946,0.9155,0.5661444662149417,0.7167871881342327,0.7547937323911535,0.7324779462400031,0.9397,0.9588,0.9664,0.9661,0.9107,9.050537745135534,0.9666,11.458752824717132,10.052653002550448,9.872731754623151,0.9372,0.9747,0.9888,0.9898,0.9175,3.732934039365546,0.9898,4.726212924867717,9.365535701030815,6.3109608114794105
0.9736,0.9739,0.9812,0.9821,0.9827,0.9198,3.493093329531511,4.422554127049869,4.660835155755915,4.443299728908169,0.9418,15.975887488852257,0.9471,0.975,0.9936,0.9945,0.9182,2.5240828035821643,0.9945,3.195704141548104,4.481829922430687,3.567661863530916,0.9543,0.9799,0.9844,0.994,0.9354,5.965830702626101,0.994,7.553250573673764,12.024801636237486,10.606678346366731,0.961,0.9732,0.9793,0.9769,0.9061,3.771757515515025,0.9771,4.7753667574377525,5.765506813813866,5.341942683381104,0.9576,0.9875,0.9978,0.9979,0.9392,5.183837275583068,0.9979,6.563180188534963,9.892893767724324,7.709047922179295,0.976,0.9525,0.9574,0.9862,0.9856,0.9446,0.6104578402023475,0.7728916996726602,0.6371967861759921,0.6325620160624967,0.9606,0.9413,0.9752,0.9782,0.9356,10.064002046834624,0.9784,12.741885082365158,11.236058348346829,11.036238659222777,0.991,0.994,0.9963,0.9993,0.9868,13.495095963916786,0.9993,17.08594266450899,38.28464836407004,21.588826341433315
0.9883,0.9865,0.9892,0.992,0.9919,0.9506,3.91812347388826,4.960678546215516,5.174210826767487,5.05339311158728,0.957,17.520415902148777,0.9752,0.9751,0.9755,0.9921,0.9537,3.0561448328520635,0.9921,3.8693400571706937,3.9462239022057446,3.944726915407863,0.951,0.9715,0.9776,0.9801,0.9319,5.379249254445407,0.9801,6.810588423031958,7.735164645347456,7.020049845413184,0.9526,0.9552,0.9644,0.9646,0.8934,3.6020208410992893,0.9649,4.560465648554495,5.039566824693088,4.732166500166686,0.9754,0.9826,0.9851,0.9985,0.9604,6.412146962607905,0.9986,8.118325030993438,11.014764618202223,9.803473420468,0.9863,0.9594,0.9628,0.9949,0.9948,0.9635,0.677420155519126,0.8576717029601053,0.7331122172658271,0.7281232244868641,0.964,0.9749,0.9804,0.9846,0.9393,10.336456865312048,0.9851,13.086836123811723,12.413280664365296,11.81733458481093,0.9471,0.9665,0.9754,0.9869,0.9319,3.928340327134386,0.9869,4.9736139539548745,7.888721991374355,6.0251960749833495
0.9695,0.97,0.9784,0.9798,0.9796,0.9096,3.4146879061041093,4.323286172761212,4.653919866140472,4.335019873588374,0.9722,18.81628891610864,0.9741,0.9805,0.983,0.9973,0.9511,3.076905300875464,0.9973,3.895624580621629,5.138590326670913,4.678867175742262,0.9631,0.9551,0.9649,0.9928,0.9483,6.6174186410536056,0.9928,8.378216486226396,10.980185962345272,9.223057864976642,0.968,0.9824,0.9836,0.9851,0.923,3.9790419369028633,0.9852,5.037806516928772,6.485576010835215,6.170978960364601,0.9793,0.9976,0.9991,0.9996,0.9658,6.782887788940788,0.9996,8.587714542491051,13.178622760239016,10.25582160051772,0.9516,0.9728,0.977,0.9799,0.9799,0.9138,0.5572776486543611,0.7055610407350723,0.6240228103209298,0.6141770893648097,0.9713,0.9751,0.9763,0.998,0.9494,11.76476809270862,0.998,14.89519997714214,18.63579343034404,17.960253470982106,0.9729,0.9698,0.9755,0.9967,0.963,6.613722048960103,0.9967,8.373536285305073,16.719483259656972,11.471248387880816
0.9813,0.9858,0.9905,0.9885,0.9889,0.9365,3.68300118618839,4.662993673315791,5.057585595175162,4.8363168628258695,0.9103,14.220160349409458,0.9559,0.9593,0.9665,0.9895,0.9284,2.5920722553418334,0.9897,3.281784587190222,3.849854453562618,3.3301458646292,0.9747,0.9825,0.9898,0.9944,0.9628,7.704570479213352,0.9944,9.754643450812562,12.191477511353424,11.9049390006005,0.9452,0.964,0.9676,0.9682,0.8834,3.492376410176101,0.9683,4.421646445990441,5.023422879411678,4.923233204870407,0.971,0.9783,0.9948,0.9974,0.9559,5.847215703175909,0.9974,7.403073866136774,9.379077013740597,9.07138628242177,0.9401,0.968,0.9696,0.9841,0.984,0.9019,0.5107176282047157,0.6466120831294299,0.6406387268561241,0.6327801698818951,0.9669,0.9803,0.9809,0.9912,0.9443,10.659427282751722,0.9913,13.495744222684198,14.134448029231375,13.915885541329212,0.9603,0.9667,0.9705,0.9887,0.9471,4.967923102364499,0.9887,6.289814427081229,8.682293776935893,7.5193883890794115
0.9855,0.978,0.9849,0.9877,0.9878,0.945,3.810149316173515,4.823974052012917,4.837641152722152,4.62554973361997,0.9283,15.062153499293748,0.9658,0.9718,0.9771,0.9976,0.9403,2.872879925645352,0.9976,3.637311051573194,5.284057562596854,4.1943690938683496,0.9714,0.9647,0.9713,0.9908,0.9587,7.098567154640719,0.9908,8.987391547911333,10.20440069659445,9.429694533832018,0.9735,0.983,0.9889,0.9874,0.9306,4.148126223492921,0.9879,5.251881647173983,6.171821675976714,5.719880347910261,0.9497,0.9742,0.986,0.9918,0.9281,4.571752913434558,0.9918,5.788229173331017,7.258356516537697,6.586975587240675,0.9563,0.9744,0.98,0.9787,0.9783,0.9207,0.5421174552969588,0.6863669427323587,0.6206344485294655,0.6051776667863344,0.9512,0.9778,0.9818,0.982,0.9238,9.68144066030892,0.9821,12.257529733332415,11.887406273983544,11.62329271084204,0.9911,0.9524,0.9892,0.9988,0.9871,12.643535878906604,0.9989,16.00779495612875,30.460029896570752,23.173073343443374
0.9605,0.9619,0.9661,0.9715,0.9716,0.8958,3.2416395155915327,4.10419214879954,4.34136003775401,4.265098702264291,0.9189,14.87718288913539,0.9587,0.9856,0.9959,0.996,0.9307,2.770791153085737,0.9961,3.508057957018881,4.822061697497722,3.9053139607664655,0.9617,0.9786,0.9811,0.9898,0.9468,6.483755923972383,0.9899,8.208988084550812,9.86423392365622,9.299167762056278,0.9502,0.9458,0.9516,0.9582,0.8905,3.5733418286720315,0.9586,4.524155572411498,4.543136398549789,4.432372173386661,0.9694,0.9741,0.9905,0.9961,0.953,5.910981706066842,0.9961,7.483807065237581,8.544265509300669,7.987995086476087,0.9412,0.9323,0.9421,0.9479,0.9468,0.9038,0.5126435119402311,0.6490504162225407,0.5191414290305352,0.5100559610638069,0.9278,0.9748,0.984,0.9829,0.8959,8.44469173131939,0.9832,10.691700090652722,12.254258875320067,11.41499456272652,0.9723,0.9689,0.984,0.9949,0.9628,6.279709200266804,0.9949,7.950647526511345,12.8935872105135,10.032301363699068
0.9827,0.9826,0.9919,0.9896,0.9894,0.9383,3.722741823659531,4.7133087103558005,5.231986401892806,4.852359640218236,0.9305,15.1829446282097,0.9727,0.9815,0.9879,0.9989,0.9474,3.207653994405172,0.9989,4.0611635799056085,6.044889700307135,4.902683819855451,0.9607,0.981,0.9887,0.9948,0.9447,6.4939449428606135,0.9948,8.221888251618715,12.410604500636316,10.605450221706365,0.9509,0.954,0.9594,0.9608,0.8909,3.5612680438147364,0.9603,4.508869130850287,4.882199037755635,4.676254108118497,0.9532,0.9834,0.9895,0.9937,0.9338,4.863864206531486,0.9937,6.158066988405073,7.667873207627531,6.504180267925073,0.9598,0.9534,0.9559,0.9862,0.9857,0.9241,0.5686525788399445,0.7199626726673922,0.6496409880009211,0.639664270870866,0.9521,0.959,0.9609,0.9835,0.925,9.930699241720111,0.9837,12.573112359941051,12.000393274633762,11.867646964394469,0.9774,0.9537,0.964,0.9964,0.9694,7.224745133887592,0.9964,9.14714363301692,15.641660199149634,13.050224109147855
0.9588,0.9715,0.9754,0.975,0.975,0.8922,3.2244419677956118,4.08241858628491,4.480069892032184,4.36286780575845,0.9513,16.882860694158463,0.9601,0.9732,0.9773,0.9871,0.9342,2.736494456364663,0.9872,3.464635413353748,3.5280606381115582,3.462331684756795,0.9488,0.9771,0.9831,0.9885,0.928,5.497853051602414,0.9888,6.960750947510183,9.23177425465902,9.07344670255394,0.968,0.9875,0.9929,0.99,0.9182,3.958659214746401,0.99,5.012000251968291,6.679474251939197,6.041426351072589,0.9565,0.9791,0.9793,0.9845,0.9387,4.883655173721975,0.9845,6.1831240411000685,5.953077251056125,5.944178087567003,0.964,0.9854,0.9902,0.9904,0.9904,0.9314,0.571955008712994,0.7241438305943428,0.723766306237382,0.6818487661002367,0.97,0.9843,0.9865,0.9951,0.9484,11.268065390589856,0.9951,14.266331985954862,16.017782465245144,15.008938915321275,0.9866,0.9899,0.997,0.9987,0.9814,10.226079693312348,0.9987,12.947089208539683,25.315453215917348,18.96847632269092
0.9635,0.973,0.9863,0.9821,0.9809,0.8998,3.33908819917235,4.227570494892492,5.527546039247124,4.631410406039647,0.9327,15.45330878332286,0.9581,0.9748,0.9795,0.9806,0.9307,2.6938888347969616,0.9812,3.4106930620553264,3.3288640145044246,3.2024375183874483,0.9588,0.9829,0.9907,0.9899,0.9434,6.053488553344329,0.9899,7.664232890173797,10.069872470519002,8.9590290807174,0.962,0.9873,0.9911,0.9902,0.9083,3.789483981060131,0.9902,4.7978099749412,6.756355203976324,5.958893792802753,0.9665,0.969,0.985,0.9907,0.9507,5.484670214412024,0.9907,6.944060351089617,7.025318523332151,6.784767433197328,0.9589,0.936,0.9516,0.9937,0.9937,0.9235,0.5540711717013634,0.7015013673899937,0.7491934325334257,0.6874537711448356,0.9392,0.9513,0.9635,0.9687,0.9098,9.063021064593904,0.9689,11.474557772017896,10.239251852816878,10.084693363278276,0.9659,0.9846,0.9885,0.9899,0.955,5.542818138027543,0.9899,7.017680582587895,9.435219194912092,8.182023846722851
0.9447,0.9419,0.9579,0.9565,0.9575,0.8679,3.0289663830577225,3.834929821323689,4.486406792661375,3.978182493420042,0.9193,14.621509827113927,0.9625,0.9728,0.9758,0.9833,0.936,2.8679542325932905,0.9834,3.631074703992153,3.340182889120725,3.305413025054251,0.9692,0.9768,0.9865,0.9938,0.9548,7.131844341233669,0.9938,9.029523304786837,11.853962026887745,10.926271863207,0.9654,0.944,0.9492,0.964,0.9201,3.934130179531709,0.9626,4.980944400982529,5.131974409772982,5.044526167361664,0.9481,0.983,0.9918,0.9915,0.9244,4.614197237179811,0.9915,5.841967307827007,7.151283989419461,6.404387022759287,0.9772,0.984,0.9888,0.9942,0.9937,0.9459,0.6314937748946431,0.7995249874245911,0.7319311315622538,0.7215899090908342,0.9091,0.9246,0.9357,0.9392,0.8735,7.587354351128064,0.9397,9.606237833751672,8.450631627184677,8.196498925764198,0.9476,0.9755,0.9882,0.9899,0.9317,4.216812780919919,0.9899,5.338844688056248,9.395109154295922,6.883980796193885
0.9801,0.9808,0.9938,0.989,0.9884,0.9348,3.674812134157407,4.652625634892636,5.335010166430372,4.649187643474379,0.9462,16.6352205327281,0.9646,0.9753,0.9888,0.9976,0.9384,2.9150076208510995,0.9976,3.690648307328759,5.323956804577381,4.295463070980665,0.9897,0.9909,0.9941,0.9982,0.9826,11.336893546050224,0.9982,14.353474302026132,16.953927887584676,16.807943580627885,0.976,0.9903,0.9971,0.9953,0.938,4.262149398527732,0.9951,5.396244713304016,7.608749161533677,6.39261681067536,0.9631,0.9845,0.9926,0.9932,0.9466,5.238673373642377,0.9934,6.632607366369927,7.585461646660564,6.763390978626964,0.9717,0.9625,0.9707,0.9905,0.9904,0.9395,0.595567722223701,0.7540395401377318,0.7155062489252182,0.6779334190786761,0.9515,0.9742,0.9782,0.9932,0.9247,9.84957102957476,0.9933,12.47039712287302,14.709556568928337,14.340378849881636,0.9367,0.949,0.9633,0.9706,0.9186,3.4111136076657536,0.9707,4.3187608060393385,4.91609608591017,4.46829685578847
0.9691,0.9852,0.9881,0.9859,0.9865,0.911,3.3879859832112835,4.28947926062077,5.302720382956862,5.026870439303915,0.9143,14.40666912090036,0.9665,0.9862,0.9887,0.9885,0.9404,2.933757317628946,0.9888,3.714387022857703,3.843251013215714,3.6540510336046337,0.968,0.9867,0.9906,0.994,0.9531,6.808104002796174,0.994,8.619640420254434,11.94955096043857,10.765026262784746,0.9793,0.9782,0.9822,0.9851,0.9408,4.318068351678181,0.9851,5.467042878055313,5.597148150644906,5.412503632502132,0.9538,0.9765,0.99,0.9925,0.9358,4.753754872482916,0.9926,6.018659178826585,7.412389799491468,6.466672588715448,0.9552,0.9838,0.9866,0.9885,0.9883,0.9182,0.5542859843009033,0.7017733384652027,0.6878379517570117,0.6611793516086681,0.9442,0.9675,0.9725,0.9778,0.9172,8.816799875582037,0.9784,11.162820743285945,11.480044794369713,11.123710372453605,0.984,0.9867,0.9892,0.9979,0.9775,8.99117378052972,0.9979,11.383592981593017,21.6128646447244,15.82831737064799
0.9824,0.9855,0.9914,0.9896,0.9897,0.9379,3.717515011388599,4.7066911201572506,5.132130805184706,4.8477294798411545,0.9048,14.139788526153794,0.9471,0.9753,0.9809,0.9893,0.9175,2.568559820014565,0.9895,3.2520158383811117,3.810366778601791,3.714162302699922,0.9434,0.9719,0.9741,0.9727,0.9202,5.177038915808127,0.973,6.554572885138387,6.734496163304595,6.563508732510485,0.9735,0.9696,0.9726,0.9743,0.9307,4.149134850668897,0.9747,5.253158655217844,5.21009737680631,5.065156980093112,0.9624,0.9835,0.9866,0.9945,0.9453,5.336284764432106,0.9947,6.7561917136688,7.9579533430864355,7.236071429468749,0.9638,0.9709,0.9733,0.9901,0.9901,0.9316,0.5638773163154811,0.7139167829664879,0.7038718726256328,0.6725248770049704,0.9476,0.976,0.9767,0.9788,0.9207,9.2307798586347,0.9788,11.686954715627056,11.33191711292378,11.286638823899604,0.9879,0.9639,0.9738,0.9979,0.9836,10.88467907313666,0.9979,13.780932203998711,21.582883451819946,17.91175726393435
0.9347,0.9589,0.9732,0.9651,0.9659,0.8506,2.896873789922787,3.667689330500622,4.43371103877381,4.062046581490771,0.9336,15.370708746324908,0.9801,0.9913,0.9926,0.9984,0.9597,3.466084851520727,0.9984,4.388359089979976,5.715935812554217,5.487436255653499,0.9776,0.9667,0.9781,0.9971,0.9663,8.55462037050211,0.9971,10.830879125117203,15.346951878960276,15.108039219252108,0.9558,0.9708,0.9823,0.9784,0.8977,3.661972830491752,0.9789,4.636369981218875,5.931836842096814,5.121265748493418,0.9704,0.9845,0.9904,0.9979,0.9536,5.918161339417798,0.9979,7.49289709350523,9.909919699921426,8.25524519658497,0.9724,0.9785,0.9867,0.9876,0.9873,0.942,0.5741429728434603,0.7269139798237447,0.671798571200025,0.642707859525051,0.9357,0.9584,0.9604,0.9669,0.9085,8.09228223574241,0.9669,10.24551960761233,9.992659118839503,9.979465475023597,0.9579,0.9796,0.9875,0.9923,0.9449,4.827317347743872,0.9923,6.11179554761779,10.412527494397162,8.460146310410634
0.9727,0.9749,0.9785,0.9825,0.9821,0.9195,3.4812260366728127,4.407529121973298,4.630605960373766,4.471953795954796,0.9573,17.38055450800335,0.9642,0.9903,0.9957,0.9962,0.9375,2.9552815585704977,0.9962,3.7416385479752527,4.897851451820023,4.299029399842357,0.974,0.9789,0.9876,0.9987,0.9608,8.120896470527146,0.9987,10.281747669734155,17.97526371529864,13.266634920138422,0.9644,0.9739,0.9751,0.9774,0.9167,3.894908745624595,0.9772,4.931286719944278,5.4506177696892575,5.35922456703131,0.961,0.9823,0.9868,0.989,0.9443,4.9477627845500125,0.989,6.264289744989481,6.711196056455438,6.271417645881503,0.9587,0.977,0.9801,0.9947,0.9946,0.9227,0.5603919874693895,0.7095040593378079,0.7621625395756813,0.7301983335344289,0.9523,0.9597,0.9696,0.982,0.9257,9.698062680945878,0.982,12.27857462936952,12.02069818839507,11.294625835671049,0.9469,0.9749,0.9764,0.9828,0.9305,4.135198948278024,0.9828,5.235514614014631,6.505629450635518,6.48233031647481
0.9819,0.9741,0.9761,0.9855,0.9854,0.9362,3.6979805654431153,4.681958845240503,4.56162333139393,4.488808663871632,0.93,15.23193609124155,0.9695,0.9879,0.9908,0.9973,0.9434,3.010557471168128,0.9973,3.811622568533296,5.176742797942745,4.708892728632127,0.9365,0.9439,0.9532,0.9728,0.914,4.604995723359998,0.9733,5.830317406413013,6.716619748372116,6.478963693820601,0.9683,0.9712,0.9832,0.9788,0.923,3.979320711995237,0.9801,5.038159469976109,5.644164979687631,5.152123093221924,0.9484,0.9608,0.9688,0.9947,0.9249,4.619216227933123,0.9947,5.848321778256419,7.968899302909279,6.621370948136634,0.9623,0.9818,0.9912,0.9904,0.9903,0.9287,0.5656873536901387,0.7162084446846939,0.724539647773796,0.6545855578121198,0.975,0.9885,0.9932,0.9988,0.9548,11.968861817770174,0.9988,15.153600042907636,20.43632300735492,17.776192481431963,0.9644,0.9769,0.985,0.9924,0.9528,5.40356071759055,0.9925,6.841368809218088,10.532806539262443,9.079401094989342
0.9717,0.9813,0.9853,0.9852,0.9856,0.9157,3.439381874972826,4.354550843822329,5.2515555861250185,4.884520449879237,0.9011,14.619584876588284,0.9583,0.9843,0.9887,0.9917,0.9313,2.654538119236265,0.9918,3.360871699415507,4.147801724099748,3.82432033335593,0.9487,0.9838,0.9856,0.9854,0.9277,5.440879149499912,0.9855,6.888617127395122,8.699211395323363,8.474065224874217,0.9658,0.9743,0.977,0.9777,0.9188,3.9213115942612697,0.978,4.964714978564456,5.663477875573348,5.487643269934928,0.9649,0.9898,0.992,0.9962,0.9486,5.5089316841201885,0.9963,6.974777441319936,8.479886193997794,8.472821658243747,0.9566,0.9546,0.9552,0.9874,0.9873,0.9189,0.5610465828339442,0.7103328329083809,0.6531403623779732,0.6501713315249051,0.9364,0.9668,0.9803,0.9845,0.907,8.782535779599195,0.9847,11.11943947493636,12.413258530615272,11.497796477238117,0.9823,0.9904,0.9969,0.9973,0.9747,8.424748963494874,0.9973,10.666450845405976,19.36269112936134,14.639677803417005
0.9743,0.9795,0.9826,0.985,0.9846,0.9226,3.517830891199792,4.453873990313838,4.736534218726403,4.600912393279812,0.8926,13.450585240320034,0.9817,0.9697,0.9722,0.9942,0.9653,3.367304602541549,0.9942,4.263294868505977,4.184536778274466,4.080258859595372,0.9663,0.9809,0.9895,0.9909,0.9521,6.862529274987715,0.9909,8.688547457496062,10.436871363545029,9.361799789895557,0.9721,0.9861,0.9905,0.9882,0.9304,4.089028869909753,0.9884,5.177059356347297,6.348055964854223,5.890647389541801,0.9757,0.9915,0.9928,0.9993,0.9603,6.622433047978929,0.9993,8.38456515313856,12.287838550250912,11.503269972969203,0.9293,0.967,0.9765,0.9834,0.9833,0.8883,0.4836689840943671,0.6123661923511925,0.6561790020192692,0.6083783594388434,0.9753,0.9827,0.9927,0.9941,0.956,11.885777812226875,0.9941,15.048408604562464,15.55087405634914,14.198125453160008,0.9511,0.9815,0.9884,0.9899,0.9361,4.502397175875796,0.9899,5.700418893318765,9.374338431133678,7.831278547223109
0.9795,0.9731,0.9788,0.982,0.9818,0.9331,3.6529203303758506,4.624908743865372,4.583600601347584,4.405178199678554,0.9289,15.61490094497772,0.9547,0.9832,0.9908,0.9945,0.9256,2.6816599365570983,0.9945,3.3952102337201246,4.428669446156519,3.916499234363973,0.9304,0.9506,0.9617,0.9797,0.9043,4.694227715261872,0.9798,5.943292719930742,7.56285086579932,6.236559844509161,0.9686,0.9883,0.9935,0.9903,0.9216,4.0257871350380015,0.9903,5.096989925280487,7.242683645070397,6.540487504711912,0.9688,0.9866,0.9899,0.9974,0.9525,5.739527244805491,0.9974,7.266731091675147,9.379026130897152,8.709551333863732,0.9214,0.956,0.9601,0.9688,0.9682,0.8807,0.4797822115899948,0.6074452068067207,0.5712003694406278,0.5687106999137512,0.9661,0.9745,0.9761,0.9933,0.944,10.54109708707632,0.9933,13.345928101020752,14.835034174756688,14.491925607730243,0.9832,0.9618,0.9646,0.9965,0.9766,8.580973014393173,0.9965,10.864243820246813,16.095720938991303,14.848521244926442
0.9791,0.9865,0.9893,0.9904,0.9909,0.9298,3.625083933783511,4.589665491247166,5.039713311655628,4.938399901615595,0.9413,15.97679928452922,0.9773,0.992,0.9948,0.9965,0.9558,3.3042433894316137,0.9965,4.1834539933887,4.967118485148064,4.767718234346262,0.9724,0.9859,0.9924,0.9958,0.9605,7.404038729989065,0.9958,9.374144619989838,13.606334383570635,10.504494795817925,0.9455,0.9704,0.9801,0.9769,0.88,3.470853364959893,0.9772,4.394396434763175,5.904874509732215,5.219243747410663,0.9441,0.9761,0.9887,0.9949,0.9206,4.481385256401118,0.9949,5.673816010880912,7.986747837398836,6.758129560828319,0.9919,0.9697,0.9832,0.9973,0.9972,0.9789,0.7290619441444646,0.9230546125670064,0.7774265091353262,0.767920069272997,0.9767,0.9938,0.9987,0.9988,0.9589,12.323846665295516,0.9988,15.603041141200285,20.49788966162905,18.910114151098504,0.9335,0.9518,0.963,0.9769,0.9154,3.4346787514912176,0.9769,4.348596288303367,5.581985320023521,5.5020407452418105
0.9863,0.9922,0.9936,0.9938,0.994,0.9454,3.867883299265425,4.897070199497874,5.296593858706032,5.159963784868658,0.9456,16.260826345896675,0.9593,0.9758,0.9832,0.9834,0.9318,2.702638923109233,0.9834,3.4217714202687555,3.4501821178047725,3.335619684634506,0.9726,0.9794,0.9819,0.996,0.9605,7.581047263263269,0.996,9.598252522500385,14.114099037010432,12.431952036059888,0.9601,0.9728,0.9803,0.9758,0.9086,3.792650337073521,0.9756,4.801818851754293,5.525240496417855,5.245408072437916,0.9042,0.9236,0.9414,0.9575,0.8765,3.027782458816413,0.9577,3.833430872241724,4.332810368197015,3.826241665413191,0.9566,0.9748,0.9871,0.9834,0.9833,0.9214,0.5414527829318501,0.6855254108194848,0.661863976393389,0.6179170457893255,0.949,0.9712,0.9849,0.9904,0.9204,9.955348803298747,0.9904,12.604320807584845,13.902708504948938,12.633917833608072,0.9607,0.9743,0.9782,0.9891,0.948,4.940408946879293,0.9891,6.254979159192835,9.032304100705067,7.741379897743565
0.9805,0.9761,0.9851,0.9851,0.9858,0.9328,3.671421082880349,4.648332274708526,4.799590520180242,4.499841663766564,0.9557,17.069302775937516,0.9558,0.9758,0.9822,0.9889,0.9283,2.570572101163709,0.9892,3.2545635579698478,3.8637825080780983,3.6337415498406407,0.9547,0.9855,0.994,0.9955,0.9369,5.955207531206634,0.9955,7.5398007324667375,13.257742388174092,10.09493262556075,0.9352,0.9562,0.9706,0.9608,0.8647,3.32676515704148,0.9603,4.211968472360503,5.143995142888725,4.798286223705414,0.9548,0.984,0.9914,0.9932,0.9361,4.984829451786322,0.9934,6.311219307614111,7.529394893696863,6.885029878748486,0.9392,0.9778,0.9867,0.9915,0.9912,0.8999,0.5212749404955435,0.6599785410616079,0.7305637718853364,0.6428706604889469,0.9508,0.9688,0.9768,0.9792,0.9239,9.414112971573005,0.9793,11.919070075498912,11.532967601133056,11.30269047342808,0.9824,0.9795,0.9816,0.9967,0.9754,8.244775167213765,0.9967,10.438588666982415,16.797793768089445,14.08313727565782
0.9761,0.9887,0.9913,0.9913,0.9907,0.9242,3.587638121907168,4.542255899166023,5.210887723656009,5.003965421406729,0.9419,16.149261044357914,0.957,0.9687,0.9785,0.9806,0.9302,2.5972167115618383,0.9813,3.288297907603067,3.3726760063481787,3.1359431444585306,0.9419,0.9686,0.9759,0.9895,0.9172,5.241338554943743,0.9895,6.635981713245816,9.60801902436066,8.237278124719865,0.9529,0.9504,0.9619,0.9631,0.8939,3.6099634011112975,0.9635,4.570521607055083,4.816630954101359,4.562122144624745,0.9497,0.984,0.9958,0.996,0.9275,4.596600708663379,0.996,5.819688601685899,8.465075773371927,7.455046720330263,0.9515,0.9595,0.9658,0.9833,0.9827,0.9143,0.5491875058364426,0.6953182298129239,0.627272798446159,0.6180637163061996,0.9378,0.9803,0.9869,0.9939,0.9081,8.81086570096643,0.9939,11.155307572018796,15.415016948306262,13.52679363148457,0.9642,0.9362,0.9453,0.9895,0.9531,5.241991564948465,0.9895,6.636808479615604,9.301505124596115,8.435928161827984
0.9607,0.9498,0.9559,0.9647,0.9641,0.8964,3.248337823595716,4.112672778119606,4.043694734411674,3.8962264998398384,0.939,16.457787050745782,0.9438,0.9691,0.9741,0.9773,0.915,2.484050156053658,0.9774,3.1450193948660923,3.1449819105864707,3.061096481262259,0.9584,0.9328,0.9425,0.9794,0.943,5.916607977573193,0.9797,7.490930404903302,7.520641217572663,7.248048733179765,0.9572,0.9698,0.9792,0.9754,0.9003,3.689728735720229,0.9764,4.671511324904264,5.70574948772386,5.217746176580128,0.9442,0.9827,0.9872,0.9864,0.9208,4.434509026787589,0.9864,5.614466705500155,6.420016438247544,5.879745347210005,0.943,0.9474,0.9586,0.9678,0.9671,0.907,0.5189025293062642,0.656974866121834,0.5765790992020683,0.5568834178365893,0.9758,0.974,0.9907,0.9972,0.9568,12.02627337225376,0.9973,15.22628796827028,17.59146791216124,17.236670139575676,0.9565,0.973,0.9807,0.9887,0.9436,4.556584776073422,0.9887,5.769025017541929,8.687121476741552,7.469123672160496
0.9532,0.9477,0.9652,0.9581,0.9561,0.8816,3.1156203775152185,3.944641170165534,4.270890161113449,4.002487443519126,0.9261,15.62145182291497,0.9619,0.9768,0.9852,0.9938,0.937,2.682002945358473,0.9939,3.3956445121223955,4.365174985765595,3.620251628942032,0.9475,0.9547,0.964,0.9749,0.9271,5.105220623538629,0.9749,6.46364480079867,6.807922842657884,6.67515174756892,0.9859,0.9841,0.9869,0.989,0.9562,4.639134316249383,0.9894,5.873539777140473,6.007185330922295,5.789419631835601,0.9215,0.9517,0.9554,0.9623,0.897,3.4938789275782938,0.9624,4.423548761191084,4.428482398047229,4.413216375850821,0.9369,0.9602,0.9676,0.9714,0.9712,0.8976,0.501426170891466,0.6348483055802825,0.5859875138357491,0.5747240937556006,0.982,0.9773,0.9835,0.9988,0.9656,13.143954491517531,0.9988,16.641367606977976,20.38537284616937,17.39399558882594,0.9901,0.9633,0.97,0.999,0.9868,12.553359270673912,0.999,15.893623677757454,31.853470207850712,22.01718275008284
