,T2_B1_O1,T1_B1_O1,T3_B1_O1,T4_B1_O1,T3_B1_O2,T1_B1_O2,T2_B1_O2,T4_B1_O2,T2_B2_O1,T1_B2_O1,T3_B2_O1,T4_B2_O1,T3_B2_O2,T1_B2_O2,T2_B2_O2,T4_B2_O2,T2_B3_O1,T1_B3_O1,T3_B3_O1,T4_B3_O1,T3_B3_O2,T1_B3_O2,T2_B3_O2,T4_B3_O2,T2_B4_O1,T1_B4_O1,T3_B4_O1,T4_B4_O1,T3_B4_O2,T1_B4_O2,T2_B4_O2,T4_B4_O2,T2_B5_O1,T1_B5_O1,T3_B5_O1,T4_B5_O1,T3_B5_O2,T1_B5_O2,T2_B5_O2,T4_B5_O2,T2_B6_O1,T1_B6_O1,T3_B6_O1,T4_B6_O1,T3_B6_O2,T1_B6_O2,T2_B6_O2,T4_B6_O2,T2_B7_O1,T1_B7_O1,T3_B7_O1,T4_B7_O1,T3_B7_O2,T1_B7_O2,T2_B7_O2,T4_B7_O2,T2_B8_O1,T1_B8_O1,T3_B8_O1,T4_B8_O1,T3_B8_O2,T1_B8_O2,T2_B8_O2,T4_B8_O2,T2_B9_O1,T1_B9_O1,T3_B9_O1,T4_B9_O1,T3_B9_O2,T1_B9_O2,T2_B9_O2,T4_B9_O2
0,0.982,0.992,0.9888,0.9887,4.958486387509844,5.243587750517661,4.695754012293749,4.966772543795597,0.9767,0.9838,0.9863,0.9872,21.22386359842433,21.423578422339737,20.01599258634029,21.497136878309902,0.9521,0.9555,0.9735,0.974,3.124807762177068,2.906461969499144,2.895642124392824,3.138642420371526,0.9846,0.9923,0.994,0.994,11.93129950624662,11.959883033170478,10.509479855851568,11.925466327776707,0.9908,0.9962,0.9934,0.9935,6.855158861095284,7.380238421266425,6.370300920736137,6.893044108915204,0.9496,0.9524,0.9984,0.9985,11.10810257067116,11.011754603256156,9.98283395190535,11.128165922340086,0.9541,0.9567,0.9614,0.9605,0.5853931522124891,0.5526441308662098,0.5493649118289692,0.5831471306642046,0.9725,0.9848,0.9978,0.9978,18.565602350671067,18.465395476281447,14.68503653264916,18.59711912084173,0.9807,0.9842,0.9912,0.9913,9.772045348611693,9.644945981139507,9.537047118326276,9.79726971000956
1,0.9686,0.9754,0.973,0.9727,4.644688789099203,4.760159980139544,4.525014336506912,4.64668467057313,0.9732,0.9778,0.9871,0.9865,21.3915966332574,20.452668579605376,20.06686236413745,21.38526235393395,0.9888,0.9901,0.9975,0.9976,5.393140662829686,5.214885799525435,5.158343216076771,5.40855078023854,0.9784,0.9851,0.988,0.9883,9.25747133744529,9.320847196046884,8.04055542535114,9.25513386248403,0.9954,0.9974,0.9971,0.9971,7.873092020885651,8.193728336301609,7.229874273336035,7.870584453535134,0.9753,0.9798,0.9983,0.9983,10.71525735641308,10.63572671910983,9.990367251254908,10.728430244487342,0.9784,0.9904,0.9906,0.9904,0.7346050066245251,0.7162351392485968,0.6850899325173012,0.7312485623726747,0.9783,0.9842,0.9863,0.9863,12.814710236636706,12.778590254637084,11.800691588818449,12.830757602862318,0.993,0.9954,0.9979,0.9979,21.81534416679791,21.71201949819386,16.05062845670998,21.831831836453635
2,0.9693,0.9829,0.9774,0.9773,4.551799455341648,4.712068269098916,4.321015267347025,4.5468898967578735,0.965,0.97,0.9715,0.9724,19.08523049057438,18.529444138827564,18.01762789265616,19.17526680695545,0.9766,0.9878,0.9973,0.9973,5.150045025862108,5.18822522146248,4.5163520462456965,5.1607219450075545,0.9436,0.9482,0.964,0.9641,5.893821905146959,5.838137498244623,5.687323599081511,5.915850989487041,0.9704,0.9827,0.9796,0.9803,5.489711868757967,5.628487902026098,5.138693816167453,5.499648230044495,0.9701,0.9801,0.9873,0.9873,6.5884512557437285,6.525328416635232,5.645168156397395,6.598139862876547,0.9783,0.9851,0.9917,0.9917,0.7506120650702549,0.7412452285384108,0.6713793165304545,0.7499605911137295,0.9833,0.99,0.998,0.998,18.88045984572612,18.816857360598508,17.96110963057888,18.91457521308085,0.9838,0.9978,0.9979,0.9979,21.67797460607456,21.59487096294457,15.58557864113629,21.685974309931368
3,0.9754,0.981,0.9852,0.9852,4.804893409122913,4.678438664788365,4.488131303881995,4.806591531723736,0.9879,0.9922,0.9959,0.9959,24.552328437061192,24.021076114551807,23.492137164514588,24.565664818397074,0.9727,0.9826,0.982,0.9822,3.3989034400818725,3.433739213557168,3.233524994185055,3.4069553281083653,0.9799,0.9858,0.9924,0.9924,10.921901019677186,10.94359937765497,9.104864239547098,10.909462210852588,0.9514,0.9549,0.9625,0.9614,4.869646032329964,4.637487287554583,4.524385949779779,4.844217119592626,0.9877,0.994,0.9972,0.9972,9.167887679204032,9.065524868361528,7.541826197014911,9.176344525955734,0.9827,0.9892,0.9889,0.9886,0.6969584081336644,0.6723988907333631,0.6673912802006883,0.6960845323478467,0.9909,0.992,0.9963,0.9964,16.932615351795427,16.745750911132593,16.304829332764143,16.999788302579432,0.9911,0.9959,0.9976,0.9976,20.83284479691516,20.73660568144341,16.700308254297543,20.841966013400537
4,0.9595,0.9673,0.9745,0.9746,4.455630497617774,4.233157573142631,4.070389675631707,4.458381294029808,0.9653,0.9794,0.9792,0.9798,19.965194280129808,20.298199631708652,18.160974564263974,20.08264231607305,0.9707,0.9744,0.9922,0.9922,4.152832076346462,4.12627645913534,3.8026943027947446,4.155085369301498,0.9878,0.9935,0.9932,0.9932,11.367163912321896,11.3943398334273,9.1406796589928,11.355624289048215,0.9771,0.9837,0.9809,0.9807,5.8789284819458025,6.105499375552869,5.634112187018447,5.867687812008249,0.9747,0.9803,0.9906,0.9907,7.138935815434506,7.026788774934794,6.700147425500339,7.156166400160973,0.9879,0.9913,0.9977,0.9977,0.8314312481731585,0.8034113525757618,0.7890412348874267,0.8322144663977125,0.9799,0.9826,0.9846,0.9847,12.580204772643365,12.000099404508129,11.980753626011197,12.578657834458344,0.9764,0.9812,0.9849,0.985,7.458130611954966,7.411825606000843,6.321630904962149,7.465282646126441
5,0.966,0.9709,0.9709,0.9709,4.364539700067732,4.363319671620861,4.247889007138914,4.368962479232785,0.9878,0.9907,0.9963,0.9962,24.57780132563918,23.58840629137025,23.15980910885612,24.54133763295481,0.9538,0.9601,0.991,0.9911,3.9994436653884464,3.982966259225566,3.5444215048457166,4.002760504350282,0.9735,0.9825,0.988,0.9884,9.28773295437226,9.202056885764955,9.000506521112767,9.31239516961453,0.9809,0.983,0.9829,0.9824,6.352923986549625,6.57972307740479,6.085833400738439,6.354461324085429,0.9849,0.9988,0.9989,0.9989,11.794056772657614,11.692921728418636,8.966926886604814,11.81443216745105,0.9776,0.9856,0.9942,0.994,0.7717882624359198,0.7640462421731246,0.6713825968874491,0.7703566247975658,0.9561,0.9572,0.9721,0.9722,11.007771427316513,10.514348897231123,10.436991900669092,11.033973120258398,0.978,0.9781,0.9833,0.9833,6.802262723336884,6.680477679471184,6.6433630904250345,6.81043457193661
6,0.9766,0.9802,0.9801,0.9802,4.621674740361692,4.6272718704525735,4.522712613016786,4.631459268716039,0.9827,0.9852,0.9876,0.9876,21.807412354203684,20.98969913263708,20.608040284095225,21.773064697738835,0.9785,0.9829,0.9848,0.9851,3.545104202580873,3.490314509268675,3.4159989091043568,3.5499264587857864,0.9799,0.9821,0.9929,0.9929,11.227612777461736,11.196934081095042,10.26218123912633,11.233964291463742,0.9723,0.9736,0.9747,0.9753,5.308181217540607,5.248270712977559,5.199636742152817,5.320667130023448,0.9605,0.9723,0.9855,0.9855,6.334912454240567,6.254175395282358,5.814207845986803,6.350767736164414,0.9793,0.9893,0.9917,0.9913,0.7468741854848021,0.7104801858650042,0.7015607814741323,0.744700200853001,0.9848,0.9937,0.9948,0.9949,16.046979711435437,15.899803398511368,13.912261836322791,16.087375647435856,0.9907,0.9932,0.9932,0.9932,11.187400229649704,11.108818814577027,10.48402944644992,11.198584422981318
7,0.978,0.9834,0.9891,0.9892,5.0094894267114505,4.809239231441584,4.63378351916369,5.005706067637656,0.9964,0.9973,0.9997,0.9997,33.000351646490174,33.33761116698171,28.2881382073546,33.07815324593909,0.9877,0.9881,0.9982,0.9982,5.570301743492244,5.548810407216331,5.384481222096665,5.586027025280963,0.971,0.9727,0.9722,0.9724,6.707973599159075,6.65193712816205,6.514317657819131,6.723301515844713,0.9783,0.9862,0.9837,0.9839,5.936773599202707,6.280719370618177,5.501720357880766,5.961157935741676,0.9851,0.9966,0.9972,0.9972,9.13172446225908,9.054042916942173,7.41454801185885,9.139444979316124,0.9618,0.9669,0.9719,0.9716,0.6222222552938153,0.5930808890970927,0.575840103720177,0.6215170580660789,0.962,0.9856,0.9843,0.9847,12.522964086960574,12.427442270065583,11.188736980491369,12.561786953658444,0.9644,0.9762,0.9753,0.9754,5.465556029419696,5.43227280498099,5.1098890601298805,5.471384306559466
8,0.9861,0.9956,0.9903,0.9906,5.161937017908415,5.507370546671204,4.9308241094541945,5.18338166730198,0.9888,0.9921,0.9973,0.9975,26.20380390489733,26.42653699516609,23.31483411798633,26.28192740161962,0.9511,0.9563,0.9767,0.9772,3.170363313348751,3.103280438951445,2.993077415504276,3.1835289552581583,0.9349,0.9424,0.997,0.997,15.381068817804,15.326236473511068,10.504805421056126,15.384345392737249,0.97,0.9859,0.9801,0.9805,5.537257572886878,5.9300085285484805,5.119934522824003,5.568132124038183,0.9729,0.984,0.9873,0.9874,6.611151192808595,6.444585878289586,6.389916452204947,6.616869308885589,0.9864,0.9925,0.9972,0.9971,0.8201741220498214,0.8109906028271265,0.7272074113058845,0.8182628277007313,0.9702,0.9783,0.9788,0.9794,12.037767595133758,11.651928103132631,11.215311573980184,12.11724994788922,0.9668,0.9702,0.9865,0.9866,7.751023452186446,7.6938746793895,6.919177818341241,7.758322746139965
9,0.9725,0.9726,0.9789,0.979,4.676934943265032,4.490830044356847,4.490807701268678,4.671372321456015,0.9662,0.9684,0.9706,0.9706,19.005453483712216,18.361800732696288,18.021600076967808,18.98724132105072,0.9781,0.9788,0.9878,0.9879,3.7009332613519503,3.5251334877200176,3.5164339045994555,3.719846035175772,0.9868,0.9897,0.996,0.996,14.156169819926085,14.121184962246629,12.172675727053903,14.159328935450624,0.9725,0.9773,0.9739,0.9742,5.270101494746067,5.379734358050266,5.2055922356029765,5.276492172303323,0.9922,0.9961,0.9989,0.9989,11.81231488673291,11.721528575973274,9.641969355088222,11.822969227516596,0.982,0.9909,0.9987,0.9987,0.8459544141428939,0.8425235582482871,0.7317707811747878,0.8449459241255082,0.9807,0.9921,0.9941,0.9941,15.464401917156511,15.432339924865076,14.380589448315115,15.469670393963645,0.9691,0.9783,0.9923,0.9923,10.531454957771327,10.46551894000333,8.257086878695922,10.53748090834933
10,0.9639,0.9831,0.9761,0.9765,4.503432084871664,4.761736032634689,4.184436867196075,4.5108162309243,0.9859,0.9909,0.9952,0.9954,24.367717628056823,24.649416919384414,22.43438633761381,24.426973861429385,0.9841,0.9855,0.9999,0.9999,9.362600676680088,9.35951095634866,7.372496736964863,9.362721582805666,0.9783,0.9788,0.9785,0.9785,7.45169805068441,7.336426882635112,7.232227827749218,7.450085204442272,0.9919,0.9954,0.9947,0.9947,7.224774195471877,7.686350274045827,6.497393053297218,7.244932808293447,0.9644,0.9721,0.9848,0.9848,6.2222386448098375,6.125848121113227,5.878112168073877,6.234292305799607,0.9896,0.9925,0.9929,0.9929,0.7632981527647069,0.7175404010742432,0.7150220760071733,0.7630567244208457,0.954,0.9674,0.9964,0.9964,17.032912220518874,16.992345724450598,13.487016817522049,17.081058797807962,0.9881,0.9954,0.9979,0.9979,21.80829919594195,21.71201949819386,18.69382185094831,21.812606253398915
11,0.9827,0.986,0.99,0.9896,5.20662552747838,5.08241556484689,4.894899078305274,5.209568163743045,0.9868,0.9949,0.9937,0.9938,23.614219284550902,24.097765599438983,22.02408730945517,23.638359061909146,0.9735,0.9798,0.9822,0.9823,3.4593012508558725,3.384517104047803,3.268659995753496,3.457539864925357,0.9814,0.9844,0.9899,0.9899,9.936543149918144,9.879526763341625,9.136084498165552,9.948807452197372,0.9799,0.9856,0.9865,0.9864,6.758317130742904,7.025707595576013,6.117531087921917,6.823749453391418,0.9687,0.9728,0.9993,0.9993,12.37342982137755,12.286975175584985,12.017710751071611,12.38338659570361,0.9654,0.9741,0.9841,0.9837,0.6807048086881142,0.6598144617932862,0.6182192059382312,0.6783589586625669,0.9823,0.9895,0.9994,0.9994,22.241131192961152,22.13852721852291,18.91519792145915,22.2644874837586,0.9842,0.9911,0.9948,0.9949,12.963935014742916,12.897567659544997,12.035536159144833,12.975307585841197
12,0.9623,0.9699,0.9738,0.974,4.574743749350115,4.667169857087254,4.339210064965516,4.571851200203767,0.9776,0.9783,0.9873,0.987,21.52896696458629,20.755777193277112,20.69725596490182,21.47928413121742,0.9726,0.9792,0.9852,0.9856,3.627808221212661,3.552564304313836,3.371331571721693,3.649351672509247,0.97,0.9742,0.9756,0.9757,6.994962982337416,6.88253286947643,6.816584471529464,7.010361369908583,0.9866,0.9921,0.9896,0.9897,6.35575777840066,6.728549185824789,6.065378589954312,6.355020050077344,0.9648,0.9777,0.9991,0.9991,12.173948516100358,12.056189095128016,10.34925477574096,12.190769864204997,0.98,0.9959,0.9959,0.9958,0.7923275250729958,0.7898878335702635,0.7029530015168642,0.7913800240995651,0.9865,0.9885,0.9897,0.9897,13.894326362814478,13.327645078338517,13.315964822879703,13.901179722433394,0.9753,0.9858,0.9966,0.9966,16.537434631330022,16.471537758686996,12.492815683584926,16.538869660289347
13,0.9803,0.9814,0.986,0.9865,5.201227052827543,5.125518141646467,4.993492927790845,5.2087595229931,0.9818,0.9879,0.9959,0.9957,25.88630198587297,26.350288428170437,23.758809317550856,25.877012321965918,0.9411,0.9568,0.9697,0.9697,2.974748429153064,2.9759615217717736,2.6973587670160017,2.972567056974416,0.9929,0.9964,0.9986,0.9986,17.704681158862943,17.71642179331863,13.182525329000354,17.70179772969132,0.9439,0.9474,0.9613,0.9614,5.044862464572313,4.921100203012202,4.747831673041821,5.063357172308118,0.9781,0.9837,0.9855,0.9855,6.349565820996486,6.254423500891461,6.0645792937810015,6.364679112202437,0.9578,0.9682,0.9673,0.9664,0.6094891775846647,0.5755134395329169,0.5643652650725195,0.6060491428274146,0.9772,0.9784,0.9898,0.9899,13.8514533565563,13.650149228596508,13.272372939538512,13.90631228750634,0.9907,0.993,0.9985,0.9985,25.19005888854625,25.06595640951416,21.392152843149788,25.19869169130488
14,0.9651,0.9711,0.9713,0.9712,4.403033736974804,4.403703525363525,4.241835546746048,4.409354998837943,0.9815,0.9882,0.9933,0.9933,23.245851613467813,23.21720604887684,21.557048466607423,23.336342186138918,0.9829,0.9875,0.9959,0.9959,4.759596462333929,4.776297636729437,4.2015061895343,4.758552354130513,0.9639,0.9758,0.9904,0.9904,10.199093707568288,10.189301725875715,8.119851506231027,10.190776625666658,0.9803,0.9888,0.9837,0.9831,6.694318811037888,7.159408965605433,6.5102770991461885,6.715928730236886,0.9695,0.9705,0.9956,0.9958,8.412228248236651,8.240574412972261,8.18846133865443,8.42305849752024,0.9767,0.9808,0.9879,0.9875,0.7077107707936842,0.6590467440169814,0.6545727352675773,0.7043808326738319,0.9738,0.9746,0.9976,0.9976,18.17119352161293,17.88117895603386,17.51354631646608,18.2487569021364,0.9713,0.9756,0.9859,0.9859,7.679892793844951,7.54640303058579,7.4790786073977,7.682917493126834
15,0.9809,0.9918,0.9859,0.9857,4.891693855798257,5.159524101981276,4.679734716294529,4.8920811346139885,0.92,0.9271,0.9453,0.9462,16.291153098458974,15.030626214707974,14.717245057690493,16.33087355694016,0.9908,0.9947,0.9953,0.9953,4.734693416575214,4.736940479626532,4.288902390225366,4.728827569995066,0.956,0.9653,0.9909,0.9909,10.267134321821842,10.238482541512765,9.500314445090394,10.258699996646094,0.9593,0.9619,0.9625,0.962,4.916160192755456,4.890774959172971,4.8114365840048805,4.8980749925229565,0.9743,0.9891,0.9884,0.9885,6.642265897312127,6.561644992620848,5.563701976315011,6.650222947721218,0.9677,0.9698,0.9713,0.9711,0.6193186286781345,0.5801177897411323,0.5752052693218832,0.6181120353184919,0.9686,0.9784,0.9922,0.9922,14.737769975869728,14.64666563087444,12.767553500189262,14.73472784748738,0.9956,0.9994,0.9998,0.9998,58.88008160380048,58.65748133999269,36.43173118028378,58.89237730340693
16,0.9669,0.9829,0.9747,0.9742,4.708870259183204,5.005976849166899,4.487179938739876,4.7371963874477485,0.9688,0.9713,0.9763,0.9766,19.437752167040824,18.743730822637044,18.501489157244027,19.446989550283035,0.9762,0.9793,0.9944,0.9945,4.334570795819658,4.20644174849422,4.177753313309034,4.345460244360842,0.9889,0.9947,0.9958,0.9958,13.78268518055386,13.724786687603498,12.389828104278273,13.797002634072722,0.9858,0.9888,0.9894,0.9893,7.218453421494615,7.447958837509086,6.3362053482039,7.2045537298638,0.9323,0.9389,0.9931,0.9932,7.575225499732967,7.506030724638574,6.401179727161002,7.580420701454313,0.9825,0.9839,0.9855,0.9851,0.6778631864490192,0.6500872494570631,0.642428412616142,0.6770895370929175,0.9693,0.9732,0.9871,0.9872,13.08284943036808,13.041712940997051,12.0939550377762,13.086279802825429,0.9585,0.9761,0.9875,0.9876,8.18552080786056,8.1282411832452,7.318521287893693,8.19823057525549
17,0.9878,0.9955,0.9923,0.993,5.241164451151489,5.638745183829967,4.981489894369881,5.259864366373354,0.9529,0.9563,0.9612,0.9601,17.5746496895531,17.18018468294381,16.86583092072046,17.486714554442408,0.9688,0.9749,0.9792,0.9794,3.3676335435742395,3.2129439432696563,3.1226207948039613,3.362390263335049,0.9837,0.9925,0.9931,0.9931,11.267623287587645,11.271207363826418,8.511700645176557,11.271079720633551,0.9555,0.9677,0.9646,0.9642,4.9411045098922255,5.046456808993578,4.659641141912816,4.935818082070081,0.9724,0.9859,0.9998,0.9998,13.83378852169946,13.69981263164553,9.877043801808773,13.844707733394433,0.9727,0.9756,0.9998,0.9998,0.9205313248211467,0.915954783171852,0.8126541840719469,0.9196489899422298,0.9892,0.9941,0.9988,0.9988,20.45583968774954,20.1906342650488,18.93419142393424,20.48700275344481,0.9314,0.9547,0.9567,0.9569,3.8978783651912647,3.887781353838457,3.5230630282960207,3.896964643662551
18,0.979,0.9844,0.9817,0.9818,4.69072163200754,4.790319288318761,4.585499700990587,4.710221086623667,0.9842,0.9937,0.9958,0.9963,26.128060098867827,26.855446512145303,24.224919950114423,26.298645573218597,0.9545,0.9581,0.9946,0.9946,4.457666539743721,4.446087968596078,3.93193000348458,4.459509114071575,0.9934,0.996,0.9967,0.9967,15.23955152719375,15.224561098428785,13.71565124930441,15.243835991543584,0.9731,0.983,0.9794,0.9795,5.842061997266333,6.1615738036910095,5.435837629150971,5.83855038560041,0.9804,0.9955,0.9955,0.9955,8.430656461713095,8.332101121625891,7.423645370804636,8.443847432903647,0.9652,0.9688,0.9868,0.9867,0.6865662973475579,0.6597845703417244,0.6462616276653834,0.68499619752419,0.978,0.9889,0.9957,0.9958,16.347548708871066,16.317355956402057,12.711179235794583,16.364231674942392,0.959,0.962,0.9856,0.9857,7.639966113069446,7.578432073939234,7.4316620322498625,7.654683356753236
19,0.9622,0.9804,0.9763,0.9761,4.651801015049077,4.861417643586493,4.372659864407393,4.640217316340075,0.9733,0.9824,0.9873,0.9869,21.42961777674145,21.06119325396104,19.93951776009113,21.374005838497677,0.9837,0.9852,0.9949,0.9949,4.558673598781524,4.54854585163986,4.376958920038756,4.569403770046125,0.9823,0.9867,0.989,0.989,9.488484234367569,9.47807149156684,8.48863277083388,9.48941923195259,0.9596,0.9687,0.9695,0.972,5.103118662241945,5.107221172907298,4.785470099038011,5.196864113865659,0.9591,0.9649,0.9806,0.9807,5.8232439008573165,5.767535190742234,5.476763230792107,5.832216233286054,0.9151,0.9252,0.974,0.9734,0.6143974621662909,0.5857610266485846,0.5718810984284644,0.6110626879844926,0.9871,0.9935,0.9942,0.9945,15.782268408765333,15.60247416208137,14.958916594824878,15.832810798412906,0.9713,0.9761,0.9762,0.9763,5.604823871531665,5.550641825788001,5.014535951111994,5.6153901438502425
20,0.9852,0.9914,0.9905,0.9913,5.475018681858334,5.818180448445489,4.979067519129203,5.4923093623334855,0.9647,0.9747,0.9914,0.9912,23.788198312622647,22.45119850339012,22.006145589806437,23.858525215334183,0.9656,0.9699,0.9734,0.9738,3.1399997034580807,2.9983794039850684,2.9665484546575938,3.149346626426889,0.9918,0.9943,0.9966,0.9967,15.13550259085032,15.095019531142556,13.0654531734537,15.150744856146389,0.9741,0.9785,0.9795,0.9797,5.616884048948603,5.550246325292756,5.306494639710083,5.6260374482636895,0.9776,0.986,0.9961,0.9961,8.547258093454037,8.464962858667183,7.461308567105474,8.559070991512147,0.9789,0.9835,0.9944,0.9944,0.770190227478883,0.7634115867583545,0.7174123158524227,0.769519929206541,0.9426,0.9589,0.9654,0.9656,10.26599351143392,10.228747388144107,9.51563977728361,10.29363514732731,0.9723,0.9935,0.9967,0.9967,16.859339397828514,16.80412089713899,14.56708288074337,16.860635806988487
21,0.9751,0.9894,0.9834,0.9827,4.856673229815424,5.20778050192424,4.483793708040662,4.863023679188107,0.9685,0.9734,0.9735,0.9735,19.60577057686404,18.930531112411547,18.33126858199059,19.50943062129104,0.9807,0.9837,0.9981,0.9981,5.423742049109825,5.447542384730098,5.020271968297621,5.434085647263473,0.9734,0.9877,0.9898,0.9898,9.80308252870718,9.803969531113092,8.209197247809604,9.809719722243877,0.9546,0.9582,0.9687,0.9692,5.075767702085214,4.748169851540448,4.670999323699153,5.073463908574761,0.9685,0.9815,0.9999,0.9999,14.116814074352206,14.015785396990768,10.246284506574238,14.126397387001523,0.9731,0.9811,0.9903,0.9903,0.7267541725570269,0.7046537085547907,0.6826819656498706,0.727963913583739,0.9788,0.9847,0.9945,0.9945,15.96103223138564,15.852161955913118,14.905042714260688,15.987473960549163,0.9677,0.9693,0.9708,0.9708,4.957158949305491,4.909999746792249,4.814543918080615,4.966125224402968
22,0.9602,0.9751,0.9716,0.9695,4.480826119352148,4.53662200154308,4.270714581498634,4.4316105855827095,0.979,0.9844,0.9943,0.9938,24.5212942224556,24.755638938303328,22.895871311316863,24.632947479190133,0.961,0.9686,0.9733,0.9733,3.1366410119136283,3.0230460097800256,2.924338493375285,3.1291031108352896,0.9707,0.9786,0.9924,0.9924,10.896743634214443,10.915430374137555,10.556412512723828,10.895518080285038,0.9744,0.979,0.9792,0.9793,5.751209214674305,5.791219838494406,5.478388161368605,5.765668920281842,0.9512,0.9583,0.9598,0.9601,4.460503091800584,4.32734004316466,4.281677606808921,4.4694421621609415,0.9686,0.9773,0.999,0.999,0.8624293556569167,0.858188775797034,0.755395883606178,0.8603067025481851,0.9843,0.9894,0.9898,0.9898,13.880011598646933,13.761501714130665,12.79694564322884,13.90562562179002,0.9873,0.9928,0.9979,0.9979,21.8269035791657,21.71030355579648,15.42746204479924,21.828499470588376
23,0.949,0.9583,0.9635,0.9635,4.172757452797487,4.082614483044834,3.889674469910045,4.178513887580477,0.9678,0.9736,0.9897,0.9897,25.94080848683612,26.08903663840033,21.73294305552572,25.984505529982663,0.9846,0.9904,0.9982,0.9982,5.540436232600244,5.558763543378715,4.81515996526021,5.537222577264505,0.986,0.9893,0.9949,0.9949,12.395047531169054,12.41445030814055,11.569199173390274,12.400618138655084,0.9899,0.993,0.9917,0.9922,7.272804872529605,7.666474258703073,6.7828631238735335,7.268118970902277,0.9814,0.9842,0.9989,0.9989,11.823160884930182,11.692636896915795,9.8342401412359,11.842149765851032,0.9726,0.9809,0.9953,0.9953,0.7804665784836116,0.7515602079326038,0.7428368590219943,0.7803235108060994,0.9624,0.9689,0.9816,0.9821,12.232205389531677,11.954815894294557,11.45158963366283,12.312814739870154,0.9794,0.9856,0.9972,0.9972,18.90569041979917,18.817766040693492,13.078554506139165,18.90962719846049
24,0.9675,0.98,0.9802,0.9801,4.658930340382985,4.662184404248487,4.32056251406427,4.656035615097734,0.991,0.9914,0.9933,0.9935,23.53770650315715,23.042792096588112,22.92421240147914,23.63241873696159,0.9919,0.9974,0.9982,0.9982,5.595047412810882,5.597839957613876,5.012010209830109,5.606363506319248,0.9982,0.9995,0.9995,0.9996,25.36174466297971,25.31638574380303,17.150464508875935,25.373593358713865,0.9636,0.9685,0.9711,0.9707,5.141038805911,5.032718463803159,4.850466632631331,5.120963762405546,0.9701,0.981,0.9905,0.9906,7.046643667449758,6.957921864293102,6.791933326928075,7.0504719315133375,0.9727,0.9846,0.9901,0.9901,0.7140550977957181,0.7099426812852705,0.65738767953426,0.714869101824763,0.9578,0.9629,0.998,0.998,19.11666312231992,18.95185757150534,15.384285335871768,19.146417882448176,0.9601,0.9662,0.9755,0.9755,5.482740690198395,5.4530327404716585,5.058085631723983,5.488047161961207
25,0.9833,0.9949,0.992,0.9921,5.156169061927187,5.400584574290176,4.7254248820387454,5.161457962191001,0.9964,0.9978,0.9996,0.9996,35.06519275507139,35.59385833660054,29.270504722365786,35.13215996726321,0.9947,0.9988,0.9995,0.9995,6.793545212720306,6.85311077273691,5.57252520742606,6.785844221846817,0.9803,0.9898,0.9983,0.9983,17.181691556167376,17.207363871947642,15.832029634291697,17.181590595838802,0.9754,0.9782,0.978,0.9782,5.530998734632128,5.587896402386551,5.399591407669551,5.533395213151326,0.9684,0.9818,0.9847,0.9847,6.206254084467185,6.126067091289991,5.462095316344997,6.220058659693209,0.9789,0.9851,0.982,0.981,0.6624187081493225,0.644881765944884,0.61662105389669,0.6573885015956435,0.9926,0.9931,0.9944,0.9945,15.707651436169346,15.410965449114292,15.205274225728845,15.730132943666192,0.9739,0.9812,0.9919,0.9919,10.191459632298711,10.123032838194243,9.563820560988484,10.200360279451283
26,0.9872,0.9928,0.9928,0.993,5.297584322213011,5.258375069878442,5.004565844537682,5.306471228783135,0.9275,0.9311,0.9756,0.9759,20.753176494142878,19.437023711303315,19.35390487716496,20.79898351419556,0.9775,0.9888,0.988,0.988,3.777793308115729,3.8033602017319295,3.3612032880628617,3.7776381555041634,0.9791,0.9804,0.9857,0.9857,8.777731749230696,8.708707548617623,8.472127350277846,8.788579602137853,0.9929,0.9967,0.9953,0.9953,7.536619382691095,7.960304511397583,6.715987938172047,7.605158545738135,0.983,0.9918,0.9974,0.9974,9.47786382887145,9.379055614809436,8.04227091946939,9.489174762049792,0.9364,0.967,0.9799,0.9797,0.6426408242878525,0.619610283003752,0.6000658031368644,0.640052658284387,0.9454,0.9718,0.9939,0.9939,15.39877223651785,15.351831513251469,13.634518890871483,15.394199099219316,0.9809,0.9817,0.9985,0.9985,25.08685569628661,24.923589450358097,22.278100369506465,25.101000326268917
27,0.9754,0.9835,0.9804,0.9799,4.636149610650914,4.743655405734259,4.484939043235013,4.621839788636838,0.9888,0.9926,0.9987,0.9987,32.30637236932969,32.85972560583589,27.60913110549704,32.32518868975054,0.9874,0.9928,0.9922,0.9921,4.174862507988191,4.181262096587891,3.870929068407427,4.164293367197815,0.9729,0.9775,0.9879,0.988,9.279593433496974,9.23236790695337,8.424866426530418,9.288945029525095,0.9877,0.9934,0.9907,0.9909,6.365152418906358,6.700130081485924,6.102426451108995,6.377877432892598,0.9814,0.9828,0.994,0.994,7.984469434281648,7.780516310085292,7.707593927086766,8.001650170949768,0.9448,0.975,0.9719,0.9716,0.6157361160272232,0.6018237413579761,0.5734320330709415,0.6131576801846279,0.9568,0.9708,0.9766,0.9771,11.7404123677599,11.207956600460314,10.850004701289247,11.77988301038778,0.9801,0.9947,0.9991,0.9991,32.68378899111199,32.54000750783369,22.88646923504712,32.69484974567234
28,0.9747,0.977,0.9858,0.9857,5.045196571136231,4.895245994965426,4.668693933115335,5.039480383034755,0.9831,0.9907,0.9914,0.9912,22.73595117583102,23.45249264007507,21.369623409683136,22.73277717665184,0.9724,0.9803,0.9858,0.9863,3.620925253197485,3.556489541112437,3.4281005751979965,3.6300937166158618,0.9416,0.9474,0.9641,0.9641,5.93773664181664,5.932288222325437,5.576412452129038,5.939993373430724,0.978,0.9798,0.9806,0.9806,5.589395280403759,5.640982644426153,5.48679097400186,5.589257537073511,0.9661,0.9683,0.9855,0.9856,6.403230733678194,6.3068299476844345,6.014845301194775,6.41544210588573,0.9278,0.9516,0.9468,0.946,0.5585666388327244,0.5404755074970946,0.5090848546931348,0.5549647086221141,0.9877,0.9923,0.9967,0.9968,17.633769722195495,17.581654022902594,14.906467887953488,17.65358037604399,0.9788,0.9899,0.9966,0.9966,16.554812049319697,16.473611772467084,12.561917793059148,16.554949406853407
29,0.9761,0.9888,0.9832,0.9831,4.753587923346089,5.0040131886603225,4.499263284784362,4.726234611247016,0.9873,0.9959,0.9963,0.9963,25.954902102322787,26.77769308607944,22.91458471964976,25.988467256423096,0.9659,0.9703,0.974,0.9741,3.157853258354749,3.009712621156501,2.973749072438018,3.158038915696022,0.939,0.9432,0.9427,0.9436,4.859616842087331,4.747384126752226,4.578828550978563,4.896774364393577,0.9849,0.9909,0.9884,0.9883,6.210595578842633,6.59162260425054,5.883769316728266,6.206713329094294,0.9788,0.9874,0.9894,0.9894,6.796322545443442,6.609461116078811,6.58593775687167,6.811693713362949,0.9595,0.9685,0.992,0.9917,0.7356604912174391,0.7260471577842609,0.6953208485991724,0.7358390514840656,0.9732,0.9808,0.9892,0.9892,13.792854881943184,13.656547832239108,12.489528865468204,13.805778898855788,0.9785,0.9876,0.989,0.989,8.94964388381181,8.919953788335832,6.924554400204525,8.951979043759083
30,0.9756,0.9789,0.9827,0.9826,4.745348721316308,4.584869973791682,4.486311295592234,4.733292007300445,0.9576,0.9654,0.9836,0.9832,21.36574131595954,21.43380968859217,19.29133457258815,21.42109453041877,0.9689,0.981,0.9813,0.9816,3.34157997267168,3.351387424972451,3.210670191332902,3.3617282468638887,0.9389,0.942,0.988,0.9881,9.225209606870854,8.969313234646886,8.955005499385893,9.224502870449022,0.9828,0.9878,0.9857,0.9859,5.836790405132817,6.125033098751229,5.645562670312069,5.852141726197506,0.9714,0.985,0.9878,0.9878,6.624899199535852,6.426653184080214,6.42238701707038,6.633648098132169,0.9724,0.9881,0.9894,0.989,0.7069313721089687,0.6703372168344585,0.6651645783553365,0.7061116965727131,0.9856,0.9942,0.9978,0.9978,18.81203392501723,18.62938226845728,15.289544658631236,18.865807286697464,0.9416,0.9472,0.9948,0.9948,12.769899603430282,12.718012992707092,11.93238451498556,12.783352593781336
31,0.9705,0.9724,0.9792,0.9783,5.545062061912148,5.622279205993324,4.74059576020288,5.550467065218649,0.956,0.9684,0.981,0.9813,21.40792504335354,21.64865628149369,20.06369127065376,21.5367485805102,0.9754,0.9799,0.9973,0.9973,5.212693695760252,5.215810644414434,4.126016193998716,5.214184949534019,0.9682,0.9733,0.994,0.994,11.965589045963643,11.923799746544738,9.896667503819035,11.973542022415764,0.949,0.9565,0.9539,0.9542,5.283963509162827,5.514221393131471,5.113546991541119,5.271923833492492,0.972,0.9897,0.9954,0.9954,8.30612439034038,8.200805910909038,7.947001897260048,8.317536760515937,0.9852,0.9865,0.9944,0.9942,0.7704973717143484,0.7311268969289904,0.7218372810292952,0.7687454567893817,0.9805,0.9857,0.9912,0.9912,14.59643712265137,14.414274868575363,12.912900183558357,14.605435297543428,0.9403,0.9471,0.9671,0.9672,4.654407917060291,4.619102049199247,4.366314707629055,4.659282216814904
32,0.998,0.9999,0.9995,0.9995,6.7774520895808585,7.203648496492913,5.885120911470457,6.804206115136518,0.9876,0.9959,0.9946,0.995,24.0334991492139,24.525569913464704,22.281871462690823,24.16246908526208,0.9961,0.9998,0.9998,0.9998,8.085218303285405,8.107225210720207,5.835003293783988,8.084020603580026,0.9931,0.9943,0.9985,0.9985,17.59666321387943,17.227662967484715,17.20155559499575,17.599411615429528,0.9675,0.9786,0.9728,0.9728,5.214915106235727,5.501489497568968,5.013086151650174,5.221007944786373,0.9878,0.9893,0.9907,0.9907,7.159507823241408,6.972535608385516,6.908401155399409,7.172294382861539,0.9547,0.9781,0.9808,0.9806,0.6480838744799771,0.6252972587400711,0.6067569609985646,0.6465215782844631,0.9495,0.9681,0.9933,0.9933,15.190347941175942,14.84783388545024,14.459252434373244,15.235820733196448,0.9646,0.9739,0.9755,0.9755,5.496214766154548,5.45743950436452,4.6598023097409484,5.4994091267732985
33,0.9837,0.9881,0.9879,0.9888,5.078167887531902,5.006605964401027,4.857598593964672,5.0880424192465865,0.9892,0.9898,0.9904,0.9906,22.846627877582566,22.075525436261056,21.91512489774682,22.90305925432062,0.9863,0.9934,0.9949,0.9949,4.5743102551652575,4.6160222164801175,4.119221567445839,4.576460407458894,0.9835,0.9945,0.9998,0.9998,30.1001421565573,30.069308138367788,21.379373273690707,30.113527273829124,0.9849,0.9884,0.987,0.9872,6.612223260182122,6.940574269394717,6.270639635722622,6.613002838611434,0.9878,0.9975,0.9978,0.9978,9.64610864836861,9.589723083972745,8.372401338140946,9.658588455875606,0.9886,0.9971,0.9985,0.9985,0.8446422160742781,0.8406535044871631,0.7583248334536505,0.8442288300540607,0.9408,0.9446,0.9843,0.9851,12.52544228441066,12.19369334122239,11.79324155427097,12.602100859883947,0.9631,0.9735,0.9803,0.9804,6.253346526711977,6.219781579524465,4.965379643138899,6.259000381076058
34,0.9486,0.966,0.9643,0.9638,4.226685978320006,4.238407574673095,3.9716398120940304,4.213931888372917,0.9706,0.9718,0.9782,0.9786,19.84951911822974,18.780040147614777,18.647045296495858,19.940371213745607,0.9529,0.9579,0.988,0.9883,3.745314868138715,3.6779242254286526,3.511101507799437,3.761277250071911,0.9857,0.9923,0.9938,0.9938,11.91327543817251,11.88640993998021,9.688602374112063,11.918598186217087,0.9786,0.9827,0.9849,0.9848,6.23814813460581,6.45677245598467,5.852735050800362,6.258437648265241,0.9749,0.9806,0.9816,0.9817,5.931622696161032,5.854841256606703,5.61059122356096,5.944325180463472,0.9801,0.9874,0.9878,0.9875,0.6998842238554199,0.6646271433337549,0.6534559010541212,0.6979253462252784,0.9602,0.9669,0.991,0.991,14.29402728744924,14.225422941196165,12.57066218724894,14.288026542113329,0.9894,0.9942,0.9961,0.9961,15.032637078327806,14.973511780209286,11.883937673682151,15.047542238917217
35,0.938,0.9682,0.9599,0.9589,4.164904793810964,4.371216146376848,3.800360530504528,4.134053701825279,0.9896,0.9932,0.9935,0.9936,23.465860636941034,23.53638862121264,22.287354801815862,23.533750194838724,0.9705,0.9796,0.9928,0.9929,4.2024631306624105,4.194090425650545,3.604497245318104,4.202781648923806,0.9534,0.9597,0.9638,0.964,5.922841893785433,5.908275647738226,5.664198743391521,5.932419794904708,0.9856,0.9908,0.9893,0.9892,6.440842300586828,6.728672226926689,5.907277096367986,6.446488015338995,0.9813,0.9909,0.9978,0.9978,9.694094931534558,9.589670953061356,7.791109633708008,9.7058448143573,0.9753,0.9808,0.9911,0.9911,0.729812997804412,0.7210818354139875,0.6894564362387321,0.7305472746934016,0.9723,0.9829,0.9801,0.9804,11.93871310261421,11.85543690483728,11.260412358165246,11.953544844424444,0.9312,0.9353,0.967,0.9672,4.625674338265489,4.594554927508566,4.362107830571267,4.629903286101568
36,0.9859,0.9921,0.9884,0.9887,4.948214524056776,5.158313702564585,4.833878875630107,4.956933058288097,0.9631,0.9692,0.9793,0.9791,20.20424049756676,19.62137570056384,19.113032506285947,20.17002147955131,0.9863,0.9889,0.9921,0.9922,4.152566701923219,4.148360033658851,3.966562523730383,4.165139910336358,0.9825,0.9868,0.9889,0.9889,9.533109085258763,9.482079386962075,9.09818897131397,9.538569337976144,0.9982,0.9996,0.999,0.999,9.966714858039628,10.490617465450276,8.966281242768682,9.964902674355006,0.9766,0.9835,0.9935,0.9935,7.842638663452235,7.627114366970657,7.1593685257106845,7.84958638627825,0.9717,0.9771,0.9823,0.982,0.6625365741748612,0.6353898707099535,0.6143344953980355,0.6616195754547998,0.9636,0.9711,0.9853,0.9853,12.655385646698017,12.549755149040898,11.603976969856864,12.682580447904083,0.9782,0.9806,0.9856,0.9856,7.596415023889352,7.558971416311709,7.058521840398725,7.604828360991565
37,0.9601,0.964,0.9774,0.9781,4.540059706239228,4.148956697926873,4.076768953864251,4.562176359539139,0.9832,0.9894,0.9867,0.9876,21.485640726443933,21.92292789985493,20.61932308506057,21.756477171293536,0.9489,0.9546,0.989,0.9886,4.655553308307551,4.686653685458851,4.427428055014902,4.653223157182167,0.9817,0.9828,0.9981,0.9981,16.985356146030554,16.90827087696945,15.692617275143618,16.99382879133958,0.9618,0.9695,0.9682,0.9693,5.290868549358527,5.496717595497195,5.020992501008039,5.296758250344879,0.9227,0.9249,0.9516,0.9519,4.106435174444243,3.9496507896415314,3.9255821735004464,4.118594586059837,0.9668,0.972,0.9762,0.9758,0.6363980337414233,0.5964086569705012,0.5926195066145432,0.6338824037758057,0.9782,0.9829,0.9898,0.9898,13.947803055145512,13.547471712479718,13.335778602707917,13.970687298067345,0.9747,0.9754,0.9869,0.987,8.010072524855548,7.888721991374355,7.725805485602507,8.024351648823147
38,0.9899,0.9928,0.9925,0.9925,5.661436006423831,5.8703355660716445,5.177521660505834,5.654665697205173,0.9961,0.9989,0.9993,0.9993,29.84814165236151,30.157918139155925,24.703093939495133,29.951468199349023,0.9737,0.9928,0.9962,0.9962,4.839518206709481,4.944265771662118,3.983461656452121,4.843981868377869,0.9549,0.9642,0.97,0.9702,6.415657504648287,6.401807349084898,5.856444787648362,6.422546333624753,0.9739,0.9803,0.9815,0.9809,5.584870011660026,5.556977273125942,5.256548231054046,5.544164674264255,0.9541,0.9734,0.9947,0.9947,8.048950463946184,7.957440834914851,6.904823525401612,8.053038433879424,0.9826,0.9924,0.993,0.993,0.7611255327410847,0.7517123898126836,0.6877400513242737,0.7596360396445658,0.9887,0.9925,0.9949,0.9949,16.023238522884874,15.89527608617165,14.6683796313093,16.038405670626613,0.9662,0.9772,0.9919,0.9919,10.158354523324592,10.121162643055008,7.4528635652649875,10.15834193469034
39,0.9821,0.9862,0.9903,0.9897,5.133721157407564,5.011629871161171,4.799256619360236,5.122093271541271,0.8576,0.8686,0.8876,0.8864,13.235532806858892,12.497859281849555,12.205462558786962,13.158760376600714,0.9851,0.9884,0.9973,0.9973,5.277426282318084,5.245937260314576,4.927094342124397,5.281882628332401,0.971,0.9732,0.9921,0.9921,10.763410383714428,10.711085646968534,9.849587764769447,10.764516401774374,0.9775,0.9866,0.9814,0.9821,5.902554002251282,6.29165805554471,5.679912663909516,5.932413241500237,0.9909,0.9959,0.9984,0.9984,10.948895485249276,10.873907635823794,8.729341885428424,10.962498938683238,0.9786,0.9882,0.9904,0.9904,0.7229996292026903,0.7201846727930543,0.6597271978410535,0.7225213263256625,0.9776,0.9905,0.9939,0.9939,15.532618254903756,15.4035268387196,12.88585575904842,15.541877939090858,0.9693,0.9759,0.9929,0.9929,10.852449486007494,10.797902462999351,9.029511832571124,10.863294962720628
40,0.9606,0.9653,0.9717,0.9718,4.466571872437133,4.454187490773553,4.259532333566455,4.457721963855939,0.9941,0.9968,0.9971,0.9971,25.604286393861543,25.927277390094616,24.04507795623971,25.878301643592337,0.9547,0.9702,0.9899,0.9899,3.871691429913186,3.889811732356762,3.419069824906064,3.871208331519846,0.9762,0.9865,0.9865,0.9865,8.883923399484305,8.941054464998608,7.916148823982263,8.875739028749878,0.9839,0.9933,0.9903,0.9905,6.351539233372191,6.881523513597731,5.729171816416748,6.399453309592795,0.9645,0.9802,0.9974,0.9974,9.52418449773258,9.378684592149844,8.628717955033112,9.54010660695022,0.9394,0.9464,0.9618,0.9606,0.5858343449357236,0.5515759786100023,0.5456076432379426,0.5825506381100912,0.9788,0.9834,0.9965,0.9965,17.335500368718982,17.240189046276804,14.63620178124532,17.362589746271393,0.9814,0.9888,0.9988,0.9988,30.323206716960392,30.20332348618005,18.4028427771024,30.32802413263483
41,0.975,0.9806,0.9811,0.9806,4.751782826290098,4.865613655258599,4.562188121558202,4.7605826178992725,0.982,0.9858,0.9956,0.9955,24.587987108513182,24.715315709777418,22.38648126344647,24.778329488080185,0.9489,0.9617,0.9658,0.9665,2.949238295672953,2.8741760867651323,2.7864085750855003,2.956679978635549,0.9865,0.9889,0.9905,0.9906,10.277270803594972,10.24769380578932,9.53012297839555,10.277252261950135,0.9863,0.9872,0.9874,0.9873,5.984901825394992,5.953744674795294,5.880924098391963,5.961124283441639,0.9638,0.9815,0.9998,0.9998,13.803211798951631,13.699617288974828,11.890043153572645,13.81588035087184,0.9753,0.9828,0.9946,0.9946,0.7782491866301049,0.7396424396232972,0.7331846807497551,0.7789773650599148,0.9723,0.9745,0.9871,0.9871,13.30613676767225,12.816354728855126,12.573551416860155,13.320881744937546,0.9598,0.9659,0.985,0.985,7.422647524236557,7.404007082109153,6.330711007555513,7.425567896608827
42,0.9831,0.9881,0.9871,0.9875,4.940621315818063,4.968756997742463,4.794076153434196,4.94814287681748,0.987,0.9882,0.9967,0.9968,26.841327577337672,27.167667418114057,25.281588716911077,26.93180057034364,0.9793,0.9837,0.9811,0.9813,3.396991675739905,3.413092189292229,3.232398860343553,3.3972693832594145,0.9534,0.9648,0.9991,0.9991,19.52573991648436,19.527845251356823,12.953701684265594,19.528192043401027,0.9668,0.9762,0.975,0.9745,5.344805071430608,5.366119931360038,4.955682526988885,5.323081280247168,0.95,0.97,0.973,0.9733,5.253327616812517,5.153872763513145,4.724986306220485,5.279743459868408,0.9713,0.9758,0.9847,0.9847,0.6691972023595361,0.6601291416708506,0.632786579755056,0.6690533942602697,0.9755,0.9841,0.9941,0.9941,15.903344965770566,15.576818932037703,14.891739141731708,15.94210974513221,0.9844,0.9867,0.9895,0.9895,9.445533818184424,9.364474439659633,8.475777174020166,9.45283194570187
43,0.9324,0.9359,0.9598,0.9594,4.122625534246682,3.762963070823499,3.7194841809036983,4.126522681995546,0.9614,0.9702,0.9823,0.9829,20.55075462479317,20.45546678671977,19.074641587280624,20.78722778730489,0.9684,0.9774,0.9947,0.9948,4.544330165408724,4.552465599466143,4.228857123220156,4.546590140125368,0.9572,0.9578,0.9846,0.9846,8.510654510016495,8.232461743054047,8.193775156468321,8.532610169345391,0.9687,0.9722,0.9721,0.9718,5.988070446599631,6.205190574257832,5.45893863842233,5.992478301194238,0.9773,0.9798,0.9796,0.9796,5.776710191869114,5.683192795146444,5.40566887565077,5.79041891082662,0.9597,0.9673,0.9911,0.9911,0.7301719420823931,0.726991181622316,0.6669774292219629,0.7283949430558021,0.975,0.9771,0.9964,0.9964,17.354766220424146,17.210242285540257,15.7624109757178,17.359122131323975,0.9962,0.9998,0.9997,0.9997,53.45938923103157,53.27130564524341,32.360323422592096,53.46583190243571
44,0.9391,0.9491,0.966,0.9666,4.219188534559525,3.9973133361167994,3.7960310158788806,4.240021113030191,0.9939,0.9977,0.9968,0.9966,25.42392429504021,26.248694834987926,24.386965087144144,25.52546797093033,0.9859,0.9958,0.9962,0.9962,4.944218820655867,4.960803509768662,4.124047179493653,4.958396329106755,0.9818,0.9862,0.9965,0.9965,14.957913700588715,14.93212081451208,12.765213204808065,14.962943114206574,0.9899,0.9928,0.9913,0.9913,6.437728322367297,6.758277650000479,6.196610863520702,6.457165989500027,0.9948,0.9959,0.9984,0.9985,11.136767060308022,11.015001170577928,9.834337357510304,11.15073743035616,0.9872,0.9895,0.9944,0.9944,0.7704980011342046,0.7401157657934068,0.7357730392165243,0.7702742235704079,0.9498,0.9603,0.9942,0.9944,15.64590626122159,15.509467331223776,12.587745939078705,15.674281957893946,0.9351,0.948,0.9512,0.9512,3.63201680041736,3.614377384096387,3.2434701616401465,3.63378645163773
45,0.9809,0.9841,0.9871,0.9867,4.95190676174112,4.864481298029835,4.711336478232933,4.950287091507954,0.9694,0.9814,0.9929,0.9917,25.149146772070026,25.64126988395562,21.22898647004872,25.20051539453872,0.9623,0.9706,0.9802,0.9806,3.336144185853684,3.157167620691758,3.1163475104785685,3.347973773603755,0.9802,0.9859,0.9909,0.9909,10.392585970630806,10.356074978391062,9.327420240627124,10.408565248470545,0.9969,0.9987,0.998,0.998,8.211918255434203,8.657826323147802,7.511236535490521,8.220174891338484,0.9641,0.9744,0.9736,0.9736,5.267291137207042,5.184620785905873,4.804403725437364,5.279830786000049,0.9825,0.9886,0.9904,0.9904,0.7323341008862575,0.7090343024298843,0.6851105811234928,0.731020096970455,0.9761,0.9836,0.9935,0.9936,15.319507430290924,14.981849689825731,14.669306097238108,15.380394178846233,0.9864,0.9883,0.9977,0.9977,21.334387402031247,21.244457608115088,16.769659094247075,21.341167061131067
46,0.9765,0.9784,0.9826,0.9826,4.693465560683537,4.573012147519949,4.515341059837587,4.697959583921824,0.9534,0.9628,0.9751,0.9757,19.63236364519721,19.684509183433462,18.19274635477016,19.791404015165632,0.9748,0.9851,0.9864,0.9865,3.6134557561118967,3.671098666421433,3.347224936441501,3.613242510455661,0.9578,0.9621,0.9718,0.9718,6.616238860674882,6.588644683512586,6.236129837652615,6.6230442222978825,0.9722,0.9795,0.9748,0.9748,5.311234442733531,5.545784797031405,5.200105553342041,5.306041689484136,0.9648,0.9653,0.9761,0.9762,5.472354339338056,5.287004599145988,5.244907116551143,5.489853736327008,0.9718,0.993,0.9937,0.9937,0.7587960999458951,0.758339077699504,0.7089859735058108,0.7577646312586774,0.9684,0.9812,0.9792,0.9794,11.913017903885542,11.749656202114387,10.419604041396385,11.956381003706692,0.9743,0.9887,0.9923,0.9923,10.458842758942502,10.413102503942769,7.785888359926015,10.459104600866546
47,0.96,0.9697,0.9713,0.9714,4.434475964683196,4.530964092933395,4.237219722526072,4.433067623473075,0.9822,0.9904,0.9953,0.9953,26.09047352562278,26.84107229913958,23.194529031568376,26.17438018352788,0.9571,0.9717,0.9748,0.9755,3.125988798942999,3.120506897432169,2.945943914802449,3.1495534281511284,0.9741,0.9821,0.9857,0.9857,8.78413423373682,8.662141457268131,8.516156361352726,8.79202221387589,0.9974,0.9985,0.9982,0.9982,9.250697804098358,9.590688916393004,7.793699826321751,9.26802372094127,0.9625,0.9728,0.996,0.996,8.546537364983,8.464360682045253,7.460432605215755,8.57159995066932,0.9867,0.9923,0.9959,0.9959,0.7846926626718033,0.7761966431883067,0.7503728823159638,0.7854040035142478,0.9862,0.9969,0.9986,0.9986,19.740426321484183,19.520923243877107,15.677552210098549,19.7419781177776,0.9918,0.9922,0.9982,0.9982,22.06545387818283,21.709803678669847,21.70962151876672,22.062841881779363
48,0.9857,0.9904,0.9885,0.9883,4.971319257428695,5.161585445083252,4.827442367071535,4.996354270457511,0.983,0.9892,0.9946,0.9945,24.980856910872006,25.13435582107176,23.734306604160867,25.192800929961265,0.9676,0.979,0.9878,0.9879,3.709136858629887,3.713080765512682,3.188703586165432,3.712945651494632,0.9639,0.9698,0.9797,0.9798,7.665176367130799,7.630968273530826,6.9428696463345885,7.668118916454057,0.9724,0.9797,0.9824,0.9824,6.096858529624262,6.2779219192061255,5.69436514492625,6.175805944276709,0.9805,0.9898,0.9954,0.9954,8.339816504229976,8.23312957694284,7.659225736548517,8.353101292984013,0.9902,0.9929,0.9951,0.995,0.7833942012984466,0.7552676303917988,0.7436515191140085,0.7839983123788588,0.9855,0.9932,0.998,0.998,19.161581787131656,19.03388347568957,17.193329768168518,19.18133258870976,0.9852,0.9909,0.9956,0.9956,13.619634841327317,13.52986019931236,13.196742027666804,13.638360876096232
49,0.9831,0.9904,0.9913,0.9911,5.292763121645735,5.148251109750509,4.887066160718742,5.273991424869508,0.9805,0.9863,0.988,0.988,21.84054690145104,21.174597399859724,20.343728567873946,21.85493558289152,0.9754,0.988,0.9878,0.9878,3.68261720711488,3.754298463763507,3.391285322504767,3.6884600024311904,0.9321,0.9485,0.9883,0.9883,9.172525676104,9.160431847923295,6.887746243246606,9.174834575984086,0.9838,0.9913,0.989,0.9888,6.40400646168091,6.777397763012341,5.916095860632174,6.401719065939154,0.9667,0.9924,0.9972,0.9972,9.16165612514335,9.065513127170064,7.946244166098267,9.178328354132375,0.9701,0.9765,0.9862,0.9859,0.683928221242549,0.6586103638176566,0.6436814852604911,0.6831067647911835,0.9499,0.9755,0.9949,0.9949,15.865791251905856,15.82354186666571,13.95546493944629,15.883543818990706,0.9771,0.9871,0.9985,0.9985,24.9868412029191,24.92607430651358,15.883826533827428,24.98437347269446
50,0.9755,0.9804,0.9819,0.9831,4.717155320222499,4.724493227060179,4.491476131484319,4.748749005748328,0.9291,0.9468,0.9417,0.9419,15.983048008724442,16.36827684399024,15.18250467098257,15.97814820848554,0.9907,0.9954,0.9973,0.9973,5.182160097433443,5.194156309384873,4.713926065737178,5.16792803321684,0.982,0.9858,0.9853,0.9853,8.736363938701945,8.709213260531337,8.325693707175322,8.751311085641671,0.9835,0.9925,0.9885,0.9892,6.117190259551222,6.5565999386374285,5.67088509784978,6.146175806026044,0.9594,0.9776,0.9878,0.9879,6.573206973953141,6.51986563698451,4.962810994555053,6.578322960081606,0.9658,0.9813,0.9968,0.9968,0.8093170783616033,0.8015068138515409,0.7137270677809125,0.8056006245167364,0.9547,0.9607,0.9914,0.9919,14.738256625321338,14.423877841426542,13.787007913732603,14.869688799211682,0.9768,0.9857,0.9967,0.9967,16.80937767798116,16.724453684374765,14.569626611787804,16.820016609485787
51,0.9748,0.9841,0.9851,0.9837,5.620443481816702,5.843836458055592,4.841972610806813,5.622889801593528,0.9615,0.9814,0.9802,0.9821,20.18636222507429,20.859288804987223,18.50327309218043,20.440606787940357,0.9663,0.9798,0.9785,0.979,3.235512115238585,3.265167524019112,3.093270921506367,3.2599943294950573,0.9462,0.9573,0.9599,0.9599,5.699780708121801,5.706321889152177,5.141776479187596,5.701172425198816,0.9941,0.9972,0.995,0.9952,7.232468849601052,7.672413922216664,6.834402295427974,7.256632760400549,0.9667,0.9735,0.973,0.9732,5.212530210747376,5.154424162429355,4.768518170952644,5.224948306724844,0.9787,0.9863,0.9857,0.9856,0.6876316447207913,0.6661110450285646,0.6436911769193256,0.6872250962371218,0.969,0.9777,0.9794,0.9802,12.142001961090026,11.751712052026118,11.252886724190214,12.217276210821236,0.9656,0.9777,0.9882,0.9882,8.396068985632,8.245957381950177,8.222036398738474,8.40017038501981
52,0.9586,0.9788,0.9742,0.9744,4.497106648637871,4.759574213592569,4.090430858620586,4.496050278692016,0.9825,0.9889,0.9919,0.9916,23.267292650702316,23.738802006362505,21.94254461987846,23.255128547665212,0.9614,0.986,0.9942,0.9946,5.143508169504754,5.239318560898626,4.4607484043225405,5.147901139747466,0.9896,0.9956,0.9967,0.9967,15.227504440631126,14.980577890767156,14.88191627921142,15.246037053148855,0.9884,0.9912,0.9895,0.9895,6.224628991403078,6.425384625961898,6.084510673161049,6.206196659832073,0.9721,0.9791,0.9939,0.9939,7.942881660890502,7.829437243356405,6.771444360251039,7.954477549057494,0.9941,0.9967,0.9968,0.9967,0.8069838547658699,0.795038396451702,0.757918700409927,0.8070433954107868,0.9711,0.9809,0.9852,0.9852,12.530819772318146,12.334982853504528,12.049125430858028,12.551479811251388,0.9857,0.9877,0.9915,0.9915,9.853331820990098,9.793373743745548,9.621747200772347,9.8707746919178
53,0.9546,0.966,0.9694,0.9679,4.385874658795501,4.335315910069674,4.115559875490948,4.354578217826649,0.9611,0.9679,0.9806,0.9799,20.554377549935403,20.109625421126008,19.362339459935416,20.532664384247997,0.9632,0.972,0.9931,0.9931,4.218107409386054,4.120918761754598,4.020303359115079,4.217331797328228,0.9778,0.9922,0.9995,0.9995,24.875280478295945,24.923065343101072,16.482263887389294,24.867296174558547,0.9784,0.9844,0.9811,0.9818,5.945427389997253,6.072773556699109,5.807497922622396,5.9716421444116925,0.9916,0.9947,0.9999,0.9999,14.136725505608585,14.016212209706458,13.618305863292894,14.153611560269605,0.9683,0.9901,0.9968,0.9968,0.7999201856524595,0.8005590865903796,0.6996591826049499,0.7989652073147422,0.9366,0.9519,0.9555,0.9556,9.59296102414649,9.55520122157517,9.027616135547012,9.607151039948151,0.986,0.9918,0.9951,0.9951,13.07677005899131,12.997823806365137,9.734690221934605,13.08285112395677
54,0.9697,0.9831,0.9777,0.9808,4.609064676466794,4.741388759569313,4.332384093235175,4.69217787636145,0.9623,0.973,0.9782,0.9774,20.07145810105107,19.78910443915208,19.06052206054771,20.01994408969643,0.9863,0.9933,0.9942,0.9942,4.3434649293836936,4.228039191836352,4.178706289142646,4.349538235069873,0.974,0.9779,0.9857,0.9857,8.796457641674044,8.79199211259797,8.104500043848473,8.794979380948153,0.9778,0.9861,0.9827,0.9834,5.69339348332266,5.967312989221547,5.479702303646333,5.770084244586743,0.9825,0.9865,0.9954,0.9954,8.307958431636955,8.200753367049112,7.301279094197764,8.321903646052276,0.9788,0.9827,0.9937,0.9935,0.7705884509633001,0.7216826316542009,0.7191727580923184,0.768537839866148,0.9841,0.9892,0.9965,0.9965,17.39611687192817,17.248370408159865,14.709445334308102,17.408014579659362,0.9632,0.967,0.9773,0.9773,5.76155642053982,5.72571453701706,5.2242887506703,5.770220955656102
55,0.9683,0.9803,0.9814,0.981,4.730612203621334,4.727536421161497,4.404559121149337,4.739081805572292,0.9745,0.9816,0.9909,0.9902,22.589199806018325,22.75873820143718,20.479038282455985,22.53416506842774,0.9818,0.9898,0.9918,0.9918,4.111166449329647,4.148809717903248,3.577502750608274,4.109144633384723,0.9596,0.9617,0.964,0.9641,5.960921743998226,5.822652135092552,5.762684674369176,5.968249888471805,0.9801,0.9887,0.9854,0.9852,5.9744829084664905,6.283823320319094,5.522949539947856,5.963844856662872,0.9895,0.999,0.9999,0.9999,14.165061020973836,14.016239432454809,11.077571732510824,14.18381753565701,0.9874,0.9913,0.9997,0.9997,0.8997888990525968,0.895463816561305,0.8255327491418705,0.8974065851973261,0.981,0.9844,0.9882,0.9882,13.394471393088686,13.304136489110183,12.346379477040967,13.40031971704349,0.9654,0.9707,0.9923,0.9923,10.4797452810693,10.403853372244091,7.951030176241264,10.485893445078858
56,0.9377,0.9414,0.9631,0.9636,4.152858273740267,3.823392439326796,3.749514157219009,4.159259838439187,0.986,0.9905,0.993,0.9928,23.02440303664593,23.06230475031012,21.9734106273836,23.078075267086824,0.9937,0.997,0.9973,0.9973,5.161998051941373,5.215249092899519,4.894257728237432,5.161358534946633,0.9578,0.9588,0.989,0.9892,9.472424232463954,9.236207212494874,9.154756306327656,9.497128363976216,0.9832,0.9878,0.9848,0.9847,5.823736208856688,6.13737025488239,5.688020244104825,5.827105228591827,0.9835,0.9849,0.9983,0.9983,10.775651247651334,10.635946398443563,9.319675764797775,10.79551329209375,0.9626,0.976,0.9771,0.9765,0.6497816226811837,0.633857761798113,0.5839670032247646,0.6479793052653018,0.9713,0.9792,0.9811,0.9812,11.983094451431995,11.62497507522349,11.530897429916983,11.9992858449012,0.9767,0.9791,0.9961,0.9961,15.054947890792295,14.965844117745077,13.017042113555856,15.066559831922772
57,0.9824,0.986,0.985,0.9852,4.923319019897795,5.003272584252947,4.820370866064249,4.948498646438647,0.959,0.9669,0.9754,0.9744,19.26407810354165,18.49948220643845,17.921748527308313,19.15783206340952,0.9557,0.9625,0.992,0.9921,4.050202387738275,4.065130408551161,3.686598554094034,4.053736190269192,0.9779,0.9853,0.998,0.998,16.684394952595774,16.6394628928876,11.582032936701385,16.685431592599134,0.9707,0.9803,0.9766,0.9762,5.373204441070278,5.627155961050541,5.178641407183156,5.3766455791451415,0.9424,0.9589,0.9812,0.9815,5.878664946169246,5.818021516297239,4.916207868414444,5.887679383158162,0.9805,0.9898,0.9944,0.9944,0.778496748699666,0.7674111033731001,0.7146600711364839,0.7775024758221794,0.9629,0.9666,0.9973,0.9973,17.996227832165275,17.858521729510816,15.476277540406231,18.017160990574443,0.9806,0.9861,0.9972,0.9972,18.914770508425768,18.818039759963344,14.879594873195314,18.92615197531632
58,0.9776,0.9805,0.9861,0.9857,4.840033231570351,4.668348241445443,4.546568046968361,4.826529293996541,0.9852,0.9918,0.9915,0.9907,24.501944793622,25.010453644010692,23.84702523810244,24.501311464362523,0.9828,0.9852,0.9891,0.9895,3.919700500182784,3.888573977749224,3.717697164212684,3.927488933149284,0.9665,0.9818,0.9833,0.9834,8.30369340268398,8.348914098058167,7.286040590761606,8.310434536707591,0.993,0.9946,0.9936,0.9937,10.404863668619008,10.791265413255209,8.488530535630566,10.409985616346876,0.9883,0.9929,0.9954,0.9954,8.337186570806745,8.241399853212732,7.055443761005379,8.348670069748712,0.9417,0.9625,0.9898,0.9894,0.7025348798916954,0.7010142848710642,0.6289478632343193,0.6995428605586141,0.9685,0.9834,0.9939,0.9939,15.427942190717722,15.404526554544429,12.98248480411762,15.421512518815522,0.9532,0.977,0.996,0.996,14.124697289244557,14.084163512103297,10.276349038889798,14.128888750596426
59,0.9899,0.9915,0.9915,0.9919,5.248898333527768,5.377633594991808,5.110945167465685,5.329992749629415,0.9882,0.9892,0.996,0.996,25.704928330297196,24.961581072854276,24.89986805365852,25.69052351688905,0.9909,0.9988,0.9991,0.9991,6.418212880188349,6.478832801763939,4.843722983269156,6.415536596332596,0.9907,0.995,0.9977,0.9977,16.12145441467175,16.113451774774127,11.91981088357373,16.10775006309922,0.9833,0.9877,0.9865,0.9863,5.927658852168532,6.124867561500324,5.671464286083293,5.907247268748059,0.9759,0.9947,0.9954,0.9954,8.205479762609727,8.131783725749534,7.606569581489079,8.214543813811373,0.989,0.9924,0.9926,0.9926,0.745605233349319,0.7212389261436818,0.7160461473289909,0.7452762972764124,0.9775,0.9848,0.9894,0.9895,13.756624234634568,13.687267614854433,12.619978044433152,13.80069858987794,0.9748,0.9926,0.9979,0.9979,21.67560747668013,21.592280779886757,16.33146734456649,21.684902389547737
60,0.9794,0.9875,0.9834,0.9833,4.736092394019337,4.927290988618462,4.598625021891088,4.727168489591124,0.9873,0.9915,0.9955,0.996,24.654084988949897,24.00350344255425,22.89363640384545,24.723344980252577,0.969,0.9745,0.9726,0.9735,3.112299052984961,3.080485022887487,2.9592895658809955,3.121152047122053,0.9608,0.9685,0.9963,0.9963,14.694104232746133,14.630558866835962,10.573172218610743,14.706931076841151,0.9586,0.9631,0.962,0.9628,4.831994355127353,4.841071245072921,4.702658455563174,4.8494979360433526,0.9605,0.9659,0.9998,0.9998,13.813887981011064,13.69855113793437,12.24249468937392,13.844134947943193,0.9723,0.9754,0.9946,0.9945,0.7787169199977507,0.7290260820234747,0.7278748421977672,0.7761271499703422,0.9629,0.9656,0.9801,0.9804,11.957950608296018,11.616888328900222,11.370158367074104,11.996680436034817,0.98,0.9944,0.9941,0.9941,12.35257165701772,12.282830284728668,9.408908014202575,12.360062906687851
61,0.9414,0.9623,0.9675,0.9664,4.269725507157402,4.243443446633289,3.847321755550365,4.244434032506582,0.9715,0.9779,0.9829,0.9826,21.194731734528315,21.36032228439688,20.358346292039624,21.271433071017945,0.9651,0.971,0.9726,0.9737,3.116060070448938,3.0704539609671664,2.9418177415143067,3.126286843062445,0.9367,0.9383,0.9617,0.9618,5.733041015515754,5.5601588459401015,5.537952024492679,5.7432123100860455,0.9932,0.9962,0.9941,0.9941,7.104724680443628,7.437711653588185,6.975241559279106,7.114472555375855,0.9884,0.9958,0.9978,0.9978,9.688958363136791,9.589718388506546,6.911121165188277,9.70707439723895,0.9771,0.9823,0.9784,0.9781,0.6522057747034102,0.627755820971748,0.6067081572804932,0.6499187660553893,0.9638,0.9746,0.9882,0.9884,13.528746295333251,13.238404712695193,12.750538992716429,13.623426332255107,0.9505,0.9638,0.963,0.963,4.338035006927673,4.307003876670544,3.9276940205580777,4.343802738840955
62,0.9896,0.9968,0.9941,0.994,5.348880917560451,5.631636579287473,5.05738191626892,5.3448861476881655,0.9704,0.972,0.9789,0.9786,19.9014904228653,19.12123772409364,18.829975912321316,19.87405041934774,0.9893,0.9937,0.9947,0.9947,4.533262720855002,4.5652380085129325,4.326389654240412,4.537247113261629,0.9826,0.9838,0.9991,0.9991,19.62641322361749,19.57505047121136,16.544171445762224,19.634214892418168,0.9757,0.9863,0.9839,0.9838,5.724860128534878,6.026186870097189,5.33364077403642,5.757906948204468,0.9709,0.9806,0.9865,0.9866,6.506154126542578,6.426610169030903,5.425886703977183,6.512542513904847,0.9689,0.9755,0.9879,0.9878,0.7075484769643885,0.6930467072590181,0.6421510946734936,0.7057239958896389,0.9832,0.9849,0.9997,0.9997,29.72876223880583,29.522253769217077,21.581305368372977,29.768716630502222,0.9588,0.9593,0.9607,0.9609,4.181484808093493,4.086495307101829,4.068953070987812,4.190971627528368
63,0.9494,0.9525,0.9616,0.963,4.288089114322556,4.24029398169022,4.11873377549006,4.302122303687292,0.9876,0.9935,0.9984,0.9978,33.61639893472863,34.12326147834944,26.13560690210939,33.50711490373172,0.967,0.9705,0.989,0.989,3.8338669185805303,3.8216270833760673,3.621812431800326,3.8390394432980246,0.9588,0.9685,0.9853,0.9854,8.689653123296116,8.64277388096783,8.196120130980992,8.710081045854725,0.9852,0.991,0.9892,0.9901,6.19451696926896,6.386939364584842,5.8239225491590645,6.267416504713875,0.9672,0.978,0.9866,0.9869,6.585086985765141,6.426562789022137,6.300018550733905,6.6068923649757565,0.967,0.9699,0.9761,0.9758,0.6342686106880353,0.5827399211843193,0.5818811505543631,0.6321317948358394,0.9677,0.9845,0.9852,0.9853,12.571936810636243,12.544268568580764,11.350338640654403,12.64763758501287,0.9687,0.9811,0.9919,0.9919,10.259609034924951,10.205568341980454,8.917112452680882,10.26856032172507
64,0.9599,0.9607,0.9778,0.9783,4.564161986367752,4.159764625438044,4.141346023438135,4.569729328717985,0.9767,0.9805,0.9904,0.9896,26.62430389473323,26.906262482976334,23.01898855915933,26.531476531172306,0.9756,0.9786,0.9788,0.979,3.3628953085210034,3.248681850958074,3.1666561939265154,3.365585630279884,0.9692,0.9761,0.9784,0.9784,7.373881887995815,7.393676467768255,6.9266140510331695,7.374218171770043,0.9913,0.996,0.9939,0.9937,6.829808076562712,7.316299056129088,6.44591755033658,6.864189182188913,0.9945,0.9986,0.9997,0.9997,13.524702590641247,13.430199371891778,11.25235430841556,13.541989579478669,0.9526,0.972,0.978,0.9774,0.6364827735447656,0.6131034162854332,0.5972581500774944,0.6334733843414313,0.9657,0.9749,0.9896,0.9897,13.759730784162064,13.764514256432228,12.200816474407594,13.762084797741206,0.958,0.9694,0.973,0.973,5.248694253342434,5.217428540288794,4.779836982493594,5.255392263679292
65,0.9696,0.9813,0.9815,0.9796,5.2613928531163285,5.433566618936115,4.980049451611121,5.274544671083605,0.9741,0.9832,0.9881,0.9881,21.665039276637863,21.70775380825345,19.814501716125665,21.659848750048923,0.9845,0.9893,0.9899,0.9899,3.965898573476008,3.901061996780797,3.805540671056432,3.970332361875044,0.9612,0.9659,0.9823,0.9823,8.103077400159712,7.877111112379465,7.769402758424874,8.109903348980058,0.9857,0.9901,0.9895,0.9894,6.210281406227624,6.246671682263245,5.838847332733527,6.186079399743591,0.9166,0.933,0.9737,0.9739,5.237811168783505,5.184497111946626,4.928081502125346,5.245195856935553,0.9653,0.9711,0.9905,0.9904,0.7296007780002989,0.7082170053380901,0.6826206727957171,0.7285124758931025,0.9757,0.9844,0.9909,0.9909,14.284713672985248,14.154079820785896,13.640247928572226,14.313704471977491,0.9551,0.9572,0.9647,0.9647,4.482439785420165,4.439401425183596,4.280451157735244,4.489696152890098
66,0.9733,0.98,0.9771,0.9774,4.579014867869729,4.691786451805173,4.445810603028127,4.584548592172306,0.9665,0.9739,0.9773,0.9776,19.685381168528068,19.17888866443206,18.28083989954338,19.765603789890783,0.9733,0.9783,0.9824,0.9825,3.43761155756648,3.3084869483647728,3.2586428906169047,3.438632445139176,0.929,0.9362,0.9515,0.9521,5.1945410105887815,5.12234000141964,4.889934284969881,5.223842679852239,0.9886,0.9921,0.9908,0.9906,6.348817276103343,6.623312926194143,6.060358722524373,6.3456644679602805,0.9604,0.9732,0.9726,0.9726,5.135981353503046,5.092711171240832,4.773731839830368,5.14473425081,0.9743,0.9795,0.9833,0.9827,0.6824454925401227,0.6258395058331849,0.6116363064972994,0.6791208250869047,0.9646,0.991,0.991,0.991,14.457284092199927,14.350820875720654,11.007811045817949,14.44951525243935,0.9881,0.9936,0.9991,0.9991,32.680381001003376,32.539274267860954,20.421517811921056,32.687007769172034
67,0.9723,0.9789,0.9813,0.9803,4.764862426090109,4.73495250710934,4.460183136189526,4.723967205224058,0.9603,0.9656,0.9834,0.9841,21.103644478742797,20.804037719184397,19.569147970939703,21.286154759724084,0.9852,0.9875,0.9871,0.9873,3.699030755318717,3.6245038874528688,3.549207314343476,3.704386279153463,0.9489,0.9588,0.9617,0.9622,5.891014301888427,5.86589623251688,5.493760978986918,5.903819126929436,0.9665,0.9733,0.9687,0.9692,5.09679465788399,5.239675754590678,5.016196171370375,5.105829978759509,0.9787,0.9897,0.9913,0.9913,7.291009179291861,7.025355629526886,7.025157011044053,7.289230861297335,0.9645,0.9689,0.9933,0.993,0.7618441563570219,0.745561152062883,0.6941880735862336,0.7596227076358938,0.9775,0.9823,0.9878,0.9878,13.272932693043144,13.155856139546907,12.667250307531152,13.280824948137678,0.9817,0.9884,0.9898,0.9898,9.420548781650242,9.395185933462916,7.701922637687956,9.419985655785444
68,0.9741,0.9805,0.9814,0.9813,4.775707211093817,4.86285783823835,4.600550302439439,4.799792225187214,0.9703,0.971,0.9738,0.9727,19.02428827807305,18.80758303319839,18.696227269274505,18.979474164263703,0.9754,0.9855,0.9834,0.9838,3.5569786116329465,3.560675994990451,3.2297078405885484,3.561671090758878,0.9825,0.9849,0.9904,0.9905,10.14782937522068,10.226232885642013,9.267788145433869,10.144612622617256,0.9641,0.9785,0.9736,0.9735,5.2475202456150045,5.43378619956724,4.911993797622507,5.256717128021533,0.9889,0.995,0.9984,0.9984,10.976937747663802,10.873903815635416,8.403863077789554,10.99523662498275,0.9898,0.9946,0.9973,0.9973,0.8208622600085147,0.811557126158837,0.7756308583427918,0.8199349848809727,0.939,0.9488,0.9875,0.9878,13.159481702702122,13.063047521538646,11.95807102864887,13.212302391116385,0.9757,0.9779,0.9824,0.9825,6.603252177056294,6.554070454553795,6.162056973297688,6.603818812971792
69,0.969,0.9851,0.9824,0.9833,4.702080109151369,4.800355462240383,4.292548813180045,4.71583882274231,0.9668,0.9781,0.9786,0.9786,19.837303093101717,20.0338313338505,18.348495686763705,19.85816261799606,0.9856,0.9991,0.9995,0.9995,6.7602165474362605,6.855921915115594,5.204604867275637,6.7508076955795815,0.9761,0.9884,0.9884,0.9884,9.289311068750006,9.348321354490004,8.47022136014116,9.281759121214275,0.9576,0.964,0.968,0.9687,5.111976032212359,5.061508468168458,4.836379205498776,5.108916995524282,0.9692,0.9801,0.9825,0.9827,5.977242596360116,5.9054142494597,5.054247727137402,5.989048466402721,0.9309,0.9536,0.9993,0.9993,0.8708597071429481,0.8683035295727458,0.7440328945935637,0.8706323017328532,0.9792,0.9866,0.9941,0.9941,15.730583685475224,15.584358581287614,13.18841915382117,15.74599692013678,0.9937,0.9953,0.9996,0.9996,52.47366584766464,52.3253230156104,33.22531458526951,52.47926910754669
70,0.9832,0.9881,0.9868,0.9871,5.480967502265956,5.71981291557756,5.265869614565784,5.494217343307701,0.9666,0.9733,0.9847,0.9846,21.09319963053826,20.325843536422656,19.831839065461573,21.13956663795243,0.9496,0.9517,0.9806,0.9807,3.3327443662660774,3.189732982792159,3.114970495778706,3.3317134613097816,0.984,0.9868,0.9936,0.9936,11.658517082408508,11.648019194337715,11.161408592367932,11.643992116388,0.9826,0.986,0.9853,0.9853,5.805491625839706,5.858325858731233,5.648210865991146,5.809598082353487,0.9501,0.9566,0.9664,0.9666,4.796345778285182,4.724570872700907,4.516567339874172,4.807438192161038,0.9911,0.9947,0.9937,0.9937,0.7589832990327692,0.7524474497774077,0.7160318641864762,0.7588042576413083,0.9823,0.9882,0.9933,0.9933,15.13796630551852,14.671893130376564,14.499992912067476,15.173635953497032,0.991,0.9965,0.9979,0.9979,21.717810835657463,21.616973080556324,16.196653892678086,21.71787504055536
71,0.9754,0.9782,0.9801,0.9798,4.621710948450339,4.570192831308482,4.473650607847773,4.607081842155289,0.9908,0.996,0.9978,0.9976,26.45681414493773,27.090838742955757,24.8199395852292,26.390217517048384,0.9913,0.9934,0.9995,0.9995,6.878510136905036,6.910398026749757,5.944246490305806,6.87805016344147,0.9869,0.9908,0.9962,0.9962,14.543545928192978,14.548595794682598,10.945361940246835,14.5427418041048,0.9928,0.9956,0.9943,0.9942,8.340185278045087,8.890721215498713,7.471642434598487,8.344966558461955,0.9762,0.9946,0.9993,0.9993,12.346500581351354,12.249631391156608,8.844109403867707,12.36140789766253,0.9769,0.9881,0.9901,0.9901,0.732419775912084,0.6681835703903185,0.6622342522526816,0.7302809769919241,0.9701,0.9824,0.9892,0.9893,13.718483361779144,13.68235684413517,12.764733596825351,13.73877486215509,0.9914,0.9978,0.9991,0.9991,32.68030078538825,32.5417624834943,24.90768362739129,32.68630849881397
72,0.9816,0.9918,0.9866,0.9867,4.930451583445571,5.2079796085895005,4.732316183865751,4.9256882775074375,0.9856,0.9899,0.9917,0.9921,22.781284674557437,22.31282756843408,21.688567632797984,22.88996371946667,0.9914,0.9975,0.9982,0.9982,5.5778804473283286,5.6145900840488565,4.364848075556419,5.57727329943893,0.9853,0.9905,0.9905,0.9905,10.267864834783282,10.283334255716166,9.14645379682548,10.26959068909549,0.9714,0.9752,0.9734,0.9735,5.355838093854043,5.404630769808563,5.273483834125091,5.357977039885112,0.9425,0.9469,0.9684,0.9687,4.916768570050524,4.846549337818568,4.616517386156301,4.928725261427525,0.9643,0.9808,0.9958,0.9955,0.7824863847379768,0.7791778511957039,0.7003131393385671,0.7807006948210222,0.9256,0.9372,0.9939,0.994,15.336056528434828,15.249244369367204,12.639875741910013,15.34661169541908,0.9859,0.9924,0.993,0.993,10.945185394476333,10.872837418018287,10.153462114816168,10.963302846586652
73,0.9815,0.9884,0.9894,0.9891,5.2432790935449765,5.405507565211851,4.701197201959747,5.256290398916628,0.9844,0.9908,0.9911,0.9909,22.51922388579179,22.33818649850218,21.535501057536585,22.46741821868597,0.9879,0.9902,0.9951,0.9951,4.656993266891961,4.662423543282105,4.286868167257635,4.667946941096691,0.9964,0.9994,0.9994,0.9994,21.9753289781853,21.947001935185664,15.174362723133472,21.96940985064916,0.9337,0.9428,0.9492,0.9482,4.52731074761738,4.435435701486329,4.3035761363719445,4.50481198593976,0.9735,0.9939,0.994,0.994,7.865208115942006,7.802159862953575,6.758155046520251,7.875544124256042,0.9536,0.9704,0.9823,0.9821,0.6610858484220814,0.6244996817686137,0.6098627289555077,0.6596385833704053,0.971,0.9727,0.9748,0.9749,11.19901969287882,10.631808070927972,10.536440019191282,11.226327020296369,0.9835,0.9907,0.9917,0.9917,10.01575866950186,9.85871195017483,9.78107410260395,10.02260857358248
74,0.9702,0.9749,0.9811,0.9818,4.707859993137653,4.458572097835816,4.319937708230242,4.721181793953769,0.965,0.9785,0.9789,0.98,19.91513260763329,20.175846781163624,18.218659336256383,20.134871925918134,0.9723,0.981,0.9948,0.9948,4.493510560065798,4.525346520070032,4.210037550072622,4.493827926574083,0.9693,0.971,0.9999,0.9999,39.23270592379977,39.12440409759464,24.20881969681123,39.23179874534187,0.9957,0.9972,0.996,0.9962,7.813113988877161,8.215563633033973,7.276832308588821,7.822331911918371,0.9646,0.9689,0.9934,0.9934,7.689012252213574,7.584669692008055,7.098232321993687,7.704691765193838,0.9822,0.9932,0.9929,0.9929,0.7626372031819606,0.7519469458193103,0.6898492801330062,0.7577905887755267,0.9937,0.9972,0.9994,0.9994,22.287701690039604,22.094266941009906,17.923633263736576,22.30875016694005,0.9826,0.9887,0.9995,0.9995,42.6069061080127,42.43148966183174,24.44086835487637,42.61648511701693
75,0.99,0.9926,0.9925,0.9925,5.875807097101426,6.104710891596994,5.400699858427638,5.8926581255837,0.9842,0.9896,0.9968,0.9974,25.938312268651515,26.35527731566919,23.712057499545917,26.154449569728847,0.9716,0.9754,0.9801,0.9806,3.3651786623199444,3.290173153614199,3.16367652236286,3.383279335798292,0.987,0.9977,0.9988,0.9989,18.25947188576139,18.278708760893025,13.785831341903348,18.264075496966655,0.9627,0.9674,0.9748,0.9751,5.381303813271791,5.212796134091544,5.012941424777217,5.39323444338926,0.9556,0.9671,0.9651,0.9654,4.7623968346449335,4.694367965714925,4.269495741150337,4.770164853520808,0.9685,0.9704,0.9979,0.9979,0.8400143932340975,0.8221747430330851,0.7810035289246753,0.8396827678692532,0.9719,0.9779,0.9955,0.9955,16.319393882727987,16.213159657158606,14.800801763053624,16.328467341790205,0.973,0.98,0.9949,0.9949,12.96972970029574,12.930981196682684,9.376827998822082,12.967945754399937
76,0.9844,0.9907,0.9897,0.9896,5.350212514037672,5.604418830186384,5.056440930317802,5.35924192265878,0.938,0.9521,0.9736,0.9736,20.802954428432948,20.40700753507377,19.73118424299312,20.832548925449863,0.962,0.9657,0.9855,0.9862,3.590295861178964,3.4847375185019613,3.3648206202834223,3.605243861616664,0.9834,0.987,0.9909,0.9909,10.316976611724138,10.331448893124533,9.642110301766149,10.309330250643246,0.98,0.9842,0.9818,0.9816,5.918290761292397,6.158714219833716,5.7197125054569975,5.89473674616972,0.9777,0.9824,0.994,0.994,7.909990266171894,7.828410821209286,6.762982753687703,7.922151210008599,0.9894,0.991,0.9968,0.9968,0.8187575294890488,0.7908522131608046,0.7626421408575886,0.8169179664056234,0.9717,0.9798,0.9941,0.9941,15.693628754592623,15.515949993192343,14.8381370975334,15.7092830192755,0.9588,0.9809,0.9983,0.9983,22.94306831551943,22.851553715065016,14.708799722519084,22.943290904144103
77,0.9828,0.9906,0.9914,0.9913,5.1828547653449455,5.097609381072831,4.805553160587508,5.150033934532971,0.9736,0.9854,0.9846,0.9851,20.92483255042621,21.069335737951334,19.618273723734937,21.02721147818904,0.9876,0.989,0.9926,0.9929,4.161779670546534,4.144279502996966,4.022049918235759,4.183567143329931,0.9926,0.9945,0.9994,0.9994,21.945211193048443,21.90202022029106,16.39499105043952,21.9545565820868,0.9643,0.9692,0.9728,0.9727,5.305825544422756,5.369223700797326,5.009513636159209,5.29589380408947,0.9687,0.9778,0.9954,0.9954,8.303396745263079,8.198146639121031,7.008981032988759,8.325015489378691,0.9844,0.9872,0.9894,0.989,0.7141371728885679,0.6645794280400822,0.6584677832539436,0.7120176463208119,0.9854,0.9904,0.9925,0.9929,14.934099638762618,14.741164227968572,14.10653289684254,14.974349297549075,0.9649,0.971,0.9895,0.9895,9.264545381253832,9.207489088216107,7.751885162820827,9.273856892806004
78,0.9444,0.9523,0.9671,0.9675,4.447065815561163,4.3074504211425015,4.123424268757442,4.44422641464906,0.9834,0.9936,0.9929,0.9925,23.191103203480715,23.9180669419044,21.299890830246945,23.224140804093803,0.9897,0.993,0.9962,0.9962,4.874610008791656,4.898801523038017,4.533955796246598,4.8748040155787935,0.9894,0.9958,0.997,0.997,15.248332139422743,15.300519378252678,10.54558840174502,15.240094647117584,0.9904,0.994,0.992,0.992,6.719768793971124,7.112760715158432,6.358635331723853,6.750886087541311,0.9492,0.9619,0.9979,0.9979,9.9958635706475,9.89109570629462,8.13771467683261,10.008261298208495,0.9799,0.9834,0.9942,0.9942,0.7769217997064817,0.7398384721729716,0.7290298671694264,0.7768718653099155,0.9488,0.9711,0.9721,0.9722,10.951103754632664,10.926812294745272,10.041378402598372,10.966153659484274,0.9865,0.9933,0.9935,0.9935,11.352666355252309,11.308134224939764,8.484745746782561,11.355472865840497
79,0.976,0.9837,0.9862,0.9862,4.918908091747487,4.842531391848468,4.591637880890243,4.900292122093392,0.9731,0.9748,0.9926,0.993,23.48250370753362,22.468132996632374,22.075693920414853,23.619673076688272,0.9821,0.9895,0.9924,0.9924,4.199772929166505,4.217493604663008,3.82488664216386,4.195140937550403,0.9783,0.9823,0.9976,0.9976,15.968040838651552,15.851910568671322,14.095032232205549,15.991291119042904,0.9639,0.9798,0.9722,0.9735,5.236890461036301,5.5551142071234,5.018499050018734,5.271237390450574,0.9856,0.9895,0.9906,0.9906,7.102999330265705,7.013653740579635,6.485288135662143,7.117304402545437,0.9879,0.9918,0.9968,0.9967,0.8094499750604339,0.7889370935428872,0.7613536511634231,0.8097498382610472,0.9761,0.9782,0.9978,0.9979,18.823852299377084,18.63874246092135,16.492211347453374,18.87413118017901,0.969,0.9844,0.9997,0.9997,53.4206329208688,53.26353115458934,37.53956448372546,53.42741715698567
80,0.9777,0.9803,0.9844,0.9844,5.13889648420736,5.239166528229701,4.889545008754313,5.156982712638961,0.9803,0.986,0.984,0.9843,21.06447970206693,21.42976467895512,20.20993217644939,21.058140334183623,0.9589,0.9627,0.9999,0.9999,9.33331874775088,9.297503731423877,6.395763197286351,9.336263905906142,0.9931,0.9948,0.9995,0.9996,25.32355830867937,25.27330039346042,23.034100513837117,25.32737467706429,0.9717,0.9787,0.98,0.98,6.157055728369191,6.345079764781605,5.584846126650476,6.199327499309224,0.9651,0.9868,0.988,0.9884,6.617810685983809,6.520012829745846,6.418322699414353,6.642039537911203,0.9569,0.9631,0.9945,0.9944,0.7698039262873451,0.7592941776731335,0.6902454140701099,0.7667180559801551,0.9966,0.9992,0.9998,0.9998,32.45544480908533,32.31014949383445,22.310337218924698,32.47037253646893,0.9747,0.9794,0.9985,0.9985,25.15409339828097,25.059354098517964,16.046681864343444,25.153960247237336
81,0.9737,0.9809,0.9846,0.9842,4.836493560631574,4.781880959288247,4.507779762820079,4.827950084342737,0.9692,0.9841,0.9789,0.979,19.92912779683696,20.832511823721624,18.65356257477051,19.953280804582253,0.9743,0.9855,0.9962,0.9962,4.8603696268402885,4.869461689111613,3.8349837135392697,4.872463029478586,0.9665,0.9854,0.9905,0.9906,10.182172438812888,10.228300821219015,8.728721501858619,10.18733913755704,0.9917,0.9947,0.9927,0.993,8.05225638327589,8.515538938581951,7.338941080320557,8.047749665905743,0.9824,0.9877,0.9989,0.9989,11.837448449449436,11.721385300831876,9.545282646533666,11.846909660758458,0.9813,0.987,0.991,0.991,0.7339778676894172,0.7234922999675756,0.6895577414674984,0.732619208287808,0.9819,0.9928,0.994,0.9941,15.62355512336538,15.4948606481744,13.962778808100763,15.677783814120133,0.9813,0.988,0.9993,0.9993,38.42590354651273,38.279965740231496,25.71059843848101,38.44196343340979
82,0.9864,0.993,0.9917,0.9917,5.167318743898608,5.297279266715988,4.848936185693988,5.197046549391871,0.9845,0.9856,0.9963,0.996,26.79428370591127,26.33525737267009,25.61175995798412,26.80545687326591,0.9937,0.9972,0.9973,0.9973,5.265662856133015,5.279033325696451,4.371856652963893,5.267725437611332,0.9755,0.9807,0.9827,0.9827,8.285077927437143,8.223487703695653,7.945463132520863,8.307123763330331,0.9544,0.9592,0.9659,0.9666,5.085317235023128,5.01079817174684,4.822161255819255,5.11337678520986,0.9832,0.9875,0.9984,0.9985,11.13143166918442,11.008787902288685,10.085528110205727,11.149042625214078,0.9286,0.9482,0.9677,0.9671,0.597668955663333,0.5677513729899417,0.5588667443883804,0.5958183885934254,0.9534,0.9693,0.9945,0.9949,16.04621704248435,15.683171465714722,15.219140721410588,16.117931128162283,0.995,0.9981,0.9979,0.9979,21.73781579620725,21.617467341879493,16.728100734021712,21.74235713200179
83,0.9531,0.9629,0.973,0.9726,4.411047610689817,4.190100459566773,4.0484182560234725,4.404313026041428,0.975,0.9772,0.9828,0.9831,20.82956026998063,19.898227572232088,19.56379563218177,20.86454123721902,0.9623,0.9692,0.9754,0.9756,3.122384243929772,3.0291138928718757,2.991679812371204,3.1291327664782576,0.9844,0.9907,0.9943,0.9943,12.252212032625534,12.216362597629743,10.234677375267191,12.25446956910108,0.9779,0.9827,0.981,0.9807,6.136959152856843,6.374274380524739,5.745089872793312,6.152683968421163,0.9799,0.9912,0.9979,0.9979,9.981369805889404,9.892841981330102,7.357227488679672,9.990231169165927,0.974,0.9799,0.9898,0.9896,0.7060383571678421,0.6745945407784659,0.6704143892613103,0.7032187850655318,0.9778,0.9972,0.998,0.9981,19.085396923867982,18.90643390160469,18.29058172766568,19.12386559670496,0.9802,0.9816,0.9952,0.9952,13.124944031508004,12.9922147025249,12.869446611095462,13.14756363894651
84,0.9819,0.9929,0.9881,0.9895,5.099908562297578,5.2671762511899445,4.8492158710090125,5.127288206673864,0.9854,0.9929,0.9915,0.9917,22.65682419527113,22.806752730659426,21.362871671258283,22.716258407641128,0.9705,0.9761,0.9921,0.9921,4.105313806128613,4.091224338506052,3.731716566851589,4.10881546068175,0.9518,0.9613,0.9877,0.9877,9.078754560481824,9.055899432927664,8.664658603736621,9.087870701048054,0.9911,0.9937,0.9925,0.9925,6.820289506471401,7.0267062844437245,6.610082215964872,6.8297540045274125,0.9818,0.9871,0.9915,0.9915,7.244878908662754,7.140597369596005,6.921112720380495,7.259373529172209,0.9589,0.965,0.9706,0.97,0.6177667385790374,0.5736023857953358,0.57129540804958,0.6164823344615766,0.9819,0.9915,0.9946,0.9949,15.983432417302517,15.870472020169847,13.418400158496675,16.009949260210924,0.9575,0.9623,0.9988,0.9988,30.297221308224906,30.19096216481776,26.698167202520807,30.30247691626404
85,0.9836,0.992,0.9878,0.9876,4.932145349118146,5.185168037678222,4.728556783382964,4.9243323520395945,0.9754,0.9813,0.9868,0.9863,22.163576663230785,22.490921718569982,21.05711935187314,22.253955957549437,0.9844,0.9928,0.9959,0.9959,4.762196453241055,4.800320486101715,3.957693555628167,4.7572733852509606,0.978,0.9824,0.9872,0.9873,9.137800686347568,9.092927407303431,8.625428794648759,9.15578076471371,0.9803,0.9874,0.983,0.9835,5.885806391225188,6.1872420048731325,5.683285382423582,5.897184374140883,0.9906,0.994,0.9974,0.9974,9.50880951855675,9.379074647108872,8.643123104841706,9.529144988126689,0.9819,0.9912,0.9949,0.9949,0.7718425369020752,0.7677192260976446,0.719234881642808,0.7716127916142004,0.9706,0.9766,0.9816,0.982,12.144846562432958,11.539487196038852,11.470858140218096,12.1611993391167,0.9885,0.9933,0.9958,0.9958,13.798364681844513,13.746434807670829,9.9036258048187,13.798571605283067
86,0.9726,0.984,0.9829,0.9821,4.830423899343902,4.790218105398548,4.501782792063218,4.815009948110705,0.9071,0.9249,0.9378,0.9395,15.716186691443149,15.208003123538266,14.418341524472249,15.84561178650338,0.9778,0.9871,0.9959,0.996,4.750069922688914,4.768611852753181,4.151301740724803,4.755771759083754,0.998,0.9986,0.9993,0.9993,21.38698929736027,21.3571314909689,18.38923822584816,21.380019818814755,0.9911,0.9944,0.9922,0.9923,6.502239371874618,6.827003175174338,6.40250681594774,6.50909113522046,0.9563,0.9671,0.9906,0.9906,7.072766839656757,6.97178643547386,6.775177574995226,7.084850947873472,0.9651,0.9723,0.9777,0.9777,0.644232904892077,0.6276767840529058,0.600022485286944,0.6432938370373904,0.9682,0.9779,0.998,0.998,18.98525853530025,18.85120244564835,14.794353743773325,19.016092619608557,0.976,0.9943,0.9956,0.9956,13.574604366649693,13.531607667036605,10.233550172428302,13.580127335958814
87,0.9712,0.9785,0.9766,0.9763,4.509821764342293,4.564099035707655,4.354265621950301,4.496574332320865,0.9648,0.9679,0.9864,0.9857,21.662810752409737,20.791688133002804,20.063424462608893,21.66988244356793,0.9883,0.9925,0.9984,0.9984,5.700758852858264,5.707515944920768,4.985740591039998,5.713131782743197,0.9736,0.9801,0.9899,0.9899,9.985678179498835,9.97670209564532,9.208456321927343,9.98110447866184,0.9926,0.9962,0.9952,0.9952,7.133021328629688,7.437711653588185,6.590024125968823,7.154930202276155,0.9763,0.9877,0.9867,0.9869,6.545295080739075,6.455162028010903,5.636783522487031,6.554814754196011,0.9886,0.9919,0.9946,0.9946,0.7719796190138858,0.7475178073313429,0.7370094844643207,0.7715030800844888,0.9819,0.9869,0.9909,0.991,14.37131801165644,14.05715408048814,13.767090129807602,14.418266886313823,0.9788,0.9921,0.9961,0.9961,15.047209840718242,14.972545531780908,11.000637250771122,15.054557333924784
88,0.9476,0.9551,0.9683,0.9679,4.267420846945278,3.992311611311898,3.8657620420538894,4.261541488292627,0.9758,0.9841,0.982,0.9819,20.455522345896284,20.78945739274837,19.804247743300003,20.474606811503055,0.9857,0.9925,0.9947,0.9947,4.52323454545763,4.576306669802398,4.062515716606407,4.518708943197333,0.9819,0.9874,0.9879,0.9879,9.343490684539637,9.282539653302972,8.422854675580647,9.347992187683197,0.9909,0.9943,0.992,0.9922,6.55980888197659,6.849777141299193,6.392468338638576,6.589908140373341,0.9754,0.9926,0.9965,0.9966,8.787193714883433,8.675127623191543,6.75376231667784,8.811444130236925,0.9762,0.9827,0.9808,0.9805,0.6593976752682166,0.6317655347894028,0.6150457971990988,0.6571370386163892,0.9718,0.9822,0.9871,0.9873,13.247739915577998,13.064898097170268,12.446573660889864,13.308839559831442,0.9273,0.9378,0.9533,0.9537,3.74031851251937,3.670212150046154,3.5550601298617583,3.762756793223568
89,0.9979,0.9991,0.9989,0.9988,6.354926298957217,6.568593521134993,5.851016841401537,6.353671349568916,0.9644,0.9741,0.9906,0.9906,24.19005099683228,24.40265277487529,21.142927289411084,24.283845925750008,0.9871,0.9914,0.9947,0.9947,4.604523366477322,4.605802944433996,4.0652997345943085,4.602006469545694,0.938,0.9467,0.9679,0.968,6.167510761449371,6.152889791709114,5.673937564067254,6.174949240347958,0.96,0.9662,0.9721,0.9723,5.561316708250297,5.6178647004961615,5.227134329916211,5.559797546535423,0.9787,0.9856,0.989,0.989,6.776292864175437,6.683144407730244,6.1065987456939,6.79626825882612,0.974,0.9769,0.98,0.9799,0.6605683121075058,0.6195646341145995,0.608229473701132,0.6590370650270798,0.9779,0.9854,0.9912,0.9913,14.62428299958697,14.413375052337347,13.248992892560713,14.629072938889466,0.9493,0.9573,0.982,0.9821,6.519277885906902,6.443028278001189,6.214541175577372,6.534796085683586
90,0.9368,0.9495,0.9668,0.966,4.239927212986603,3.883817445235133,3.7226212946203816,4.225029006945476,0.9614,0.9655,0.9825,0.9827,22.046042989742126,21.57379467558271,21.15227758140236,22.162664464748232,0.9854,0.9876,0.9997,0.9997,7.145381958824551,7.151941843814883,6.197953847542064,7.148442609935466,0.9772,0.9813,0.9826,0.9827,8.186453351594936,8.178376029262273,7.482591330964272,8.188965792119514,0.9663,0.9677,0.9725,0.9729,5.504844750957832,5.466362066495284,5.314558594190773,5.506052676301518,0.9808,0.9847,0.9941,0.9941,7.96463744908532,7.865035267774665,7.406871985002974,7.978039664274198,0.9328,0.9401,0.951,0.9494,0.5676710900337492,0.5339794246595131,0.5195654832840297,0.5633215318965118,0.9921,0.9957,0.9992,0.9992,21.555911972248666,21.364675863196368,16.659373082318833,21.602703856874903,0.9863,0.9931,0.9979,0.9979,21.66085165164544,21.592754908349,14.2284720884712,21.658782006266414
91,0.9672,0.974,0.9765,0.9758,4.657167904528329,4.636533805347264,4.455434231136684,4.66099982532562,0.9712,0.9791,0.979,0.9792,19.93541418773813,19.95743714982001,18.88408066697418,20.006346097564755,0.9754,0.9803,0.9875,0.9873,3.689626452264286,3.6834258807972553,3.426065159054504,3.672943863529621,0.9888,0.9951,0.9999,0.9999,39.282780408494304,39.20337655754414,24.79017353855171,39.27232398679416,0.9624,0.9701,0.9666,0.9658,5.1973227840567695,5.427398900593703,5.04808559789088,5.203612977801294,0.9866,0.9936,0.9934,0.9935,7.718134429538353,7.627243340183671,6.568836928532423,7.736752944772677,0.9837,0.9903,0.9976,0.9976,0.81680694116285,0.8109838195053262,0.7823527866632456,0.8175174397648421,0.9571,0.9654,0.9843,0.9847,12.48085301193458,12.370540062343132,11.798786839439336,12.50497334612736,0.9609,0.9689,0.9795,0.9795,6.170819291980092,6.12490116083162,5.761488521473679,6.179722511303488
92,0.9799,0.9878,0.9907,0.9911,5.080680670275477,4.937158474728276,4.653929717963937,5.094747340429698,0.9573,0.9688,0.9812,0.9817,20.529415839904217,20.64879033157585,18.798066250746,20.631877167404745,0.9766,0.9795,0.9919,0.9919,4.102561524229242,3.959793806691203,3.9308853767909535,4.096315489769588,0.9734,0.9777,0.9933,0.9933,11.351650323645982,11.303206966274228,11.04815684095839,11.361482736852828,0.9723,0.9791,0.9795,0.9788,6.236781918186686,6.468754782736601,5.72307307658633,6.249724094542367,0.9732,0.9896,0.9989,0.9989,11.773814202362582,11.692827000213043,8.351273807522281,11.7826895494731,0.9455,0.9543,0.9772,0.9772,0.6408155075438466,0.5932462565675017,0.5829581443855975,0.6415336449112261,0.9895,0.9966,0.9988,0.9988,20.43852109742753,20.42043208091506,16.317988446150473,20.44065440690516,0.9609,0.9748,0.9796,0.9797,6.168131042413591,6.069521567884957,6.031631514073755,6.182407630383014
93,0.9649,0.9777,0.973,0.9732,4.40497299856753,4.555097686705103,4.230927458284205,4.4083887347959205,0.9901,0.9927,0.9971,0.9972,26.014044384268768,25.13415869751161,24.77225915320746,26.02937706517134,0.9807,0.9843,0.9908,0.991,4.01988728147581,4.046790828665654,3.76853132153928,4.023424780855076,0.9687,0.9756,0.9857,0.9857,8.797012936303624,8.793762250233982,8.123190772254947,8.80561978443063,0.973,0.9842,0.9802,0.9809,6.637979023202592,7.009264739888337,5.775501755301079,6.623666179977179,0.9634,0.9641,0.9662,0.9663,4.817627802014004,4.588429325816924,4.586439510364605,4.823175723922908,0.9529,0.9546,0.9937,0.9936,0.7540267613226895,0.7177072694306847,0.7163073697433651,0.7538777194962449,0.9907,0.993,0.9949,0.9949,16.0503870040999,15.873381031682932,14.887759395518636,16.066114537399613,0.9854,0.9933,0.994,0.994,12.275915379366024,12.23281659520676,9.100072838698328,12.281358409703111
94,0.9355,0.949,0.962,0.9621,4.242456585462918,4.086330919405825,3.807873393459696,4.23181662659597,0.9614,0.9686,0.9755,0.9757,19.271120500337563,19.04559090302772,17.900406586601797,19.343386887691008,0.982,0.9941,0.9962,0.9962,4.865393233555054,4.9106474256486985,4.277379225749222,4.864521735503624,0.9337,0.9365,0.9385,0.9388,4.688881665046716,4.481739595791892,4.431270150159868,4.697758212847646,0.9717,0.9807,0.9768,0.9753,6.06425597216148,6.319596249876828,5.900088307440461,6.067569968774187,0.9683,0.979,0.9817,0.9818,5.922549629633856,5.854832898306992,5.036099216242285,5.930729449905707,0.9893,0.9921,0.9977,0.9977,0.8353262486969542,0.8247439691653182,0.7720583045648852,0.8339258917177667,0.9891,0.9935,0.9931,0.9931,15.060523887949026,14.865297104339412,13.828616672387184,15.104443093477592,0.9815,0.9827,0.9913,0.9914,9.82039744632342,9.644187418916262,9.612762967245052,9.826158880270231
95,0.9827,0.9852,0.9881,0.9883,4.91592789772773,4.802725501857688,4.717567197416665,4.931196464196045,0.9775,0.9835,0.9868,0.9872,21.622123416900248,20.82779414759074,19.96571342645627,21.696374240060987,0.9559,0.9681,0.9691,0.9691,3.0531757532682238,2.9661685652892222,2.852469225737547,3.0508633096451807,0.9605,0.9653,0.9879,0.9879,9.216089875013727,9.168838243962837,8.288664062202667,9.22836605595279,0.9954,0.996,0.9961,0.996,7.902564953939688,8.185620183902806,7.701989301650456,7.922158103916374,0.942,0.9645,0.9826,0.9827,6.014281928460845,5.952583079034579,4.412112104299699,6.02249489288142,0.9694,0.9775,0.9799,0.9795,0.6546775840142236,0.6292640946465121,0.6046077357471318,0.6510714424815629,0.971,0.9766,0.9781,0.9786,11.779515426802892,11.589386083555656,11.049074319939008,11.825421833760284,0.9514,0.9631,0.9716,0.9717,5.025594739438494,4.996574439590841,4.81664163106723,5.030203545799626
96,0.9841,0.9909,0.9905,0.9901,5.369586649299052,5.484095627728795,5.102994614254031,5.380175998311744,0.9638,0.9739,0.9876,0.9854,21.67327325390612,20.893148567977256,19.8514220295761,21.52409187077025,0.9535,0.973,0.9899,0.9899,3.876104251336749,3.9056242612281538,3.529452499284432,3.878093762322012,0.9303,0.9361,0.9617,0.9621,5.79557749043569,5.732795763231562,5.467882724045354,5.8102692095459325,0.9853,0.9856,0.9872,0.9872,5.962831719130307,5.832921171752551,5.802442892471653,5.949699668802404,0.9909,0.994,0.9989,0.9989,11.811594642730052,11.72151589186636,10.048069935009586,11.827791652374502,0.9928,0.9962,0.9958,0.9957,0.8019549289117733,0.7885105498018593,0.7421385211563833,0.8021831139471579,0.9924,0.9933,0.9973,0.9973,18.19910050020263,17.58559420101252,17.38570377672331,18.257840495494744,0.9871,0.9923,0.9949,0.9949,12.990828694038733,12.93752931417618,11.286921628331392,13.001044165276552
97,0.967,0.9759,0.9781,0.978,4.561253922452703,4.494701603387285,4.238058552562947,4.552793341154527,0.9732,0.9862,0.9874,0.9881,21.54271252984435,21.979156476537536,19.517116171452432,21.63949454396231,0.9804,0.9907,0.9913,0.9913,4.056244205956457,4.089959133004018,3.7480050361202735,4.0590636562395535,0.9415,0.9557,0.9907,0.9908,10.207422388601303,10.153088748628358,9.760759491608423,10.22011391405345,0.9695,0.9775,0.9738,0.9734,6.53111437299595,6.890616101475026,5.996039464780338,6.54629148540816,0.9611,0.9756,0.9759,0.9761,5.421471470744137,5.308118375868513,5.188109504945665,5.442043368950338,0.9694,0.9798,0.9925,0.9923,0.7494382881535144,0.742663504462447,0.6903568885398829,0.747924847882601,0.9814,0.9918,0.9962,0.9962,16.91558468347915,16.74476283155697,14.285427294093546,16.919285262385866,0.9503,0.9586,0.9777,0.9777,5.864682697577019,5.82419140144195,5.324075395025628,5.87601854051515
98,0.9766,0.9879,0.9858,0.9854,4.85494271944909,5.101355145416081,4.524119741775137,4.857826380584099,0.9717,0.9722,0.9861,0.9856,33.55746044935329,34.036656198498505,29.868045210122897,33.50117246869836,0.9836,0.9926,0.9982,0.9982,5.563710357685636,5.586130376976465,4.519637324804634,5.562312589725315,0.9756,0.9796,0.9962,0.9962,14.612853114428894,14.514987382382769,12.728054553936254,14.636228575649708,0.9766,0.98,0.9804,0.9803,5.597998465843995,5.663026689992163,5.408773404037133,5.572404873940156,0.9828,0.9905,0.9928,0.9928,7.493903795723345,7.412390575239802,6.33488587623771,7.50750407342877,0.9758,0.982,0.9865,0.9862,0.686002006064731,0.6605981463985533,0.644990033676769,0.6847531760403651,0.9786,0.9872,0.9945,0.9949,16.185625046282446,15.228540110848302,15.185315734412429,16.244111205455805,0.9758,0.9895,0.9919,0.9919,10.237620171374733,10.210334991164103,8.220721697897716,10.237941464916076
99,0.9624,0.9657,0.9744,0.9744,4.648217454047026,4.565600535764135,4.433949635542245,4.647724582368179,0.9565,0.9685,0.9734,0.9739,19.547899498497877,19.913178025266905,18.34154509926833,19.64529607565864,0.9756,0.986,0.9951,0.9951,4.577366382957962,4.626437880335525,4.143759174408787,4.579899290591486,0.9879,0.993,0.9963,0.9963,14.726198300466343,14.712814854598678,12.023956144094898,14.72731246617164,0.9452,0.9631,0.9612,0.9613,4.959862621819567,5.127856168552038,4.503638898113574,4.978969150923058,0.9772,0.9845,0.9989,0.9989,11.798112459271223,11.72125841987306,8.97029454243844,11.813377186315806,0.9758,0.9826,0.9949,0.9949,0.7766303063367717,0.7531892291381727,0.7379651367054161,0.7767039615464493,0.9788,0.9801,0.9998,0.9998,32.050547638376976,31.85527404947688,25.54932363566554,32.09151692851426,0.9884,0.994,0.9989,0.9989,30.57193015376478,30.4629423496234,19.474525982701245,30.57257277916617
100,0.9462,0.9488,0.9658,0.9648,4.216553835004363,3.8589462991325223,3.8194084836523183,4.210666918350708,0.9819,0.9951,0.9942,0.9927,25.92030314831986,26.93449939559453,22.518350474215463,25.97378303047319,0.9877,0.9918,0.9986,0.9986,5.788372714678473,5.787435734226621,4.640874311627317,5.792836227624589,0.9858,0.987,0.9879,0.9879,9.25637899912085,9.16795036620783,9.004064227924452,9.284909931386007,0.9654,0.9806,0.9726,0.9734,5.2100703890004505,5.562550419643092,4.966292822932043,5.223274797847568,0.9645,0.9818,0.9938,0.9939,7.85518298793425,7.780483025493867,7.185249913056891,7.8701408920979965,0.9665,0.9873,0.9935,0.993,0.7582461633580488,0.7503999718121074,0.6023516279467229,0.7548471555894545,0.9701,0.9734,0.9973,0.9973,18.38413461519777,18.16497876175848,15.537203899785691,18.406534035483663,0.9892,0.993,0.9983,0.9983,22.96574913090128,22.857547556003578,20.232113811820657,22.974247173742853
101,0.975,0.9777,0.9836,0.9833,4.78670245192904,4.550383668032984,4.490257608611684,4.776768962775809,0.9697,0.9788,0.9785,0.9798,19.884040857296164,20.184784284019496,18.83365010225906,20.0826592690234,0.9455,0.9509,0.9701,0.9707,3.002504802858491,2.941066529138316,2.8356299408871237,3.011320000328775,0.9296,0.9416,0.9466,0.9466,4.877898077950604,4.890369161391994,4.5734379512501375,4.87867272592329,0.9635,0.9695,0.9695,0.9697,5.326702634756636,5.337751789672787,5.177362826772809,5.341265463271801,0.9562,0.974,0.9833,0.9835,6.039952462516462,5.975853618195114,5.585008410655656,6.043478981648672,0.9703,0.9873,0.9867,0.9866,0.6901589265393272,0.6590360985887436,0.6480632101396594,0.6870573853132752,0.9604,0.9646,0.9763,0.9765,11.504293710634377,11.27051994853132,10.849650923585498,11.54652099536083,0.9811,0.9917,0.9923,0.9923,10.467620839071712,10.414416175865917,9.314925552511545,10.483896668206787
102,0.9694,0.9804,0.9809,0.9816,4.647107982327233,4.631205170126265,4.295965129555011,4.669169274637219,0.9745,0.9849,0.9909,0.9909,22.689464130478523,23.15810749820554,20.436039810914487,22.68835037136408,0.9824,0.995,0.9974,0.9974,5.222625165777503,5.281567361845448,5.039812746981608,5.225720097698654,0.9879,0.9903,0.9918,0.9918,10.612400615615686,10.35453813997691,10.317129216673312,10.61636760811544,0.9871,0.9893,0.9908,0.9908,7.060257698638299,7.185193510132078,6.83552627430654,7.107999683216725,0.9804,0.9893,0.9974,0.9974,9.333238372720466,9.27791092828538,6.974356715472886,9.347738925836351,0.9058,0.9381,0.9618,0.9616,0.5706109396173407,0.5741219829014713,0.5215662880458507,0.568580318566382,0.9433,0.9559,0.9577,0.958,9.945220565976504,9.564480648971376,9.247617456391875,9.9657649731277,0.9673,0.9689,0.9768,0.9769,5.7101893964495405,5.546934031725165,5.507456680110895,5.724231753149585
103,0.986,0.9869,0.9907,0.9909,5.433524346619544,5.305633765424004,5.258257746639602,5.430391590758077,0.9961,0.9986,0.9996,0.9995,35.05425992212496,35.71901469315202,29.172370212243163,34.961259796530406,0.9635,0.9737,0.9833,0.9834,3.442035352487673,3.455076841716004,3.133789237392244,3.4460933551652406,0.9684,0.9727,0.9722,0.9724,6.716260729632791,6.65193712816205,6.485736877009446,6.730146240707873,0.9582,0.9696,0.9691,0.9687,5.069036207456299,5.085987151071328,4.716687368852284,5.051745001851169,0.9899,0.9972,0.997,0.9971,9.156147794213275,9.065536941353026,8.670109517247608,9.169196405077358,0.9782,0.9876,0.9986,0.9986,0.8564123017453465,0.8445393587450729,0.7561672200196257,0.8549386764098174,0.9945,0.997,0.9965,0.9966,17.564692495635565,17.183726172073875,16.74193548415005,17.646547556726723,0.9592,0.9657,0.9645,0.9645,4.462505237097263,4.42236284513848,4.083680155628473,4.469867971440502
104,0.973,0.9831,0.983,0.9835,4.748165556112834,4.907061423258366,4.4055398738630736,4.765523213216402,0.9901,0.9974,0.9966,0.9967,25.909865257901817,27.026570375735037,23.357914833149675,25.90380142611633,0.9844,0.9958,0.9991,0.9991,6.397235977225174,6.471261767320824,5.673901513944008,6.395718599674131,0.9829,0.9901,0.9909,0.9909,10.336025374821018,10.379784127463427,8.907671970881191,10.330716189895698,0.9972,0.9985,0.9976,0.9977,11.046021083581534,11.590013431352745,8.99268143309066,11.060981450974658,0.9876,0.9931,0.9984,0.9984,11.0244770212245,10.873888683695457,10.13308437205938,11.048942066377808,0.9686,0.9821,0.9904,0.9904,0.719677563624205,0.7210610201985074,0.6567507466889144,0.7191297701219185,0.9483,0.9683,0.9811,0.9811,12.092465916398156,11.954058481824957,10.757674451740352,12.091039184423956,0.9946,0.9956,0.9966,0.9966,16.569580741340243,16.476793795722664,15.056641385912144,16.585870786576475
105,0.972,0.9785,0.9838,0.9825,4.823389848193463,4.743541334194182,4.427209646758802,4.771996472079805,0.9709,0.9823,0.9842,0.9834,22.3747019960044,22.75970356862205,21.594925162636773,22.493389051659687,0.9514,0.957,0.9777,0.9782,3.2125750359199428,3.110696278579857,3.0155641742711503,3.224922705467137,0.9616,0.9666,0.9986,0.9986,17.933507883151062,17.87485438387806,13.514263640653946,17.941138868419607,0.9782,0.9825,0.9799,0.9802,5.735153301688479,6.007722179883103,5.6188398611427,5.745823347011836,0.9523,0.9653,0.9679,0.968,4.87082184184118,4.736576733254038,4.695691486106857,4.878898467681595,0.9871,0.9915,0.9932,0.9932,0.7597342426261268,0.7406757664517079,0.719276582545392,0.7597294504565193,0.988,0.9903,0.9986,0.9986,19.8083790987699,19.63407655990564,17.381757868224717,19.84980794278036,0.9813,0.9915,0.9952,0.9952,13.119212301822818,13.06851787003879,10.751215021689225,13.136716319421073
106,0.9629,0.9641,0.978,0.9782,5.5041847614919295,5.524105152148669,5.063530846608296,5.551821911680398,0.9933,0.9973,0.9959,0.9957,25.20502888504455,26.13786368054531,24.430636563447493,25.1737446145735,0.9819,0.989,0.9982,0.9982,5.540431982631625,5.464923183358619,5.337063485488567,5.54656558278484,0.9914,0.9952,0.9948,0.9948,12.4410848101614,12.476659357815798,11.76578766403609,12.436921116082711,0.9651,0.9721,0.9754,0.9756,5.385137343616053,5.303817557902487,5.076466299577882,5.403805709142523,0.9816,0.9857,0.986,0.9861,6.402810701797785,6.330041613632684,5.981924963725394,6.412390778693071,0.9871,0.9891,0.9937,0.9937,0.7704775397634792,0.7400891284665068,0.7189402300735472,0.7678414419761018,0.9933,0.9957,0.9951,0.9951,16.161460095759058,16.04278491742341,14.9232598903542,16.21740788929925,0.9846,0.989,0.9982,0.9982,22.50868734778089,22.4389717934797,14.843566899186698,22.500819106032573
107,0.9775,0.9828,0.9861,0.9858,4.838371533461491,4.734137101379488,4.545126254181474,4.834971277366478,0.9773,0.9918,0.988,0.988,21.755307591419754,22.71630708485249,19.97035379907878,21.721071188469203,0.9857,0.9901,0.9928,0.9929,4.210177458923596,4.240257573812392,3.9277175566404665,4.217904705994446,0.9644,0.9699,0.9963,0.9963,14.6323339057978,14.63297963068718,11.19966777887552,14.6394815466596,0.9563,0.9605,0.9607,0.9592,4.850680473733828,4.826916771444713,4.690170204259607,4.823240967549335,0.9636,0.9693,0.97,0.9701,5.011501527685012,4.861883511499169,4.802332588595494,5.023608208343969,0.9634,0.9768,0.9826,0.9824,0.6587605692041514,0.6546262962565637,0.5942397406913815,0.65596944756963,0.9899,0.9923,0.9935,0.9935,15.29691368371686,15.209039756264508,14.380794837397348,15.30337146756946,0.9887,0.9961,0.9961,0.9961,15.04103665503236,14.974281666002335,12.284312253268604,15.048008977341617
108,0.9389,0.9424,0.9596,0.9593,4.213079275802816,3.961479191639385,3.925099296892828,4.210470805028768,0.9688,0.9759,0.9801,0.9802,20.179262042309237,19.78526617948279,18.92063361875603,20.1960141447784,0.9795,0.98,0.9931,0.9931,4.258520227774865,4.100557681171413,4.079754459776673,4.253443693619666,0.9326,0.9415,0.949,0.9493,5.112534372953047,5.002150551005187,4.811059717620114,5.138830583007023,0.9754,0.9844,0.9799,0.9803,5.503843563280602,5.730833980481147,5.313733690738975,5.532190081626661,0.9745,0.9797,0.9862,0.9862,6.528124327208957,6.409927214279718,6.070480083872895,6.536033820372213,0.9732,0.9796,0.9978,0.9977,0.8290481143989606,0.8075416558218288,0.7815091079125873,0.8281480029264912,0.9935,0.9943,0.998,0.9981,19.21571437698823,19.037335912259792,18.194698135044916,19.25945030741076,0.9753,0.9802,0.989,0.9891,9.029750732354646,8.9819556502421,7.157726075204017,9.04303452741547
109,0.9932,0.9969,0.9963,0.9964,5.54146649416402,5.690212505603331,5.229937101974471,5.593743889804008,0.9725,0.9771,0.9916,0.9915,24.740851331258614,24.312421992344,23.432071844407524,24.80236627609636,0.994,0.9982,0.9982,0.9982,5.635813078519763,5.622963013877533,4.500655612462999,5.647683856590092,0.946,0.9536,0.9879,0.9879,9.08995831984121,9.056571159964893,8.0778430717466,9.08178199816978,0.9762,0.985,0.9791,0.98,5.799593272370457,6.224096466502093,5.495363394979808,5.827806888435739,0.9738,0.9764,0.9845,0.9847,6.130143024225564,5.933418151816213,5.91700587631536,6.141108494317102,0.9421,0.9513,0.9504,0.9493,0.5604153975471458,0.5379419970931463,0.525141035937927,0.5590671944279264,0.9556,0.9847,0.986,0.986,12.69560460247645,12.694125761800452,11.61871410298252,12.720230952858728,0.9733,0.9756,0.9949,0.9949,12.992712812382996,12.928772457676937,11.155824079020624,12.9950705221356
110,0.9923,0.9967,0.9944,0.9944,5.346520307060013,5.625631410019636,5.187405628817566,5.365378902728274,0.9633,0.9681,0.98,0.9798,20.524827810695434,20.436767012463346,19.434092329310594,20.53984352112617,0.9752,0.9795,0.9845,0.9851,3.5789181030838426,3.5025933423698548,3.3663800752575668,3.6018547754757955,0.9819,0.9864,0.9854,0.9853,8.729569804612458,8.759241678255481,8.158501989617513,8.706525837401486,0.9782,0.9808,0.9823,0.9817,5.645126371002762,5.5734808458724325,5.490741443093794,5.626565726256425,0.974,0.977,0.9762,0.9763,5.448286106823087,5.328913466309769,5.244601312252419,5.475067690437734,0.9902,0.9962,0.9973,0.9973,0.8238050430309166,0.8125307935125291,0.7731440352033031,0.8230998260749323,0.9596,0.9644,0.9919,0.9922,14.804435619578468,14.31317979729364,14.006626728099048,14.817503711655528,0.976,0.9852,0.9973,0.9973,19.44604723777844,19.35661920053565,14.392644991801944,19.44695657997149
111,0.948,0.9588,0.9699,0.9694,4.423182403806176,4.147530427830679,3.974257407401201,4.42025568371939,0.9628,0.9684,0.9723,0.9726,18.924253945219537,18.42323910807307,17.72810653572475,18.946051692035407,0.9899,0.9947,0.9973,0.9973,5.260285066535487,5.2614443400490565,4.251774441629359,5.261737780029572,0.9774,0.9837,0.9984,0.9984,17.195280154778004,17.18383808993504,13.242643661526705,17.196415860278897,0.9647,0.971,0.9707,0.9706,5.123146678508991,5.152689399832409,4.884442691728619,5.113057528316262,0.9747,0.987,0.9901,0.9902,6.912131543004052,6.837523397519927,5.855789176297445,6.920593209399883,0.9741,0.9789,0.999,0.999,0.8621226823776234,0.857464485214612,0.7532598262288862,0.8614467972760707,0.9658,0.9763,0.9875,0.9878,13.333620978527891,13.111662936503013,12.539446701768956,13.400027288146036,0.9646,0.9754,0.9841,0.9841,7.077059931118812,7.030530062771824,5.601332703635943,7.080382581135333
112,0.9662,0.9797,0.9794,0.9797,4.608744686322337,4.614279953002743,4.219269635807318,4.6273391171015685,0.9616,0.974,0.9752,0.9746,19.20598534882297,19.6452677019199,17.88370929330632,19.25017529061477,0.9586,0.9716,0.9809,0.9813,3.3183147694568995,3.3076115058007,3.1429164785469963,3.3350342054735616,0.9621,0.9755,0.9794,0.9795,7.595378992516172,7.621442341426346,6.694184044126448,7.606686462499781,0.9705,0.9785,0.9748,0.9751,5.292190418029058,5.436427768298378,5.147254823510634,5.29906423295551,0.9444,0.96,0.9586,0.9586,4.392413104691185,4.33331155750185,4.198644884956499,4.402994555445926,0.947,0.9477,0.9997,0.9997,0.897029910671,0.8844961726352832,0.8442878815572319,0.8969390208538238,0.9688,0.9842,0.995,0.995,15.951034431154442,15.873330474337337,14.525480104590631,15.963582531234891,0.9923,0.9974,0.9979,0.9979,21.851462775111425,21.61724985585392,21.43987984688692,21.88364276627168
113,0.9751,0.9769,0.985,0.9844,5.0685646170413206,4.9984087060522775,4.784324622154803,5.096454440724872,0.9955,0.9968,0.997,0.9971,25.747898298622964,25.77765477038344,24.356522229969418,25.951561137694625,0.9877,0.989,0.9947,0.9947,4.566107011115156,4.557868053113867,4.265059074037697,4.564627190967503,0.9654,0.9781,0.9821,0.982,8.05778598888344,8.051692491764413,6.458051521026793,8.044778907571057,0.9832,0.9888,0.9879,0.9879,6.326927671765933,6.345596156679195,6.121688635521377,6.324077375286176,0.9652,0.969,0.9758,0.9759,5.426188474668775,5.216762783979911,5.185637362850793,5.435223654655033,0.9925,0.9944,0.9997,0.9997,0.9150270731890652,0.8963572842971269,0.805935999961441,0.9118634982971756,0.9572,0.9679,0.9933,0.9934,15.266079797373758,15.10403874715928,13.39014020444932,15.28717882727444,0.9719,0.9915,0.9937,0.9937,11.90480140033402,11.86857100156879,9.84139255970091,11.910760171157886
114,0.9938,0.9965,0.9946,0.9946,5.391638926327089,5.558880190974767,5.301159777541397,5.39335813426926,0.9566,0.9656,0.9692,0.9689,18.41466698118279,18.12133165873308,17.245324660841355,18.417745402593926,0.9754,0.991,0.9897,0.9897,3.8942504753371434,3.964168466473003,3.419553539386889,3.899775016915821,0.9526,0.9583,0.9639,0.964,5.9626951652732885,5.782288170766598,5.703056278428256,5.9671605203502525,0.9703,0.9724,0.9738,0.9742,5.399582266256331,5.394293202096,5.259684225081265,5.401158267244551,0.9931,0.9978,0.9991,0.9991,12.205446141463552,12.05676745913642,11.048382095601758,12.224190889436947,0.9772,0.9854,0.9874,0.9871,0.6988674161115849,0.6710875002180717,0.650734981656799,0.6958342589549068,0.9826,0.987,0.994,0.994,15.56950853125448,15.409892794251304,13.68008999467238,15.612416814681628,0.985,0.9915,0.9956,0.9956,13.625669423664254,13.530047255870867,11.683046228669957,13.654868476757636
115,0.9688,0.9787,0.9778,0.9773,4.6102033890248215,4.679863542025851,4.31348106129702,4.583628520184289,0.9896,0.9924,0.9955,0.9957,24.35538611062286,23.79011558133776,23.253363163693265,24.433219166558462,0.9684,0.9735,0.9868,0.9871,3.627981247020605,3.619358352693572,3.413422186130041,3.639361674799349,0.9932,0.9963,0.9995,0.9995,25.049493117654947,24.94529435052678,21.61675547708092,25.088869413828583,0.9891,0.9952,0.9929,0.9928,8.496176084978867,9.016509494691858,6.955011104481079,8.517081850939757,0.9776,0.9809,0.9819,0.982,5.973453698498909,5.774543590629564,5.75014272853682,5.9861121632383005,0.9622,0.9673,0.9856,0.9855,0.6870495195554476,0.6612534267232273,0.6291185203269356,0.6833400906292959,0.9884,0.995,0.9979,0.9979,18.75562268329673,18.68758689581088,16.505091228202918,18.79439233904855,0.9709,0.9742,0.9793,0.9794,6.175790320934842,6.103455824245805,5.924319134339205,6.188496078711173
116,0.9743,0.9775,0.9805,0.9806,4.774524180932529,4.866511485773836,4.571635994458102,4.774814905332594,0.956,0.9647,0.9726,0.9721,18.894436746047266,18.447360455607075,17.53130735562855,18.908439255497573,0.9432,0.9601,0.9793,0.9796,3.258432111854299,3.289617484824734,2.9407511878989365,3.263258559586652,0.9792,0.9839,0.9827,0.9827,8.240041787395146,8.261133174204371,7.512142315624916,8.236293979842845,0.9796,0.9843,0.9834,0.9834,5.69926121269471,5.811796261679521,5.496029801471969,5.709859093971586,0.9816,0.9865,0.998,0.998,10.019882688175276,9.933747126085851,7.72874757824466,10.026501521055623,0.9784,0.9873,0.9847,0.9847,0.6834802806734107,0.6719228449877637,0.6276660844144095,0.6835817385385851,0.9705,0.9735,0.9986,0.9986,19.765273715010856,19.586114238071065,19.12346381234508,19.828385167663797,0.9874,0.9901,0.9997,0.9997,53.44525922133446,53.2663237191412,32.53759238077991,53.44903307028365
117,0.9777,0.9857,0.9841,0.985,4.7501843205967,4.82935636934592,4.565026511559052,4.798994907914458,0.9539,0.9635,0.9643,0.9643,17.871343302319044,17.808664725908955,16.968981714625205,17.882771323686704,0.9981,0.9994,0.9991,0.9991,6.451148349047937,6.499164137483111,5.924277563614488,6.430269837531634,0.9809,0.9846,0.9928,0.9928,11.08768550778223,11.038097930529863,10.126923775275635,11.10286617269692,0.9562,0.9627,0.9678,0.9684,5.175978937754607,5.175314715820335,4.8651433488367095,5.228006929140085,0.9227,0.9389,0.9475,0.9478,3.90065479339158,3.853207912103872,3.4271912366469293,3.9065148773423264,0.9829,0.991,0.9944,0.9944,0.7664750796206823,0.7578262233243247,0.685425983107445,0.7650245006054782,0.966,0.9777,0.9749,0.9752,11.32202160847643,11.264265062733626,10.11526097530724,11.348820691371596,0.9858,0.9935,0.9935,0.9935,11.381359187060902,11.308226163619896,9.785587001483684,11.39691746603162
118,0.9565,0.96,0.9675,0.9692,4.331666091485525,4.339587674727321,4.174138728540499,4.349824591354049,0.9774,0.9805,0.9793,0.9797,20.37390982145565,20.247573867311708,19.562528460993697,20.47283384698362,0.9667,0.9728,0.9846,0.9847,3.50713784546885,3.3675101105198384,3.3307436691982013,3.5214731829332653,0.9786,0.9817,0.9859,0.9862,8.933321581315859,8.862940853010338,8.546158085383718,8.972469895503856,0.9685,0.9867,0.9834,0.9833,5.740772655189304,6.046087969009397,5.05388716224358,5.7463216670515145,0.9506,0.961,0.9915,0.9915,7.219491761052449,7.164849483083605,6.2973372976129145,7.22597137342,0.9789,0.9875,0.9873,0.9873,0.6936079951779786,0.6660145537082955,0.6560145186308429,0.6930197235398852,0.9783,0.9849,0.9907,0.9908,14.320871378121192,14.16005976066588,13.129560966981876,14.350129720523642,0.9769,0.978,0.9898,0.9898,9.458471923408236,9.359737064301068,9.165536972775625,9.464243111950552
119,0.9879,0.9907,0.9931,0.9927,5.196788266552272,5.051326279348888,4.944453672771127,5.190606045156374,0.9811,0.9864,0.9915,0.9913,22.92442882097552,23.054702677545546,21.750671985984223,23.04651627003864,0.9548,0.9734,0.988,0.9879,3.765958295551547,3.829181149791875,3.5234993665670338,3.767210950885821,0.9385,0.958,0.9938,0.9938,11.543020746618312,11.560346575201397,10.215254741663063,11.54719238157394,0.9602,0.9766,0.971,0.9722,7.318114486121167,7.707536088597616,5.881149649314452,7.317768538394369,0.9402,0.9456,0.9631,0.9631,4.611660860595482,4.453034045170409,4.452789831701229,4.6124105071268815,0.98,0.9862,0.997,0.997,0.8182126694798206,0.8097639903496457,0.7586946900789222,0.8186282153881961,0.9881,0.9889,0.9998,0.9998,32.14953166767204,31.88275247117606,20.962684235209828,32.169112198427854,0.9634,0.9668,0.9961,0.9961,15.057915669967269,14.96020436073446,14.25226114380208,15.08043643739012
120,0.9837,0.9851,0.9886,0.9884,5.092511162792153,5.04576179313307,4.903823774063572,5.109873992552844,0.9636,0.9762,0.9779,0.9784,19.70474836373706,20.03005744394926,18.31592849647101,19.837487411274207,0.9668,0.9695,0.9989,0.9989,6.016735351772528,5.990359979660956,5.040504117267604,6.020173234093446,0.9898,0.9915,0.994,0.994,12.080495877328415,11.995742566608753,11.686707187159822,12.102816633207498,0.9653,0.9754,0.9737,0.9733,5.258633413956558,5.319624921560029,4.9337543679906535,5.249081514311,0.9725,0.9943,0.9939,0.994,7.873087090211595,7.7806781081003376,6.886479907400334,7.885507267257478,0.9583,0.9701,0.971,0.9696,0.6217559704535686,0.5999386443716448,0.5693471305958523,0.6180154806948512,0.9778,0.9819,0.9926,0.9927,14.79578215434896,14.719151935536646,13.46501479465496,14.820742312023974,0.9794,0.991,0.9919,0.9919,10.155629447181804,10.121476234504128,7.902644335866744,10.160827254246747
121,0.9955,0.9979,0.9961,0.9965,5.662632416282954,5.917346494166404,5.4657152170934005,5.663370391050224,0.9622,0.9786,0.9868,0.9862,22.22746073283361,22.33412327581058,20.611343991873987,22.40248349038601,0.9834,0.9923,0.9973,0.9973,5.137529269428486,5.179501136675306,4.06733589836228,5.141093599729079,0.9242,0.9496,0.9639,0.964,5.892236731158586,5.906746029596095,5.1117726548072575,5.908135789796437,0.9706,0.9732,0.978,0.9782,5.427585164030695,5.232378167470411,5.128560840452787,5.431042476803267,0.9471,0.955,0.9612,0.9612,4.522416961918099,4.455768247460287,4.179974808742474,4.528562382493639,0.9915,0.9953,0.996,0.996,0.7841859838563514,0.7604952613931589,0.7577994430811323,0.7843036429080872,0.9784,0.9859,0.9973,0.9973,18.026123067782372,17.913574869882474,17.328189625521812,18.05068613750691,0.9642,0.9722,0.9812,0.9812,6.341662171936812,6.304165961789941,5.803572012355365,6.350681030098369
122,0.9823,0.9907,0.9893,0.9898,5.009683976059401,5.155356384305959,4.72276360119066,5.034301547904713,0.9907,0.9948,0.9981,0.9981,26.959969410694036,27.244272382479966,23.69807216398145,27.02206551080353,0.99,0.9983,0.9984,0.9984,5.692171490742277,5.751462070451989,4.913108719336289,5.699353793035898,0.9478,0.9715,0.9976,0.9976,15.879802826822168,15.894177797303206,14.976412013290988,15.883872993287628,0.9369,0.9479,0.9497,0.9507,4.500625514518978,4.460279977638756,4.236211898886747,4.522347484928092,0.9656,0.981,0.9969,0.9969,8.967721225264548,8.844955973600527,8.413122833936823,8.977587042016548,0.9736,0.9974,0.9966,0.9963,0.8043216188143035,0.7991679810494192,0.6988001974190974,0.8014809451308353,0.9832,0.9873,0.9963,0.9963,17.01562144969424,16.881355887333424,14.580994541178018,17.051304540811767,0.9639,0.9718,0.9929,0.9929,10.838516026337311,10.795673454434596,9.571902307069037,10.840347712987576
123,0.9317,0.9352,0.9513,0.952,3.999229010874972,3.8323703207651856,3.7596871456514585,4.001304119721611,0.9727,0.979,0.9857,0.9848,22.43982324609285,22.610510217704057,20.975805245935085,22.4297010993278,0.9811,0.9866,0.9836,0.9837,3.5056131742555947,3.5539921979913736,3.3186378661425304,3.514899242990877,0.9623,0.97,0.9724,0.9726,6.736692617140365,6.6541925323357,6.501334214500373,6.74694509597531,0.9775,0.9791,0.9814,0.9813,5.642190257862611,5.539938082121963,5.424280158481748,5.6324178196250845,0.9799,0.9951,0.9984,0.9984,11.131676902579477,11.008924867766432,9.804963520603415,11.151185328957462,0.9738,0.9798,0.9886,0.9883,0.706999199976792,0.6747279831341333,0.66066295503627,0.7039043504543869,0.9896,0.9915,0.9933,0.9933,15.337393088876278,14.42882592610413,14.423208820598015,15.368320057056774,0.9711,0.9838,0.9859,0.9859,7.650155076767745,7.619726255599917,5.57347644365534,7.65175325999732
124,0.9842,0.9923,0.9881,0.9879,4.944535584243766,5.1424193260599775,4.811401702284135,4.942606296726309,0.9809,0.9842,0.9937,0.9934,26.20191853081564,26.43182696296125,22.96769628829721,26.21079323255585,0.9633,0.9669,0.9961,0.9961,4.865367778845307,4.799259585876293,4.1332250974362434,4.886932421068307,0.9642,0.9763,0.9876,0.9876,9.105094824873632,9.096406394640605,7.942555118693527,9.096878610258669,0.9577,0.9603,0.9672,0.9676,5.169590189063003,5.081128901524281,4.95384382572805,5.19154526150014,0.9712,0.9744,0.9824,0.9824,6.02744438734837,5.898966806047749,5.646074612517274,6.041773886283202,0.978,0.9789,0.9829,0.9824,0.6659215011419075,0.6256125233071137,0.6239014230713829,0.6641844622183057,0.9545,0.9748,0.9837,0.9843,12.508402872526418,12.01319578897276,11.888766847863476,12.53661649919358,0.9881,0.9934,0.9985,0.9985,25.17923818960882,25.066285742774078,23.81655798411274,25.18338701215595
125,0.9588,0.9679,0.9776,0.9774,4.774745356747733,4.637984379931432,4.450438085746306,4.762867403228356,0.9841,0.9904,0.9977,0.9973,29.116265649883136,29.648121471937337,25.828658861798143,29.045684987431624,0.9844,0.9862,0.9921,0.9921,4.165005522870151,4.00781449025805,3.9713409844366976,4.164105793125103,0.9694,0.9724,0.9785,0.9785,7.505459495877457,7.330362838363333,7.19608625133896,7.512693948776182,0.9737,0.9813,0.9809,0.9809,5.598795679495703,5.64505056610382,5.323121167671313,5.606331577291538,0.9738,0.9848,0.9874,0.9878,6.645553282011182,6.520000161896641,6.371125802579696,6.668815798369646,0.9641,0.9744,0.9968,0.9968,0.7966249633005581,0.7973682997413313,0.696543794257227,0.7944725717798655,0.9756,0.9841,0.9853,0.9853,12.654895207820674,12.503091802897895,12.033422214687482,12.689863585748684,0.9852,0.996,0.9976,0.9976,20.844927382204467,20.73672826182784,16.73560554967332,20.852468104242487
126,0.99,0.993,0.9916,0.9913,5.252868119418048,5.297279266715988,5.121438012630671,5.2299717506591925,0.9708,0.976,0.9761,0.9764,19.32811328179316,19.321829435346693,18.71646913113014,19.396900468249655,0.9652,0.9697,0.9906,0.9906,3.9320838584336855,3.9287560433422586,3.5213550384586525,3.93705959785192,0.9882,0.9936,0.9933,0.9933,11.41798022588737,11.454660717875091,10.054661526192897,11.414789894881633,0.9672,0.9797,0.9748,0.9749,5.292671894602318,5.482361826216236,5.013554836511721,5.289236360133435,0.9522,0.9659,0.9687,0.9688,4.900959304138841,4.8452281023082415,4.496484514206035,4.907801183148051,0.9704,0.9894,0.9903,0.9903,0.7139671769854519,0.7168146110599954,0.6366821385315515,0.71238330186958,0.9905,0.997,0.9973,0.9973,18.0748241773253,17.942832053409784,14.3999649333698,18.112036167276337,0.9836,0.9891,0.9948,0.9948,12.803364402994452,12.738580974692042,9.18046343616368,12.805341715719829
127,0.9887,0.9906,0.9923,0.9922,5.243753979427208,5.305094431281968,5.080345204796614,5.246358310847862,0.9773,0.9851,0.9908,0.9916,22.519809063930293,22.44488305545838,20.31258964463628,22.778737534709556,0.9629,0.9722,0.9883,0.9886,3.799639130657976,3.743222038522057,3.588380440179556,3.8223279208283727,0.9882,0.9916,0.9956,0.9956,13.44738378411501,13.288955492091588,13.161289630000892,13.448372871351342,0.9638,0.9709,0.9724,0.9715,5.939136333670167,6.164827761026395,5.558020526800318,5.964166456655534,0.9896,0.9958,0.9993,0.9993,12.384478703560646,12.249639153962704,9.633895433084517,12.407511488410302,0.9771,0.9854,0.9953,0.9952,0.7780858583226156,0.7736581198317921,0.7035272884152498,0.7771904825779022,0.9408,0.9493,0.9877,0.9878,13.39067478916064,13.200366119058083,12.132557728014614,13.427045510854414,0.9718,0.9831,0.984,0.984,7.022844932867803,6.981161646496452,6.240376877778552,7.031037741881177
128,0.9836,0.986,0.986,0.986,4.834829460604537,4.827153574524006,4.734030222925547,4.826315130439717,0.9781,0.9875,0.9942,0.994,24.578911323468297,25.02168700433094,22.386262501959287,24.53502039687249,0.9906,0.9926,0.9913,0.9918,4.1263974263348215,4.100519475659118,3.951888315644292,4.1343818214033945,0.9869,0.9907,0.9977,0.9977,16.1272040430279,15.954072914450762,15.834347505944336,16.12783489595165,0.9833,0.9893,0.9866,0.9862,6.139285131873674,6.422205299525343,5.774336917652614,6.136301891825832,0.9854,0.9964,0.9984,0.9985,11.09981201860174,11.00893152694426,8.293188904820859,11.111257041266976,0.9797,0.9823,0.99,0.9899,0.7094664388386095,0.6865734742123422,0.6752421252795002,0.7081236571074276,0.9822,0.9858,0.9904,0.9904,14.2206600351093,14.099981869345225,13.12512852132514,14.26924649223157,0.9682,0.9778,0.9812,0.9814,6.408957094740382,6.247076003447977,6.2017778548318105,6.422715806645478
129,0.9441,0.9513,0.9597,0.96,4.085944140899096,3.9805606256388737,3.7932519581044346,4.094485646213966,0.982,0.9865,0.9928,0.9925,26.19859138445679,26.567687260715932,22.492366749180057,26.2357751446404,0.9661,0.9805,0.9918,0.9918,4.068313923305911,4.132779320094355,3.575096122207011,4.069359795796693,0.9873,0.99,0.996,0.996,14.448440507516723,14.38987264969466,12.285792926216924,14.44344461316454,0.9637,0.9703,0.968,0.9684,5.129222672000683,5.211604718350024,5.018776733478104,5.142731711508249,0.9793,0.9828,0.9824,0.9824,5.97863429986382,5.845677475428435,5.772958975557971,5.994510550683011,0.9593,0.9795,0.9814,0.9808,0.6486123811255209,0.6434010049863579,0.6043101460508042,0.6460787721398396,0.9918,0.9968,0.9964,0.9964,17.152079462075903,17.18247269597006,14.46605614553443,17.164337122100555,0.9709,0.9737,0.9982,0.9982,22.52577644818533,22.43150725327852,14.32166531299147,22.52233502740592
130,0.9824,0.994,0.9902,0.9903,5.082494399666487,5.359457179417772,4.741053553185579,5.101460476863203,0.9645,0.9684,0.9802,0.9805,20.23790142291208,19.04404061138435,18.52182307053905,20.25078681172105,0.9684,0.974,0.9764,0.9768,3.171166212617599,3.1520496834088223,3.04331270876809,3.190630663594281,0.9809,0.991,0.9909,0.9909,10.442127408979951,10.450964552225392,8.35991442664557,10.43255179027794,0.9832,0.9907,0.9867,0.9889,6.115399400999432,6.41156028539208,5.948403496361232,6.212672011387653,0.9581,0.976,0.9764,0.9765,5.459725580403198,5.328912128521284,5.275804176815991,5.4650793296535785,0.9894,0.9939,0.9945,0.9944,0.7775001878929477,0.766301751917282,0.7192616985152167,0.7763645369199901,0.9422,0.9622,0.9955,0.9956,16.21398317497044,16.17150386384265,14.336812080052011,16.235534708467355,0.9903,0.9959,0.9979,0.9979,21.794923432753,21.712167673299238,17.20665857496309,21.79753257476175
131,0.9763,0.9806,0.9816,0.9816,4.70585453632086,4.667188881499701,4.507700542177913,4.6869054418955765,0.9408,0.9449,0.9575,0.9572,17.39350727869999,16.16699435061435,15.917798788436114,17.293201814062652,0.9527,0.96,0.9762,0.9765,3.1473992503257997,3.0725181265680592,2.9776446037671382,3.1541586864834263,0.9827,0.9901,0.9913,0.9913,10.550514523185948,10.28924304183906,10.243074676495327,10.550154788579563,0.9875,0.9957,0.9917,0.9921,6.438944074378313,7.096844043009189,6.037929168957169,6.46679766400535,0.9671,0.9832,0.9993,0.9993,12.350356272969837,12.249295058176248,10.29244449651086,12.36381196874895,0.9951,0.9987,0.9994,0.9994,0.8889617834078131,0.8798259711057295,0.7808542062343394,0.8878910506679997,0.976,0.9828,0.9935,0.9935,15.37135074504352,15.182566832090476,13.292911326786358,15.423940655068606,0.9623,0.9677,0.9749,0.9749,5.422477808299562,5.310648758477765,5.277799032464539,5.433089573286035
132,0.9853,0.9919,0.9888,0.9882,5.118056620368223,5.423054653962659,4.972279257691021,5.15145192920442,0.973,0.9812,0.9877,0.9879,21.562131774192324,20.86107897590565,20.008056288997143,21.602864379501536,0.9894,0.9922,0.9982,0.9982,5.582344937233068,5.585054109614757,5.093005684504089,5.5718891057171325,0.9475,0.9766,0.994,0.994,11.923769053316972,12.013407532175648,10.176681954852752,11.914356873939417,0.9669,0.9753,0.9715,0.9728,5.222425567706334,5.378016899952779,5.073645770234521,5.277036263556142,0.9659,0.9846,0.9939,0.994,7.89971607015864,7.829657425247161,6.998692126174928,7.912289199945947,0.9456,0.9493,0.979,0.9787,0.6469198626248522,0.6025938537593605,0.5947761932604214,0.6464241915397719,0.949,0.9565,0.9795,0.9796,11.839164123596705,11.518628792740865,11.29041300258244,11.855895365576728,0.9832,0.9862,0.9985,0.9985,25.157678813798064,25.062506083243985,20.266676447727697,25.15763167878932
133,0.9891,0.9916,0.9919,0.9921,5.1658451543120325,5.134550506114151,4.994874264340209,5.1667723101062055,0.9546,0.9762,0.9718,0.9717,19.00877911654697,19.829629257944035,17.65545816337264,19.102785808936645,0.9809,0.9956,0.9991,0.9991,6.261894559812414,6.337012635810022,5.077737236268304,6.265479204334833,0.9676,0.9728,0.9953,0.9953,12.98537570654858,12.985944009339876,10.626765661035355,12.976808013589942,0.9754,0.9781,0.9784,0.9779,5.901177137876322,6.079702634373033,5.794792879817945,5.940137872632251,0.9768,0.9778,0.9858,0.986,6.442021605140527,6.238716508726722,6.185172629425669,6.4491026368377895,0.99,0.9937,0.9947,0.9946,0.772080182709957,0.7549314460394709,0.7364737474512238,0.772021835147658,0.9694,0.9885,0.9907,0.9907,14.092201179629932,14.10731423339657,12.15789221527549,14.101154813727918,0.9433,0.9484,0.9708,0.9709,5.004707241363703,4.883132596677553,4.828038778291466,5.009526609275516
134,0.9732,0.9848,0.9819,0.9818,4.868689364286377,5.0631613861877245,4.61468871797749,4.891747869957769,0.9843,0.988,0.9882,0.9882,21.815703708389755,21.81079984034724,20.817812484782397,21.81263642818384,0.9728,0.9738,0.9935,0.9935,4.244976035461432,4.156744740556978,4.082663237916115,4.240146797510572,0.992,0.9932,0.9974,0.9974,15.638012841548909,15.456724525208337,15.369665052289596,15.650199974510713,0.9529,0.96,0.9589,0.9606,4.713019902812514,4.762678163254391,4.564628434163097,4.753043713589481,0.969,0.9844,0.9895,0.9895,6.923070834971622,6.784624971102802,6.225822233110859,6.957968340072606,0.971,0.9776,0.9821,0.9818,0.6566900650033568,0.6186861174512457,0.6145782171211797,0.6545369592426434,0.9607,0.9691,0.9696,0.9696,10.631575028224292,10.592812403987324,9.87853506902479,10.642371795932078,0.9656,0.9768,0.991,0.991,9.609524884831409,9.57636476548906,7.811129423065241,9.617946663961767
135,0.9953,0.9993,0.9981,0.9984,6.000744840419356,6.542777475215703,5.458473335701122,6.043150632122806,0.986,0.9938,0.9911,0.9916,23.088993797886072,23.63241252722297,21.176331456420225,23.18679738265159,0.9909,0.9943,0.9991,0.9991,6.422716498094144,6.418424997565857,4.975527568709658,6.413027784093872,0.9769,0.9806,0.9909,0.9909,10.374462177620348,10.332877379876637,9.250997932973169,10.379169313353616,0.9806,0.985,0.9817,0.9819,6.071954121989888,6.221711584413832,5.969893261342879,6.0843383587977495,0.9913,0.9981,0.9984,0.9984,11.097854609357782,11.008938205963236,7.715021654568151,11.10474279959926,0.9973,0.9983,0.9998,0.9998,0.9424001951637108,0.9218385355449752,0.8613804094671259,0.9421868353661932,0.9805,0.9821,0.9853,0.9853,12.728214774933114,12.248489919611922,12.120489810466308,12.76640077601811,0.9219,0.9555,0.9729,0.9729,5.203327179406223,5.184225692581618,4.548346151382023,5.208662678578179
136,0.9834,0.9892,0.986,0.9861,5.035838442692854,5.133367572060079,4.934778723697797,5.039775902540674,0.9664,0.9694,0.984,0.9836,21.21337932395008,20.822442107621644,20.096943248989064,21.27063077172584,0.9849,0.9917,0.9989,0.9989,5.978988905142134,6.008871047649709,5.555206320586486,5.978337096306967,0.9522,0.9535,0.9598,0.9599,5.703690995198448,5.519218464545081,5.48837986047052,5.715555088862494,0.9628,0.9738,0.9699,0.9711,5.095645055622144,5.251366190445206,4.842652101801889,5.140533032971166,0.955,0.9622,0.9961,0.9961,8.529503380581478,8.473636911229656,7.499916183096965,8.53700569047415,0.9453,0.9616,0.9911,0.991,0.7311641531047699,0.7245903183825253,0.6612923045049783,0.7280943248900479,0.9481,0.9593,0.9816,0.9817,12.02954292925601,11.930896327337924,11.039463129317308,12.047162488180795,0.9751,0.9814,0.9963,0.9963,15.450498529931254,15.359133014532002,13.428487872949248,15.456884435491116
137,0.9676,0.9685,0.9789,0.9792,4.598890430677845,4.296490909528684,4.272986855356487,4.60261779780817,0.9816,0.987,0.9891,0.9891,22.116519295641744,21.4506324967144,20.59205842160017,22.13835036436079,0.9581,0.9777,0.9925,0.9928,4.147934182962713,4.165419815909326,3.5348338807791384,4.157474908115432,0.9737,0.9797,0.9853,0.9853,8.678283415167945,8.65202865157997,7.890731660446437,8.675064976175447,0.984,0.9866,0.9855,0.9852,5.872492400661552,5.906489564733466,5.7777801106484565,5.871895945075441,0.9552,0.9722,0.9887,0.9887,6.703995665396705,6.609062394756301,5.908908469198829,6.71791034829038,0.9813,0.9818,0.9865,0.9865,0.6860212121370832,0.65305528273646,0.6520297906997915,0.6857948221282139,0.9697,0.9815,0.9931,0.9932,14.951567883258932,14.849217627214678,12.85275274063811,14.96943141233478,0.9719,0.9885,0.9985,0.9985,25.158771449925357,25.063550318901623,16.03303470700109,25.157964952552977
138,0.9827,0.9935,0.99,0.99,5.048586091657372,5.327170311768748,4.737328609065825,5.062471325376318,0.9856,0.9943,0.993,0.993,22.983333441013546,23.792386417218683,21.139302094038428,22.951369891864584,0.9847,0.9934,0.9997,0.9997,7.135139775990118,7.177118541324526,6.192193771855774,7.151218023584312,0.9869,0.9884,0.9897,0.9897,9.80097596619027,9.799983513627154,9.248720274324867,9.800386669431512,0.9784,0.9798,0.9835,0.9838,9.93232212648997,10.098493016242925,7.174710235912018,9.937818597059875,0.9859,0.9878,0.9989,0.9989,11.808133464718669,11.692771299645182,10.03399473014888,11.821482265320665,0.9783,0.9788,0.9968,0.9966,0.8067064488788254,0.7523052077442737,0.75159659536217,0.8034127663889289,0.9742,0.9827,0.9988,0.9988,20.49604296911369,20.38180559059606,18.07103601089281,20.514157822401195,0.9863,0.988,0.9891,0.9891,9.097234211753449,9.037617234630376,8.230077224444132,9.106462337246686
139,0.9748,0.9905,0.984,0.9856,4.788567036534737,5.041690564081916,4.464300670887763,4.808846717033873,0.9579,0.9689,0.9773,0.977,19.596427434525104,18.90288316555155,18.30395151793219,19.61117940402515,0.9741,0.9764,0.9764,0.9766,3.23198120123526,3.1273180461385786,3.070117346105224,3.239161983584999,0.9866,0.991,0.9941,0.9941,12.119686241863745,12.12361848913394,10.851894300258625,12.111354570024387,0.971,0.9806,0.9745,0.9753,5.295792471188836,5.56304459210924,5.148452443860491,5.336913517537342,0.967,0.9736,0.9753,0.9754,5.341748178431512,5.268814887474809,4.863788848485355,5.355394091129957,0.9761,0.9832,0.9986,0.9986,0.8447764635560082,0.8402654491604709,0.7965260249956703,0.8440404969287584,0.9914,0.9953,0.9977,0.9978,18.767073751263784,18.22516121490886,17.761923404788927,18.840937873583595,0.9863,0.9909,0.9963,0.9963,15.416695192219375,15.363945043028536,11.251532646856989,15.415831703124358
140,0.9813,0.9852,0.988,0.9876,4.935874957265344,4.81220137812425,4.664711269631797,4.913719907084859,0.9284,0.9536,0.9525,0.9524,16.83154350674574,17.057881707917137,15.691428811929727,16.800778995308164,0.9702,0.981,0.9929,0.9929,4.213604433045898,4.213095580747334,3.4047056282136365,4.207489718575727,0.9808,0.9928,0.9962,0.9962,14.33984491350716,14.403811519693807,12.748580231267466,14.347020519921545,0.9698,0.9795,0.9721,0.9731,5.209513772922532,5.542156214683805,5.078210076700138,5.24056826622322,0.9934,0.9962,0.9984,0.9984,11.13514812995535,11.015003490132356,8.765475429169783,11.150855545108517,0.979,0.9857,0.9865,0.9864,0.690667067608004,0.6679775464971711,0.6463974986433829,0.6891804189549899,0.9749,0.9796,0.9811,0.9812,12.205187747588496,11.648899504491515,11.417912985870627,12.232399570797936,0.969,0.9824,0.9831,0.9831,6.711473596534898,6.682693372316903,5.942254184291952,6.714822979843619
141,0.9883,0.9908,0.9913,0.9914,5.287453324223961,5.244787445008719,5.110948427953441,5.30089128650245,0.969,0.9822,0.9845,0.9852,20.886682012877134,21.290968486702617,19.169764403165075,20.9643667104451,0.9483,0.9568,0.9879,0.9876,3.775350312599538,3.796073171439209,3.368972183716873,3.7745873030477233,0.9722,0.9832,0.9857,0.9858,8.85442486774674,8.831232737694874,8.105696757404495,8.86374533804152,0.9776,0.9799,0.9825,0.9824,6.124011747682269,6.28303163418392,5.710762299527298,6.13686603304553,0.9841,0.9892,0.9943,0.9943,8.032713006070718,7.937851404016741,6.899544893767141,8.041583465535922,0.987,0.9877,0.9949,0.9947,0.7700396572798006,0.7420690737945932,0.7366362585249502,0.7686710770127626,0.9869,0.9913,0.996,0.996,16.528523448903506,16.45349539640448,15.440388722082709,16.5293275768213,0.9771,0.9892,0.9908,0.9908,9.555596028298485,9.535121231406729,6.365930601617621,9.555552465489662
142,0.9701,0.9718,0.9758,0.9761,4.510431258587722,4.397774586378188,4.341249371389406,4.509668153908622,0.9574,0.9628,0.9682,0.9685,18.38994244893889,17.77477564896098,17.22838680390536,18.41706714421806,0.939,0.9524,0.9815,0.981,3.335607686114722,3.3458095075392094,3.075637806291317,3.338712485580181,0.9696,0.9781,0.9806,0.9806,7.819950988459624,7.836587728245087,6.913076864889305,7.817221140950686,0.9699,0.9738,0.979,0.9786,5.438469112443597,5.266196486244119,5.104389418338002,5.422532187229066,0.9809,0.9942,0.9961,0.9961,8.614812240347645,8.544295198660482,7.228506473290921,8.629408604210187,0.9628,0.9719,0.9727,0.9722,0.6271433295987909,0.5949953176590161,0.578580841267,0.6245984921038383,0.972,0.9787,0.9886,0.989,13.5508358481277,13.399459446319316,12.948661765410597,13.616346433386331,0.9802,0.9851,0.9992,0.9992,33.20049258844492,33.07294084564606,19.759647706407808,33.20096974185647
143,0.9626,0.9744,0.9787,0.9778,4.6088930292566594,4.462253207670631,4.230069854135237,4.602185222220445,0.9638,0.975,0.9896,0.9893,24.294881547706783,24.33455133474992,19.833142758678783,24.29729592944502,0.977,0.9859,0.9982,0.9982,5.506270791450169,5.540920731724983,4.31440578266321,5.502925554050776,0.9791,0.9854,0.9933,0.9933,11.40597213626783,11.41850972373067,9.486348557461648,11.404994489656422,0.9583,0.9646,0.9732,0.9739,5.491909930085664,5.487795915449583,5.096506448273818,5.487978674924653,0.9751,0.9819,0.9915,0.9915,7.21228063817831,7.151171063113797,6.536625703129874,7.226271425589968,0.9688,0.9801,0.9898,0.9897,0.7118580350406913,0.679101950939365,0.6680746981546438,0.7098572027114778,0.966,0.9786,0.9816,0.9819,12.20360634640237,12.050878310154715,11.052901516524926,12.252953910900308,0.9633,0.9682,0.9824,0.9824,6.584213638861705,6.549108218135272,5.8733110629004255,6.584958471621533
144,0.9885,0.989,0.9915,0.9915,5.144589445801215,5.001463066852018,4.99369192684739,5.148818278481293,0.96,0.9798,0.9783,0.9786,19.77784630315577,20.30543137134368,17.523056652782042,19.84309899890105,0.9697,0.9714,0.988,0.9881,3.79530087065465,3.708829067865448,3.541958329410453,3.803366389414868,0.9819,0.9832,0.9944,0.9945,12.314727645701396,12.03744626300008,11.993817992649916,12.325724314619803,0.9804,0.9869,0.9832,0.9842,5.680390153160278,5.950271132152403,5.56534339815372,5.741398437177415,0.956,0.9647,0.9644,0.9645,4.709026196828104,4.622312446548388,4.296216191688461,4.716730980611055,0.9668,0.9779,0.9971,0.997,0.8025676853193988,0.7998384489521304,0.7466720657784282,0.8010738076003037,0.9101,0.9173,0.9556,0.9561,9.602364608801516,9.26520861341744,9.115905193542655,9.642012277477296,0.9734,0.9782,0.9878,0.9878,8.285451310248277,8.246219070811014,7.0867370135774,8.288527445708153
145,0.9817,0.9916,0.9895,0.9902,5.015257656939223,5.189277284287403,4.741659261987286,5.0533376915746615,0.9585,0.9731,0.9805,0.9811,20.79806409474992,20.22223705770211,19.574173390690277,20.865306670554745,0.9084,0.9269,0.9471,0.9488,2.6190041158625954,2.55381243055394,2.3972809787038374,2.636058157230468,0.9976,0.9985,0.9998,0.9998,30.18554742943064,30.098288787814603,20.684224405788854,30.196301042490564,0.9789,0.9814,0.9811,0.9807,5.962138803530591,6.093458185083321,5.81528255505247,5.938661825026129,0.9827,0.9913,0.994,0.9941,7.951807509532279,7.865131270182034,7.434120163660935,7.9640289935061634,0.9894,0.9938,0.9913,0.9912,0.7445975756023362,0.7357262833526893,0.6887457201777801,0.7433653800396938,0.954,0.9644,0.9981,0.9981,19.17005467389876,18.956594718553315,16.10743483328578,19.221029814398246,0.9772,0.9793,0.9899,0.9899,9.498581304038291,9.419505180005022,9.234844514651488,9.507392734645128
146,0.9751,0.9823,0.9838,0.9838,4.821499404216824,4.772452718730252,4.54083512423615,4.814026361647279,0.9606,0.9692,0.9741,0.9751,19.58968023476973,19.826678426997045,18.54853354239288,19.732846777767957,0.9912,0.9953,0.9973,0.9973,5.161250827962211,5.201732378020441,4.390140295792469,5.162302616862676,0.9849,0.997,0.9993,0.9993,21.306549469798917,21.340490596902743,15.617939021160648,21.304442083403263,0.9909,0.9936,0.994,0.9941,10.34080552844938,10.704820906129823,9.060523270037358,10.34903492986379,0.9714,0.9728,0.9968,0.9968,8.936659597331301,8.844545964501387,8.505575296978304,8.951646573509121,0.9736,0.9802,0.9799,0.9799,0.653789169053985,0.635943737091919,0.6111291394521414,0.6526355137421411,0.9763,0.982,0.9848,0.9851,12.56325741789065,12.416627164158808,11.601324924536751,12.5831340530925,0.9941,0.9976,0.9997,0.9997,53.44718777405957,53.2704819711959,35.911890507964785,53.45291254555122
147,0.9954,0.9968,0.9969,0.9972,5.667123470366237,5.631636579287473,5.491647292045121,5.687869130382715,0.9595,0.9794,0.9746,0.9757,19.344025960914376,20.038221357715063,17.388168193744878,19.43989960089509,0.9481,0.9604,0.9925,0.9925,4.115787801907107,4.129715145098866,3.598914546254119,4.109742833962725,0.9539,0.9588,0.9615,0.9617,5.842297160781127,5.806416617535821,5.534658691831334,5.858210790618252,0.9743,0.9769,0.9788,0.9779,7.94509811251287,8.16707440193841,7.000229842634576,7.963076695615552,0.9857,0.9917,0.9961,0.9961,8.627187522313575,8.529383789377704,8.37044519206781,8.637882763740254,0.9827,0.9866,0.996,0.9959,0.7986798710625234,0.7858413800612465,0.7303858071270862,0.7963201762765766,0.9762,0.9889,0.9941,0.9941,15.76372083364955,15.589094215491132,14.538500448745886,15.813123911756614,0.9703,0.9786,0.9967,0.9967,16.809364848087714,16.721320133331414,14.916400484954274,16.826821196979036
148,0.9777,0.9868,0.983,0.9851,4.740448808823095,4.872867374958428,4.551335079661918,4.812885079297105,0.9838,0.9873,0.99,0.99,22.11537186087259,21.968379244059392,21.19659343194892,22.10135371528821,0.9556,0.9761,0.9982,0.9982,5.4344500313063255,5.455960526515683,5.0042117519566025,5.438284384156328,0.986,0.9885,0.998,0.998,16.676402069373164,16.543817190837643,16.249063613870288,16.698106870613614,0.9723,0.9804,0.9763,0.977,5.358732944852756,5.523355109311405,5.203014098769522,5.382851137854759,0.9691,0.9734,0.9961,0.9961,8.570241402398448,8.483285643415645,7.641136927227936,8.583242283275084,0.9764,0.9816,0.9949,0.9948,0.7775755741489392,0.7650534395721451,0.720532360046614,0.773677267377544,0.9858,0.9933,0.9945,0.9945,15.922368811241968,15.749305298485517,14.677562263585134,15.954638513135365,0.9794,0.9843,0.9868,0.9868,7.835776236544247,7.794701980831544,6.535888301365643,7.842973816228258
149,0.9866,0.9918,0.9917,0.9914,5.299233076033605,5.423217536237589,5.057980039577522,5.33667628986146,0.9859,0.9937,0.9924,0.9934,23.107532410209156,23.649988414843136,21.458774620518103,23.201512296114817,0.9751,0.9767,0.9964,0.9965,4.911594287012012,4.892077078324723,4.66079319917765,4.921395896477036,0.986,0.9927,0.9948,0.9949,12.44379926894856,12.4343200197533,10.126304801918137,12.449696242117046,0.9859,0.9916,0.9897,0.9898,6.28883162511822,6.535393060384609,5.966487012831005,6.278670043640464,0.9832,0.996,0.9989,0.9989,11.798159784812812,11.721528561032828,9.221550411197796,11.810629188541752,0.9821,0.9834,0.9973,0.9973,0.8146035596196302,0.7886020369128854,0.7821970270943437,0.8145561971340628,0.9771,0.9864,0.9871,0.9871,13.489623632969996,12.6999520112897,12.61384214749502,13.496043856070829,0.9895,0.9969,0.9973,0.9973,19.364167763147645,19.29540580869564,11.708398975297891,19.36434828942644
150,0.996,0.9974,0.9966,0.9969,5.662030065684557,5.870482911106782,5.554059713494853,5.706020846092206,0.9806,0.985,0.9901,0.99,22.295837475587067,21.00009933811261,20.479157971804188,22.262385917662545,0.9868,0.9912,0.9973,0.9973,5.130028032910069,5.171717266248301,4.372337621283974,5.117013687857951,0.947,0.9553,0.9758,0.9761,7.001730191386355,6.966106106742932,6.725541656284151,7.015017229251423,0.9574,0.9711,0.9694,0.9701,5.119050422469619,5.171863171439963,4.7827669105781645,5.135053153284256,0.9695,0.976,0.996,0.996,8.599858148945621,8.483436272582399,8.149029610531745,8.612322321575506,0.9931,0.9968,0.9958,0.9957,0.7905308717928277,0.7772674721705264,0.7501080764285637,0.7903818428839533,0.9383,0.943,0.9438,0.944,9.037376870577996,8.517808530995845,8.492299918843193,9.063009280070546,0.9776,0.9838,0.9878,0.9878,8.286572258955633,8.249361734227069,7.918797349203375,8.296179930730109
151,0.9716,0.9752,0.9774,0.9776,4.553298662889754,4.549037523319345,4.414892527955562,4.555613909712349,0.9822,0.9853,0.9886,0.9884,21.770654073798077,21.472996002053943,21.06362158366615,21.750750093783424,0.957,0.9584,0.9736,0.9739,3.041880592011732,2.9436679424303933,2.931919055938093,3.043024408259357,0.9622,0.9701,0.9732,0.9733,6.888119952767759,6.861706658444142,6.101870058789003,6.906401675500776,0.9458,0.9471,0.9636,0.9645,4.863600640481485,4.464459279440732,4.4202990326971765,4.884651391295536,0.9647,0.9842,0.9865,0.9865,6.503247935869992,6.426650817448492,5.876231901347657,6.516732500803687,0.9935,0.9949,0.9955,0.9955,0.8027498255348344,0.7665087722867535,0.7504072111924546,0.8033941966249436,0.9593,0.9782,0.9927,0.9929,14.68434792664945,14.709556568928337,13.600539648365098,14.724329589263943,0.9396,0.9485,0.9795,0.9795,6.122646208219479,6.0912102732405335,5.275318092177304,6.132317805085915
152,0.976,0.9923,0.9851,0.987,4.854763051084806,5.1424193260599775,4.534008479112105,4.904152766328636,0.9747,0.9872,0.9891,0.9889,22.26804996978363,22.887362043908343,20.24202690203159,22.29124350991263,0.9762,0.9805,0.9896,0.9897,3.934674944484585,3.937587133736436,3.640753705165127,3.9469462769427626,0.9968,0.9991,0.9997,0.9997,25.80256925722971,25.778952232915284,17.02610715143847,25.810170141995687,0.978,0.9884,0.984,0.9849,5.750737150146447,6.04762531145779,5.4831360522437205,5.788946409637686,0.9695,0.9764,0.9893,0.9894,6.787446766802046,6.682926655601028,6.519143777299097,6.803350312200426,0.9692,0.9792,0.9766,0.9762,0.652948733901451,0.6217365245633617,0.5896105863042705,0.6511449634610607,0.9778,0.9856,0.9877,0.9878,13.288827134029235,13.164406523454746,12.238852839851866,13.315463632105002,0.9464,0.9497,0.996,0.996,14.14707720717006,14.070448307199287,11.828800500767043,14.15362445926663
153,0.9772,0.9802,0.9873,0.9873,4.978910372283696,4.734126140709222,4.639135969366892,4.976349121715977,0.9756,0.9883,0.9849,0.9845,21.584740859581306,22.19379637918442,20.71684497289387,21.5964761981225,0.9751,0.9809,0.9852,0.9855,3.590891670773817,3.5450387691289444,3.407288161652525,3.609775109385348,0.9835,0.9954,0.9996,0.9996,25.309665545509148,25.27453942138533,22.540847037970757,25.31758747518827,0.9524,0.9567,0.9617,0.961,5.327166649850469,5.305719722427993,5.12187587181705,5.332694060545954,0.9452,0.9701,0.9792,0.9793,5.658761722610945,5.597080256360655,4.515294945067184,5.668656718104379,0.9582,0.9768,0.9734,0.9735,0.6245085022694887,0.6220527243207512,0.5709075230515606,0.6244124570596213,0.9457,0.9548,0.9772,0.9773,11.631577274920746,11.558602111533714,10.826289781961751,11.66339146802607,0.9785,0.9889,0.9897,0.9898,9.459251837459576,9.36556249914818,9.148741337724973,9.463775482926549
154,0.9765,0.9868,0.9827,0.9821,4.799882920224924,5.102648947155827,4.587121522332459,4.806172936880532,0.9823,0.9962,0.9941,0.9927,25.577967433782124,25.855500879781168,24.68443345784737,25.50381053679573,0.9654,0.9692,0.9937,0.9937,4.22147947991061,4.11284888585785,4.095003998617462,4.230232352181216,0.9803,0.9909,0.994,0.994,12.074140891659662,12.072551499921309,11.04104859591738,12.094661599057927,0.98,0.985,0.9831,0.983,5.937169682587792,6.227115917439853,5.658983213845449,5.937588175288555,0.9911,0.9932,0.9998,0.9998,13.837517126350685,13.700024365501983,10.308591577160987,13.847157768388668,0.8829,0.8928,0.9507,0.9495,0.5505105148205918,0.5156711636161961,0.5058352207930957,0.5493031239601021,0.9788,0.9867,0.9964,0.9964,17.297349384436696,17.154823832810884,16.495466964516353,17.352618060188842,0.9649,0.978,0.9849,0.9849,7.430538092079941,7.380483685188574,5.851450772823167,7.43844006497
155,0.9815,0.9868,0.9831,0.983,4.760503842610182,4.881684903347484,4.671698092693196,4.750270299624503,0.9494,0.9636,0.9677,0.9686,18.35535813254161,18.45377079880813,16.83695068382187,18.42140823854486,0.9779,0.982,0.9989,0.9989,5.96666107829548,5.970163830803763,4.440693707236447,5.964234736066651,0.9884,0.9957,0.9983,0.9983,17.20256985818094,17.190709026688793,13.880135234577734,17.196982892131665,0.9831,0.9917,0.9881,0.9881,6.023840501099869,6.464373895336951,5.658572167634899,6.018532603633471,0.9654,0.9672,0.99,0.9901,6.976443025728631,6.742252620069874,6.727093353666155,6.988084821165805,0.9802,0.983,0.9831,0.983,0.6654110265493725,0.6423741568194961,0.6286051729443427,0.6652719387258379,0.9954,0.9964,0.9986,0.9986,19.674484215701643,19.519490065359985,18.405290823067368,19.69440028959217,0.9923,0.9972,0.9971,0.9971,18.214375097381478,18.11124981078901,15.604505668116838,18.22716153068049
156,0.986,0.9883,0.9886,0.9885,5.030880963831298,4.925808532188752,4.837095552744276,5.029063567544755,0.9732,0.9765,0.976,0.9759,19.470873613252024,19.629281836813178,18.89706295735689,19.452504558519728,0.9868,0.9926,0.9922,0.9924,4.165100557977422,4.100519475659118,4.025906569432145,4.174992503123759,0.9852,0.9874,0.9924,0.9924,10.986586826121409,10.9527783675402,10.244007444798354,10.984115641787287,0.989,0.991,0.9914,0.9916,7.001689560274222,7.289994921123783,6.493224605524944,6.981948997616241,0.9782,0.9924,0.9941,0.9941,7.945590545672595,7.865136521676883,6.463584031298982,7.953104692173466,0.9833,0.9879,0.9901,0.9901,0.7180998905649714,0.7070930522397205,0.6763691508051386,0.7173293291962968,0.9546,0.9607,0.9837,0.9848,12.478308710940173,12.239298152663846,11.83480552170261,12.543076346765696,0.9939,0.9995,0.9997,0.9997,53.50933065029074,53.27119052363764,35.61758898058236,53.52990899809184
157,0.9637,0.9659,0.974,0.974,4.554063313999245,4.378017604302787,4.33899865256217,4.5681882990592975,0.9656,0.9772,0.9873,0.9873,22.09907061037559,22.36218177442377,20.235855338264194,22.08930571578233,0.9717,0.9768,0.9995,0.9995,6.757375147500057,6.759681762490122,4.876428431690155,6.754084097199121,0.9843,0.9898,0.9899,0.9899,9.996299952809943,10.021372482021466,9.345136440861229,9.994165707024742,0.976,0.9787,0.9812,0.9813,5.556559098952461,5.446187425748127,5.335161493995908,5.566434658327693,0.9763,0.9839,0.9825,0.9828,6.069672853620183,5.930530046672087,5.749575108283109,6.101346219820735,0.9799,0.9869,0.9912,0.9911,0.7415826822748313,0.7336367752007762,0.6802996668097351,0.7401374450155722,0.9674,0.973,0.9977,0.9977,18.431197874776597,18.16467579396694,17.599828906941575,18.48258575911924,0.979,0.9884,0.9964,0.9964,15.702612003593758,15.653442868701545,12.236984246149834,15.701331200372254
158,0.975,0.9852,0.9853,0.9857,5.0098377037643615,5.230232531329674,4.5500363830483295,5.019106163073321,0.9844,0.9895,0.9934,0.9936,23.419049075099547,23.58507641284055,21.81048022075101,23.558006100524462,0.9639,0.974,0.9883,0.9883,3.801414204197776,3.785539784568992,3.357146653762282,3.800776749668327,0.9768,0.987,0.9971,0.9971,15.395177878233651,15.430155554034124,14.967958432735507,15.401619876235012,0.9373,0.9416,0.9561,0.9555,4.776632631738396,4.485002176233125,4.41927693026248,4.775897009292232,0.9735,0.988,0.9874,0.9876,6.596965918840428,6.455162139901999,6.400019042128158,6.601992211799486,0.9873,0.9892,0.989,0.9888,0.7104432309840885,0.6798274030287534,0.6687864275995965,0.7084073311665935,0.9776,0.9866,0.9963,0.9964,17.065399102212794,16.87896664689054,16.236898938956358,17.105986087805867,0.9835,0.9964,0.9976,0.9976,20.80444148380568,20.7369694599708,14.472504561321877,20.813727488775942
159,0.9872,0.9894,0.9886,0.9885,4.973149556585167,5.043266852463058,4.882653011913405,4.980148480157963,0.9887,0.9918,0.9923,0.9925,23.101665397356296,22.68959892410746,21.879961452482508,23.13520022756516,0.9846,0.9902,0.9927,0.9927,4.2547287512553424,4.07265997749111,3.967668448434022,4.251945575747398,0.965,0.9665,0.9892,0.9892,9.501277700608526,9.436592512116524,9.06119822125632,9.510634684063264,0.9692,0.9812,0.9756,0.9766,5.366496635764861,5.567541738898209,5.083543614454265,5.387685077670543,0.9641,0.9792,0.9794,0.9794,5.723934923425328,5.653396838564244,5.347275113778218,5.734329693606885,0.9694,0.9937,0.9935,0.9931,0.7608418153293377,0.7549314460394709,0.7016964076619409,0.7577441706167893,0.9751,0.9839,0.9829,0.9829,12.476153541717586,12.308126668956954,11.38830574534088,12.468069959972985,0.9875,0.9941,0.9979,0.9979,21.68067197838749,21.593316751042277,14.101272050319816,21.68642163474397
160,0.9376,0.9432,0.9566,0.9555,4.170122352189194,4.126024703911545,3.904049287927071,4.147582885924335,0.9692,0.9742,0.9882,0.9878,22.417428070336143,22.418358006775662,20.826689556367267,22.43478195837401,0.9601,0.9611,0.9796,0.9797,3.300564523814157,3.072529501079021,3.0558207315743613,3.3056103313131144,0.9591,0.9678,0.9872,0.9873,9.02962317770766,9.002349486997204,7.415538518221747,9.041328802003958,0.9753,0.9768,0.9816,0.9815,5.9047554295640206,5.874363864008657,5.674838479247984,5.913533950056191,0.9581,0.9636,0.9663,0.9666,4.84834186272631,4.73227530828586,4.590041417206134,4.8692279814207815,0.9676,0.9896,0.9968,0.9967,0.788861650064508,0.7930360116516765,0.6922374380546386,0.7865564206985756,0.979,0.9887,0.9931,0.9931,14.919176771374026,14.419847450633016,14.330935701061843,14.936185116593428,0.9729,0.977,0.9809,0.9809,6.320434662432051,6.273250003889933,5.7313312353042285,6.330375199870346
161,0.9693,0.9759,0.9736,0.9737,4.435095398788711,4.494555359066336,4.326487912091534,4.427409964589307,0.9926,0.9966,0.998,0.998,27.28156856787614,27.94900519261877,25.487335877905085,27.412584143973127,0.9657,0.968,0.9687,0.969,3.023590083636193,2.9230845140256267,2.888878668603006,3.032048237405092,0.9828,0.9894,0.9892,0.9892,9.51119180287694,9.511118257543666,8.270724615470757,9.509635685425703,0.9822,0.9864,0.9838,0.9846,6.163710712016028,6.452170731166618,6.036147292916612,6.171543022749303,0.8613,0.8706,0.9979,0.998,9.994048269301532,9.908458086809132,8.498290752169437,10.006161929271984,0.9789,0.9808,0.9983,0.9981,0.857044270713768,0.8247510013875649,0.7901171689736497,0.8561188915906022,0.9601,0.9621,0.9998,0.9998,32.01159093675352,31.80731065889818,24.699987581612444,32.048788345586495,0.9671,0.9728,0.9856,0.9856,7.591265765922845,7.554976069537134,6.420361688989709,7.59797957588797
162,0.9754,0.9778,0.9806,0.9798,4.783754583031847,4.841600245704159,4.623590245040935,4.778366071817709,0.9739,0.9782,0.991,0.9904,24.031408810189816,24.12285442041723,21.73254745634582,24.03874116023278,0.9783,0.9793,0.9881,0.9883,3.7941075644819646,3.705513509064984,3.600580934723057,3.800711616564781,0.9887,0.9955,0.996,0.996,14.181792744703356,14.193094077068247,11.886082504621369,14.17432251332201,0.9873,0.9909,0.9891,0.9893,6.339492970285031,6.630856619755843,6.123645906623705,6.329536702596936,0.9785,0.9834,0.9991,0.9991,12.193046374781987,12.056429218982172,10.884400618574135,12.211892445579135,0.9613,0.9745,0.9948,0.9947,0.7654253263287092,0.7632315377223438,0.6954071189423335,0.7636589488130521,0.9824,0.9883,0.9931,0.9932,14.86056198737328,14.735134998141197,13.660869389768289,14.882222377972177,0.9693,0.982,0.9821,0.9822,6.480662268947868,6.443954514907127,5.0769625152616165,6.482092135905953
163,0.9454,0.9547,0.9693,0.9695,4.632182663655359,4.47688292041154,4.198226935096036,4.611908730858338,0.9799,0.9855,0.9933,0.9931,23.073004157351782,23.00217433634601,21.2684308837488,23.08196870988248,0.9942,0.9962,0.9999,0.9999,9.368102983389909,9.405630175567133,6.780142584759851,9.356705586992703,0.9861,0.9885,0.9899,0.9899,9.995279994800136,10.01753367129922,9.171031291310166,9.987137558633846,0.9775,0.9813,0.98,0.98,6.1343757443478975,6.443925710246953,5.866581722521413,6.155381533770527,0.9527,0.9639,0.9918,0.9921,7.42040148481639,7.299015006151022,6.762643285614393,7.438000679815387,0.9422,0.9542,0.9827,0.9827,0.6572158047098486,0.6135386928798958,0.6078029244287995,0.6564160074715356,0.9765,0.981,0.9877,0.9878,13.415602542829442,13.297856950470818,12.441482180064336,13.46493227269426,0.9832,0.989,0.9994,0.9994,41.89801000438804,41.7395913330954,24.24571576750489,41.91005756469321
164,0.9879,0.9909,0.9893,0.9895,5.071547754045229,5.2096647662213735,4.957435138602417,5.093813335702885,0.9632,0.9712,0.9707,0.9713,18.91268959156062,18.639381434481667,17.811792137006698,18.98520673956653,0.9801,0.9874,0.9991,0.9991,6.356153971185375,6.384426873429642,5.02330479630954,6.3614499851244375,0.9727,0.9833,0.9827,0.9827,8.21995049029497,8.249451505746451,7.367218869044485,8.218436583742601,0.9774,0.9791,0.9793,0.9792,6.133521014146362,6.325532690388702,5.98937005208802,6.1504593634114375,0.9642,0.9766,0.9996,0.9996,13.253568189226154,13.17793145419974,11.969371363679649,13.26277388058389,0.9704,0.9754,0.9901,0.9901,0.7232046190582206,0.7123551196216293,0.6596228744662289,0.7207478901114173,0.9645,0.9683,0.9865,0.9865,13.07939022117596,12.873607583976105,12.086062225157445,13.117760103950392,0.9674,0.979,0.9818,0.9818,6.453265955187754,6.392994039400245,5.527963761564671,6.459899116297523
165,0.938,0.9441,0.9475,0.9484,3.8652611633304543,3.8541719211433785,3.73446113354198,3.877410667531894,0.9536,0.9619,0.9663,0.9666,18.58955552387332,17.669722319920364,16.94939929801494,18.60452554851469,0.9957,0.9973,0.9991,0.9991,6.318923427431423,6.344861981156737,5.496040608447465,6.312608854896016,0.9701,0.9733,0.9722,0.9725,6.747592494184201,6.687300845794624,6.483649758238983,6.779417601031797,0.9857,0.9945,0.9916,0.9915,6.435669286655354,6.869194432001048,5.846398596413532,6.476083975261422,0.9795,0.9871,0.9906,0.9907,7.144120316851695,7.02533988965236,6.153969225866662,7.161614140015471,0.9793,0.9843,0.9901,0.99,0.7120754692989364,0.6857853981404873,0.673200484956424,0.7092496707298344,0.9808,0.9846,0.989,0.9891,13.623958477539672,13.352473886483471,13.07305455371831,13.674475834790371,0.9697,0.9785,0.9956,0.9956,13.556807084523877,13.479147331185304,10.184244067187455,13.560598035387414
166,0.9648,0.9703,0.9761,0.9758,4.551368543840768,4.383442222795493,4.260349032589934,4.55896423107902,0.9754,0.9792,0.983,0.9837,20.855572162181964,20.40526235938935,20.05110050719284,20.927603207347648,0.9599,0.964,0.9842,0.9843,3.493806062022094,3.453371985281472,3.274831587349964,3.492535870087116,0.9829,0.9889,0.9993,0.9993,21.328829192463814,21.300300510927094,17.987123020200574,21.336432059346805,0.9867,0.9931,0.9896,0.99,6.212860909863094,6.703035125656914,5.917464086089839,6.277057872477356,0.9815,0.9898,0.99,0.99,6.956355604511259,6.837535456361838,6.308427860972804,6.972470824653533,0.9755,0.9822,0.9864,0.9864,0.6803066055159143,0.6651897694954885,0.6472451222111422,0.6797838822433262,0.9723,0.9761,0.976,0.9763,11.471248694700297,11.104671160419024,10.873373623750414,11.50651308143702,0.9904,0.9931,0.9965,0.9965,16.202987746678307,16.109793183099857,13.263997637580172,16.21119595549934
167,0.9595,0.9633,0.9757,0.9752,4.769535348045766,4.532142527807577,4.461920037600335,4.75673993803692,0.9612,0.9661,0.9681,0.969,18.34854587493894,18.23535645953161,17.65619299495405,18.411182292333937,0.9563,0.9733,0.9783,0.9784,3.189017249314185,3.238860170750442,2.937538144219576,3.194488683550017,0.9668,0.9732,0.985,0.985,8.535269389266194,8.355168255659454,8.311058299820951,8.530524333850344,0.982,0.9908,0.9853,0.9876,6.071232207549375,6.469548573814858,5.9211766038150575,6.165892216523913,0.9942,0.9973,0.9996,0.9996,13.264993995720486,13.178615892211711,9.440121348330388,13.268146619605458,0.9709,0.977,0.9764,0.9762,0.6298411488645631,0.6076043424239723,0.6000321082338067,0.6279849405671136,0.9916,0.9955,0.9977,0.9977,18.309568600083328,18.22648894559344,16.394047323781585,18.32856893235657,0.9817,0.9883,0.9962,0.9962,15.211310916239432,15.157122890411433,11.848661883217869,15.210399919580311
168,0.9714,0.9726,0.9783,0.9783,4.611101640808169,4.450229317143842,4.405450135420565,4.603967333218225,0.9823,0.9842,0.9861,0.9864,21.968252579979232,20.849320922731533,20.555149150330937,21.93114413304022,0.9632,0.9868,0.9899,0.9899,3.8579832348923326,3.9648214625023512,3.5015090511220013,3.853098437856772,0.9701,0.9799,0.9835,0.9835,8.330714070324888,8.317839633864594,6.975113082721432,8.338473373779872,0.9865,0.9892,0.9886,0.9887,6.111800658087725,6.234193423399216,5.951961127055876,6.120771177837359,0.9945,0.9977,0.9984,0.9984,10.939148607734314,10.864741283057588,8.822420053511891,10.948780121782338,0.9833,0.9851,0.9881,0.9877,0.7071658683698812,0.6584564223942829,0.6551053549970653,0.703581270209408,0.9959,0.9973,0.997,0.997,17.960697504751412,17.728429284223115,16.533438894019742,18.012743120036458,0.9818,0.9883,0.9919,0.9919,10.185288910000171,10.12706578441161,8.238241475794508,10.187359218110398
169,0.9961,0.9988,0.9974,0.9978,6.053378428396547,6.464962979567439,5.913446253579702,6.104181415696788,0.9735,0.9763,0.9853,0.9862,21.121666833690917,19.855300890583173,19.571304169943478,21.18694250859917,0.9737,0.9784,0.9801,0.9806,3.3473846808317336,3.3032268753581397,3.1706327499537563,3.368734238527816,0.9772,0.9852,0.9909,0.9909,10.27684412621916,10.270065278255665,9.473557903663076,10.293820132591966,0.9797,0.9823,0.9843,0.9841,5.7400747862170665,5.656078888614836,5.4938865486313,5.724977526001288,0.9911,0.9953,0.9979,0.9979,10.023437021228538,9.892884022930115,8.661271873431652,10.044789880085636,0.9778,0.9861,0.9973,0.9973,0.8128629007374074,0.8090135519741648,0.7187702976479041,0.8118462888353675,0.9557,0.9564,0.9998,0.9998,31.900780647923398,31.790530052070874,21.91162639537077,31.93134082622614,0.9499,0.9539,0.9806,0.9806,6.243819118786137,6.1428482314836,6.119023937270966,6.255147551256497
170,0.9671,0.9745,0.9741,0.9742,4.435998793634914,4.456009290609654,4.24990942057854,4.436469294975602,0.9497,0.9688,0.9804,0.9797,22.057973754163505,21.89110591861188,20.988704199666515,22.100222493598928,0.9772,0.9875,0.9982,0.9982,5.514615458051967,5.563419990331409,4.255393053908175,5.524428917300088,0.9823,0.9848,0.9899,0.9899,9.93650023249934,9.881339889661234,9.36262710678906,9.928677430870922,0.9583,0.9774,0.97,0.9713,5.1084576049846095,5.366579757263581,4.747033849449927,5.16035851281633,0.9753,0.9773,0.9793,0.9794,5.725996241595629,5.609735587689974,5.486009206959526,5.750305495202122,0.973,0.9783,0.9901,0.9901,0.7122458328393418,0.7061477069317399,0.6644582737051514,0.7118284631637251,0.9879,0.9911,0.9909,0.991,14.375115294640088,14.07010136180444,13.803076164628855,14.39524099633474,0.9779,0.9843,0.989,0.989,9.05899572053256,8.984506695191135,8.282630589976666,9.06821427018939
171,0.9807,0.9885,0.9857,0.9866,4.873757303983886,4.958842139921561,4.647689672444017,4.8864337981039085,0.9856,0.9875,0.999,0.9988,32.515520817307234,32.45639155745786,25.563441214323905,32.569625544568304,0.9694,0.9847,0.9931,0.9934,4.208945390394619,4.190297675191057,4.04003332186644,4.22589834760485,0.9953,0.9982,0.998,0.998,16.731974702304438,16.73251635667051,14.437982639136822,16.733628078721686,0.9721,0.9829,0.9772,0.9773,5.376190045805573,5.678618990622077,5.217216581896143,5.400261052917265,0.9857,0.9909,0.9984,0.9984,10.995601540791066,10.864680926169727,8.926547080325788,11.010587629413426,0.9459,0.9505,0.9806,0.9802,0.6454942688924122,0.6128154201482243,0.6087719180676658,0.6432370179926201,0.9189,0.955,0.9766,0.9767,11.383787118907025,11.3629612728672,9.954223517086042,11.392142759067507,0.9766,0.9814,0.9808,0.9809,6.332208632858557,6.275317142660194,6.015943723124384,6.340990406952043
172,0.9641,0.9696,0.9768,0.9763,4.934410669531662,5.037566281831575,4.621895702951324,4.958327384462896,0.9794,0.9881,0.9895,0.9902,22.17356742885957,22.589439370408478,20.90857355487706,22.31100780276981,0.9748,0.9762,0.9785,0.9786,3.284395555608396,3.175989385450184,3.134784412980257,3.29391217293378,0.9766,0.9813,0.9982,0.9982,16.960956607601783,16.902625884333407,15.299651591348972,16.97093675954362,0.9698,0.9777,0.9737,0.9746,5.261478155176801,5.405238569733697,5.087800971650717,5.294944079532071,0.9949,0.9982,0.9983,0.9983,10.726015601862668,10.63618215197982,8.895945065261056,10.740758292261084,0.9683,0.9838,0.9901,0.9901,0.7134949110277722,0.7059448822677512,0.6084896854812611,0.7111177571526538,0.9698,0.9771,0.9816,0.9817,12.016845444032766,11.957802571024216,11.010389455269062,12.03432291083182,0.969,0.9714,0.9977,0.9977,21.12852087025797,21.06860234434648,16.187416566683403,21.12610289820345
173,0.9918,0.9939,0.996,0.9958,5.884602069320741,6.025292133014831,5.319767168400437,5.911848805957495,0.9697,0.9772,0.9799,0.9802,20.513166782848334,19.54431371677864,18.56119943497672,20.557445508737736,0.9773,0.9859,0.9927,0.9927,4.154443987540254,4.200914945106307,3.680239927708696,4.156149854751562,0.9806,0.9835,0.994,0.994,11.96157527984808,11.9163468131982,10.932568832413576,11.97616449428566,0.9579,0.9676,0.9716,0.9701,6.467701908969728,6.616443221867887,5.596784810631816,6.449740469338829,0.949,0.9545,0.9925,0.9926,7.501686053852663,7.408383657861618,6.9542945838703325,7.517112519142184,0.9598,0.9643,0.9769,0.9769,0.6347178068236812,0.6100349708339744,0.5994738958863987,0.6341030740177445,0.9849,0.9937,0.9933,0.9933,14.93655974439922,14.88247919895239,12.772724660487969,14.955093487226716,0.9927,0.9951,0.9979,0.9979,21.78591581493881,21.711870213453103,15.017854223353824,21.785745104941853
174,0.9849,0.9892,0.9904,0.9905,5.065770846578321,5.00058003608315,4.835305306050703,5.069751449093517,0.9375,0.9418,0.9537,0.9543,17.234586697068547,16.014254820913628,15.724078070552892,17.210800217691098,0.9908,0.9926,0.9965,0.9965,4.992986733289018,4.95737062172268,4.769500351940426,5.002806900669106,0.9859,0.9876,0.9941,0.9941,12.069832821939189,12.05429953382419,11.737885711148335,12.088261648304742,0.9891,0.9955,0.9921,0.9923,6.576629716771791,7.118747855875835,6.269499068820238,6.590351000838423,0.9888,0.9956,0.998,0.998,10.05148407666155,9.933903954316872,8.267917545578976,10.06186533390434,0.9741,0.9882,0.9983,0.9981,0.8417787247045183,0.810359978789134,0.7953110437970714,0.840633531683499,0.9506,0.9659,0.9934,0.9935,15.193355529985856,14.93273440360896,14.49572126299264,15.27641216407728,0.9797,0.9867,0.993,0.993,10.946198627224078,10.86969366245012,8.587813858390259,10.954882042129054
175,0.9183,0.9323,0.9404,0.9379,3.746524438504104,3.695029515741979,3.4868855908311893,3.725000680210261,0.9777,0.9802,0.9846,0.9849,20.96330666532508,20.3792961552353,19.993706210337205,20.967211878245536,0.9365,0.9524,0.9587,0.9594,2.8381902829652788,2.825754003563409,2.5803613732762325,2.849206998950839,0.9569,0.9657,0.9943,0.9943,12.193746223365284,12.11262286323418,11.07762425327694,12.21773649229746,0.9904,0.9933,0.9913,0.9914,6.571251135191693,6.946327521592399,6.393856944982232,6.602134435900981,0.961,0.9696,0.97,0.9702,5.0152275210703205,4.945043409349186,4.6585712943785484,5.0241064639000825,0.9768,0.9834,0.9979,0.9979,0.8307841178160686,0.8221472179731156,0.7441267237467221,0.828411812955836,0.9792,0.9886,0.9912,0.9913,14.496378485770895,14.376935508886731,13.822586968842572,14.541598162616612,0.9317,0.9521,0.9796,0.9797,6.177925338782848,6.150274374081597,5.736094835222545,6.184794472846001
176,0.9782,0.9826,0.9809,0.9811,4.6631463856724285,4.731822475616189,4.565921800813971,4.673111395780312,0.9735,0.9777,0.9941,0.9942,24.00565472168177,22.826337284772485,22.5302329021681,24.072161320192283,0.9693,0.973,0.9883,0.9883,3.7842656355855273,3.780755857055171,3.532873624006437,3.783969267337482,0.9479,0.9504,0.9624,0.9625,5.754273953601959,5.658322213240769,5.6207742850330655,5.771999431518747,0.9508,0.9715,0.9648,0.9642,5.041056106788224,5.401061991954219,4.678294357676322,5.048430661007593,0.9694,0.9852,0.9961,0.9961,8.569598990121658,8.483824064791811,6.662865679634551,8.581232604416828,0.9892,0.9959,0.9984,0.9984,0.8456289744872239,0.8437083602044394,0.7645947519788518,0.8454090004031077,0.9476,0.9524,0.9903,0.9903,13.912377920146543,13.576582254380268,13.363807693298124,13.914400895455302,0.9718,0.9855,0.9996,0.9996,52.50637333135592,52.32017084284082,38.272130875379176,52.52544061879496
177,0.9659,0.974,0.9716,0.9709,4.611858120904166,4.790133873928124,4.426719709563898,4.630699772250388,0.9749,0.9871,0.9922,0.9914,31.58403628299861,32.43087463821008,29.03922362068661,31.48973318028037,0.93,0.9418,0.9941,0.9921,6.665828409299631,6.685771679281471,5.745998634505949,6.65249809334314,0.9759,0.9803,0.9987,0.9987,17.997993897367017,17.949745549745316,13.81968292922828,18.005790072104837,0.9672,0.978,0.9755,0.9763,5.314455492349127,5.392145874557942,5.016038414059411,5.348167832431193,0.9543,0.9634,0.9835,0.9835,6.071933386171819,6.013599201923321,5.334265899524388,6.08115792689787,0.9737,0.9763,0.9989,0.9987,0.8654899925454913,0.8203523311850193,0.8149984075107228,0.8626820216349133,0.9689,0.9799,0.9852,0.9853,12.60967182312626,12.480582003007106,11.89245510716999,12.661386946419524,0.9849,0.9875,0.9961,0.9961,15.06940866349706,14.96983383820499,13.98302914904161,15.075955872971615
178,0.9804,0.9947,0.9916,0.991,5.096410649750852,5.340632199953857,4.664789647693297,5.085609992727891,0.9928,0.994,0.9951,0.9953,24.21802423131073,23.975527260833463,23.66666527458959,24.17039139616236,0.9852,0.9971,0.9991,0.9991,6.368730839241454,6.430588024302987,4.703923642722808,6.364468174784079,0.9797,0.9843,0.994,0.994,12.068934196160816,12.042113093865831,10.745314122318126,12.073511040887166,0.9802,0.9846,0.9848,0.9846,5.874016976114099,5.825491217523647,5.625470377267002,5.864423984038098,0.9347,0.9468,0.9454,0.946,3.917982447215552,3.8277329211470064,3.659405386824308,3.941035161076503,0.9639,0.972,0.9824,0.9824,0.6533649841970686,0.6250023080628706,0.62180027138953,0.6505681401140628,0.9864,0.9888,0.9911,0.9912,14.349288526805775,14.285641808894438,13.73239173930321,14.370433238385912,0.9561,0.9696,0.9895,0.9895,9.33853195745921,9.3068979602236,7.797150575652975,9.351987347682869
179,0.9828,0.9842,0.9865,0.9866,5.23530788014146,5.149987296668304,5.024987247337219,5.250609702508414,0.9493,0.9664,0.9591,0.9603,17.69623993274979,18.041391368424964,16.59966880724651,17.729442577648083,0.9645,0.9809,0.9904,0.9904,3.9111733624543006,3.942305535368821,3.2949807754867817,3.909150389673308,0.988,0.9936,0.9986,0.9986,17.694142411721987,17.700969651854205,12.8881069662855,17.687793261426105,0.9804,0.9898,0.9845,0.9855,5.827032387197578,6.276607881137464,5.5609326527776375,5.874021799604345,0.9761,0.9811,0.9811,0.9811,5.875608684253728,5.803622708161252,5.460478548943976,5.885704441157818,0.9586,0.9631,0.9641,0.964,0.5940043135654984,0.5691257030482406,0.5609298932445763,0.592898204596451,0.96,0.9647,0.9669,0.9672,10.44897187914613,10.289897672471245,9.869884418293072,10.452264149560014,0.9746,0.9773,0.9846,0.9846,7.255578553563692,7.197477788993727,6.667937815191078,7.263623284336631
180,0.9862,0.995,0.992,0.9914,5.218382506705252,5.452903870396394,4.923131498213805,5.214521149588631,0.9558,0.9753,0.9778,0.9774,20.609454871280168,20.635675113386835,19.426466730615644,20.614780255671317,0.9582,0.9627,0.9786,0.9788,3.221361065676197,3.098038023458769,3.081281160688853,3.2323216727997,0.9834,0.998,0.9987,0.9987,17.95092924969825,18.034291893217528,12.242905173994796,17.953010769484337,0.9971,0.9988,0.9981,0.9981,8.950167242102262,9.398183500244636,7.854144386016568,8.970985493044235,0.9704,0.9729,0.9903,0.9903,6.98777867798198,6.900348602568672,6.671155172998526,6.999732978624572,0.977,0.9873,0.9867,0.9862,0.6912640759850874,0.6646085367450039,0.6432232312009483,0.6879812473790788,0.9891,0.9908,0.9936,0.9938,15.386050354443835,15.204015558720128,14.709553947478817,15.44483867541516,0.9624,0.9665,0.9729,0.9729,5.219913632240051,5.198539022831396,4.978455433084315,5.221779996352938
181,0.9724,0.9733,0.9809,0.9801,4.647874174917935,4.414855566378193,4.389538622980964,4.618587274643327,0.9691,0.9715,0.9827,0.9823,20.849164963426077,20.043018109101585,19.712984087911817,20.806930594777125,0.9876,0.9966,0.9981,0.9981,5.468086415810325,5.505294811713389,4.255169124933184,5.4807610677254015,0.9873,0.9909,0.9983,0.9983,17.217482852053966,17.165358520792985,12.881109073316702,17.22408176184386,0.9906,0.9952,0.9922,0.9922,6.58024660894036,7.107128455695988,6.307635844121778,6.604367619095132,0.967,0.9712,0.9796,0.9797,5.769413502978472,5.578832199863973,5.563746201187652,5.771306280777878,0.9584,0.9703,0.9731,0.9734,0.6325184085846522,0.6166914378633028,0.5779180718460086,0.6316605562164455,0.9541,0.9569,0.9668,0.9668,10.43758543362589,10.112831216182265,9.926125329603448,10.444913852226687,0.9969,0.9978,0.9999,0.9999,140.36130036955268,139.8854924831656,77.1422188372008,140.4004987848984
182,0.9851,0.9899,0.9925,0.9927,5.63390205393452,5.781001810334969,4.951055233214165,5.606096582196187,0.9708,0.9801,0.9881,0.9878,22.210628553737383,21.56808153284212,21.14960000290621,22.178026009832195,0.9711,0.9818,0.9875,0.9877,3.68384329901594,3.7124045782447608,3.32871547165916,3.694739273116819,0.9842,0.9929,0.998,0.998,16.62052356222436,16.67483622067443,13.598946124600788,16.625124360803234,0.9565,0.963,0.9693,0.9695,5.047034952207462,4.835812181034086,4.642520141714951,5.064439679656219,0.982,0.9907,0.994,0.994,7.98314459889488,7.865126383421587,6.934202790369872,8.001520368459197,0.988,0.9939,0.9948,0.9948,0.7828351951299675,0.7761067285891544,0.7101565772130084,0.7826214201222711,0.9832,0.9867,0.9941,0.9942,15.610164454478346,15.419591201508563,14.913239009920414,15.722706221742635,0.9353,0.953,0.9622,0.9625,4.279032297465715,4.266143824148285,3.834553459803372,4.288159004724718
183,0.9895,0.9952,0.9921,0.9922,5.174800157939271,5.408397077208129,5.025720794247927,5.181961532684701,0.9875,0.9893,0.9943,0.9947,24.98817123858403,25.14422130803732,24.12818400743367,25.1652285251908,0.977,0.9804,0.9946,0.9947,4.517767184543391,4.427818447042825,4.296737786507856,4.531631997843252,0.9915,0.9982,0.9993,0.9993,21.382104938546448,21.35135752643558,16.618819149161602,21.40663759610796,0.984,0.9894,0.9882,0.9889,6.060133777803438,6.196144691602445,5.716143702941771,6.11916492016115,0.9884,0.9955,0.9955,0.9958,8.442727737537728,8.332101121625891,7.889111730301388,8.45589589525656,0.9779,0.9831,0.9881,0.9878,0.6968906876814281,0.6699770539153325,0.6564332697435961,0.6961631445142367,0.9685,0.9762,0.9781,0.9782,11.75691802717441,11.696860102871486,10.954956941588216,11.766753324335204,0.9719,0.9776,0.9916,0.9916,9.96250336083906,9.906905876949844,8.162855219702745,9.966895308266803
184,0.9672,0.98,0.9781,0.9761,4.651877330079127,4.651995803736774,4.367308174004758,4.621565938603387,0.9703,0.9749,0.9858,0.986,21.23350708436007,20.44295915491447,19.682052984719896,21.300584210748507,0.9822,0.9909,0.9901,0.9904,3.9391277397715054,3.956577251091978,3.782826485209103,3.967614003772257,0.9859,0.9892,0.992,0.992,10.632383260327751,10.630929282254858,9.756790014346144,10.640072982874493,0.9389,0.9509,0.9489,0.9483,4.470742861060332,4.522272375685466,4.274213559255612,4.452110471930671,0.9765,0.9944,0.9961,0.9961,8.551665704812576,8.479901987944306,7.254737878199873,8.562977620509834,0.9743,0.9829,0.9911,0.9911,0.735782378481766,0.7300603198222086,0.6535506261935374,0.7342631419709043,0.9662,0.9757,0.9829,0.983,12.298513830485126,12.231942066287337,11.240474462965029,12.333446277054614,0.9834,0.9907,0.9964,0.9964,15.723242705497029,15.65446472832292,14.421857909563784,15.7238942552419
185,0.9886,0.9921,0.9916,0.9917,5.1546793641084205,5.131189726675888,4.974717843721825,5.154913239379233,0.9779,0.9843,0.9888,0.9883,23.29399909555438,23.1268836836811,22.430662858210628,23.242143650804707,0.9735,0.9827,0.9899,0.9899,3.937450234087491,3.9441195736087127,3.481775372208536,3.934712129629042,0.9861,0.9903,0.9961,0.9961,14.395337060412794,14.39155934037781,11.657112120368769,14.393151023910267,0.9737,0.9819,0.9809,0.982,5.547624934488535,5.667161832794895,5.2582728677471575,5.600947587522855,0.9826,0.9918,0.9926,0.9926,7.515565542537763,7.412400155404837,7.046821371689344,7.534962999034708,0.9764,0.981,0.9972,0.9972,0.8000515529116947,0.8005301803079323,0.7416779734343482,0.7992342592821656,0.9692,0.9802,0.9933,0.9933,14.900960685166092,14.846258247824087,12.822156584433708,14.92254576043654,0.9773,0.9848,0.993,0.993,10.932497168896132,10.868878632413626,7.532831591653192,10.94008569960944
186,0.9795,0.988,0.9883,0.9885,4.984003085316146,5.004654660317838,4.697565738589295,4.9757923041249565,0.9763,0.9833,0.9912,0.991,23.007272713203022,22.646376786641184,21.54892233776223,23.0068953162412,0.974,0.9873,0.9935,0.9935,4.211021674569097,4.1466037014111,4.094060455397038,4.2085661234655465,0.9795,0.9855,0.9906,0.9907,10.275949920355767,10.282180258036323,9.689704835175108,10.281069692031926,0.977,0.9825,0.983,0.983,5.70853102266463,5.764243374610684,5.443991039048829,5.718720975484562,0.9883,0.9946,0.9978,0.9978,9.669338028172191,9.5897111880426,7.839643258298947,9.675931676272093,0.9623,0.9706,0.997,0.9968,0.8057623838999195,0.7988761303616339,0.71351752891853,0.8037876901049602,0.9816,0.9882,0.9871,0.9873,13.175037444316407,12.931705796671816,12.511948378880351,13.242766605409082,0.995,0.9961,0.9991,0.9991,32.70875218354672,32.5410437337419,27.176559450922703,32.71685806375004
187,0.9511,0.9673,0.9624,0.9621,4.21403125825711,4.362359839024108,4.058744982159945,4.210290570958007,0.9596,0.9707,0.9784,0.9786,20.1249882581805,20.289155329523854,18.47059733502525,20.20796763402182,0.9846,0.9906,0.9924,0.9925,4.194569396082417,4.223006295405954,3.673192774136068,4.1962216802444425,0.9662,0.9683,0.9963,0.9963,14.686250013256483,14.629705793038136,14.147242408552522,14.686428729749082,0.9797,0.9872,0.9833,0.9839,5.713741963434994,6.0064442049570985,5.503958233642357,5.720987178320865,0.987,0.9938,0.9974,0.9974,9.349898979345337,9.277964186732437,8.262958944611507,9.367703115001996,0.9673,0.9712,0.9806,0.98,0.6504876734709483,0.6216809421105313,0.6083742828327718,0.647308936064545,0.9565,0.9615,0.9964,0.9964,17.102532889788904,17.085111939461186,15.4132783674352,17.14018754125536,0.9671,0.9958,0.9958,0.9958,13.92512609732879,13.874552267355488,13.026678573896731,13.93566537374804
188,0.9593,0.9784,0.9705,0.9712,4.379478275549991,4.618209246486384,4.070523923558301,4.407645215898165,0.9833,0.9907,0.9897,0.9892,22.64253921309061,23.47602565776737,21.471287816672127,22.60017586573025,0.9952,0.9965,0.9991,0.9991,6.461285451242937,6.474533148065861,5.399259876431125,6.465180563008946,0.9901,0.9928,0.9938,0.9938,11.703436203674924,11.686882077382524,10.538977497164089,11.710505044262304,0.9822,0.9879,0.9856,0.9857,5.89494173129334,6.092249707557336,5.689479803909388,5.884702097200853,0.9635,0.9707,0.9872,0.9872,6.579220948139542,6.487764576363075,6.3155214350845,6.597113925531695,0.9651,0.9761,0.9821,0.9821,0.6593767375327639,0.6431210874814267,0.6174083489979627,0.6580634544736284,0.9759,0.9899,0.99,0.9901,13.959821176715488,13.908253887408764,11.79448246046552,13.98502365410578,0.9578,0.9596,0.989,0.989,9.01020816185896,8.972353481406286,8.263171684616696,9.01974510278096
189,0.9842,0.9892,0.9883,0.9879,4.951087997785967,4.993115184046348,4.751146625816613,4.93112575939107,0.9604,0.9749,0.9834,0.9811,26.01502654901305,26.710457144880024,23.932757543119298,26.020120299793994,0.968,0.9703,0.9846,0.9851,3.577172138264936,3.4198355018707867,3.371050131600869,3.594431792123676,0.9784,0.9819,0.9895,0.9895,9.670069684688087,9.6321060208113,9.171183697825835,9.67592885499288,0.982,0.987,0.9857,0.9856,6.317722811201543,6.6248910180139085,6.013752716481477,6.342698889892884,0.9779,0.986,0.9979,0.9979,9.87571120148314,9.77711540915768,9.433235512984067,9.892455103509128,0.9824,0.9914,0.9936,0.9935,0.7614526248671385,0.7557314623535607,0.701404552290011,0.7588466833130947,0.9598,0.9688,0.9752,0.9753,11.259109822424008,11.241212038000448,10.59286839939801,11.276311342231256,0.9806,0.989,0.9932,0.9932,11.16652141079193,11.089564675131042,8.965090013668197,11.175199576329964
190,0.989,0.9915,0.9903,0.9902,5.062375476915257,5.201470378138124,4.978047553814946,5.081999347153047,0.9904,0.996,0.9979,0.9979,26.712876590886733,27.428249018035583,24.47830423468486,26.78317990554192,0.935,0.9383,0.9435,0.944,2.6849688314893307,2.491418298336644,2.458132947150505,2.6836685544004304,0.9843,0.9925,0.9976,0.9976,15.905449510781994,15.895098282986844,12.038791170300078,15.904190366182547,0.9985,0.9997,0.9994,0.9994,9.70242897667339,10.327504314305036,8.633020354747753,9.713082841213406,0.964,0.9754,0.9888,0.989,6.777511184854355,6.67857683123459,5.449742235248603,6.799033232880626,0.9786,0.9837,0.9894,0.9894,0.7041844227119818,0.6960831385601576,0.6616974468483916,0.7019650730507438,0.9702,0.9767,0.9885,0.9887,13.521258300632727,13.244953961607036,12.973692596308444,13.568415277496785,0.9515,0.9624,0.9758,0.9758,5.567507592601939,5.5123835222173385,4.700495215764622,5.571931671305707
191,0.9693,0.9706,0.9774,0.9771,4.632944861782919,4.472785674890051,4.450975732918536,4.616312261125797,0.9819,0.9891,0.9849,0.9867,21.31609218309704,22.26902010952864,20.49486161494509,21.43618783248294,0.9632,0.9688,0.9878,0.9878,3.652390297314316,3.536182740825669,3.494525118630039,3.6566462314436343,0.9609,0.9637,0.966,0.9662,6.123634619365316,5.937888019560418,5.908490406425712,6.126440873973732,0.9586,0.9629,0.9703,0.97,5.450984428273646,5.467088107581375,5.114946755316679,5.506283294470416,0.9838,0.9846,0.9866,0.9868,6.62216592387163,6.357564978793137,6.320323129999905,6.628932895094968,0.9675,0.9778,0.9821,0.9818,0.6590870492495455,0.6227578072405761,0.6126732651044264,0.6569974943908383,0.9738,0.9782,0.9977,0.9977,18.229066486318303,18.176463717439866,16.99313025873667,18.25138070178127,0.9607,0.9796,0.9869,0.9869,7.884773892598322,7.83697573461761,6.056797051065611,7.891038751772535
192,0.9657,0.9741,0.9717,0.9721,4.417950526710163,4.524906039947709,4.253641072133933,4.439896572639114,0.9681,0.9717,0.9796,0.9795,20.085127399551148,19.0955004865126,18.736426274011254,20.11181885417057,0.969,0.9803,0.9843,0.9846,3.5341470304413347,3.507210742786095,3.3358111737461678,3.557779332878311,0.9859,0.9902,0.9953,0.9953,13.113850279764272,13.049265183086325,10.440861663603709,13.106728085183027,0.9704,0.9808,0.9748,0.9755,5.313416425057561,5.523711880644756,5.126639780839097,5.346794193357506,0.9374,0.9425,0.9774,0.9775,5.496757997488837,5.424601809526092,5.21351102619711,5.505401072318752,0.9788,0.9837,0.9839,0.9836,0.6653304404440736,0.6435076705165068,0.6338367683775734,0.6652647222156933,0.9477,0.9602,0.9941,0.9941,15.53656509768468,15.33917548515207,14.77879142014366,15.61094612144715,0.9423,0.9532,0.9887,0.9888,8.710959482923945,8.674045642194681,8.290317858340927,8.72208050857088
193,0.9705,0.9762,0.9763,0.9776,4.523396674643411,4.573988737850156,4.394784319556006,4.564202975045612,0.9834,0.9895,0.9925,0.9922,23.51209581809876,23.17182013513945,22.669706142101763,23.517974028548124,0.9682,0.973,0.9774,0.9777,3.2538536390364445,3.178576645942922,3.0725984220086837,3.2567336948775782,0.9719,0.9793,0.9962,0.9962,14.548126544538732,14.34792399221206,14.201264006307346,14.555139628349057,0.9911,0.9951,0.994,0.994,6.831655370819764,7.168062518244334,6.414689897124332,6.856281687263406,0.9656,0.9773,0.9806,0.9806,5.847851387043365,5.751976069262255,5.375306094268026,5.860038479521409,0.9767,0.9804,0.9805,0.9799,0.6628887548527644,0.624307167626749,0.611566818839962,0.6594534973410475,0.9915,0.9941,0.9964,0.9964,17.203102071439293,17.06429476135009,15.56118812956289,17.241575408601214,0.9812,0.9902,0.9982,0.9982,22.548490322947984,22.43970567106836,19.757406124675622,22.56676602945295
194,0.9545,0.9653,0.9688,0.9689,4.310709560080184,4.224114192753651,4.073467062756318,4.312855946043668,0.9952,0.997,0.9977,0.9976,27.128821383439817,27.598868785489955,25.891070247595472,27.08211068910612,0.9686,0.973,0.9773,0.9776,3.316570125538829,3.0809550427361807,3.0401489899867924,3.327882144811267,0.9767,0.9794,0.9969,0.9969,15.278703827991889,15.223575365834538,14.13260291505564,15.291666461257549,0.9881,0.9936,0.9906,0.9905,6.322413994905279,6.74747399335268,6.0568536452648285,6.326390884992833,0.9549,0.9861,0.9872,0.9872,6.582648380187879,6.525395906160196,5.018526541635232,6.589159262907312,0.9928,0.9964,0.9977,0.9976,0.8398090776685123,0.8256018454934649,0.7691160990477802,0.8377450583388395,0.968,0.9749,0.9787,0.9792,11.730099808564974,11.527303844336606,11.223884750707915,11.772880852955543,0.9737,0.9842,0.9849,0.9849,7.457249010547067,7.402259562857848,6.568993316776331,7.463248087014847
195,0.9825,0.9924,0.9871,0.9872,4.873836040012924,5.25686823190442,4.7149124966249225,4.898734127105834,0.9632,0.9661,0.9709,0.9717,19.90658831464852,18.224526655585247,17.910795621895502,19.928767170148824,0.9788,0.9816,0.9863,0.9863,3.627884158184637,3.5167283227573365,3.476475496696551,3.635873698713496,0.9748,0.99,0.9924,0.9924,10.942477676910505,10.966543264273808,8.533598756392184,10.93348391390454,0.9881,0.9923,0.991,0.9909,7.082568485865842,7.4429261957359,6.439775403827445,7.118475571326282,0.965,0.9764,0.9828,0.9832,6.0452551233203415,5.953038102387674,5.435009827884357,6.062666403419317,0.9345,0.9588,0.9781,0.9779,0.6266361838143844,0.6255270413730085,0.5883746086849992,0.6263360460752512,0.9651,0.9697,0.9772,0.9779,11.627131408497377,11.447041275709756,11.05660347601447,11.69566251776086,0.9861,0.9913,0.994,0.994,12.276209076139445,12.20042403219095,9.28209592381942,12.277764309635105
196,0.969,0.9736,0.9785,0.9785,4.582587936259788,4.423190785642708,4.305288655150448,4.589500749816114,0.9803,0.9939,0.9935,0.9937,23.34598872226625,23.813759068249254,20.42173282896576,23.53445206006064,0.9639,0.9702,0.9658,0.9671,3.019426110536294,2.974902968127605,2.861728407303721,3.028173825207282,0.9665,0.9788,0.9942,0.9942,12.1829964256033,12.117423799129208,8.717975290780556,12.19117803320386,0.9904,0.9932,0.9912,0.9913,6.428716009341201,6.704995624326896,6.288444999876585,6.429677496830024,0.9813,0.9873,0.9979,0.9979,9.885112168455851,9.77715155393185,7.786027918883352,9.901100785630105,0.9795,0.9843,0.9868,0.9868,0.6788899068489423,0.657165391983966,0.6533588596246004,0.6782653837945971,0.9869,0.991,0.9994,0.9994,22.21656019251335,22.078594838287152,19.16511168574676,22.245847880839023,0.9716,0.9837,0.9895,0.9895,9.282699799921817,9.213458783670122,7.282223559358055,9.290704518948695
197,0.9512,0.9653,0.9729,0.9729,4.728043650167978,4.809495793768876,4.37420566722583,4.800317116796531,0.9729,0.9742,0.9816,0.9819,20.76439052344477,20.154061347363932,19.95747068401085,20.840847694905307,0.949,0.9619,0.9756,0.9762,3.130173023752772,3.0234339131554155,2.9364144184478875,3.135406033083452,0.9948,0.9968,0.9969,0.9967,15.3833353469654,15.315638006284535,13.169910790962698,15.363070524731294,0.9809,0.9864,0.9852,0.9852,5.871001621075741,6.093603516168045,5.575443931414322,5.855411812065995,0.9545,0.9826,0.9809,0.981,5.863524550690005,5.81066332148258,5.449681008519194,5.865274935588486,0.9827,0.9909,0.989,0.9886,0.7111602661220078,0.6994634598332348,0.6450720947838957,0.7088510668821759,0.9758,0.9817,0.9935,0.9935,15.41883230177594,15.180143700239348,14.384482047403404,15.429866439838223,0.9813,0.9906,0.9971,0.9971,18.22783565448741,18.107758978990567,17.735116464845706,18.23693207238952
198,0.9739,0.9825,0.9788,0.9786,4.5897936237659644,4.763062306051709,4.4354367685097,4.583643157426627,0.9565,0.9614,0.9689,0.9703,18.483969174976355,17.68525172840607,17.28011452690362,18.60794192102208,0.9349,0.9398,0.9435,0.9441,2.6833822539530785,2.499822148525126,2.4618202695989795,2.6920649684999143,0.9713,0.9773,0.9987,0.9987,17.909554339713086,17.89755728092447,11.821242838529814,17.906510131067627,0.991,0.9949,0.9929,0.993,6.657504782603997,7.033085554810974,6.384739053711382,6.681033404859416,0.9943,0.9966,0.9997,0.9997,13.543587453006644,13.430188301883543,10.388704922256338,13.559111479471063,0.9597,0.9681,0.9713,0.9713,0.6206954930435757,0.5847020101631655,0.5798774167329802,0.6194470934771331,0.9889,0.9972,0.9972,0.9972,17.83032584535894,17.727483929903624,14.466170372832131,17.83566482361057,0.9782,0.9851,0.9988,0.9988,30.294186770190738,30.201523616566785,20.22329637717766,30.293280634701105
199,0.9926,0.9996,0.9983,0.998,6.265643955791068,6.801687159230007,5.701362390282348,6.321097342643015,0.9955,0.9982,0.9979,0.9981,26.58520478056005,27.404267560233496,24.90142461405901,26.666351807902856,0.9965,0.9979,0.9982,0.9982,5.681607768389558,5.603677448065462,5.448328714524187,5.706520430359816,0.9718,0.9833,0.9943,0.9943,12.148654267089384,12.161322551973992,8.874707253071703,12.14935171922979,0.9401,0.9438,0.9632,0.9628,5.084689110727704,4.926427417536539,4.595509270749563,5.038774396535174,0.9675,0.9801,0.9906,0.9907,7.108723262439388,7.026929788873536,6.142364036942047,7.120484646323612,0.9698,0.9845,0.9835,0.9833,0.6779366433797447,0.6498907676661221,0.6224018344911533,0.6776093892901791,0.9475,0.9522,0.9665,0.9669,10.467913447349092,10.10641448472476,9.824578637679574,10.49577173966843,0.9937,0.9963,0.9967,0.9967,16.787004896528263,16.729989213827462,12.343058577296604,16.79543615756479
200,0.9824,0.9842,0.9852,0.9851,4.836060747671379,4.800766608289671,4.696758639480688,4.825445650732681,0.9676,0.9754,0.981,0.9816,20.332040074300828,19.777978740894916,19.16345163462904,20.43224579646414,0.9901,0.9967,0.9962,0.9962,4.917928365653266,4.970537197964408,4.569317700100263,4.920646117118954,0.9706,0.979,0.9857,0.9857,8.818483504579234,8.795572904775753,8.147189730473686,8.81752817446528,0.9885,0.994,0.9915,0.9911,7.166685704374267,7.549814278773876,6.984483178215759,7.167780923390598,0.9796,0.9902,0.9957,0.9958,8.399958944800185,8.33206855055047,6.4680015740328765,8.4109357892622,0.9764,0.9793,0.9901,0.9901,0.7168088987221324,0.7063769891694763,0.6743758072823072,0.717096181490025,0.982,0.9834,0.9936,0.9939,15.472327788275802,15.176783822630426,14.704947719165226,15.57219811659569,0.9697,0.9706,0.9707,0.9707,4.92431809826632,4.856922978508747,4.778646111567536,4.935752406708808
201,0.9758,0.9777,0.9811,0.9802,4.809205647719137,4.798892003783123,4.609387823529502,4.805639570289275,0.9591,0.9646,0.9846,0.9847,22.34849741223968,21.798790950646847,21.16658391393044,22.405034205192244,0.9406,0.9529,0.9704,0.9706,3.0130645463014805,3.023197911103474,2.7718433319140217,3.012588486542227,0.9487,0.9637,0.9779,0.978,7.20612549390659,7.23695896688672,6.402033227395433,7.206848816494218,0.9925,0.9972,0.9949,0.9947,7.517978904694127,8.070327743936398,6.79092799047087,7.501134760211466,0.9927,0.995,0.9979,0.9979,10.031647912524893,9.892882402642655,8.704714869452493,10.052978244658496,0.971,0.9765,0.9911,0.9911,0.724181753056024,0.7195508977295096,0.6886373031203217,0.725800370476361,0.9694,0.9711,0.9792,0.9795,11.907416698998418,11.421635318915197,11.331870249406697,11.956381910620136,0.9793,0.9831,0.9976,0.9976,20.80951617773779,20.72993090152797,12.713226146446354,20.81127743220256
202,0.9802,0.9839,0.9817,0.9821,4.71130314734059,4.773934952632455,4.646710543831299,4.714728407832399,0.9455,0.9612,0.9656,0.9639,18.57364212153867,19.068518961013638,17.181486069872083,18.566613370320106,0.9774,0.9822,0.9824,0.9829,3.4831086376514784,3.4274661804508004,3.2873364746177187,3.514432606606796,0.9807,0.983,0.9933,0.9933,11.437285216198434,11.38370785754034,10.832680924736744,11.452108257102028,0.956,0.96,0.9692,0.9699,5.165537631252271,4.89259654187123,4.762328001642159,5.181339683815313,0.9881,0.9911,0.9906,0.9906,7.13306999072984,7.026936692400723,6.755081223352892,7.159640139407812,0.9811,0.9913,0.991,0.9909,0.7289826617864077,0.7244553904550135,0.6325918898575449,0.7286975177818469,0.9885,0.9936,0.9972,0.9972,17.771863876479667,17.717557783464578,15.020680368523974,17.78000114742034,0.986,0.9879,0.9881,0.9881,8.374344928065279,8.319270814175765,8.117116612110943,8.39303463985752
203,0.963,0.9703,0.9682,0.9672,4.262482571928479,4.344764075183366,4.137470067218658,4.233989570540975,0.9823,0.9867,0.9923,0.9923,23.03550042507864,23.06932671675188,21.83316697911993,23.125095589288424,0.968,0.976,0.989,0.989,3.855497575897113,3.840597335769608,3.392758322094448,3.852404218315056,0.9413,0.956,0.9571,0.9572,5.514643941051293,5.54954859744945,5.1626863503607945,5.522235016175004,0.9899,0.9929,0.9911,0.9911,6.413468836942357,6.641998906811541,6.213966761666304,6.413989534272834,0.9678,0.982,0.986,0.9861,6.449282822924806,6.3388738646304095,6.180289356424372,6.466399050332986,0.9806,0.9916,0.9904,0.9904,0.72897537414423,0.72097698081658,0.6492909970869709,0.7290203001190225,0.977,0.9784,0.9963,0.9964,17.028713929919494,16.854523428591445,16.183146460092743,17.056067713802275,0.9809,0.9873,0.9964,0.9964,15.73480782369959,15.65271093634659,11.198120737174309,15.74265672922454
204,0.9917,0.9961,0.9936,0.9935,5.298867382344867,5.51809601234569,5.166494762825158,5.321737152337153,0.9938,0.9965,0.9982,0.9983,28.68475617405833,29.296691246819144,26.286228515421666,28.702078399922573,0.9772,0.9833,0.9884,0.9883,3.77488334351477,3.818494370038368,3.4651695805866627,3.771893413882857,0.9502,0.9553,0.9821,0.9821,8.028208349783418,8.007050791060243,7.415855197069404,8.027265865980327,0.9826,0.9892,0.9861,0.9855,6.22590131476627,6.59473438200855,5.880708254011175,6.2224049612955845,0.9901,0.9918,0.994,0.994,7.943682147627241,7.828586480332421,7.5577416850599315,7.961211302776094,0.9772,0.9937,0.9978,0.9978,0.8287643435449255,0.8281901607519336,0.6984032328019384,0.8282736070484176,0.9889,0.9906,0.9976,0.9977,18.50167468329219,18.214957160639475,17.09667936078996,18.578556066831563,0.9658,0.9709,0.9915,0.9915,9.845256116146832,9.78446092435385,8.718053368866716,9.853931791659392
205,0.9784,0.9888,0.9876,0.9874,4.9822468471089305,5.000832497772048,4.645712201240023,4.965036779365723,0.9682,0.9791,0.9843,0.9858,20.8385484252521,20.71360631130229,19.103184318793865,21.05634581418876,0.9831,0.9904,0.9911,0.9911,4.028736561983272,4.079611018574791,3.80986212100146,4.024722313579543,0.9844,0.9921,0.994,0.994,12.022761618893073,12.063632171511935,9.849683244127924,12.025309112976164,0.9751,0.9787,0.9774,0.9778,6.70579869552383,6.961531324833931,6.258539984797922,6.698396095055022,0.9819,0.9928,0.9997,0.9997,13.523297312226276,13.43014803524106,11.605588645625073,13.545039317592694,0.9752,0.9824,0.9915,0.9916,0.751442185270331,0.7351099659543676,0.6870874984224467,0.7517229417300544,0.9485,0.9607,0.9555,0.9564,9.826173341551469,9.556976743166038,9.107718492711133,9.883032871329773,0.9826,0.9879,0.989,0.989,9.021673155673618,8.95708996548727,6.974725541875396,9.02603016060681
206,0.9705,0.9774,0.9788,0.9783,4.656808891743681,4.653129823773244,4.386084266877174,4.646355989480896,0.9774,0.9844,0.9882,0.9878,22.365807079985466,22.537709940885943,21.425274113913176,22.449873983734346,0.9709,0.9801,0.9924,0.9925,4.172465109213854,4.08264349100956,3.97702988159912,4.173006910899198,0.9466,0.9525,0.9772,0.9772,7.204841117022818,7.198933419936223,6.627572939337309,7.212062796667605,0.9254,0.9402,0.941,0.9414,4.299018382436373,4.286646202350127,4.049500542555481,4.305137917084351,0.9511,0.9633,0.9612,0.9612,4.527379108255055,4.471020397815218,4.216363894409512,4.532890689286679,0.9792,0.9857,0.9979,0.9978,0.8361274818821017,0.8259286968173799,0.7759679920651452,0.8351426955531672,0.9805,0.9939,0.9966,0.9967,17.464359790993814,17.38759957232108,14.730490386060042,17.4808777236239,0.9517,0.9537,0.9892,0.9892,9.115557686432938,8.969552634536146,8.912632833383206,9.115636850133248
207,0.9819,0.9889,0.991,0.9911,5.087802079455424,5.003230711847967,4.675264083280716,5.08507152578786,0.9961,0.9988,0.9993,0.9993,29.230865044251285,29.832660167994923,26.11112841960574,29.238846273555044,0.9779,0.9858,0.9981,0.9981,5.443355694907361,5.453489477923952,4.400414500542363,5.43306916059299,0.977,0.9791,0.9899,0.9899,9.962646346283892,9.875107952556236,9.501366394977657,9.971607659954987,0.9761,0.9816,0.9843,0.9846,6.041758097052723,6.101309902304225,5.582273693795501,6.039730901162917,0.9745,0.9792,0.9955,0.9955,8.47541831791169,8.198203447184605,8.166297171199833,8.482648702411442,0.9707,0.9719,0.9982,0.9982,0.83318469621571,0.8193312811940132,0.7908377703864231,0.8328326634844758,0.9693,0.9709,0.974,0.9743,11.294809724768976,10.631605727204338,10.596983892297247,11.299588151242483,0.9877,0.9927,0.9995,0.9995,42.64038560480569,42.43353823385237,28.3715957165514,42.64948297357606
208,0.9796,0.99,0.9888,0.9879,5.005529921667577,5.22293012522263,4.611608577389983,4.989927239253574,0.9756,0.9803,0.9963,0.9961,29.12279577484555,29.109690277667973,27.41865024570384,29.17646644620393,0.9668,0.9689,0.9973,0.9973,5.135035592936475,5.132989064949652,4.658093988011258,5.141926653622895,0.9824,0.9898,0.9965,0.9965,14.849971400968382,14.815546196485917,11.98691385724426,14.845382644076018,0.9732,0.9833,0.9767,0.9774,5.518082625946292,5.847278099050792,5.3801408891151965,5.57592995846303,0.9516,0.9627,0.973,0.9731,5.1598921290192985,5.098770965657295,4.612004595902351,5.164412867211742,0.9552,0.9667,0.987,0.9868,0.6822413254874653,0.67352385662782,0.6399878001748306,0.6810217871492632,0.9805,0.9865,0.9906,0.9907,14.334654204342224,14.198394561842113,13.400561107714266,14.39102066218802,0.962,0.9733,0.9795,0.9795,6.161847751015215,6.093723914410478,5.981683880000087,6.173806467767169
209,0.9893,0.9954,0.9918,0.9921,5.191624313485678,5.497878435161184,5.030217750323269,5.212483798367895,0.9733,0.9785,0.9806,0.9807,20.264238376761867,20.20165841864824,19.37843242709536,20.29089967906592,0.938,0.9481,0.9493,0.9501,2.753712457586474,2.622479302657596,2.5162525592393696,2.76612861763201,0.9888,0.9952,0.9996,0.9996,25.253010239887704,25.27417367563413,20.229279587858255,25.254868935570823,0.9868,0.9924,0.9897,0.9888,8.071587360884768,8.494973483010956,7.300689371892806,8.089217392943667,0.9628,0.9752,0.9925,0.9925,7.43881392907493,7.343156138396286,6.756316011247288,7.452872087272108,0.9551,0.9686,0.9671,0.9656,0.6108013990461575,0.5820436725195365,0.5570061694268114,0.6091903359798603,0.9725,0.9838,0.982,0.9822,12.287965355931256,12.00386841928688,11.50169818188805,12.353967379765528,0.9136,0.9228,0.9371,0.9371,3.0888299802769974,2.997784163127446,2.9519277891061058,3.0933045342133103
210,0.9743,0.9851,0.985,0.9843,5.113132360099649,5.308914666595024,4.782486892370725,5.170566469960569,0.9817,0.9887,0.9938,0.9938,23.79538016784865,23.371443856053737,22.64074300309578,23.83055300145311,0.9629,0.9657,0.9751,0.9751,3.137766840046774,3.017851005809509,2.955226113382755,3.139585640024641,0.9638,0.9671,0.9958,0.9958,13.546088482719153,13.522070467609543,11.70417211227223,13.54927136382338,0.9606,0.9667,0.9726,0.9729,5.218327659895135,5.029968674776914,4.792138378023546,5.225076526284244,0.9498,0.9568,0.9647,0.9647,4.740529222419379,4.651663942403347,4.497397736582458,4.752696854407751,0.9834,0.9871,0.9957,0.9957,0.7906522499349298,0.7644234145127681,0.7500706163706007,0.7903351120906006,0.9695,0.9754,0.983,0.983,12.417588338980735,12.230088660202748,11.468724003967218,12.419359051265836,0.9697,0.9789,0.9898,0.9898,9.425751587956965,9.369284892260325,6.368457277906725,9.432219885992025
211,0.9846,0.9867,0.9887,0.9886,4.997282110850145,4.904787775712978,4.807751653268744,4.984405395927945,0.9683,0.9777,0.9755,0.9756,19.29681466178716,19.69886866008956,18.488022996698028,19.29893024147285,0.9808,0.9892,0.989,0.989,3.896872379104243,3.85249393971516,3.70596910906438,3.913151681666097,0.9906,0.9924,0.9921,0.9921,10.860289844117531,10.861092579112151,10.351406823943249,10.84965227118844,0.9435,0.962,0.9489,0.9518,4.517422325710156,4.814243229787477,4.380678474487453,4.569592730994502,0.9745,0.9826,0.9939,0.9939,7.874174256572999,7.770154905640331,6.618201940491045,7.885457667824447,0.9677,0.9741,0.9904,0.9904,0.7294105873949549,0.712826315639115,0.6828501477441936,0.7304574969199799,0.9927,0.9949,0.9955,0.9955,16.420711333268944,16.332533376093455,15.299740202551314,16.397755547655528,0.9954,0.9993,0.9999,0.9999,140.24419966401888,139.88609867118754,83.45189606508266,140.2805719976108
212,0.9758,0.9853,0.9831,0.9826,4.759592027475435,4.858126387448058,4.506781336437006,4.716501147845424,0.9956,0.9987,0.9993,0.9993,29.51749462691572,30.07556797301141,24.44662853424819,29.437208913431352,0.9887,0.9937,0.9951,0.9951,4.664458044423437,4.681222565720113,4.290724281852596,4.662156453564581,0.9784,0.9938,0.996,0.996,14.104488250205394,14.144515847002786,11.165999756418808,14.1073198727626,0.984,0.9876,0.9859,0.9861,6.1906700473617065,6.2632092836901645,6.105259973126526,6.201278900225031,0.9555,0.9784,0.997,0.997,8.919179373569973,8.84900109966181,6.387193176609234,8.929132228798828,0.9698,0.9734,0.9771,0.9767,0.6467442972206551,0.6134316162142776,0.6014449384445393,0.6445142913270633,0.9684,0.9855,0.9933,0.9933,15.126779539419282,14.988237276478378,12.37692073605185,15.15752979251385,0.9799,0.9807,0.997,0.997,17.588121066133578,17.32790043783342,17.298855763831643,17.60623856566083
213,0.9685,0.9834,0.9776,0.978,4.548041724006707,4.730897916910547,4.301460965241889,4.550692533504018,0.9756,0.9863,0.991,0.9912,22.526325335301397,23.055543848669963,20.47811814289912,22.540680067120245,0.986,0.9895,0.9962,0.9962,4.862340124082419,4.880040354029832,4.335279146203281,4.875191263070923,0.9732,0.9821,0.9924,0.9924,10.919750568277475,10.929151528423938,9.300148206639491,10.91084593994993,0.9756,0.978,0.9771,0.9773,5.901617259083336,5.938364656742431,5.841517866011701,5.908330912017761,0.9822,0.9919,0.9961,0.9961,8.701195509267256,8.578958364888457,8.366310635818026,8.723934006921834,0.9857,0.986,0.9902,0.9901,0.7385673340326586,0.6876820425896589,0.6835111562665195,0.7369766093577698,0.9856,0.9883,0.9908,0.9909,14.398037856050289,14.061030396551288,13.698730016992547,14.486899561394807,0.9882,0.997,0.9997,0.9997,53.45529944123006,53.270332528248495,34.17007603155834,53.47564599806274
214,0.9711,0.9823,0.9826,0.9825,4.734474639110057,4.771387260815081,4.360385270189219,4.711251432907387,0.9665,0.9723,0.9771,0.9772,19.66813625422552,18.861474514828945,18.240739457682903,19.6760446707165,0.9933,0.9962,0.9989,0.9989,6.069446696202761,6.084970503040305,5.433233387961127,6.078937208371107,0.9829,0.9923,0.994,0.994,11.974827345305568,11.959883033170478,9.151690212320512,11.986049856556818,0.972,0.9789,0.9783,0.9782,5.438251516092024,5.557292047238643,5.188865136430907,5.421844033764064,0.9693,0.9725,0.9918,0.9918,7.300216812099548,7.165585293586386,7.098625199627074,7.313901297074269,0.9677,0.9729,0.9985,0.9984,0.8479229968746587,0.8376477477260913,0.742306021216282,0.8443720627125588,0.9871,0.9933,0.998,0.998,18.75564917210874,18.62579938336231,15.848056472698032,18.77335831483209,0.9926,0.9955,0.9971,0.9971,18.195610224234727,18.110628781978136,14.511958255086803,18.2072970488576
215,0.9671,0.9805,0.9809,0.9802,4.696452701594744,4.727314309669836,4.254405654294888,4.641748693820585,0.9945,0.996,0.9979,0.9978,26.438583086292944,26.788519862911716,25.48679887979001,26.458994461352493,0.9844,0.9867,0.9913,0.9913,4.111668135156053,4.011446813558875,3.918314921269643,4.112668076526554,0.9804,0.9849,0.9846,0.9846,8.571472853191597,8.564263159944872,7.868543648787294,8.580324722467337,0.9796,0.9819,0.9824,0.9824,5.696734636199448,5.618244384103647,5.528471707873795,5.6999708131018805,0.9662,0.9795,0.979,0.9791,5.667193076130981,5.585609967802625,5.288617990784715,5.679421744663767,0.9771,0.978,0.9883,0.9881,0.7070674583844168,0.6519641589556522,0.6500944959683639,0.7054955955856301,0.974,0.979,0.9964,0.9964,17.418761420075544,17.2189763326702,14.74736497033545,17.45382790588661,0.9678,0.9691,0.9994,0.9994,41.88498359594473,41.73035127245194,30.10692648583757,41.88961789297306
216,0.9814,0.9905,0.9871,0.9858,4.8841731819705,5.100957305800058,4.6978079632400505,4.868641972729073,0.9728,0.9792,0.9934,0.9924,25.99282114285976,26.24133314031734,22.27581742664685,25.97271668777351,0.9792,0.9908,0.991,0.991,4.038441106042285,4.075382294852407,3.478389656218112,4.0376928948158985,0.945,0.9547,0.9845,0.9845,8.46454974928388,8.429872395766472,7.20856596830972,8.474721595357634,0.9709,0.982,0.9787,0.9778,6.37792667316791,6.716712164205847,5.883838047251066,6.402298088967328,0.9643,0.9928,0.9925,0.9926,7.500641391661198,7.391501103858916,6.690665624561029,7.516144375291029,0.9745,0.9811,0.9879,0.9877,0.6915145923594643,0.6671337714166382,0.6536215959482755,0.6892416721832284,0.9805,0.9926,0.9965,0.9965,17.257120699759586,17.25523996994214,14.729535537070324,17.279531789402284,0.9805,0.9903,0.9898,0.9898,9.416130405546342,9.37505808830792,7.902843277405811,9.42001710905588
217,0.9772,0.9855,0.9844,0.9852,4.784076271191449,4.892497273010798,4.537049509182375,4.823395368933344,0.9865,0.9907,0.9925,0.9926,23.116068171934742,23.466461263001733,22.012391783785827,23.231069515367157,0.9936,0.9946,0.9999,0.9999,9.378562246079964,9.397347888591831,6.733867419157224,9.378913839099177,0.9848,0.9934,0.9969,0.9969,15.201903875499674,15.202922999309244,12.341925945974328,15.211716611926343,0.9841,0.988,0.9875,0.9875,6.017882203847938,6.135946716002839,5.73850808393885,6.012291519616786,0.9851,0.991,0.9996,0.9996,13.254626986463467,13.1785459613607,10.521651734044593,13.264281764578204,0.9909,0.9975,0.9968,0.9968,0.8183883255253301,0.8049262884907267,0.7574792631173478,0.8169952552315898,0.9221,0.9332,0.9512,0.9517,9.4469750855718,9.102775712263984,8.781432789392142,9.5033132928369,0.9723,0.9809,0.9809,0.9809,6.362812674292968,6.309009366596171,5.40740465645896,6.364790815321388
218,0.9487,0.9543,0.9609,0.9611,4.13603112882064,4.084506411550054,3.978655984363882,4.138317210886099,0.9512,0.9602,0.9689,0.9693,18.49088976024354,18.157945259172227,17.31896311117897,18.53893188028223,0.9879,0.9967,0.9991,0.9991,6.405892154628699,6.428201927438399,5.843187912777581,6.406426052189459,0.9622,0.9676,0.9852,0.9852,8.622608217351784,8.605868622170018,7.849453182353725,8.614653717807126,0.969,0.9796,0.9738,0.9746,5.279802161904443,5.505353481765514,5.0320856525105935,5.298430966321424,0.9739,0.9903,0.9972,0.9972,9.15948489432993,9.053990947001202,8.273664856383359,9.176199125039458,0.9406,0.9551,0.9857,0.9856,0.6723336345200512,0.6376480089708751,0.6242246825612068,0.6706142336499057,0.9806,0.9864,0.9988,0.9988,20.69515299216091,20.46530855166464,16.791389220599672,20.733155182854677,0.9979,0.9989,0.9994,0.9994,41.90162067637587,41.74493151532992,27.597141815692503,41.91224341216405
219,0.9462,0.9601,0.9589,0.9588,4.075798468710723,4.108154429660086,3.902673258425988,4.072638633414507,0.9664,0.9785,0.9827,0.9819,21.68365003131266,22.27022544901063,20.04040536292332,21.63696284342963,0.9847,0.9922,0.9947,0.9947,4.517937619041383,4.559028627656227,4.160591815494733,4.5181520280035965,0.9865,0.9918,0.9953,0.9953,12.949484297763696,12.877154850246557,10.659522176851231,12.95143101772194,0.9622,0.972,0.9713,0.9709,5.387531908305223,5.5581849409243205,5.10683567061027,5.368093529542215,0.9791,0.9839,0.9895,0.9895,6.847717411238169,6.678635711975658,6.603187311902389,6.8649743506030525,0.9721,0.9889,0.9903,0.9903,0.7185159522348914,0.7168058117907292,0.6726698102730607,0.718482622357788,0.977,0.9811,0.9821,0.9823,12.358068153788022,11.960590889028165,11.624540179820462,12.415149433722442,0.9795,0.9852,0.9995,0.9995,42.58801621502697,42.42977185159192,24.39594996082005,42.59626374435057
220,0.9514,0.9664,0.9644,0.9643,4.433670927284504,4.583731984936336,4.031602619529974,4.437877887273167,0.9683,0.9789,0.9797,0.9802,20.08321947588913,19.998317432810914,18.950349839829357,20.21380481317551,0.9598,0.9631,0.9663,0.9671,2.930447301467992,2.88473194209688,2.847625576977601,2.9377846549158635,0.9829,0.9907,0.9976,0.9976,15.713199442244896,15.731523814625689,12.408042797841944,15.711891315060516,0.9946,0.9957,0.9956,0.9953,7.037097171515488,7.180883557637486,6.914441102754919,7.051587452954994,0.982,0.9945,0.9989,0.9989,11.822637108328076,11.721520004543452,10.068128625436866,11.845069639206768,0.9827,0.994,0.9956,0.9955,0.7913149088558143,0.752137203962556,0.7458746886214784,0.7896069129637087,0.9788,0.9815,0.9853,0.9856,12.829995504922865,12.48347014190444,12.084226969526991,12.878766186064333,0.968,0.9783,0.9911,0.9911,9.704362174226494,9.64177779623602,7.997404991057718,9.707867452631897
221,0.9797,0.9909,0.9862,0.987,4.8976491985341095,5.079851334748079,4.61553847618781,4.898617887370553,0.9774,0.9811,0.9816,0.9815,21.01088679360325,20.38278490474837,19.56970983307392,20.8402152702353,0.9932,0.9969,0.9986,0.9986,5.841273706246595,5.814562809222794,5.509862918924424,5.8557347818923065,0.9762,0.9837,0.9943,0.9944,12.183072102548914,12.163162082256392,10.407258868836148,12.183448900618274,0.9841,0.9898,0.9863,0.9869,5.892608338373684,6.237270801528166,5.765277743913536,5.93499013128905,0.9573,0.9624,0.9754,0.9754,5.372211355435577,5.282345644084375,4.992510864006198,5.384275800013556,0.9791,0.9885,0.9956,0.9956,0.7917428008859093,0.7586570966451005,0.7497039790463645,0.7916696607183136,0.9898,0.9957,0.9998,0.9998,32.003917867989934,31.901062535432796,21.9021366752021,32.0141192674534,0.991,0.9961,0.9994,0.9994,41.85474559907352,41.74382549460688,24.461103536082767,41.86288756088431
222,0.989,0.9911,0.992,0.9914,5.164371546750429,5.111263837602648,4.977567653284569,5.147820710736296,0.9703,0.9739,0.9909,0.9906,22.477254538451337,22.15438330271312,20.76429883806976,22.413554763285592,0.9621,0.9718,0.9697,0.9705,3.054334813478896,3.051866404867209,2.8642173345578064,3.0617610137456768,0.9778,0.9822,0.9947,0.9947,12.417749788190848,12.383496685512066,10.814735473746778,12.429070564026278,0.982,0.9901,0.986,0.9858,6.230707041499111,6.632188962380939,5.889164377380222,6.253211968697752,0.9724,0.9733,0.9775,0.9776,5.501761165495178,5.360558335604174,5.327912548678592,5.515407874115351,0.9731,0.976,0.978,0.9777,0.634351428068239,0.6138897138888154,0.6051861171224899,0.6331473230523552,0.9738,0.9774,0.9885,0.9886,13.50052928789957,13.421689906834391,12.51393109094232,13.546110031855385,0.9834,0.9874,0.9923,0.9923,10.460779413537749,10.386942801398355,9.378929909473843,10.472161230867764
223,0.9275,0.933,0.9593,0.9597,4.368552987507755,4.242059712133216,4.011813262521891,4.407834366760897,0.9699,0.9744,0.9812,0.981,20.34161085428807,20.17768357232004,19.399156050415165,20.41638906673873,0.9809,0.983,0.9973,0.9973,5.242153095635998,5.227704679222102,4.776502363659594,5.240679235522715,0.9727,0.9865,0.9865,0.9865,8.913149961618567,8.978788535577605,8.127911396084311,8.918458873830902,0.9641,0.9679,0.9717,0.972,5.195516989753127,5.033262050994666,4.899074020894856,5.187058552889575,0.9636,0.976,0.9894,0.9894,6.79535086301901,6.710949423701659,6.341517012066341,6.805390062454703,0.9422,0.9577,0.993,0.9929,0.746448095999741,0.7428787599557685,0.6866121642948992,0.7429675951097066,0.9547,0.9629,0.9941,0.9942,15.601396919027536,15.51815034538404,13.31086825629239,15.62576376206336,0.9523,0.9654,0.9725,0.9725,5.195040843874702,5.152924191798718,4.315146327441819,5.199796626435016
224,0.9567,0.9784,0.9705,0.9688,4.540480630081327,4.808059194737403,4.301150743223912,4.536149500705678,0.984,0.9941,0.9888,0.9882,22.73398231849097,24.016770217262525,21.797586159692223,22.698024017914392,0.9573,0.963,0.9697,0.9699,2.999482010880525,2.9288843837029845,2.875728515549463,3.0132997697146062,0.9912,0.9931,0.996,0.996,14.179315557406742,14.13924817686088,12.96030552800682,14.172254238159953,0.9927,0.9955,0.9942,0.9945,7.2675802795815185,7.691328764289873,6.786716381690265,7.267561153169687,0.979,0.9894,0.9912,0.9915,7.293237796303877,7.166086636480437,6.618804988621765,7.314738562761659,0.9848,0.9946,0.9946,0.9946,0.7699145186195293,0.7486451695807321,0.7360551554089075,0.7693677620361801,0.9716,0.9804,0.9909,0.9909,14.396480059278533,14.326520878947449,12.849208523408652,14.443970093402552,0.9859,0.9919,0.9956,0.9956,13.531811487321615,13.486032220708983,9.7001404495605,13.533747694306108
225,0.9571,0.9607,0.9765,0.9751,4.505921392248492,4.118227374762354,4.04960481110501,4.480772821912986,0.9827,0.9847,0.9846,0.9849,21.334573618611685,21.06023772016624,20.543573792518437,21.28047394375186,0.9831,0.9884,0.9991,0.9991,6.449005935330366,6.434764811108828,5.150139093410662,6.446332646652404,0.9723,0.9757,0.9982,0.9982,16.96636764057838,16.885799071472817,13.28886739385142,16.979443721604706,0.9646,0.9706,0.9737,0.9733,5.274662999228143,5.201049286530225,4.893997729901516,5.245703764629182,0.9235,0.9239,0.9413,0.9414,3.7071515107410136,3.5932024237089166,3.5882324790293687,3.709718559265604,0.9829,0.9889,0.9937,0.9936,0.7680793749943452,0.7617268022154775,0.6982354936844468,0.7668673109453418,0.9857,0.9883,0.9964,0.9965,17.384268997393484,17.160954422064314,15.969876601102008,17.42020208535476,0.963,0.983,0.9923,0.9923,10.440761036505211,10.384202542224784,8.670457053878701,10.45898781776361
226,0.962,0.9676,0.9762,0.9754,4.510129197369144,4.284161291514563,4.165173799576803,4.48485384852592,0.9863,0.9902,0.9899,0.9899,22.164934304514592,22.15805969909823,21.25107956733158,22.14229520027503,0.9602,0.9642,0.9931,0.9934,4.202285194648383,4.140126548035172,4.00405649938699,4.226427371486941,0.9909,0.9965,0.9988,0.9988,18.28536786070578,18.266770263160996,13.059542167327043,18.281420539330025,0.9729,0.9841,0.9798,0.9805,5.481884492964033,5.731020524810415,5.22180940189936,5.5312627914927575,0.9818,0.99,0.9969,0.9969,8.938089442120615,8.845248462226243,8.016142810138348,8.954502753191623,0.9663,0.9715,0.9797,0.9795,0.6469186425771838,0.6223842869362219,0.6056624488923759,0.6462475961172274,0.9944,0.9973,0.9992,0.9992,21.49138236513357,21.36993574632221,19.99647695998348,21.51863463945181,0.9789,0.9831,0.9971,0.9971,18.22586335089235,18.104098482136784,16.936900970887777,18.236649241701983
227,0.9849,0.9868,0.9913,0.9913,5.312751608680339,5.169303368116184,5.035530607023066,5.308461998829672,0.9659,0.9764,0.9871,0.9872,22.854105189800887,23.03690199010237,21.12453507047688,22.85571694782043,0.9726,0.9751,0.9995,0.9995,6.861538429293868,6.844838173443825,5.113358976830916,6.861672122012818,0.9797,0.9835,0.9909,0.9909,10.422690825294582,10.217780536336202,10.10192808050863,10.430061597549845,0.9688,0.9735,0.9749,0.9738,5.285101541802984,5.243594863351378,5.08244521496769,5.26719840240254,0.9617,0.9778,0.9796,0.9797,5.762390677971567,5.692594742108512,4.725236057769778,5.777754468448393,0.981,0.9911,0.9911,0.9911,0.7392453287178715,0.7319968495080953,0.6740934620562564,0.7375259645132866,0.9809,0.9842,0.9877,0.9878,13.24074231412174,13.069566833273852,12.697393942060083,13.304377418366292,0.9724,0.9729,0.9961,0.9961,15.019060374190852,14.962555065008,14.05793833209036,15.01444315910774
228,0.9591,0.9758,0.9664,0.9669,4.207586306187491,4.497830664150379,4.0522807987015925,4.217581866014379,0.9692,0.9765,0.9913,0.9905,23.384858628870937,23.01749433385284,21.96323521232117,23.491228481773703,0.9505,0.967,0.9647,0.9658,2.9461025847582056,2.958052952435436,2.7551743294517106,2.9564587815492662,0.9821,0.9852,0.9965,0.9965,14.989653435911707,14.926901104393306,12.575094286656135,15.000051776870103,0.96,0.9677,0.9649,0.9656,5.031587127866704,5.204796010721269,4.886513459279804,5.066617202989838,0.9865,0.9894,0.9966,0.9966,8.829879968090113,8.544249580607149,8.537119433560914,8.837429425901458,0.9716,0.9851,0.9894,0.9894,0.7080782410851654,0.6761847323397913,0.670089571739912,0.7070634751677094,0.9743,0.9805,0.9779,0.9784,11.717080573045465,11.55118872128261,11.119673381631433,11.754998213597514,0.9624,0.9697,0.9788,0.9789,6.000724531267181,5.96554623291538,5.724909873298151,6.009569551350128
229,0.9736,0.9802,0.9856,0.9855,4.867567681978692,4.65630049778998,4.481088225706045,4.8808354193330725,0.9955,0.9985,0.9976,0.9976,26.453092176182636,27.68251714343726,24.897033426876284,26.457531545159775,0.9731,0.981,0.9906,0.9906,3.968787510235102,3.984973687859999,3.5876942707094197,3.96775985396064,0.9591,0.9608,0.9998,0.9998,30.11095027086452,29.973807534423056,20.457441995861917,30.13400807989841,0.9457,0.9542,0.9564,0.957,4.78160775962518,4.810526404848183,4.527508284729235,4.814440880614667,0.9483,0.9559,0.9909,0.9911,7.284305922619987,7.162238334378296,6.8399204535732965,7.298238928469789,0.9842,0.9856,0.9911,0.9911,0.7329376856384727,0.6981727154953723,0.6943053058266512,0.730805870428124,0.9815,0.9951,0.9973,0.9973,18.0059823812014,17.936681514816037,15.598320529171469,18.03455585932589,0.9515,0.961,0.981,0.9811,6.356205739488442,6.31137466197606,5.923245211649276,6.364422027893792
230,0.9796,0.9864,0.9848,0.9844,4.7643551264023625,4.881562686813299,4.624528238568696,4.755321138324211,0.9772,0.984,0.9879,0.9883,21.625212903308636,21.60689250277669,20.266845679401012,21.63248928553959,0.9799,0.9844,0.9947,0.9947,4.53004809664454,4.523167816752433,4.293549741911594,4.539782114318679,0.9508,0.9542,0.9909,0.9909,10.337229616849902,10.193041056090916,10.059187021580918,10.34171774756817,0.9318,0.9601,0.9499,0.9514,4.575870082466681,4.776037313846627,4.3101978867393935,4.607625910245535,0.9857,0.9927,0.992,0.9921,7.390408882739041,7.299534674901994,6.270485641763347,7.405968982592146,0.9879,0.9994,0.9989,0.9989,0.8654466618253868,0.8477677106092649,0.8218698373992939,0.8662100570143393,0.9608,0.9764,0.9933,0.9933,15.447898447636156,14.871455787909658,14.475975535891092,15.452493645751694,0.9665,0.9741,0.9907,0.9907,9.583851334918348,9.527453568942516,6.779976000832368,9.588645037438834
231,0.997,0.9986,0.9982,0.9984,5.952846602299299,6.08349965511481,5.738479200284752,5.9986074794486335,0.9919,0.9947,0.994,0.9941,23.872567984216232,24.064299466671883,22.95500570968034,23.947508812419017,0.955,0.9716,0.9643,0.9656,2.962727355288468,2.999696421116596,2.76446284855736,2.974835611026407,0.9847,0.9921,0.9983,0.9983,17.164226271671563,17.17171842532814,13.168180530250469,17.162462769052933,0.9819,0.9894,0.9858,0.9857,6.019247495178735,6.37170236464585,5.656643965908382,6.03252153034872,0.991,0.997,0.9984,0.9984,10.97180160700344,10.873915561852993,9.666505003065703,10.987348370984645,0.9788,0.9799,0.9944,0.9944,0.7603559310469038,0.7390938681118138,0.7303841626557377,0.7604878696333413,0.9613,0.9679,0.9912,0.9912,14.462877572871111,14.320822447015004,13.412735858364456,14.48748833534414,0.9863,0.9941,0.9961,0.9961,15.021531302711947,14.97348631541926,12.433539931855202,15.023459448058873
232,0.9895,0.9961,0.992,0.992,5.209259946382915,5.538803110756224,5.075635718040878,5.227322961929733,0.9708,0.9753,0.975,0.9758,19.63236414904532,19.23257941230052,18.60661651894365,19.68818341266232,0.9329,0.9412,0.9532,0.9534,2.682504154151632,2.6177031803889053,2.554971149046507,2.683965915207456,0.9729,0.977,0.988,0.988,9.256295583115612,9.230849954226157,8.796616085805928,9.263948961106314,0.9642,0.967,0.9754,0.9752,6.652925685600276,6.648021940232676,6.336569441091461,6.692740330104131,0.9638,0.976,0.9855,0.9855,6.364250282965975,6.279043651046414,5.524530713134332,6.377926034984591,0.9852,0.9978,0.9973,0.9973,0.8220830242602146,0.8160650572846321,0.6984540099155695,0.8228966194427116,0.9692,0.9877,0.9935,0.9935,15.32669493637128,15.19575005006529,12.806524700109843,15.357766695212344,0.9712,0.9803,0.9977,0.9977,21.28973994843861,21.240746943517077,13.09353152307374,21.28313889285304
233,0.9727,0.9837,0.9807,0.9796,4.800644920231164,4.960801213865603,4.588731381106171,4.794825461323843,0.9764,0.9837,0.9851,0.9853,20.955314606892536,20.706149278084247,19.7740288895512,20.97031762739833,0.9686,0.972,0.9951,0.9953,4.679040560177202,4.648104883586168,4.198272567182086,4.68930460345653,0.9802,0.9853,0.9953,0.9953,12.858266531123135,12.84690923734013,10.89842018938996,12.855799707390792,0.9783,0.9809,0.9811,0.9818,6.239138665513588,6.212874845327848,6.11698759282022,6.263686729587425,0.9342,0.9431,0.9741,0.9743,5.2838706020129065,5.197127006109846,4.78092153147421,5.293845282800139,0.9677,0.9853,0.9903,0.9903,0.7046822526338327,0.7149547745073306,0.6277060103559964,0.7046850064111038,0.9841,0.9942,0.9968,0.9968,17.52661156248042,17.166823162340762,17.03859924498495,17.582136354684422,0.9764,0.9821,0.9916,0.9916,9.903296589494092,9.854094990109411,8.802314869117218,9.909461254972678
234,0.9835,0.9905,0.9908,0.9911,5.072431526870865,5.091077086263615,4.767839090404074,5.086149553152776,0.9929,0.9966,0.9982,0.9983,27.61585717365773,28.073109129858235,23.95573769425545,27.683101712933304,0.9761,0.9924,0.9946,0.9946,4.484089931022976,4.559345943235142,3.591198600267992,4.47632165705322,0.9886,0.993,0.9925,0.9925,11.044265335147786,11.05935987089622,9.921705726424443,11.050923274687284,0.9897,0.9913,0.9906,0.9905,6.616476580852307,6.76409045136795,6.531991595274727,6.634111039962183,0.9556,0.9584,0.9986,0.9986,11.160478411374676,11.050863168696589,9.442623120413234,11.173320538034126,0.9665,0.9788,0.9805,0.9805,0.6439853474611921,0.6356023506675947,0.6132281508112991,0.6442074845081442,0.9884,0.9934,0.9941,0.9941,15.5616795804853,15.411920979067064,14.89175268992046,15.620048653665648,0.9804,0.9852,0.9975,0.9975,20.27059497277929,20.17668033784032,19.78505147214436,20.274029991758635
235,0.9657,0.9723,0.9748,0.975,4.465328441968655,4.372039956048267,4.193401048313353,4.469992609724322,0.9846,0.9939,0.9959,0.9954,24.572428222108357,25.19889063767351,23.03978502876062,24.530793108218816,0.9789,0.9831,0.9973,0.9973,5.114233905632075,5.147049695955153,4.321596058368726,5.109514789839926,0.9881,0.9921,0.9969,0.9969,15.305815316429907,15.272048269797615,12.126300636291752,15.297628349001,0.9809,0.9894,0.9858,0.9866,6.087047662292519,6.3688072440225465,5.832899373963922,6.089600208016448,0.9821,0.9881,0.9989,0.9989,11.770769737104684,11.69277777785018,9.326284183303866,11.778662269597357,0.9631,0.9719,0.9733,0.9729,0.6255215739952109,0.5942130018800691,0.5831430922585816,0.6245996040298333,0.9829,0.9865,0.9923,0.9925,14.74346104362134,14.308798156542595,14.252157158098695,14.76604667885517,0.9433,0.9603,0.9973,0.9973,19.33718018853359,19.27767786034904,13.96822923397544,19.33734500207592
236,0.9844,0.9905,0.9916,0.9914,5.089376061579588,5.1359673358250335,4.789372286919328,5.135886188738633,0.9857,0.9878,0.9984,0.9982,29.174034836018,29.462123612061745,27.181983427309763,29.24750017266139,0.9923,0.9924,0.9929,0.9929,4.295977527431854,4.1095577671304895,4.109145532338023,4.289524212157511,0.9914,0.9954,0.9986,0.9986,17.998230300454736,17.968154858816053,13.308082025963682,17.99159054092498,0.9353,0.9397,0.9594,0.959,4.964907549458025,4.735859616237772,4.586718214956003,4.943094100787011,0.9676,0.9781,0.9793,0.9793,5.674565394701382,5.585607974950677,5.482080882437171,5.693098572594042,0.9809,0.9837,0.9978,0.9977,0.8369309406069421,0.8011629395514368,0.7826492147542564,0.8353874818750029,0.9432,0.9456,0.9619,0.9621,10.10516504569933,9.538360752358765,9.529053697031271,10.140768541177913,0.9931,0.9963,0.9963,0.9963,15.428657256714144,15.36661372615089,14.164246332157456,15.43430890019139
237,0.9613,0.9758,0.9773,0.9774,4.78437657910802,4.984289864536996,4.34691817674538,4.7868505136322135,0.952,0.9649,0.9711,0.9699,18.890534672858635,18.64376214969742,17.775428393529243,18.82089210298774,0.9746,0.979,0.9827,0.983,3.459946525286832,3.4279724068866404,3.29038051679592,3.4762790215342703,0.967,0.9677,0.9844,0.9845,8.504476739196553,8.28917341151997,8.234823860850879,8.517741219827993,0.9855,0.9867,0.9881,0.9874,6.2241408157428,6.28676886908602,6.029819135649843,6.230793959272308,0.9647,0.9674,0.9984,0.9984,11.111440749176326,11.00768988042214,9.10981444417016,11.128528740555232,0.9766,0.9849,0.9916,0.9916,0.7431518974087868,0.7093277219008303,0.7055547261015405,0.7436028017191889,0.9509,0.9653,0.9765,0.9766,11.548576701847647,11.111635487440134,10.835140009564247,11.57798295881582,0.9876,0.989,0.9979,0.9979,21.6763717860278,21.59036563098221,16.63619213205761,21.674218929036726
238,0.9695,0.9821,0.9822,0.984,4.681621411597449,4.710876831876978,4.307641756099095,4.743400662094636,0.9391,0.948,0.9658,0.9658,18.096274845476955,17.246320420679133,16.456454367666222,18.12011784837725,0.9816,0.9915,0.9991,0.9991,6.408660567655473,6.433942659472719,5.797920738940625,6.424351116315325,0.985,0.9857,0.9909,0.9909,10.393237772596546,10.24171458825853,10.11621090633822,10.39340762089846,0.975,0.9828,0.9822,0.9824,6.01942023761063,6.310479908151512,5.356547621257789,6.0262692153446284,0.9579,0.9686,0.9699,0.97,4.9980442045217925,4.914748578552805,4.481963370782487,5.008571244937127,0.9841,0.9881,0.9937,0.9937,0.758011023477858,0.7547532767662241,0.7166891081103859,0.757598505476768,0.9896,0.9948,0.995,0.995,16.138416222495078,16.03962844063182,14.790934539586324,16.190574592527724,0.9727,0.977,0.9989,0.9989,30.58857329473372,30.45423135331941,20.66490501214001,30.591855496622895
239,0.9582,0.969,0.9745,0.9745,4.548314282421183,4.625741586860584,4.178675284292541,4.539684298694313,0.9908,0.9969,0.9994,0.9993,34.72643151614795,35.4282001387899,32.41972763145183,34.68511160693389,0.9627,0.9722,0.9888,0.9889,3.794127678559654,3.808585406511931,3.509168136122737,3.796869614780212,0.9895,0.9935,0.9976,0.9976,15.941314367973805,15.897347835920026,11.485900746586502,15.94430403794897,0.9733,0.9771,0.9751,0.975,5.605702407534729,5.691567746369724,5.531806565485804,5.597248962185829,0.972,0.9888,0.9893,0.9894,6.774806670061693,6.683161810682045,6.27326572347469,6.786975138528314,0.9715,0.975,0.9836,0.9836,0.6673429871291896,0.6416304757953294,0.6312648561275106,0.6676268957228311,0.9864,0.9904,0.9988,0.9988,20.68890993163785,20.477418614849583,19.09457937083633,20.73269439304342,0.9676,0.9757,0.9948,0.9948,12.792881198899694,12.732217408721272,11.206102666246007,12.797061277990895
240,0.9761,0.9881,0.984,0.9825,4.877739593415621,5.173374436483799,4.564746722931096,4.8758968780184215,0.9742,0.9807,0.9802,0.9802,20.208756064693578,20.26061885725625,19.5401118233923,20.20067602265129,0.9846,0.9898,0.9904,0.9904,4.015968483425871,4.00049586442128,3.5561081680447946,4.005532319431342,0.9688,0.9691,0.9938,0.9938,11.687111053554156,11.366889038117977,11.36563129592928,11.680271251975324,0.974,0.9798,0.9788,0.9786,5.5263922625457855,5.7342291643253365,5.284251679016313,5.530389980134693,0.9692,0.9801,0.9974,0.9974,9.350664508706444,9.277574136745445,7.083452852676395,9.358827734732795,0.961,0.9701,0.9804,0.9799,0.6560889926388518,0.6356405313115028,0.6034400828363987,0.6540419156049199,0.9865,0.9889,0.9998,0.9998,32.418741103596275,32.28252220465206,25.19273544324453,32.45435967301489,0.9885,0.9912,0.9963,0.9963,15.456596194183916,15.36410794728336,13.33235705509044,15.467050445195303
241,0.9963,0.9985,0.9972,0.9975,5.815752675493987,6.127985524083167,5.611305757998128,5.922554272659683,0.9817,0.9879,0.9912,0.9912,22.46698304903379,22.090937753469444,21.301644362992363,22.46641864033072,0.9829,0.99,0.9962,0.9962,4.921097278935534,4.928311900804099,3.844398870562371,4.912710938743548,0.9772,0.9831,0.994,0.994,12.083006137647567,12.036783843299224,10.478023770925176,12.089425347379516,0.9918,0.9946,0.9933,0.9936,6.7050804796502135,6.8825709041733525,6.584907745349795,6.726764045316823,0.956,0.9662,0.9641,0.9642,4.6854256765691575,4.62231416423964,4.2219151335443605,4.688401006870673,0.9671,0.9684,0.9951,0.9949,0.7750288470122696,0.7398063879405419,0.73581653483922,0.7724480801994246,0.9832,0.984,0.9871,0.9871,13.056324845860557,12.73769755764,12.586329011360103,13.082517456901666,0.9864,0.9905,0.9969,0.9969,17.366724885625143,17.271948764122428,12.859704182675106,17.379879987368444
242,0.9608,0.9634,0.9788,0.9782,4.837872135399139,4.74874619865027,4.557504508191339,4.8247916840805125,0.9664,0.9864,0.9892,0.9892,25.308127143080537,26.127352699597346,22.13140275427522,25.354516173896968,0.9779,0.989,0.993,0.993,4.2552636310043335,4.269879250222915,3.5088804102740854,4.244097853572064,0.9704,0.9737,0.9769,0.9769,7.309120381458019,7.118313315204085,6.989231280497091,7.307126348781295,0.9631,0.9679,0.9738,0.9738,6.216137114801407,6.378437624849759,5.662504799888595,6.244997845153414,0.9691,0.9721,0.9737,0.9737,5.287400655636657,5.127939057730026,5.06355241527506,5.289036033562788,0.9835,0.9859,0.9966,0.9965,0.7985553308087006,0.7871599955473367,0.7541713623783375,0.7970919978343359,0.9605,0.9784,0.9862,0.9864,12.71148235367396,12.571664814170711,12.24345653984534,12.790277273012316,0.9882,0.9916,0.9975,0.9975,20.28019710493917,20.179784299374308,17.890682883394824,20.28352442694823
243,0.9889,0.9929,0.9939,0.9941,5.31530398779715,5.255485334888515,4.987558501615623,5.322717854579256,0.9799,0.9866,0.991,0.9902,23.492712554768755,23.192217042589217,22.61022625052259,23.474680749128453,0.9865,0.993,0.9976,0.9976,5.394251465248978,5.3478851087588914,5.11687235369533,5.407926615968474,0.9727,0.9858,0.9895,0.9895,9.67218764977846,9.652373690090078,8.390500080924278,9.6692274059257,0.9329,0.9476,0.9482,0.9476,4.790344434697661,4.874998197925116,4.5545559543554095,4.778417313519983,0.9557,0.9611,0.9737,0.9737,5.264365388215716,5.186872347859321,4.892307265066926,5.275862748658346,0.9818,0.9858,0.9877,0.9874,0.6995979801205182,0.6789679731798473,0.6527127220118377,0.6976994913029012,0.984,0.987,0.9976,0.9976,18.35389683248167,17.91594654119414,17.58769964812276,18.391978006136764,0.9743,0.9883,0.9919,0.9919,10.165753906222587,10.12706578441161,7.159465195373702,10.171857487548442
244,0.9205,0.9237,0.9541,0.9541,3.974168152576753,3.5343159402799733,3.4858345592586795,3.975263281922623,0.9597,0.9666,0.9735,0.9736,18.97341894984628,18.256118463343995,17.74203876322582,18.99712829097444,0.9772,0.9807,0.9997,0.9997,7.129683801103164,7.126706298960102,6.02227951854856,7.1251776964365945,0.9911,0.9944,0.9969,0.9969,15.32008553136994,15.28710784261214,12.200330520670551,15.313150997607089,0.9831,0.9852,0.9874,0.9877,6.131749889293085,6.040368240289457,5.866119863979459,6.131799089440625,0.9703,0.9795,0.9811,0.9811,5.883567392895013,5.80361261891368,5.109340147471663,5.8936810823717005,0.9846,0.9942,0.9979,0.9979,0.840114268049996,0.8026937195054146,0.7875825875606924,0.8377609134548485,0.9718,0.9815,0.9964,0.9964,17.244818794948937,17.14154276813236,14.714184278821335,17.30155712695526,0.992,0.9956,0.9993,0.9993,38.44581330401108,38.28418270895061,28.043363922674708,38.4580524000459
245,0.9802,0.9843,0.9848,0.9854,4.77969500651154,4.776566954890804,4.635574881967246,4.793388021466711,0.9833,0.9894,0.9968,0.9972,25.87425580477347,26.34213368848245,22.540071261004574,26.090321210301195,0.9589,0.9638,0.9915,0.9917,4.008238575891485,3.9158563010799554,3.856593739028136,4.018442326790353,0.9854,0.9928,0.9958,0.9958,13.592241650094737,13.609418975595764,10.36980242085563,13.57724820383288,0.9696,0.9843,0.9797,0.9797,5.479152580934082,5.767625669650419,5.1064619729260485,5.494208402793041,0.9844,0.9903,0.9954,0.9954,8.213244002701998,8.131758704831347,6.882625310889686,8.224853278985488,0.9877,0.9903,0.9956,0.9955,0.799157880053109,0.7512505563149877,0.7453746840224855,0.7962620246403539,0.954,0.9681,0.9749,0.9751,11.193118663117096,10.957581195533812,10.658592004038477,11.220577392058512,0.9703,0.978,0.9925,0.9925,10.583094023373151,10.52920403703066,7.486497628048597,10.5901786544038
246,0.9946,0.9974,0.9956,0.9957,5.490876212400124,5.820735681361674,5.402531404368961,5.509934673330976,0.9675,0.9771,0.9765,0.9767,19.45441237647677,19.81228877055608,18.33354854491099,19.469465729439,0.9596,0.9738,0.9838,0.9838,3.468301353421646,3.478982123073391,3.096694146857617,3.469351362371756,0.9797,0.9849,0.9879,0.9879,9.26426528601841,9.265302018344473,8.224586417688656,9.262862477424308,0.9554,0.9612,0.9665,0.9667,4.970828697307866,4.806007152406311,4.664645060978852,4.98487321171036,0.9465,0.963,0.9721,0.9724,5.132607174452225,5.055907142968652,4.597249204102416,5.144599724666217,0.975,0.9845,0.9904,0.9904,0.7399950754845683,0.7241512657711788,0.6751257155571795,0.7405144822830685,0.9753,0.9869,0.9925,0.9926,14.90570896288928,14.80135058073042,12.246650425227026,14.944783887432008,0.9497,0.9596,0.9932,0.9932,11.112957171134363,11.075343894970748,8.895862849069365,11.11124973424342
247,0.9781,0.98,0.9858,0.9852,5.055391378088825,4.917880789781368,4.818591999817232,5.046372941166288,0.9833,0.9881,0.9938,0.9937,23.698208036747687,23.65543428438781,21.83707872886811,23.78944257436708,0.923,0.9355,0.9563,0.9551,2.764058673762304,2.6820528239685326,2.609360845398484,2.7628865295241165,0.9614,0.9659,0.9987,0.9987,17.921442982195856,17.872978897935386,14.628419933542569,17.92320314369231,0.9972,0.9976,0.9974,0.9974,7.656327544623318,7.727340523727773,7.614211581311784,7.657480284408761,0.985,0.9936,0.9979,0.9979,10.0177483467542,9.892874571283173,8.796692477812467,10.034060978425211,0.9808,0.9887,0.995,0.9949,0.7885275226619313,0.7789143678967443,0.7202552585029135,0.7875920139030599,0.9846,0.9881,0.9988,0.9988,20.48746520961606,20.46915195366869,18.93174430628148,20.4842210973203,0.9816,0.9903,0.9992,0.9992,33.18622747811307,33.07552884860495,21.278341993750782,33.17971254490964
248,0.9591,0.964,0.9777,0.9778,4.56001517007351,4.17587276074564,4.051477672946006,4.5598663027534965,0.9934,0.9958,0.9974,0.9974,26.77972684782242,27.343814179432407,23.962850292491,26.79537680780676,0.9732,0.9769,0.9816,0.9819,3.3835521494429144,3.346319472360094,3.234882127525388,3.4033233307279795,0.9871,0.9897,0.9929,0.993,11.173442911126092,11.231930347054462,10.812220193735776,11.157090491102023,0.9774,0.9888,0.9818,0.9821,5.713904322288641,6.1952936234844245,5.476551208806708,5.728927803689459,0.9643,0.9792,0.9878,0.9879,6.613711435850994,6.525306250370259,5.946670901500205,6.626096157495531,0.9438,0.9656,0.9668,0.966,0.5983037096051289,0.5786760086306754,0.5633602746401513,0.5962675060873139,0.9427,0.9696,0.9792,0.9792,11.646897722206017,11.718438802880211,10.74232819373804,11.659706233234386,0.9875,0.9932,0.9979,0.9979,21.69744099635566,21.59278483107427,17.143276785886272,21.701193751814863
249,0.9691,0.9751,0.9791,0.9791,4.596423991149779,4.479485710115649,4.343683718572551,4.592271837418067,0.975,0.98,0.9799,0.9798,20.526757265814684,20.12703392507045,19.288585844356927,20.53786839960948,0.9831,0.9858,0.9922,0.9924,4.158432270876736,4.123250282667,3.985008080409715,4.175742558345292,0.972,0.9755,0.9938,0.9938,11.869194526431688,11.81404399906885,10.814290214577362,11.879436617495374,0.9948,0.9962,0.9954,0.9954,7.527616749596143,7.912164473813403,7.310570635448536,7.541170140214026,0.9847,0.9877,0.9869,0.9871,6.51544193339452,6.455162028010903,6.12872807999651,6.52598775471883,0.9877,0.9926,0.994,0.9939,0.7639929074280475,0.756010201889662,0.7224087630566098,0.7634207834764941,0.9293,0.9507,0.9934,0.9934,14.982941543661058,15.091303914730345,13.63002712359701,15.003521243472616,0.9783,0.9922,0.9941,0.9941,12.330827722401082,12.282028525764767,8.828363148039772,12.338125037191842
250,0.9608,0.9622,0.973,0.9731,4.930743193369475,4.93322935070982,4.672441731474343,4.950948972357255,0.9738,0.9818,0.9876,0.988,22.79728628388836,23.00237689148801,21.72047683138065,22.960477461168267,0.9765,0.9851,0.9871,0.9873,3.673004259616391,3.712156102544619,3.3532162907233447,3.680868059672427,0.9875,0.9906,0.9997,0.9997,25.7750238841454,25.720199220255097,19.262045794230627,25.77256429508116,0.9954,0.9978,0.9965,0.997,8.47717577464728,9.125698972874696,7.4693706008951,8.535161049657532,0.9578,0.9658,0.9773,0.9773,5.519929035730489,5.325612786826861,5.310858593412355,5.522778419052683,0.977,0.9868,0.9887,0.9886,0.7041885868802438,0.6979895929031878,0.6522237006342777,0.7022746835017187,0.9593,0.975,0.9832,0.9834,12.435144996541926,12.314085398655456,11.297292996565025,12.435501641659906,0.9768,0.9818,0.999,0.999,31.97691270575095,31.85895049370725,18.99160508685597,31.988889855234422
251,0.991,0.9947,0.9934,0.9928,5.795678314192463,6.056897274553697,5.250605738211119,5.793285140450651,0.9582,0.9675,0.9718,0.9722,20.12086041742037,20.676301911384765,19.285682031438306,20.25530951685299,0.976,0.9814,0.9872,0.9874,3.72764840303876,3.548333454071557,3.5032274892125668,3.734301724602708,0.9888,0.9923,0.9987,0.9987,18.000743855751768,18.021985115319914,15.143400220923876,17.993084294260054,0.981,0.9923,0.99,0.9903,6.266960114869676,6.591133866206896,5.774450655947664,6.280389097812179,0.9686,0.97,0.979,0.9791,5.628796412878828,5.549533578158446,5.437821717901867,5.640042487681919,0.996,0.9977,0.9983,0.9983,0.8508624073585194,0.8261146705121923,0.7981402819476413,0.8485541870693041,0.9651,0.9892,0.9913,0.9916,14.653651454956668,14.345390706949123,13.909538094304107,14.72642817768684,0.9778,0.9859,0.9923,0.9923,10.447582256622743,10.385680067382292,8.43320572036088,10.454455851046166
252,0.9816,0.9858,0.9831,0.984,4.910362145953694,5.094239849814915,4.826159120495731,4.952260149974837,0.965,0.9713,0.9819,0.982,20.947961096203247,19.998526461300685,19.684334778386013,20.975841760232612,0.9473,0.9599,0.9724,0.9735,3.055427259390104,3.028685888753118,2.870207621842708,3.073458090497154,0.9838,0.9912,0.998,0.998,16.70274975029479,16.663445775341863,11.52923687946461,16.681943719084806,0.9833,0.9839,0.9846,0.9843,5.843338614875753,5.874355938501111,5.770555884591097,5.831219250722849,0.967,0.9729,0.9855,0.9855,6.302194292435805,6.254201350019984,5.798117781842959,6.314681209190416,0.9577,0.9684,0.9827,0.9824,0.6604078916465443,0.6403235468974169,0.6154288325826383,0.6587363838341389,0.9544,0.9711,0.9767,0.977,11.626012261966505,11.520259405252894,10.838184604475693,11.6534818692851,0.981,0.9885,0.9946,0.9946,12.648250755010448,12.56329585097511,11.054320752521122,12.662544964830156
253,0.9807,0.9905,0.99,0.9902,5.043051402969772,5.166316194805307,4.701598930473399,5.051787222170794,0.9821,0.9932,0.9949,0.9937,26.2164108666763,27.19644111641452,22.873658215957903,26.23975493759687,0.9852,0.9867,0.9998,0.9998,8.043871655653197,8.034981130082933,5.876708675156179,8.04047879482888,0.9882,0.9897,0.9899,0.9899,9.944686149694393,9.94217395704672,9.61182146550491,9.951815972179988,0.989,0.9923,0.9908,0.9912,6.372444046970262,6.586733775717399,6.227988412513867,6.383696313385566,0.9741,0.9799,0.9989,0.9989,11.82683662411904,11.721043971406596,9.00590868217826,11.842593331283757,0.9805,0.9921,0.9973,0.9973,0.826822460538227,0.8179318496847283,0.7532987807279194,0.8239375169715281,0.9697,0.975,0.9745,0.9748,11.000326019179113,10.86260634407882,10.661546675349978,11.046493080762488,0.9892,0.9962,0.9989,0.9989,30.610330148686785,30.46419697645972,20.840357440900814,30.613854056708945
254,0.9905,0.9921,0.992,0.9921,5.285130120541854,5.361733128268252,5.177106372459423,5.314708450233137,0.9684,0.9697,0.9733,0.9736,19.4939413694936,18.4771441487929,18.302789651725263,19.37964374456004,0.9876,0.9948,0.9951,0.9951,4.654335364234548,4.688419882686732,3.8577471496249633,4.648277828670784,0.9578,0.9756,0.9749,0.9749,6.914869268062675,6.976372030704838,6.610804420665066,6.920549892641635,0.9585,0.9646,0.9665,0.9663,4.95324723706838,4.8769467962262105,4.718123867144412,4.9457027569412295,0.9795,0.9909,0.9996,0.9996,13.270730478807735,13.178545637810942,10.56056630869622,13.289608672894758,0.9828,0.9888,0.9963,0.9962,0.7969677709726193,0.7901194484488172,0.7096821533970986,0.793899453423542,0.9857,0.9906,0.9912,0.9912,14.453387773370194,14.38402250421507,13.646238159217663,14.454649499081128,0.9911,0.9918,0.9998,0.9998,58.862355090717,58.65363013038928,35.753689674390245,58.865171803171954
255,0.9817,0.9879,0.9877,0.9879,4.9363741647273365,4.942382124528028,4.676306640132184,4.939542647596872,0.9654,0.9673,0.9906,0.99,24.216504595441677,23.75824245726924,22.73456360961921,24.33881017126697,0.9873,0.9908,0.9962,0.9964,4.916583231648167,4.946140586047652,4.421182208824467,4.917530631096231,0.981,0.9827,0.9895,0.9895,9.610328058145353,9.45963983225546,9.411203683551738,9.627976177954109,0.9805,0.9844,0.9821,0.9825,6.908507024498154,7.282237344083466,6.095137179916689,6.892687121258714,0.9679,0.9825,0.9818,0.9822,5.942046681256415,5.843595283185416,5.728884730166288,5.969956320888606,0.9637,0.9706,0.9751,0.9745,0.6372441001680864,0.5947870790695229,0.5856047792162079,0.6350533590363907,0.9901,0.995,0.9978,0.9978,18.58250102686457,18.491386989645164,15.80615915392255,18.6354277299926,0.9588,0.9613,0.9791,0.9791,6.133562658098695,6.049786306302566,5.670018792904533,6.146653951614913
256,0.9819,0.9905,0.9887,0.9886,4.975900061306193,5.16946675256846,4.673575907930184,4.9907363301095256,0.9885,0.9942,0.9941,0.9944,23.788767279922435,24.054823413717696,22.906593480055395,23.86438543625412,0.9589,0.9661,0.9816,0.9817,3.376115569397417,3.255136618054695,3.2070439524914085,3.3916240798788,0.9731,0.9769,0.9764,0.9767,7.143463421165201,7.127583827659403,6.877723254783806,7.150865379817944,0.9896,0.9938,0.9923,0.9923,7.131086161350021,7.499912818458534,6.436063607202664,7.146731198738272,0.977,0.9891,0.9947,0.9947,8.021564790557669,7.957992025739637,6.594370248234408,8.025384827149486,0.9784,0.9824,0.9843,0.9841,0.6666374467037298,0.6443184774610428,0.6355252184804544,0.6661077161415514,0.9712,0.9777,0.9853,0.9853,12.59054523641814,12.32267918324448,12.060836588926737,12.638072218239303,0.9519,0.9598,0.961,0.9611,4.218031263488546,4.104084447443783,4.085692881557517,4.226294392029111
257,0.9738,0.9788,0.9809,0.9813,4.708997210500477,4.634229154119753,4.452845397235161,4.718547856511761,0.9751,0.982,0.9799,0.9816,20.49554200866554,20.42223863765892,19.202482268981782,20.76736904174042,0.9705,0.9785,0.9799,0.9799,3.2963101961889225,3.328021905111391,3.0614793664223616,3.294064704645506,0.9536,0.9732,0.9902,0.9902,10.023274653329914,9.990910315113004,8.133304861370691,10.031022489489,0.9689,0.9769,0.9751,0.9745,5.468780821497273,5.5232159639041285,5.291953315353586,5.4613280988664,0.9577,0.9749,0.9974,0.9974,9.370499266340769,9.277333170402969,8.73125498515705,9.387636658910552,0.9928,0.9985,0.9979,0.9979,0.8351210955337853,0.8294223475839044,0.7441236165425023,0.833972837688227,0.9748,0.982,0.9865,0.9868,12.999169068731788,12.906353125936947,11.666533011409618,13.035085401330203,0.9812,0.9917,0.9932,0.9932,11.157741783837643,11.10829666210063,7.663289200160724,11.168034998667297
258,0.96,0.9642,0.9743,0.9742,4.449506561089054,4.20291654488222,4.141932885576038,4.445475721257996,0.947,0.9577,0.9713,0.9728,19.43474676237131,19.227409860130045,18.255200922188024,19.58654182217569,0.9764,0.9846,0.9878,0.9879,3.68874924715909,3.6042430075237935,3.515807649427472,3.699804530438096,0.9687,0.9824,0.9835,0.9835,8.319209962931028,8.321523379011829,6.369602192713212,8.322551189289772,0.9859,0.9923,0.991,0.9908,7.040862366923276,7.4429261957359,6.228659147238775,7.069560824580471,0.9696,0.9752,0.9824,0.9826,6.037144416303785,5.930441814152577,5.663175456792862,6.053690732049599,0.99,0.994,0.9946,0.9946,0.7838728670040636,0.7600268881310048,0.7349164356061905,0.7843630157664259,0.9775,0.9839,0.9968,0.9968,17.74513481046707,17.560829579106887,13.961025920634226,17.755194109297282,0.9526,0.9552,0.9753,0.9755,5.488267874853483,5.425823756649221,5.304018831625516,5.503830521444248
259,0.9853,0.9862,0.9925,0.9925,5.692753966228734,5.549532444875028,5.277256238770101,5.718136825137878,0.9847,0.9943,0.9925,0.9935,23.37222531199434,24.08863360662551,22.167948355418048,23.70509108899084,0.9766,0.9858,0.9995,0.9995,6.766644068260806,6.788323779631551,5.798085974045807,6.76936840362136,0.9735,0.9791,0.9824,0.9823,8.153320688255175,8.164303930082239,7.155983870387319,8.140986367187462,0.9425,0.9485,0.9564,0.9583,5.51478654499801,5.563853641093678,5.290225149409233,5.533427161121776,0.9851,0.9987,0.9998,0.9998,13.80777913327901,13.700070334407542,10.470177416664155,13.81152893055573,0.9656,0.9797,0.9862,0.9857,0.6877929326944465,0.6580650172220747,0.63464004725526,0.6863635078001562,0.9896,0.9912,0.9912,0.9913,14.48961379095577,14.278544038805002,13.84418145665369,14.561096629691624,0.9859,0.9923,0.9967,0.9967,16.79993716794761,16.728026586956624,12.339328731898773,16.79871296593821
260,0.9821,0.9869,0.9858,0.9861,4.855844842604244,4.883211691561794,4.701651023665213,4.85258158631961,0.9546,0.9729,0.9718,0.9729,18.752680203045013,19.21097123516052,17.044313681663706,18.853130103605128,0.9455,0.9488,0.9722,0.9724,3.0722432061348366,2.9181761244047983,2.8657788476242376,3.069102132782973,0.9762,0.987,0.9883,0.9883,9.399637467399351,9.373542438428142,7.552981422529096,9.39827018864559,0.9816,0.9903,0.9855,0.9862,5.833640349196778,6.251187501249953,5.650923166622808,5.8795578743493415,0.992,0.9968,0.9998,0.9998,13.835983217653338,13.700059775187464,9.395746414306233,13.847485257571648,0.9738,0.9804,0.9962,0.9962,0.790301314581606,0.7647271392841559,0.7488894544767598,0.788181411372718,0.9858,0.9934,0.9936,0.9937,15.426306685542468,15.244677784438403,12.870866530246465,15.45655119314908,0.9866,0.9887,0.989,0.989,9.036671502012377,8.986517306947938,8.290118049541137,9.039333953828692
261,0.947,0.9513,0.9704,0.9708,4.326904916104647,3.9387300374681296,3.858435786189188,4.338731119993237,0.9878,0.9959,0.9933,0.9938,23.599349129663675,24.374532406257234,22.787996208226996,23.75567901868756,0.9801,0.9903,0.9973,0.9974,5.2923617782769705,5.255197271633123,4.382558638084856,5.312023512263693,0.9702,0.9788,0.9879,0.988,9.27116339877344,9.23866061705098,7.605002718529892,9.273343518589574,0.9872,0.9903,0.9878,0.9879,6.091920128601769,6.324555451106867,6.030194396442152,6.09684897321332,0.9249,0.9256,0.9779,0.9781,5.563721296530293,5.400991519276969,5.35241032459382,5.573179294083209,0.9765,0.9924,0.9968,0.9967,0.8103184475519688,0.803629565205046,0.740830257807064,0.8103370253401667,0.9657,0.9737,0.983,0.983,12.32345210105408,12.225093488807738,11.450859661767296,12.3389531845699,0.9611,0.9657,0.978,0.9781,5.954918033500985,5.887454313283697,5.491278541786848,5.960837467808152
262,0.9415,0.9584,0.9598,0.9588,4.226217724297484,4.180379721027807,3.96082902913031,4.210558964922095,0.9827,0.987,0.9932,0.9935,23.7981012475719,23.572467841027738,22.82535133316884,23.880281652386277,0.9905,0.994,0.9973,0.9973,5.19050013452128,5.195081298416634,4.659041536169443,5.192007919236892,0.9886,0.9897,0.9931,0.9931,11.29676918014783,11.145723303610506,10.988163532201126,11.324871814600366,0.9734,0.9834,0.9823,0.9819,5.807878244302673,5.889968586108037,5.469327339991528,5.806309400334095,0.986,0.9893,0.9984,0.9984,10.948607657580023,10.873827911222923,8.00751645918313,10.965352685377432,0.9811,0.9942,0.9962,0.9962,0.796907204949603,0.7916271365894061,0.6869957981818935,0.7952306890401112,0.9638,0.9745,0.9827,0.9829,12.336663305700288,12.228200113635774,11.501065995923,12.364061840207178,0.9772,0.9816,0.9929,0.9929,10.891843723791824,10.800523561619848,9.269608007217712,10.906509643711445
263,0.9854,0.9881,0.9872,0.9875,5.155352599428547,5.400287399186613,5.005153250112684,5.194808472541913,0.9693,0.9712,0.9793,0.9787,20.08722904059927,19.448917555611832,19.312597575343595,20.04607290096472,0.9849,0.9886,0.9961,0.9961,4.8691428680531175,4.8568712800670495,4.190416372730505,4.874950267075861,0.964,0.9751,0.9763,0.9763,7.076001074146086,7.091163229492948,6.263961169207972,7.084690164133812,0.977,0.9913,0.9838,0.9856,6.676836043771933,7.287372033566985,5.902047925739945,6.75572458943336,0.9678,0.9699,0.9724,0.9725,5.147361034938795,5.0184804980401205,4.954915530007916,5.160205097610541,0.9905,0.9981,0.9996,0.9996,0.9065457281681208,0.897224874920037,0.8401101004673752,0.904965143916118,0.9657,0.9748,0.9733,0.9734,10.981889315495884,10.73931283338446,10.558264743580796,10.997515515841656,0.9795,0.9869,0.9901,0.9901,9.534019835574336,9.466327578484623,8.553286455472032,9.545437651784296
264,0.9737,0.981,0.9792,0.9791,4.678246975877173,4.711695463281975,4.515771164673932,4.675881962182927,0.9696,0.9798,0.9868,0.9871,21.41503420719932,21.28769783160556,19.237461045128786,21.45113613825983,0.9617,0.9701,0.9824,0.9826,3.4325818682433944,3.407533538181234,3.194892875656162,3.443367539164816,0.9664,0.9794,0.9992,0.9992,20.536891917115447,20.5178790462034,14.748573786180666,20.54878551339736,0.9812,0.984,0.9828,0.9828,5.799253827886502,5.996857677272169,5.670915705223905,5.801784625819253,0.9679,0.9951,0.9985,0.9986,11.147019650414643,11.053235318304978,8.854553694561808,11.159924797164557,0.9765,0.9841,0.9953,0.9953,0.7899203724720034,0.777581830138197,0.6896200557138201,0.7894399929901311,0.975,0.9794,0.997,0.997,17.846299304503543,17.677477318824657,16.28626642334469,17.81635134043786,0.9844,0.9918,0.9967,0.9967,16.79452727149462,16.727957470769265,10.754751412424133,16.795343500093736
265,0.9708,0.9847,0.9816,0.9807,4.723099838861024,4.857313430874605,4.370376971936523,4.681957858118292,0.9711,0.9799,0.9793,0.9797,20.005146618824465,20.317263086850808,19.18065772592994,20.092207050510734,0.9943,0.998,0.9995,0.9995,6.8460809702547145,6.844569324328033,5.1122777634619005,6.837864834463491,0.9731,0.9771,0.9955,0.9956,13.213864180718334,13.23181706252755,12.633785841570486,13.215221859125972,0.9809,0.9854,0.9841,0.9841,6.050499446492575,6.234655460168399,5.659380865259451,6.0509845815011865,0.9829,0.9916,0.998,0.998,10.02735367865685,9.933866809449247,8.33186757111053,10.03465159075157,0.974,0.9907,0.993,0.993,0.7569418408140844,0.751414654480623,0.6704195028835711,0.7548968530231444,0.9666,0.9741,0.9778,0.9782,11.635001565885888,11.333471367981296,11.148921384026048,11.658546679548712,0.978,0.9803,0.9824,0.9824,6.621547995644068,6.555626299352053,6.209242821701677,6.62860653803859
266,0.98,0.9857,0.9866,0.9862,4.877476231453823,4.840877525928548,4.621375823249085,4.864675745765617,0.9925,0.9948,0.9986,0.9986,29.36386286240532,30.053171749873503,26.512346280897987,29.335730907101148,0.979,0.9827,0.9995,0.9995,6.755231236650984,6.776088500947498,5.491792584652537,6.748484013725212,0.9731,0.9906,0.994,0.994,11.89211805842164,11.908601149957445,8.986089585921324,11.89621755198271,0.9548,0.9566,0.9729,0.9727,7.5060301034934,7.5618334727874945,6.986214874124653,7.541318396522906,0.9806,0.9906,0.9934,0.9934,7.660722423092263,7.52939031952527,7.400477379916342,7.681107565368036,0.9744,0.983,0.9952,0.995,0.7787845551477803,0.7532994757333192,0.7331054828518037,0.7771952405949077,0.9867,0.9892,0.9994,0.9994,22.273626184821737,22.13766386729056,17.543793308260025,22.28638601179502,0.9947,0.9963,0.9979,0.9979,21.818617473356163,21.71220202603605,17.656511402561986,21.82791336508009
267,0.9663,0.98,0.9778,0.9764,4.765359109471035,4.949570709132177,4.460631980059701,4.758053026269364,0.9781,0.9797,0.9966,0.9963,31.921971632303077,32.09506250981782,26.806959496977917,31.958470898923327,0.9855,0.9913,0.9975,0.9975,5.325062617372101,5.336396913882108,4.4597500672897255,5.3178628101436205,0.9645,0.9821,0.9846,0.9846,8.500138148981126,8.53263916777097,6.866150123009325,8.503282183832463,0.9685,0.9807,0.9769,0.9738,5.6217131936122975,5.806116457915808,5.360449358321652,5.565689832722785,0.9664,0.9776,0.9895,0.9896,6.902010171387449,6.742731764690639,6.5800823532155,6.932494958701413,0.982,0.9928,0.9911,0.9911,0.7394281865740524,0.7325410897201354,0.6741830000123787,0.7364491554238466,0.9784,0.9811,0.984,0.9843,12.639608555868872,12.029547061311945,11.796122397083389,12.657207056496718,0.9838,0.9892,0.9952,0.9952,13.130609884465162,13.06691564994855,9.6262019767827,13.133534543164387
268,0.9767,0.9824,0.9849,0.9851,4.846398193378782,4.722832930522516,4.5326672718466,4.842850122370413,0.9776,0.9817,0.9856,0.9859,21.02113499793085,20.583047822674384,20.041897038892557,21.067999707101624,0.9942,0.996,0.9973,0.9973,5.289838779302437,5.286243826270402,4.900426901949949,5.285551676076663,0.9933,0.9973,0.9994,0.9994,21.90663853493337,21.91790748628068,16.91829109565017,21.89627367138315,0.9705,0.9872,0.9802,0.9799,5.517108639770738,5.960445114536672,5.132058974901511,5.525977334202437,0.9831,0.9896,0.9937,0.9937,7.810027958789761,7.667873387317856,6.571880415115276,7.824583554597098,0.9909,0.9956,0.9983,0.9983,0.8427152984006773,0.8438921775658916,0.7824976766908203,0.8441974178383638,0.9804,0.9918,0.9949,0.995,15.986456504509942,15.975700266860184,13.468010909694543,16.011137572083562,0.9669,0.973,0.9898,0.9899,9.419211986927554,9.357430049123902,7.802999330767907,9.432178187778552
269,0.9782,0.9884,0.9839,0.9835,4.790581748249647,4.944428063613245,4.590474267766194,4.787628417105896,0.9631,0.9747,0.9706,0.9716,18.76060163413874,19.30871478533825,17.750040173603544,18.815712340984696,0.9661,0.9734,0.9973,0.9973,5.148098582227027,5.158241744470935,4.421607592396568,5.154498166393152,0.9857,0.9925,0.9937,0.9937,11.686870227013678,11.68576997973769,9.670731050328502,11.675074933615925,0.9733,0.9823,0.9803,0.9803,5.585078499321631,5.616932441649812,5.258751919335763,5.5833848601430685,0.9561,0.9627,0.9664,0.9667,4.821496488832155,4.739760244200084,4.60367892804676,4.835670585796189,0.9876,0.9969,0.9948,0.9947,0.7918376787224005,0.7767823963379091,0.7238539094410439,0.7909979266338799,0.9582,0.9636,0.983,0.983,12.379247572443871,11.909569198082927,11.731546635913592,12.399631487965037,0.9697,0.9756,0.9773,0.9773,5.759512994623162,5.683163355603049,5.602159839198964,5.771203389285352
270,0.9941,0.9969,0.9951,0.9951,5.465190477126768,5.65920108517639,5.308630610282437,5.4750625805204045,0.9624,0.9751,0.9761,0.9774,19.564674167259845,19.93999250421535,18.269638114958838,19.828971246256412,0.9826,0.9867,0.9982,0.9982,5.509338063345344,5.491095400576268,4.448456278987584,5.506756010163366,0.9775,0.9816,0.9924,0.9924,11.034849890673984,10.98496572304308,9.797874058145885,11.037682963352555,0.9918,0.9955,0.9938,0.9936,6.781971839391831,7.081095825460928,6.470936639809784,6.7656285628653805,0.9849,0.9938,0.9961,0.9961,8.53404062285952,8.465068805054448,7.102778440212196,8.54219494360211,0.9808,0.9864,0.9911,0.9911,0.7369134378532682,0.7237669487682652,0.6891166058462588,0.7362510440909874,0.9808,0.9846,0.9986,0.9986,19.57221524267348,19.487489520692986,16.4480475840115,19.5841152095743,0.9787,0.9845,0.9877,0.9877,8.258354120945244,8.19916630364472,6.939450951749619,8.259930908534937
271,0.9937,0.9967,0.9944,0.9948,5.384026155202315,5.590669882686663,5.279600575738535,5.43040771998662,0.9147,0.9219,0.95,0.9519,16.63153507575296,15.579565426127216,15.345192023993429,16.75866614113533,0.9883,0.9961,0.9982,0.9982,5.533061397101049,5.589281882280188,4.5544506167831615,5.522396762854476,0.9798,0.9884,0.9969,0.9969,15.266780270679815,15.253494962296134,11.08280893291479,15.26313734313286,0.9897,0.9919,0.9921,0.9922,6.895583164738522,7.102866189105368,6.374074971195721,6.909700708010063,0.9857,0.987,0.9941,0.9941,7.971469979402103,7.872021221552711,7.700236576197112,7.991160140087696,0.9731,0.9964,0.9959,0.9959,0.7814237528490025,0.7810063923361493,0.6649732650997656,0.7800309073966623,0.9929,0.9952,0.9955,0.9955,16.396647873279992,15.754507348686277,15.747334756023024,16.42128817036912,0.9747,0.978,0.9852,0.9853,7.490377100172887,7.380483685188574,7.330926602304681,7.491567533202368
272,0.9724,0.9778,0.9834,0.9833,4.954258303323801,4.772395657531131,4.630761045492147,4.947401204306924,0.9928,0.9963,0.9994,0.9994,32.660089440673545,33.16573030397479,28.380164339254737,32.65953589541755,0.9387,0.9465,0.9511,0.9512,2.700636446374864,2.590459664987997,2.5477463098413327,2.682593396050324,0.994,0.9947,0.9951,0.9951,12.688573329620423,12.458786987168963,12.340440637759531,12.710082948567448,0.9621,0.9739,0.9709,0.9713,5.159745713614276,5.244597122611376,4.885474865535953,5.173699551930396,0.9665,0.993,0.9929,0.9929,7.553430046023655,7.485427704020299,6.460486951375493,7.565052127103913,0.9831,0.9879,0.9856,0.9854,0.6928665336038562,0.6665665382535606,0.6377165673983516,0.6900835795192911,0.9757,0.9843,0.9907,0.9908,14.170934373605723,14.107397770124557,12.605232745151236,14.190048078276616,0.9562,0.9683,0.97,0.97,4.8727725048062975,4.835701235644106,4.597223106609182,4.878263696443162
273,0.9818,0.987,0.9912,0.9907,5.094552178504193,5.056413574100351,4.725624028418753,5.068875183050889,0.9729,0.9781,0.9837,0.9837,20.707579721174387,20.15717174574741,19.732574304923208,20.69608541552579,0.9698,0.9776,0.9801,0.9802,3.289993926185153,3.3355537250569283,3.0926492928876117,3.2934700132684256,0.9791,0.9807,0.9899,0.9899,9.929848085556404,9.881651523561215,9.171707439670984,9.916461907359889,0.9809,0.9872,0.9864,0.9864,6.3047757348216695,6.593619987953091,5.793763659392175,6.316332003959454,0.9811,0.9889,0.9895,0.9895,6.876497129459411,6.730633609590798,6.578442121156736,6.903229356726483,0.9759,0.985,0.9877,0.9873,0.7038528596352926,0.6700685659243358,0.6455899570836929,0.7016216817922765,0.986,0.9901,0.9893,0.9894,13.777028531035944,13.681924927319454,12.907518271991531,13.819776208486164,0.9881,0.9994,0.9997,0.9997,53.448589249202925,53.27118777580889,32.77282560067024,53.46501481407639
274,0.9749,0.9851,0.9828,0.9821,4.709858846973168,4.787080846359732,4.466472602043854,4.685004095814183,0.9728,0.9831,0.9833,0.9841,20.680002908667877,20.788353267281767,19.36040512988377,20.83486572292174,0.9809,0.9874,0.9855,0.9863,3.683595985029808,3.605069844667719,3.448431199012531,3.696366085655695,0.9855,0.9881,0.9899,0.9899,9.971838177780556,9.900449240111412,9.59201457339278,9.997801867114925,0.9794,0.9835,0.9825,0.9827,5.731334152535878,5.889254704669842,5.590289918219439,5.764438603884882,0.967,0.9776,0.9965,0.9966,8.774729689878706,8.674648081224502,8.1299255787343,8.792667990132097,0.9921,0.9962,0.9983,0.9983,0.8441698551869927,0.840461457783332,0.7721495048512512,0.8416718018446099,0.9901,0.9912,0.9965,0.9966,17.60162915223211,17.38069882679978,16.599882594017437,17.639205081210918,0.9816,0.9919,0.9956,0.9956,13.56744931615694,13.530422042005632,11.70721994323127,13.574069630151534
275,0.9688,0.9815,0.9762,0.9771,4.53378805758447,4.671860908785625,4.309180173261924,4.564999201761018,0.9148,0.9231,0.9457,0.9475,16.287056943413756,14.93463189743192,14.59103543522525,16.388462462160064,0.9882,0.9971,0.9991,0.9991,6.2786567520686365,6.344547016062501,5.457058313706757,6.278382771724817,0.9631,0.9687,0.9853,0.9853,8.634721132972954,8.619154482315736,7.712664585291035,8.639874897855501,0.9793,0.9818,0.9856,0.9852,6.326473210757619,6.186376685930082,6.116762840662727,6.313895319046786,0.9698,0.9857,0.9905,0.9906,7.050188957848854,6.972509598276372,5.99644693904952,7.0624665093680985,0.9889,0.9982,0.999,0.999,0.8721738351682873,0.8624861857310868,0.7616044629290326,0.870774993470114,0.9887,0.9952,0.9978,0.9978,18.693589245411303,18.631260832291463,16.973858259991115,18.685024703865214,0.9832,0.9885,0.9895,0.9895,9.410723181324284,9.34692554621278,8.856205279520744,9.416254366098276
276,0.9645,0.9679,0.9736,0.9738,4.436695050570751,4.254535617508388,4.168335500904696,4.451757316379192,0.9456,0.9542,0.9772,0.976,30.923522126836385,31.361284187099443,25.21078352767305,30.80795743619566,0.9675,0.9749,0.9995,0.9995,6.814124122429646,6.844305076391541,5.428711212346936,6.802196175730556,0.9649,0.9735,0.9846,0.9846,8.503089412519424,8.47963153214568,7.126323366785868,8.505146662130239,0.9947,0.9954,0.995,0.9952,10.481025788353582,10.853970098795712,8.688709984787842,10.486233634853797,0.9598,0.9877,0.9925,0.9926,7.484640531306895,7.374266069326483,7.207967484968228,7.509972326432258,0.9749,0.9938,0.9935,0.9933,0.7595189007614676,0.7584350692537981,0.6889737803912712,0.758755299960221,0.9681,0.969,0.9904,0.9904,14.15091597254882,13.806685538039307,13.458158381079718,14.189480666198278,0.9501,0.9624,0.9817,0.9818,6.410589983302067,6.277162871243158,6.253374776860504,6.419948354929353
277,0.9831,0.9917,0.9873,0.9877,4.97138064009008,5.2043427910679885,4.793770678876572,4.974517317090964,0.9605,0.9683,0.968,0.9684,18.259390280655623,18.301470473241263,17.557402021288226,18.3229197278098,0.9768,0.9863,0.9913,0.9913,4.0547626761506885,4.0089170995587455,3.871985215072991,4.0698362516091,0.9616,0.9709,0.9767,0.9767,7.187754067085835,7.174600905496205,6.462913825443398,7.179580171155693,0.9727,0.9772,0.9772,0.9773,5.671446525640979,5.86275061205152,5.419199337891135,5.677314613064079,0.9851,0.9918,0.9954,0.9954,8.275344244657736,8.195006805270856,6.833595021746496,8.290079733130973,0.9764,0.9835,0.9929,0.9926,0.7492470086333349,0.7425087788033938,0.6807805634111898,0.7474884260308865,0.9811,0.9845,0.9936,0.9936,15.389630865950052,15.220771989199896,14.623151463923625,15.413610568729371,0.9733,0.9747,0.9818,0.9818,6.462389741133908,6.318216920578314,6.2599866816150325,6.4633755446817664
278,0.988,0.9918,0.9911,0.9912,5.09788664293208,5.116894360613931,4.945065071566087,5.0947870604459045,0.9722,0.9769,0.9895,0.9887,22.116732883685323,21.37259162458937,20.49048404289925,21.99792405253181,0.9595,0.9602,0.9911,0.9912,3.987009561048016,3.864637758675284,3.8213815931572497,3.99595540126295,0.9489,0.9541,0.9722,0.9722,6.673297349398485,6.632734222612388,6.217653378635627,6.679211299757338,0.9725,0.9747,0.9821,0.982,5.703990720632344,5.418838207767563,5.353829571101181,5.693404962092606,0.9646,0.9692,0.9743,0.9743,5.253796297022074,5.206470169802299,5.067844205771849,5.261913517697581,0.9866,0.9911,0.9967,0.9967,0.8140186887191078,0.7880283001774998,0.7605701113844681,0.8126777670882623,0.9754,0.9797,0.9913,0.9913,14.448303340137572,14.324761039924674,13.8760509029883,14.500949311753248,0.9887,0.9913,0.9928,0.9929,10.842771863488435,10.708786527572936,10.04994167136852,10.85762888209136
279,0.9909,0.9968,0.9952,0.9957,5.5509668884910734,5.999615209300933,5.096707409797444,5.590247746064417,0.9842,0.9901,0.9871,0.9877,21.4502608393592,22.198142227518503,20.77475721264866,21.55945975752504,0.9767,0.982,0.9837,0.9838,3.543619728968673,3.5242487401728484,3.3024579719180918,3.5474364109575336,0.9849,0.9953,0.9995,0.9995,24.942728452637365,24.93858742107989,16.932022558333298,24.93530234384045,0.9859,0.9898,0.9875,0.9871,5.995711918497552,6.195441509941038,5.837140394528712,5.963577127858009,0.984,0.9946,0.994,0.994,7.922410907130816,7.829765672888708,7.228994696558376,7.935578347252692,0.9663,0.9743,0.9822,0.9815,0.6658476642122217,0.6408756155772306,0.6106783564903726,0.6624141636162205,0.9907,0.9926,0.9965,0.9965,17.47248823073016,17.25523996994214,16.167005494996136,17.525504095178114,0.9799,0.9905,0.9937,0.9937,11.95895399761377,11.86813102861785,10.673009983470958,11.975043976198576
280,0.955,0.9614,0.9717,0.9708,4.36332843264025,4.138452184260223,3.980184931890385,4.337256648871497,0.973,0.978,0.9824,0.982,21.71878793708003,21.432136389999144,21.198590625382995,21.72728781563561,0.9769,0.9779,0.9807,0.9809,3.371357221664867,3.2578806078920217,3.2384832000587576,3.3780279112771896,0.9864,0.9899,0.9905,0.9905,10.328864665308124,10.297742407610876,9.716999889751808,10.32789415734119,0.9949,0.998,0.997,0.997,8.558334717427195,9.2068909136477,7.528400471269021,8.562589428548522,0.9517,0.9642,0.9835,0.9838,6.119863015236272,6.005327681430315,5.615944112527793,6.137165604641552,0.9518,0.9717,0.9716,0.9716,0.6154237614344809,0.6052117961382624,0.5757920458228589,0.615731842260019,0.974,0.982,0.9812,0.9816,12.138095531715766,11.990711620328405,11.242632273292744,12.151954179896872,0.9571,0.9744,0.9967,0.9967,16.743783978249215,16.719055619302942,12.83593484619769,16.741998740920366
281,0.9763,0.9845,0.9822,0.9836,4.872814510821581,4.978625601769931,4.608429065500584,4.878279697287351,0.9857,0.9966,0.9944,0.9934,25.80028328484859,27.184102303620666,23.9816008159119,25.779541286798107,0.9794,0.9914,0.9947,0.9947,4.483783996493321,4.55351488038439,4.199286235919361,4.481579951235969,0.9678,0.9808,0.9861,0.9861,8.841735652147854,8.846591045671463,7.406676182029707,8.839142849605562,0.9762,0.9788,0.9794,0.9791,5.458872224333311,5.457458780317461,5.33733394169632,5.462744563630345,0.9804,0.9926,0.9952,0.9953,8.262985022441674,8.131772788288911,6.933701128927813,8.282310684674753,0.979,0.9896,0.9909,0.9909,0.7298278904285,0.7236406762777411,0.6861289448836982,0.7295668226968897,0.9669,0.9803,0.9815,0.9815,12.166344594656117,12.054527258136927,11.17856876209816,12.180324002378716,0.9834,0.9886,0.9995,0.9995,42.61277663969452,42.4314534250427,27.64320613379074,42.6166374866567
282,0.9867,0.9896,0.9918,0.9912,5.140782388231164,5.010641524421741,4.870277665090377,5.099946757237426,0.9854,0.9887,0.9896,0.9898,22.06248018265274,21.965625356827093,21.24935274230737,22.067096620517543,0.9732,0.9816,0.9805,0.9807,3.3187023570173624,3.370667186257453,3.158527325871118,3.3386239129178907,0.9381,0.9528,0.9861,0.9861,8.762200257085704,8.763748593665724,7.382706782628187,8.769726602808861,0.9668,0.9745,0.9791,0.9788,5.461851173168618,5.286554920672487,5.046109119004358,5.461813240558392,0.9973,0.9979,0.9994,0.9994,12.515530523570632,12.24965110075946,12.158029808117568,12.531770810561156,0.9741,0.9834,0.9901,0.9901,0.7255103725186347,0.7151704991439063,0.6552555641789037,0.7224433040015292,0.9767,0.986,0.997,0.9971,17.752136977513203,17.697284021053893,14.962966153134746,17.770222914802247,0.9767,0.9837,0.993,0.993,10.914887500365504,10.86813021032624,8.02504193041952,10.91915450902589
283,0.9898,0.9961,0.9938,0.9938,5.29650702447581,5.530543373939476,5.067280634697468,5.295356802107808,0.9715,0.9769,0.9938,0.9939,23.982099417697064,22.774938367755468,22.541130693234493,23.999572628045662,0.9656,0.9799,0.9838,0.9839,3.477501068575599,3.5183456092255208,3.1792691777329223,3.4804619145679148,0.9704,0.9786,0.994,0.994,11.934103565164625,11.899130127362763,9.454798546998548,11.94410655099256,0.9776,0.9893,0.9836,0.9837,5.687487498371667,6.148414795928182,5.424552639560133,5.697632027798945,0.9688,0.9741,0.9761,0.9762,5.4783041363234695,5.367971490541013,5.02747622668887,5.494216753595084,0.9633,0.9808,0.9824,0.9824,0.6633856879149856,0.6553805168719692,0.6119825665899841,0.6616080851284041,0.9871,0.9927,0.9909,0.991,14.451215199355095,14.348203633537402,13.372604318430655,14.48266406377819,0.9939,0.999,0.9996,0.9996,52.49007072654484,52.327145568070975,34.059689186138705,52.49278666968006
284,0.9938,0.9965,0.9947,0.9947,5.414675001088939,5.614987583044787,5.351923156435448,5.424773891747941,0.959,0.9685,0.973,0.9737,19.25178673416266,19.214461158878187,18.2474613153312,19.31465421537721,0.9791,0.9824,0.9949,0.9949,4.536372109221428,4.428298150654685,4.380928441884663,4.54576054050441,0.991,0.9931,0.9992,0.9992,20.588530028580887,20.568017580775614,15.69951743557106,20.58417885360312,0.951,0.9596,0.9622,0.9621,5.289869576036038,5.397589092459872,4.772092287242055,5.261642276424368,0.97,0.9803,0.9816,0.9816,5.966245781911374,5.845491943352668,5.636197634658798,5.982012514324357,0.9728,0.9806,0.9942,0.9939,0.764177131725109,0.7564968656825978,0.6677921537410278,0.7633870102246636,0.9906,0.9921,0.9945,0.9945,15.774747721106444,15.420651556145334,15.31233689995503,15.826760035677369,0.9774,0.9862,0.9898,0.9898,9.413297134787044,9.363202629458236,7.86764828221903,9.412192911895652
285,0.9465,0.9521,0.9675,0.9673,4.829189383180512,4.647445628461001,4.564725346712697,4.836730784129398,0.9721,0.98,0.9779,0.9781,20.020950213637104,20.344826667201566,19.410689271193625,20.05242531875356,0.9706,0.9819,0.992,0.9921,4.073355424239559,4.089538788714552,3.8917833522497456,4.081858129649975,0.9759,0.9858,0.9853,0.9853,8.645788750701865,8.700452823970476,7.627500170589979,8.647787400950287,0.9771,0.9842,0.9846,0.9851,5.8398981763801885,5.784549165375906,5.473473365094246,5.84617811543119,0.9726,0.9909,0.9928,0.9928,7.537646645396782,7.343558245096816,7.322367706052168,7.54663217713609,0.9662,0.978,0.9904,0.9904,0.7231537664553096,0.7174209268021778,0.6726374825407083,0.7224048727185683,0.9953,0.999,0.9998,0.9998,32.05129858722648,31.91008144072941,25.163662522410853,32.04555475430204,0.9869,0.9896,0.9979,0.9979,21.697410971113182,21.61323569811458,15.377037973612136,21.69616063287377
286,0.9631,0.9676,0.9692,0.9694,4.318649977280308,4.385864691572842,4.207103817957163,4.322440769279017,0.9845,0.9871,0.9923,0.9923,22.802948959723704,22.08114174115522,21.78108041013045,22.738291961008212,0.9678,0.9779,0.9829,0.9833,3.469041330339482,3.425582218585257,3.27364874132814,3.48838505509305,0.9757,0.9874,0.9933,0.9933,11.400946201139268,11.428394078538986,10.828159956976805,11.391775498987148,0.9986,0.9997,0.9992,0.9992,11.714728707439978,12.285180891409968,9.773563612508111,11.69126370894924,0.9745,0.9865,0.994,0.994,7.925742179382986,7.828531894683947,7.036136536604744,7.938518712381004,0.9746,0.9792,0.9901,0.9901,0.7165216551365725,0.6962145287977092,0.6737613840349994,0.7159977071369941,0.989,0.9959,0.9998,0.9998,32.3210282073543,32.301333766173364,23.17482973907028,32.29915361533471,0.9755,0.9787,0.9869,0.9869,7.938079840777269,7.874961123385339,7.077158308782693,7.945880512951168
287,0.9693,0.9812,0.9769,0.9767,4.521202657823591,4.66045694852762,4.302417895225519,4.5145985108587805,0.9868,0.9883,0.9938,0.9938,23.70963996348464,23.20969971175353,22.58782055038325,23.77547670117873,0.9629,0.9825,0.988,0.988,3.688753464472036,3.722838748834615,3.129776571806368,3.691321834839677,0.991,0.9956,0.9982,0.9982,16.998881268669997,16.963293957618003,12.181197087781024,16.99769885452097,0.9959,0.9986,0.9977,0.9978,8.008952560304264,8.647937083496707,7.251110281149129,8.044506307442479,0.9583,0.968,0.9972,0.9972,9.15260533774888,9.052954427700072,7.550354445031933,9.166813376236169,0.9778,0.9821,0.9904,0.9904,0.7350516681955885,0.7210610201985074,0.6741637484756353,0.7340301663876934,0.974,0.983,0.9959,0.9959,16.245105027941758,16.22917957394552,14.156337681701158,16.241167204675087,0.9652,0.9979,0.9982,0.9982,22.5094052756062,22.443635012010304,19.97310337501954,22.507050905075776
288,0.9924,0.9957,0.9951,0.995,5.435285283004673,5.616386437629522,5.262392644891689,5.443291158438584,0.9561,0.9646,0.9629,0.9634,17.994524313062126,17.981571321837343,17.179308911229796,18.03051163722797,0.979,0.9878,0.9927,0.9928,4.207984135995459,4.228102167325681,3.9446895368613726,4.212643391545955,0.9657,0.9762,0.9883,0.9884,9.265535209861358,9.28184593708337,8.139443633869325,9.271617426739596,0.9886,0.9905,0.9891,0.9892,6.521181960488653,6.776688364683295,6.385328308159144,6.569658815230887,0.9866,0.9893,0.9993,0.9993,12.402029958780131,12.287760340537895,9.303786677610534,12.416869329484648,0.9672,0.9728,0.9856,0.9855,0.6848958342958831,0.653572381671409,0.6399995990369409,0.6841634824589986,0.9816,0.9902,0.9992,0.9992,21.596930804648427,21.352028563980024,18.5082531540616,21.639247136183883,0.9786,0.9874,0.9982,0.9982,22.5593559342382,22.438131878372367,18.886696184404823,22.570705252012797
289,0.9707,0.9806,0.9793,0.9798,4.609587687196498,4.6318777592194325,4.336702356036026,4.622291678193855,0.9479,0.9535,0.9692,0.9691,18.48334691729463,17.340441851308405,16.97659864226582,18.53007441513048,0.9777,0.9885,0.9945,0.9945,4.448293368591552,4.455377003094633,3.7708494054201793,4.449034063499582,0.9644,0.9716,0.9962,0.9962,14.387057733910494,14.327624233756936,13.230847528581334,14.40069737638512,0.9214,0.9384,0.9382,0.9366,4.306238730589868,4.301005550689183,4.027334407210841,4.281997195546531,0.9633,0.9642,0.998,0.998,10.00751699815647,9.908461864465464,9.11197391430228,10.03091581695509,0.9836,0.9925,0.9937,0.9937,0.7671643184948025,0.7582324176307472,0.7061330464397038,0.7659450348122571,0.9941,0.9987,0.9988,0.9988,20.5382664236152,20.452459930933028,16.952387020603815,20.54191107604236,0.9623,0.9751,0.9748,0.9748,5.409372691995007,5.370818821141091,4.478355456354139,5.415641674211151
290,0.9567,0.9647,0.9691,0.9692,4.3618695990574645,4.34841278128181,4.083496959322399,4.3754544708704985,0.976,0.9848,0.9931,0.993,23.57510580950719,23.221563145365405,22.013949234667635,23.62759062991432,0.9734,0.9767,0.9899,0.9899,3.882734557216157,3.785707753643395,3.7558006379949407,3.888880967079488,0.9756,0.9854,0.996,0.996,14.101166834722612,14.103095092301624,10.045015150675288,14.092090097032935,0.9655,0.9742,0.974,0.9742,5.629786827908123,5.829447736706015,5.387336506255908,5.615718942546605,0.9826,0.9859,0.9999,0.9999,14.120469703086822,14.0159757336596,10.424139665730944,14.144362270149772,0.9741,0.9829,0.996,0.9959,0.7874664175383077,0.7848715400527972,0.7285297146260289,0.7862587907135454,0.943,0.9501,0.9856,0.9856,12.573967387808931,12.490584534609049,11.731680251108664,12.579703607015825,0.9718,0.9892,0.9977,0.9977,21.30294514452632,21.24496163978064,14.018499706695083,21.303655257439416
291,0.9641,0.9701,0.9745,0.9748,4.768586177422758,4.647261966672374,4.551033133558023,4.776059959526758,0.9788,0.9902,0.9864,0.9864,21.26093347024224,22.10716997945448,20.20667133700278,21.264023829371546,0.9862,0.9934,0.9945,0.9945,4.493507062328758,4.480523770610663,3.7237948881424527,4.497605303508414,0.9758,0.9821,0.998,0.998,16.539565533109837,16.519135646092593,13.03994924897533,16.538714395685457,0.9536,0.9561,0.9638,0.9624,4.981630880635807,4.848116323010295,4.727459796246885,4.9417296464289855,0.9531,0.9614,0.994,0.9941,7.95425699515595,7.870612677782692,6.698769864418934,7.9592825871977535,0.9645,0.968,0.9876,0.9874,0.6912859989092983,0.6614427577900335,0.6528183447143661,0.6892773430150263,0.9891,0.994,0.9994,0.9994,22.127818865737773,22.08406650636148,18.33279874383318,22.135581189693102,0.964,0.9757,0.9787,0.9787,5.982327528338349,5.954541368433925,5.660798109834353,5.985980159031127
292,0.9931,0.9953,0.9947,0.9947,5.403627414656436,5.432449561101546,5.230940716243192,5.399745037049904,0.9775,0.9854,0.985,0.9853,21.524207555072586,20.920411960219045,19.990822246931096,21.578993664467905,0.9848,0.9949,0.9949,0.9949,4.635741461559145,4.636688440434176,3.761672249802813,4.6359428500140725,0.9855,0.9904,0.9939,0.994,11.874077023998828,11.907400121948877,10.339920018173318,11.866052795462728,0.9735,0.9806,0.9795,0.9781,5.485383956992413,5.568989124205667,5.294947182909498,5.470418116463852,0.9833,0.9904,0.9907,0.9907,7.170561515219776,7.092747929740968,6.540664911526246,7.1764430230043175,0.989,0.9959,0.9958,0.9957,0.7992497468321942,0.7883060365884843,0.7057424867308587,0.7985890942522206,0.9887,0.996,0.9965,0.9965,17.461046691818268,17.26589826095641,14.04022252305404,17.449563270378583,0.9672,0.9702,0.9777,0.9777,5.859003161322803,5.824088675170839,5.50357625211792,5.866109626342465
293,0.9527,0.9725,0.9719,0.971,4.417861971208389,4.510600543714439,4.060074565164076,4.376645558090022,0.9667,0.9737,0.9756,0.9762,19.62623648055984,19.297167992317195,18.788003048322093,19.67990979475988,0.9731,0.9833,0.9838,0.9843,3.5295769648150284,3.5492912661661986,3.2564228803556823,3.5447378025691862,0.9743,0.9787,0.9909,0.9909,10.293802778551674,10.294287802473072,9.259800494461643,10.306519649478908,0.9793,0.9857,0.982,0.9824,5.723576808267226,5.972387248099111,5.524213897558906,5.738853057834206,0.989,0.9958,0.9955,0.9955,8.453693290256945,8.20084273555578,8.167994880896861,8.472652983050354,0.9787,0.9936,0.9904,0.9905,0.7374117332412333,0.7331633183942246,0.6437899290537478,0.7395619152049278,0.9648,0.9702,0.9685,0.9692,10.71408761924811,10.481816070970048,10.049877432022006,10.763703230796033,0.9884,0.992,0.994,0.994,12.250593841527389,12.20063459637696,11.408139669744587,12.258802017223411
294,0.9752,0.9862,0.9842,0.9834,4.744911453465865,4.884425817857563,4.489773667318261,4.726010335129937,0.9541,0.9638,0.9685,0.9677,18.42314110391592,17.995993844618155,17.229720666845836,18.3606981890255,0.9365,0.9434,0.9611,0.9611,2.9109135853148533,2.737011072018274,2.6624031979832323,2.910744602067205,0.9718,0.9798,0.9803,0.9804,7.818403818095673,7.811235293855256,7.084154022512212,7.830709925274198,0.9663,0.978,0.9721,0.9735,5.34927111512844,5.716267361261733,5.0190659791659495,5.375274762782084,0.9836,0.9914,0.9989,0.9989,11.790505563860284,11.692861011748237,9.101958897566416,11.799636911318384,0.9492,0.9594,0.9772,0.9769,0.6287066635757768,0.6161655221227431,0.5895289065554856,0.626825847684299,0.9789,0.9872,0.9913,0.9913,14.642064556336916,14.49574696565272,12.101849527799036,14.670994103039344,0.9686,0.974,0.9812,0.9814,6.385718098672023,6.330695533625008,5.782306771717852,6.38925231096275
295,0.9652,0.9819,0.9784,0.9784,4.889057858774827,5.121255142998144,4.565384454907039,4.86119984634308,0.9784,0.9895,0.9896,0.9897,22.022695138922128,22.26726028927653,20.589902905373656,22.046986857456417,0.9711,0.979,0.9902,0.9904,3.965657974254941,3.9772593493500015,3.644484176916057,3.968524464511556,0.9625,0.973,0.9857,0.9857,8.802333234016473,8.771294378891506,6.936487071759054,8.797967919489734,0.9863,0.9946,0.9918,0.9918,6.657657158392217,7.153705985173586,6.163113868938321,6.66028850386812,0.9536,0.9688,0.9806,0.9806,5.800279469263717,5.727017400466753,4.642968567222715,5.808334414138779,0.9934,0.9948,0.999,0.999,0.8661357206891582,0.8628671996648702,0.811262660154819,0.8656426631750576,0.9677,0.9829,0.9824,0.9829,12.422669153338964,12.108288155706887,11.085067185228532,12.51521160224054,0.974,0.9788,0.9868,0.9868,7.842436620355618,7.793774876662106,6.394007085375849,7.84817985777707
296,0.9707,0.9831,0.9783,0.9777,4.581446259265781,4.738946289556223,4.356500786976984,4.567391469714741,0.9648,0.9675,0.9803,0.9803,20.309597312980888,18.674980025867686,18.31468271060292,20.264086115938102,0.9716,0.9751,0.9911,0.9913,4.048248585778623,3.9883978201401575,3.820972601272503,4.057058786609164,0.9799,0.9876,0.9993,0.9993,21.359625319856143,21.29348175896392,14.980442868062124,21.35355967021337,0.9666,0.9741,0.9775,0.9776,6.508843863694173,6.670291076221691,5.515985685892693,6.501917211636226,0.9826,0.9921,0.9968,0.9968,8.861479345147046,8.732278806984063,7.033486580301599,8.885267770943218,0.9833,0.9853,0.9875,0.9873,0.6861034029784578,0.6699472559484447,0.6546871349275554,0.6849659373844571,0.9689,0.9843,0.9875,0.9878,13.209584196080929,13.131233965147295,12.5517359757557,13.24303437298278,0.9828,0.9852,0.9979,0.9979,21.67355023388926,21.588198323332943,14.47690860873732,21.672699014378843
297,0.9846,0.9875,0.9866,0.9867,4.876754431410159,4.931640483205092,4.801353737932587,4.881281115979269,0.9828,0.9889,0.9912,0.9914,22.62632594587694,23.12173823669421,21.55150329966326,22.952162373589047,0.989,0.9942,0.9945,0.9945,4.474234614405143,4.48906521901954,3.879495601075423,4.464746165613487,0.9561,0.9667,0.992,0.992,10.555724932541724,10.549465459816965,8.211972919209446,10.564430846003267,0.9815,0.9893,0.9842,0.985,5.729837087342536,6.162443194231431,5.5757896839387975,5.8038221727712624,0.9945,0.996,0.9984,0.9984,11.10400310191369,11.00892868795481,10.234745469663196,11.113171159215904,0.9744,0.9849,0.999,0.999,0.8585596179792745,0.8601520937151634,0.7887050988289768,0.8565827284915997,0.9674,0.9807,0.9988,0.9988,20.40228250424641,20.154204112019418,18.11839458340803,20.429834093836828,0.9838,0.9896,0.9948,0.9948,12.807388863113555,12.739033264370182,9.59830601879623,12.818439305477693
298,0.9947,0.9968,0.9961,0.9961,5.842044823646734,5.999615209300933,5.668590166787496,5.8438335660717495,0.9766,0.979,0.9982,0.9981,28.91891304989903,28.7025425536835,24.171076854554727,28.82656359349539,0.9572,0.97,0.9733,0.9738,3.1299410667021474,3.123138247165975,2.8297325274117684,3.1403999226089203,0.9834,0.9913,0.9958,0.9958,13.62456027736231,13.600910901902068,10.792677866569631,13.622685145334357,0.963,0.9775,0.971,0.9715,5.221965708180662,5.501913245074261,5.003597806099679,5.287599185282784,0.9743,0.9788,0.9984,0.9984,10.957017277389356,10.86423357419123,9.597592918340617,10.96744751424516,0.9582,0.9586,0.9881,0.988,0.696650660132083,0.6569399962839864,0.6568562261408515,0.6961233828378868,0.9736,0.9773,0.9892,0.9893,13.765697596491334,13.668331026328683,12.977416734335945,13.788441517985977,0.9756,0.9845,0.9923,0.9923,10.5313340849774,10.468753080768767,9.09674107872321,10.535698268834942
299,0.9683,0.9835,0.9767,0.9768,4.572086472681147,4.870708263361438,4.2894157945905,4.575023835786308,0.964,0.9661,0.9812,0.9815,20.34525818933469,18.89091200314886,18.6469317441712,20.384587371040283,0.931,0.9336,0.9699,0.9701,2.997770838964739,2.8107118989710607,2.7769679605749293,3.002312917914198,0.9609,0.9681,0.9784,0.9785,7.4402067275877,7.2893377289362995,7.067169290104831,7.466520277015272,0.9837,0.9886,0.988,0.9879,6.3360803413788656,6.598452882335355,5.750081954244402,6.366776408625117,0.974,0.9752,0.9979,0.9979,9.87810069953622,9.776645915057047,8.75533998635392,9.893765564178414,0.958,0.9685,0.9822,0.9818,0.6531919702560154,0.6187906619742831,0.6149524673237134,0.6507605273370467,0.9641,0.9673,0.9892,0.9892,13.78086870935536,13.618216056846082,12.962134109403104,13.799635888451352,0.9561,0.9631,0.9665,0.9666,4.610245035967317,4.564997901269706,4.4170413385878255,4.616779091956985
300,0.9753,0.9806,0.9814,0.9812,4.665049712522069,4.690606204307814,4.473807266004396,4.657744522106086,0.9853,0.989,0.9901,0.9901,22.249457810248344,21.96607403139894,21.245783224493145,22.18903357384501,0.9801,0.9938,0.9997,0.9997,7.116472243917284,7.178194808686234,6.145988188389024,7.111678432379726,0.9744,0.9824,0.9986,0.9986,17.969833441357903,17.91193114854221,14.90233859453913,17.975332774459275,0.9474,0.9555,0.9634,0.9642,4.990342216030503,4.811776236650818,4.618889597388514,5.001177122308793,0.9659,0.9723,0.9828,0.9829,6.0729384138596485,5.845359702798289,5.828571568556032,6.078366827414193,0.9641,0.9923,0.9942,0.9942,0.7539187268761083,0.7597819916479731,0.6990799365913436,0.7538260932753401,0.9834,0.9952,0.9941,0.9941,15.704891626124468,15.60737249125948,14.817210839013384,15.734458097576503,0.9839,0.9863,0.9898,0.9898,9.43449625466949,9.373187247871966,9.081745278314774,9.443384974674968
301,0.9927,0.9966,0.9949,0.9954,5.3944397940861055,5.755210906686488,5.210498778206235,5.441952087124154,0.9599,0.9753,0.9766,0.9757,19.556517609080093,19.956153549964924,17.805335207714993,19.478727119075074,0.9871,0.9907,0.9949,0.9949,4.604620253726685,4.614177065634167,4.202924614360565,4.6077963404900935,0.9572,0.9637,0.9977,0.9977,16.07838870935373,16.01278617832317,11.590670557154514,16.081314619544518,0.9745,0.9797,0.9773,0.9771,5.667633165336832,5.891824701194032,5.499308905900007,5.659550040663273,0.9855,0.9902,0.9984,0.9984,11.122273967900322,11.014936961319616,9.98616516471499,11.138586615346448,0.9696,0.9831,0.9901,0.99,0.7118025889729753,0.7086414543631674,0.6558628213082849,0.709964508627922,0.9785,0.9802,0.9835,0.9837,12.42254336602502,12.02623431105107,11.90686194346379,12.45872881630978,0.9757,0.9782,0.981,0.9811,6.365227454961681,6.222518844740661,6.177092548674893,6.371494758403265
302,0.9494,0.9599,0.9591,0.9588,4.092150560275811,4.106252892928069,3.931033860814773,4.099250706957807,0.9392,0.9469,0.965,0.9644,19.41086413376109,18.909628556756463,18.60597259718378,19.419331214333116,0.9738,0.9854,0.988,0.988,3.783886993206594,3.780605317189261,3.23209760546737,3.7882210655045214,0.9789,0.9912,0.9984,0.9984,17.197586239179625,17.212140889505893,11.846237942730712,17.189002189878842,0.981,0.9888,0.9832,0.9848,6.122011209459779,6.426699921223413,5.9887272698336,6.173888363885899,0.9779,0.9917,0.9954,0.9954,8.31652969428869,8.200825603375808,7.825116974629677,8.328445938091473,0.9691,0.9761,0.9833,0.9831,0.6764670385438503,0.6222866583731608,0.6121250475825786,0.673995956867771,0.9822,0.9868,0.9856,0.9862,12.687038707061058,12.550319441969426,12.119482928955676,12.773150471945884,0.9827,0.9879,0.9919,0.9919,10.245501637650738,10.209268069672866,8.187741202262693,10.25606160295068
303,0.961,0.9688,0.9725,0.9713,4.398760946846652,4.329943388024134,4.127860892711854,4.394529206955806,0.981,0.9866,0.9919,0.9927,23.633029435627783,23.56113043707252,22.72452331683316,23.739970313983186,0.9824,0.99,0.9899,0.9899,3.931030657354388,3.971881020587852,3.5778962458660386,3.937129394051997,0.9759,0.9803,0.9921,0.9921,10.835711799020247,10.78859114866622,9.544231376974851,10.845214264343053,0.9841,0.988,0.9851,0.9856,6.960094555699586,7.308262938373298,6.697065229027171,6.957274059728148,0.9289,0.9452,0.985,0.985,6.251623359831505,6.170539689784195,5.383016263382268,6.263405868563202,0.9646,0.9652,0.9968,0.9968,0.8042784548076253,0.7751814870099263,0.7620283258255628,0.8050858715412315,0.9811,0.9889,0.9955,0.9956,16.397928561882257,16.317355956402057,14.765806732113608,16.414190130451704,0.9795,0.9857,0.9948,0.9948,12.869445572597796,12.81320137693178,12.341151736016217,12.86940543101238
304,0.9933,0.9985,0.9962,0.9965,6.005594471432876,6.524494873938659,5.587418012257289,6.036146509630706,0.9644,0.9726,0.9789,0.9793,19.93269408574251,19.98112864883363,18.555685936365663,20.019730128497944,0.9816,0.991,0.9951,0.9951,4.551113021296481,4.615911906161707,3.8195738883301686,4.551818803134326,0.9862,0.9902,0.9942,0.9942,12.175727071535391,12.165066714312983,10.694419403053548,12.170034542679414,0.9714,0.9736,0.9811,0.9801,6.173735626780787,6.233137179033991,5.611802457901359,6.181194847972079,0.9298,0.9396,0.9572,0.9572,4.347904775782625,4.220199506600996,4.171488465184859,4.352702302801206,0.9787,0.9804,0.997,0.9969,0.8071212440566048,0.7947005600011195,0.7656383617744847,0.8058361627042036,0.9757,0.977,0.9894,0.9896,13.796628206080856,13.420787620054304,13.242214552802288,13.829609604581526,0.9496,0.9526,0.9791,0.9792,6.112109393232807,6.020638853791392,5.914078798235827,6.133866995681466
305,0.9747,0.9859,0.9809,0.9816,4.675617369572027,4.876660107984806,4.462466137622656,4.688155134065892,0.9805,0.9857,0.9847,0.9854,21.16734369516916,21.15879852254083,20.244018721346485,21.20794545526279,0.9093,0.9141,0.9899,0.99,3.959712120406777,3.911501326844762,3.697584741214891,3.972880074137707,0.9573,0.9677,0.9826,0.9827,8.198261252315993,8.116775267742792,7.831907386678355,8.217940954503748,0.9754,0.9829,0.9815,0.9814,6.034479264711756,6.313874424117891,5.414759097919289,6.028699338275162,0.9799,0.9815,0.9991,0.9992,12.249441571197936,12.05636073114837,11.883446153443431,12.281606947599402,0.9609,0.9654,0.9694,0.9685,0.6202268695743758,0.5721238574152437,0.5637689131080468,0.6191287081729935,0.9889,0.996,0.9951,0.9954,16.071556632659277,15.988229891890024,13.969679117557588,16.09539020071635,0.9752,0.9786,0.9806,0.9807,6.2825958657991565,6.192073304605675,6.132795846016543,6.285792634464329
306,0.9677,0.9729,0.9761,0.9753,4.508530012665765,4.422436142051026,4.282237597874907,4.48332908062696,0.9742,0.9772,0.9886,0.9885,21.85648048657912,20.86156171226459,20.572153938250768,21.84930422828078,0.9464,0.9562,0.9592,0.9593,2.820918960709408,2.819180440777447,2.652778159373233,2.815682127124281,0.974,0.9793,0.9804,0.9805,7.81656575990779,7.677875021117617,7.561229471418704,7.822077314551998,0.9811,0.9891,0.9843,0.9848,5.773734604234988,6.201215249729228,5.58797363597081,5.802786936800899,0.9692,0.9954,0.9968,0.9968,8.937268210977983,8.849460053349096,7.078116488458808,8.94070100125416,0.9857,0.9874,0.993,0.993,0.7515164589492294,0.7240158361635901,0.7190895451725958,0.7513537479726227,0.9729,0.9734,0.9853,0.9853,12.734181099170083,12.03099361729132,11.999822508557829,12.782922371179149,0.9595,0.9662,0.9878,0.9878,8.262306177217305,8.224450249761357,6.44045043594628,8.268977736234518
307,0.9699,0.9742,0.9838,0.9832,4.796429557250653,4.554552035099186,4.364827970684613,4.775775269747527,0.9829,0.9875,0.9922,0.9915,24.45237561670116,24.946143188906397,22.348366931923824,24.52291942889285,0.9647,0.9821,0.9906,0.9906,3.9242586070198846,3.968143333838588,3.720896604656904,3.923242319527024,0.9719,0.98,0.9843,0.9843,8.417835492174069,8.422491873113705,7.636717771752745,8.43422971951201,0.9199,0.9311,0.9351,0.9344,4.392893951469864,4.428869561530485,4.125630672433655,4.37179468391621,0.93,0.9409,0.9547,0.9548,4.27124511305238,4.195720630725652,4.004555840416555,4.276687046287767,0.9757,0.985,0.9968,0.9968,0.8105793866397788,0.7853383380585717,0.7640860267064291,0.8101695216730591,0.9802,0.9879,0.9871,0.9871,13.339283586903823,13.142880335737187,12.277027473867156,13.359295456134625,0.9904,0.9931,0.9966,0.9966,16.55442969182514,16.475666704926486,13.471470161945897,16.57130303372567
308,0.9569,0.9619,0.9745,0.975,4.443663033399195,4.13872858299457,4.028251757059509,4.45605754871044,0.9599,0.9656,0.9856,0.9855,22.0500097744036,21.99171700480324,20.656209026424424,22.124942089111,0.9862,0.9901,0.9913,0.9913,4.056418589975345,3.984194037273964,3.929630166517235,4.061836194667873,0.978,0.9817,0.9991,0.9991,19.625595249298204,19.567973737764586,13.215805525792652,19.612386166191875,0.9888,0.9941,0.9915,0.9924,6.485002282207375,6.815797379129594,6.231904073829368,6.530763396029824,0.9869,0.9979,0.9993,0.9993,12.353455620090251,12.24965110075946,8.962181527101107,12.36772793828545,0.984,0.9878,0.9874,0.9872,0.6974148139104985,0.6706115259147759,0.6510435602316876,0.6944311070199838,0.9708,0.9902,0.9912,0.9912,14.444265423974596,14.347057876841312,13.330696462328854,14.459782890911724,0.9736,0.9808,0.9937,0.9937,11.850122012764436,11.823068230901915,8.739199696398165,11.851158366231308
309,0.9669,0.9721,0.9747,0.9753,4.540532950558434,4.475837574340144,4.337506005801476,4.551215894941244,0.9612,0.9688,0.9743,0.9735,19.35443857180272,18.879302777893383,18.18974071656008,19.302708240720484,0.9857,0.9917,0.9973,0.9973,5.091339116143474,5.115071534378193,4.350093110282398,5.089637350956373,0.9509,0.9628,0.9853,0.9854,8.616926919135382,8.57217954380805,8.322954141731143,8.646680569529593,0.9965,0.9974,0.9967,0.9968,7.831792955802734,8.276200433203552,7.617059202823104,7.852604303854438,0.9612,0.9805,0.9824,0.9825,5.993161943824501,5.917833857009105,5.252446603768303,5.9991625433274045,0.9569,0.9662,0.9968,0.9968,0.7997949858673943,0.7943361247870602,0.7304889385629727,0.7981272886524563,0.9528,0.9564,0.9619,0.9623,10.149946512186828,9.559914324332086,9.516713276281571,10.185265297946962,0.9803,0.9885,0.9948,0.9948,12.83830578004219,12.73820338707375,8.836385319742936,12.85392020838388
310,0.975,0.9778,0.9806,0.9804,4.639866778100941,4.544244519739491,4.470589162547455,4.6276988300920685,0.915,0.9279,0.9492,0.9507,16.63848431590136,16.271600114605373,15.479869296858745,16.806268775131432,0.9958,0.9992,0.9999,0.9999,9.366054654760854,9.425720705317405,6.731595415269936,9.351165345029036,0.9618,0.965,0.9827,0.9828,8.242507025040837,8.171886104538803,7.920928058142561,8.269908969169492,0.9736,0.979,0.9772,0.9777,5.448924636772756,5.507168047399864,5.2684117883292405,5.465012448524581,0.9602,0.9674,0.9872,0.9872,6.548768952658098,6.486504047794814,5.806697194627726,6.556333381177423,0.9871,0.9892,0.9904,0.9904,0.725225938413586,0.712940254250972,0.6913430153662803,0.7254642843967629,0.9768,0.989,0.9979,0.9979,18.68763355948932,18.67291899656399,16.580148004861414,18.71043352317637,0.9527,0.9627,0.9792,0.9792,6.076368769816056,6.043396934384456,4.738121435903947,6.084673996844497
311,0.9829,0.9902,0.9872,0.9864,5.139417408834979,5.339166174406171,4.945157031657638,5.150419291962485,0.9604,0.9689,0.9818,0.9821,20.77775624218638,20.22652461285434,19.320460662725,20.87904077798193,0.9708,0.9797,0.9893,0.9895,3.8785399877424513,3.8924160358132833,3.382688792140918,3.884601754992285,0.9572,0.9656,0.9876,0.9877,9.069892045634177,9.031915425240213,7.685442206900462,9.071342743534164,0.9595,0.9694,0.9663,0.9661,5.054150084688178,5.111092570971338,4.87207343627046,5.046936055177767,0.9752,0.9795,0.9855,0.9855,6.352453941051798,6.161038450427577,6.144333037199448,6.362943183567514,0.9913,0.997,0.9989,0.9989,0.8669721104395696,0.8633747754626022,0.7592023153300054,0.8654248387861019,0.9365,0.9422,0.969,0.9692,10.552675277652444,10.23848561648828,10.050031378935708,10.583411325448733,0.9916,0.9934,0.9956,0.9956,13.567444138601443,13.486795335674534,12.933868735735471,13.58918185524872
312,0.9959,0.9972,0.9966,0.9964,5.649299421821143,5.771446789358141,5.53188751839099,5.635365482498013,0.9702,0.978,0.9927,0.9928,23.62755395531087,22.729136127937835,22.27161294104376,23.7153071408282,0.9741,0.9797,0.9973,0.9973,5.195906879722014,5.215345963793035,4.586943744611478,5.183693351499875,0.9867,0.9913,0.9938,0.9939,11.954116296761208,11.953377675894126,10.520392247224876,11.954358028076328,0.9733,0.9812,0.9782,0.9785,5.43861959353166,5.652804066863165,5.238262754864967,5.443345641377132,0.9808,0.9962,0.9986,0.9986,11.13507113842049,11.053239840100622,7.9215585760241565,11.14583191719054,0.9719,0.9792,0.9853,0.9847,0.6793057054250644,0.664251999477814,0.6279316485650879,0.6763420435737213,0.9724,0.9845,0.9894,0.9895,13.798246815498093,13.74760074820978,11.299091446868,13.809076290445931,0.9859,0.9945,0.9995,0.9995,42.60540037714613,42.43488256712182,24.74083290350007,42.61513463617448
313,0.9951,0.9966,0.9969,0.9969,5.656927935235209,5.550158086837577,5.434437088655018,5.638338607729387,0.9772,0.9814,0.9877,0.9868,21.542000897019893,20.9128297113543,20.371920799925736,21.389907111556155,0.9975,0.998,0.9999,0.9999,9.400861880817722,9.41514757050598,7.072907670446544,9.389039559254018,0.9583,0.9669,0.9898,0.9898,9.721502658791184,9.70929918961312,8.534141427293827,9.717447603672523,0.9654,0.9726,0.9744,0.9744,5.327833833231214,5.336866529389126,5.065861464200182,5.329655578456089,0.9817,0.9921,0.996,0.9961,8.56252672066014,8.475140727788268,7.144440903914379,8.576069513619883,0.9936,0.9962,0.9963,0.9963,0.804563573090052,0.7833582403346855,0.7553904242662701,0.802661423259417,0.9289,0.9457,0.9406,0.9418,8.863339830100562,8.690149171325132,8.279948696753632,8.92186698534925,0.9618,0.9691,0.984,0.984,7.003704870441487,6.960812155583609,6.261754401046173,7.010807895568843
314,0.9651,0.97,0.9701,0.9695,5.454831382963068,5.613084802643389,4.896777990749351,5.456099765271313,0.9848,0.9914,0.9917,0.9917,22.66385480792783,22.526710891182365,21.322868094941683,22.677165410317144,0.947,0.9526,0.9673,0.9678,2.980912319831534,2.836107156284497,2.7758452940116256,2.990743230044964,0.987,0.9933,0.9943,0.9943,12.28431314445298,12.235631537531257,10.86673449281209,12.28639868835204,0.97,0.9733,0.9748,0.9743,5.351300529209431,5.247517663162515,5.098396641264246,5.330196453351601,0.984,0.9933,0.9974,0.9974,9.38204081084412,9.314546907491792,7.793109815984335,9.393012047342609,0.9681,0.9776,0.99,0.9898,0.7087793152470585,0.7037771780614474,0.623712184890479,0.706406327098255,0.9709,0.9867,0.9884,0.9884,13.26419721129488,13.310687570183212,12.461957155392282,13.258209515314864,0.9847,0.9907,0.9977,0.9977,21.15069552640136,21.07784172944536,15.01371744055626,21.150420794370945
315,0.9713,0.978,0.9817,0.9807,4.678640905965027,4.549870682455493,4.341580632995684,4.652910593149208,0.9445,0.946,0.9649,0.965,18.074503036762305,17.192134716426864,17.01050099377317,18.095568629564216,0.9664,0.9716,0.969,0.9692,3.047634311568853,2.992108862584804,2.901914456488576,3.0495331213519945,0.98,0.9841,0.9844,0.9845,8.533293177887291,8.537692108567636,8.033340204713367,8.548785448140801,0.9875,0.9946,0.9916,0.9917,6.495594822651858,6.914721667545264,6.049773904258961,6.51258072111117,0.9539,0.9763,0.9926,0.9926,7.456870628326074,7.410218965190762,5.71482359925139,7.464389900674867,0.9586,0.9731,0.9903,0.9903,0.7128229420779013,0.7118669437539762,0.6414766547775279,0.7126604308941769,0.9631,0.9658,0.9885,0.9887,13.56925353320797,13.109995462427555,12.969033563208107,13.615932654650951,0.9844,0.9908,0.9987,0.9987,25.40206944885038,25.31218736835771,14.468794399458536,25.395771921653
316,0.9714,0.9753,0.9788,0.9792,4.666645437516597,4.554490607722438,4.46417281517089,4.684382165304017,0.9681,0.9786,0.9855,0.9838,21.159298516111765,20.57591600495526,19.822989774653237,21.039141226532912,0.99,0.9957,0.9962,0.9962,4.861889416837826,4.897851451820023,4.205305156931665,4.856027633480472,0.9814,0.9885,0.9938,0.9938,11.860929127185274,11.8647187277518,10.65990443409281,11.856078754437052,0.99,0.9912,0.9922,0.9922,6.671420305889006,6.654104175623743,6.494769385848081,6.678177344221175,0.9702,0.979,0.983,0.9832,6.070085314162848,5.97596293865306,5.473474927973503,6.078521816900202,0.9735,0.9839,0.9983,0.9983,0.8307390575923769,0.8255407424644052,0.7919145575669152,0.8311423942750404,0.9318,0.943,0.9781,0.9782,11.56969290749529,11.27289626619044,11.096471752486568,11.574752267482458,0.9705,0.9717,0.9946,0.9946,12.578849448771852,12.501701231641,11.834453225511853,12.589932676507376
317,0.9715,0.9741,0.9749,0.9747,4.457902568334992,4.44623025443727,4.353807975318189,4.455843679941303,0.9814,0.9821,0.992,0.9918,23.34832113991041,22.45506401239949,22.25339418213749,23.33845023422652,0.9481,0.9566,0.9897,0.9897,3.82755236125172,3.824221945408537,3.5900339456887447,3.8370636844219694,0.9925,0.9959,0.9962,0.9962,14.56537151993078,14.602407408833088,11.699552387914776,14.56227884421062,0.9625,0.9771,0.9736,0.9725,5.30733549833885,5.459618090012042,4.971247910183503,5.297070161217889,0.9588,0.9801,0.9972,0.9972,9.15915762174205,9.065133499755593,8.069468541125007,9.172453383282797,0.9808,0.9916,0.9951,0.9951,0.7849725837321107,0.7595531311115786,0.7411151073162447,0.7848630819140721,0.9763,0.989,0.9964,0.9964,16.988712903850992,16.939083061430978,15.278034821006107,17.001818175203137,0.9666,0.98,0.9795,0.9795,6.148859823285049,6.109549516463424,5.474977055085203,6.157013364265582
318,0.9821,0.9876,0.9863,0.9861,5.313986108265338,5.578333968481587,4.914454543737239,5.334072111337021,0.9795,0.9849,0.9919,0.992,22.732971191222333,21.621387232644533,21.03921917795096,22.7902033448495,0.9912,0.9942,0.9991,0.9991,6.482960999733811,6.464149921311705,4.898475948966358,6.4733007043368165,0.9825,0.9919,0.9933,0.9933,11.405369882381036,11.427885736042647,10.73770967921191,11.418921090638644,0.9884,0.995,0.9917,0.9916,6.491049428753467,7.021883137655491,6.071761966116294,6.494950041479646,0.9546,0.981,0.9896,0.9898,6.852593544185404,6.784568299568924,5.639979019998605,6.862639590702318,0.909,0.9313,0.9845,0.9839,0.6576530439758257,0.6538489394881066,0.5759301862869635,0.6550749894475864,0.9834,0.9933,0.9978,0.9978,18.61217603644565,18.48625010408806,17.401658696792833,18.637485313225707,0.9761,0.9784,0.9841,0.9841,7.087025199705092,7.032080150314751,6.67072320581224,7.092222645054655
319,0.975,0.9879,0.9798,0.982,4.708517324988026,4.961639388703688,4.549424335948714,4.751583772000181,0.9791,0.9855,0.9968,0.9973,25.95533309210811,25.862072106216527,22.19899967789179,26.12318051782385,0.9764,0.9789,0.9809,0.981,3.4545631937052885,3.3159811290536974,3.231232285724684,3.4601069237336013,0.9682,0.976,0.9838,0.9838,8.38020106764552,8.401773898212133,7.705578597038041,8.377764194437033,0.9703,0.9732,0.9742,0.9744,5.319454928114498,5.266068960065356,5.115807398647182,5.315874065845698,0.9837,0.9876,0.9905,0.9906,7.041779904540542,6.963573871267599,6.494458669689643,7.054527113134497,0.9725,0.9787,0.9845,0.9842,0.6806337717434064,0.6422305424373914,0.6304838820365528,0.6783540962654,0.9841,0.9875,0.99,0.99,14.01272425391396,13.901141410530736,13.044690908031392,14.015648489441306,0.9796,0.9837,0.9932,0.9932,11.176264001020648,11.103935764809297,9.386613435009735,11.193394202050586
320,0.9946,0.9976,0.9964,0.9962,5.617173787362855,5.81917416181032,5.49086872716415,5.619350305329027,0.9846,0.9918,0.9963,0.9963,24.748121002017648,25.010453644010692,21.676146538776894,24.71713831043891,0.9787,0.9886,0.9906,0.9908,3.95178054199924,3.91776930883938,3.834468841381379,3.966916388185302,0.9465,0.9705,0.9873,0.9873,9.021579475174171,9.026999744058548,8.660301005436953,9.023455693134157,0.981,0.9928,0.9882,0.9887,6.3001750960579965,6.789460611504541,5.812859436312538,6.344204665424652,0.9757,0.9808,0.998,0.998,10.03114697929604,9.933509878590286,9.110122535856474,10.045187323304996,0.9872,0.9888,0.99,0.9898,0.7202123529292137,0.6761488175006223,0.6730930952645215,0.7177204369697561,0.972,0.9842,0.9868,0.9868,12.957918158239048,12.87580577616075,11.599159808824169,12.97226554631242,0.9805,0.9882,0.9877,0.9877,8.27865141133455,8.235388989896583,6.873447442579575,8.277591811456505
321,0.9566,0.9638,0.9728,0.9741,4.692863431217101,4.634294766440712,4.426973809903453,4.694935144272046,0.9892,0.9971,0.9981,0.9981,27.404722483725227,28.021533773163767,23.14093547797039,27.47467122164523,0.9391,0.9402,0.979,0.9792,3.2215501461935045,3.08270728371543,3.074379346055652,3.228399966520386,0.9728,0.9855,0.9981,0.9981,16.891860519652663,16.862443999601105,12.443898819618058,16.90290658220448,0.9754,0.9827,0.9798,0.9795,5.512055175353089,5.619945143657642,5.337619918947491,5.488163335497037,0.9673,0.9746,0.9862,0.9862,6.4862551751316335,6.387610720770223,5.775308371645627,6.494973559071421,0.9893,0.9972,0.9962,0.9959,0.8011565863656264,0.7951049476708194,0.7170778997637991,0.7994133435540077,0.9917,0.9948,0.998,0.998,18.90861766970573,18.828356801000236,15.99967485741687,18.924057832391764,0.9648,0.9741,0.9856,0.9856,7.623190346174364,7.555708164641599,7.26058484287566,7.623803036489373
322,0.974,0.9791,0.9799,0.9802,4.727210737520156,4.690866579447483,4.551810142723787,4.740721275484086,0.9663,0.9683,0.9903,0.9898,24.39639138904021,23.50170055999733,23.149872892416568,24.43917993112428,0.9742,0.9862,0.9939,0.9939,4.275936608716142,4.197268120865109,4.140323325417878,4.285361283103657,0.9764,0.9849,0.9941,0.9941,12.107347210148935,12.095092271909335,9.690548459033712,12.100754037972363,0.9837,0.9946,0.9897,0.99,6.319434656229077,6.99651034487451,5.907833226844152,6.356745419003194,0.9767,0.9849,0.9906,0.9907,7.075983488595755,7.013616680851118,6.307525768614995,7.08641407061436,0.9578,0.9668,0.9847,0.9845,0.673587286207707,0.6473916630267935,0.6268888517860084,0.6710612451717707,0.981,0.9834,0.9945,0.9945,15.84505024293214,15.722686956197002,15.129708361322155,15.8364800520644,0.9876,0.9934,0.9964,0.9964,15.71197376771447,15.656367677342336,10.711806169113215,15.717868313038982
323,0.9774,0.9854,0.9838,0.9832,4.779955993911646,4.876916815809544,4.551956667735673,4.758801133449966,0.9841,0.9879,0.9876,0.9872,21.62652049771404,21.673432769459577,21.307924573999344,21.581670572840643,0.9648,0.9684,0.9842,0.9846,3.519634409402576,3.4343165803046944,3.3166670916292054,3.539647178508269,0.989,0.9909,0.9923,0.9923,10.867257278626482,10.685077658785827,10.666798592215295,10.864690828937553,0.975,0.9797,0.9827,0.9825,5.674513076272323,5.585003086809223,5.329826917302006,5.684706457500243,0.9718,0.9781,0.9852,0.9852,6.323133377199523,6.161016765521081,6.062069680411677,6.340425087842887,0.9827,0.9879,0.9886,0.9885,0.7106491629829863,0.6963180290476265,0.6547081852112899,0.7100120071284218,0.9868,0.9928,0.9966,0.9967,17.680954205984055,17.384035751797565,16.729084744411526,17.73275588273731,0.9774,0.9828,0.9828,0.9828,6.655045755923334,6.604796894174348,5.903079704908914,6.659496279006273
324,0.9631,0.9659,0.9725,0.9718,4.399642677415957,4.266660204025088,4.18476557684885,4.388547380549723,0.9288,0.9362,0.9793,0.979,23.4129202628643,23.471338349205936,20.251328044556335,23.442238902521087,0.9577,0.9632,0.9769,0.9773,3.173431685077979,3.097400453719834,2.969509371976323,3.185102107904778,0.9782,0.9891,0.9884,0.9884,9.34829954672504,9.361523797116863,7.637899334010841,9.344052513848906,0.9837,0.9862,0.9882,0.9882,6.070991298364633,5.968925142726519,5.759084874802751,6.0776845073925845,0.972,0.9744,0.9857,0.9857,6.383843867250041,6.307093466306478,5.9666137143551845,6.393215496927895,0.9812,0.9917,0.9902,0.9902,0.7217458935164933,0.717503097075562,0.6515728257934261,0.7221234935223328,0.9797,0.9927,0.9912,0.9912,14.472408474741815,14.35985391425796,11.757256808789844,14.504810117017268,0.9946,0.9972,0.9973,0.9973,19.36191333138219,19.2955029331342,14.782401088301004,19.3611135335331
325,0.9861,0.9924,0.9905,0.99,5.094956149748681,5.175189776517506,4.838234022817423,5.08639157029129,0.9862,0.9926,0.9933,0.9935,23.497284292202657,23.733399828776307,22.39580762849296,23.589034968484476,0.9726,0.9766,0.988,0.988,3.74883133022368,3.666489140762508,3.5494065603493272,3.756600499229686,0.94,0.9505,0.9633,0.9636,5.889940623812254,5.871719536300134,5.607199251117423,5.90470516361237,0.9545,0.9584,0.9623,0.9626,5.2162555904286965,5.3241984080825215,4.943308350981209,5.199951410849939,0.9906,0.9936,0.9954,0.9954,8.343344695625039,8.131782000448315,8.06289390136426,8.356121318369023,0.9816,0.991,0.9911,0.9911,0.7457787885493521,0.7258860375341907,0.6911438410354186,0.7453585088542817,0.9445,0.956,0.9539,0.9545,9.6638126234879,9.305482005400926,9.077769271291624,9.679227306120858,0.9749,0.9807,0.9877,0.9877,8.283762319624268,8.196888056980079,6.6261258886864605,8.291787757167423
326,0.985,0.9861,0.9877,0.9875,5.023205381478496,4.917664342736755,4.831783552679232,5.006611637213819,0.9813,0.9858,0.9885,0.9884,21.885340067174205,21.694110172966628,21.11639792257965,21.89492694314883,0.9934,0.9969,0.9982,0.9982,5.558004788900775,5.593146351680961,5.414787384984948,5.572670454412198,0.9788,0.9862,0.9901,0.9901,10.02374826111475,10.026268243976538,9.54776178390408,10.015976286841555,0.9794,0.9807,0.9832,0.9826,5.728135599532218,5.633227823984503,5.566684690777433,5.706419534177549,0.9707,0.9745,0.9872,0.9872,6.6168659893508295,6.51974601417406,6.241100122936281,6.626224656107807,0.9855,0.9915,0.9906,0.9904,0.7292600998344284,0.7173596824129904,0.6869666639264642,0.727801707911848,0.9633,0.9761,0.9959,0.996,16.4691698649382,16.41003575263875,15.167784427734786,16.508380784898105,0.9448,0.9551,0.9862,0.9862,7.665751556609393,7.632629200724795,6.303678543942458,7.6703460442116995
327,0.9886,0.9955,0.992,0.9933,5.197044320164851,5.465154246510583,5.061312992026823,5.2432865696495154,0.9816,0.9825,0.9955,0.9955,24.92569126961457,24.51755862535794,23.441555690134557,25.110593028834675,0.9773,0.9943,0.9986,0.9986,5.722331812579907,5.802982162799181,4.409090444896019,5.735086215721931,0.9949,0.9997,0.9996,0.9996,25.337485149988503,25.32997000444823,17.009185212419343,25.356101902267977,0.9659,0.9675,0.9728,0.9729,5.218797802254514,5.02258320291836,4.967151011000488,5.225889720349565,0.9662,0.997,0.9974,0.9974,9.375072750070563,9.27797775837551,7.890507738391522,9.385604242240428,0.967,0.9676,0.9815,0.9809,0.6632816477889931,0.6172510443580874,0.6166565001137072,0.6602015407487689,0.9754,0.981,0.9987,0.9988,20.207543462668323,20.156425316444693,16.324914729301142,20.222326485106084,0.9767,0.9847,0.9895,0.9895,9.235117742627173,9.204863915141466,7.431089640889033,9.238529941856337
328,0.9749,0.981,0.9785,0.9785,4.6473052507329005,4.712180794596342,4.546732409892064,4.640169927999567,0.9803,0.9904,0.9901,0.9902,22.19839039355909,22.90113546072881,20.46873024781424,22.184479366942902,0.9657,0.9784,0.9948,0.9949,4.517118562411143,4.548433139805796,4.139061607237293,4.522444360428851,0.978,0.9973,0.9987,0.9987,17.983407378915878,18.053411668971744,12.785151721799789,17.972088259053066,0.9712,0.9752,0.9786,0.9786,5.457347889731233,5.383259059612418,5.130986430631447,5.447604160067435,0.9451,0.9663,0.986,0.986,6.429759849866935,6.338353961449568,5.975580590728884,6.442019526645289,0.9666,0.9791,0.9822,0.9819,0.6528483844604228,0.649029915987588,0.6054010787418624,0.6529250006071732,0.9838,0.9882,0.9935,0.9936,15.341918352605182,14.99343539285384,14.660309205349504,15.356261199745992,0.9752,0.9829,0.9895,0.9895,9.234064660330668,9.208311945847944,7.598603148244464,9.236973332684038
329,0.982,0.9856,0.9849,0.9846,4.961144835260884,5.067224355674615,4.824523127181713,4.958555909053718,0.9855,0.989,0.9889,0.9889,22.225849218725905,21.930903364221493,21.134735696422087,22.264368638730836,0.9777,0.9801,0.9864,0.9866,3.681319705353965,3.5191041312918725,3.473677705467659,3.68800234086927,0.9466,0.9611,0.9627,0.9627,5.866413916276101,5.878453620771555,5.404201761202384,5.867460010867075,0.9747,0.9851,0.9787,0.9796,5.651084858275496,6.035849519103173,5.344303354502221,5.664069214112317,0.9835,0.9976,0.9993,0.9993,12.385400743600531,12.24965073275383,11.074968126406036,12.403651103818724,0.9604,0.9835,0.9847,0.9847,0.6585961650851433,0.6445633022210118,0.6361010221456439,0.6592180399638734,0.9802,0.9822,0.9873,0.9873,13.282273422047592,13.082515285586434,12.526525492546789,13.313318026703692,0.9617,0.9747,0.9932,0.9932,11.217146086692004,11.1561095321775,8.12240467310204,11.22201923191676
330,0.9737,0.9798,0.9819,0.9817,4.706178625804999,4.713384207305449,4.490028139021836,4.708969525562328,0.9634,0.9673,0.9741,0.9749,19.16114422933776,18.29271212293789,17.85338278100276,19.2204247083672,0.992,0.994,0.9999,0.9999,9.400316494660265,9.393413155769048,7.45868756783234,9.394818038373996,0.9393,0.9506,0.9747,0.9746,6.852474929785752,6.827951946168724,5.987203219990724,6.84340782839052,0.9938,0.9974,0.9955,0.9951,7.150177215223602,7.644659626682607,6.771622144219004,7.119386133758642,0.9681,0.9714,0.985,0.985,6.231028998347805,6.108966454829583,6.035289517714388,6.243458052756065,0.9963,0.9985,0.9987,0.9987,0.8729244636136627,0.8625698159931225,0.796442039778331,0.8706836463582946,0.9671,0.9903,0.9935,0.9936,15.211395547106616,15.195223864332563,12.84427659321444,15.232974313654031,0.9838,0.9919,0.9998,0.9998,58.87440149296338,58.6536678840108,36.87600606301195,58.892208699532056
331,0.9622,0.9737,0.9735,0.9732,4.495365109837276,4.590478334650388,4.233309523900989,4.480939980351419,0.9767,0.9824,0.9873,0.9881,21.454990813934952,21.634971647825356,20.14866542200001,21.618897557278185,0.9881,0.9887,0.9895,0.9895,3.9157159976515055,3.807414785080336,3.794964007276652,3.919511885524364,0.9662,0.9705,0.998,0.998,16.642800141026147,16.601011558822123,11.818933217987109,16.643640955926408,0.9887,0.9939,0.9924,0.9924,7.147272705122907,7.513402712521557,6.348415487664703,7.145866236569464,0.9366,0.9403,0.9808,0.9809,5.879942940221472,5.801036251808789,5.58502139348586,5.8905180571980384,0.946,0.9629,0.9692,0.9683,0.6036292208688046,0.5990783936061999,0.5514666488014623,0.6007594033088106,0.9797,0.9874,0.9912,0.9912,14.473058092368165,14.309982167776154,13.225567836412436,14.490366542380722,0.9763,0.9883,0.9971,0.9971,18.18403837254922,18.106647113633915,12.572867849331454,18.192676212259123
332,0.9624,0.9723,0.9716,0.973,4.381132967108125,4.41110108812261,4.13696398971984,4.396055518912171,0.9619,0.9698,0.991,0.9909,25.75055047322036,25.921015725911367,23.850552829681305,25.808426284354667,0.9925,0.9971,0.9995,0.9995,6.837175331995947,6.840055889899715,5.043297301747249,6.824034148542997,0.977,0.9837,0.9902,0.9902,10.025731011547228,10.006049496309478,8.217956872675495,10.035247154508031,0.9441,0.9478,0.9598,0.9573,5.238986283925236,5.296134389038752,4.901348120231674,5.260767446449929,0.9579,0.9752,0.9983,0.9983,10.733875385074748,10.6354787171309,8.859588920705948,10.736138241315926,0.9694,0.9768,0.9777,0.9774,0.637413014703144,0.6155098045551689,0.6035885364434668,0.6369603165110247,0.9724,0.9755,0.9776,0.9777,11.680692647264214,11.34019824867292,11.1595086061671,11.69995610819712,0.9755,0.9846,0.9898,0.9898,9.4057396868636,9.372021173679183,7.989137384356752,9.412420161820272
333,0.9638,0.9704,0.9774,0.9775,4.633115224637715,4.612293606448771,4.342789885464176,4.635772945150854,0.9925,0.998,0.9991,0.999,29.454824526138133,30.06898903052257,25.64337616099684,29.44165938388952,0.9658,0.9711,0.9874,0.9875,3.7187157548361167,3.675515761264201,3.3265610051509604,3.72093296575068,0.9881,0.9907,0.9928,0.9928,11.194677928195446,11.029645171727411,10.92195429344363,11.195555870051098,0.9713,0.9849,0.9772,0.979,5.428789600647665,5.821029288085036,5.159676079099286,5.479826419170257,0.9733,0.978,0.9991,0.9991,12.146269621714143,12.056210017069906,9.50149706880721,12.160214351456869,0.9751,0.979,0.9879,0.9875,0.7079891157405722,0.6661541454309473,0.6485512562486485,0.7046184888401994,0.9811,0.9813,0.9902,0.9902,14.12170141460478,13.50434067789589,13.470359813434142,14.11407375822694,0.9879,0.9898,0.9941,0.9941,12.379344587065614,12.280674607959083,11.380363215698896,12.403354130321295
334,0.9724,0.9749,0.9834,0.9835,4.756905351570747,4.472511765086701,4.435414836383454,4.7617371797435375,0.9818,0.9919,0.9887,0.9885,21.738936198157816,22.71371438773325,20.9151959692202,21.82297522997952,0.9783,0.9884,0.9973,0.9973,5.206977671180685,5.245937260314576,4.3775691400842645,5.201139988000782,0.986,0.9966,0.9995,0.9995,24.92623146467337,24.947026104366824,22.37269709195776,24.936443897400466,0.9962,0.9975,0.9969,0.9969,7.709420687029692,8.03582056103385,7.447469052993682,7.732174397594671,0.9674,0.9833,0.9824,0.9825,6.002717351075847,5.930529520575673,5.644541258644735,6.015200763446685,0.9372,0.9502,0.9691,0.9682,0.5971054589432175,0.5836681554019455,0.5613009836456566,0.5962771332934824,0.9725,0.9738,0.9998,0.9998,32.47588407036952,32.24091407772668,24.303018656057507,32.50245473568695,0.9642,0.9674,0.9895,0.9895,9.36425937058798,9.312160304520384,8.906916648027622,9.364109215101903
335,0.9609,0.9702,0.9767,0.9748,4.517173715763194,4.364595772171295,4.085524983193412,4.461713309238549,0.984,0.9911,0.9959,0.9959,26.073775778780927,26.72079590368319,22.075605541634918,26.11990581888693,0.9744,0.983,0.982,0.9823,3.415341037900192,3.405014464351252,3.253564800001432,3.4194164650073566,0.9799,0.9849,0.9958,0.9958,13.573292306443548,13.571696201281146,12.749902852062151,13.57745169232374,0.9807,0.9853,0.9823,0.9828,5.645288074675046,5.841727110317734,5.546377664021813,5.694682505996943,0.9242,0.9457,0.9681,0.9683,4.861642197415021,4.821004551309024,4.479363170485292,4.864860544766776,0.9748,0.9764,0.9977,0.9977,0.827752281874217,0.8066178678219458,0.7833495289480998,0.8275323351002606,0.974,0.9891,0.9945,0.9945,15.615050463276388,15.590077753347671,12.565336931662912,15.61308451652938,0.9693,0.9774,0.9812,0.9814,6.377437605251616,6.27339497360856,6.189265308422008,6.389269647142926
336,0.9608,0.9695,0.9698,0.969,4.312728219671241,4.2915561062945855,4.101107731635418,4.299325041152635,0.993,0.996,0.9996,0.9995,34.847328518916264,35.334865609533054,30.396116188329884,34.816259356633424,0.9775,0.9882,0.9886,0.9886,3.8502044099352335,3.877667126476152,3.4895769933333383,3.857258335320053,0.9905,0.9967,0.9976,0.9976,16.00059735914825,15.992935797495573,14.83678649883332,16.003821883641695,0.9612,0.9791,0.9735,0.9738,5.365785573906098,5.5673053927789695,4.976028284073045,5.367633849111144,0.9575,0.9689,0.9903,0.9903,7.088740072798787,6.97453075750466,6.760137493246227,7.100610373071122,0.9803,0.9828,0.9913,0.9911,0.7502240364982038,0.7074471117835252,0.6927250230697779,0.7476344600015574,0.9486,0.9585,0.9864,0.9865,12.84226343418166,12.80586447749062,11.608542059202536,12.859625271328396,0.9846,0.9888,0.9899,0.9899,9.422232523083922,9.39450271948182,7.678829275327287,9.422169015819264
337,0.9474,0.9577,0.9644,0.9641,4.24507424101062,4.168981787799535,3.951698287956777,4.24526727172689,0.9069,0.9209,0.9452,0.9445,17.491709353774937,17.12647280602498,16.584154415218855,17.47703810584126,0.9596,0.9703,0.9791,0.9792,3.250340089600554,3.2676469023762413,3.020367528634252,3.246498361349617,0.9873,0.9899,0.9953,0.9953,12.963983050765547,12.867250672428224,11.139400596618644,12.9698889560039,0.9724,0.9804,0.9747,0.9753,5.29350477834243,5.516543437540639,5.2013091231972,5.305062913407392,0.9861,0.9946,0.9998,0.9998,13.83778965167957,13.700043379823446,12.42154951148797,13.856124563015742,0.9885,0.9974,0.997,0.9968,0.820855815488665,0.8129862043053517,0.7027381574105378,0.8190811584810666,0.9761,0.9839,0.983,0.9832,12.394400770242251,12.25392275090516,11.271394430032696,12.412749445968348,0.9493,0.9517,0.9644,0.9645,4.479679759057643,4.406321988479941,4.255479902916487,4.490037302395632
338,0.9839,0.9929,0.9884,0.988,5.329711756951674,5.485424196026015,5.152296908659787,5.318453247965147,0.9805,0.9913,0.9902,0.9901,22.586430208440635,23.46400611153752,21.43006793621111,22.76260999517265,0.9853,0.9899,0.9918,0.9919,4.126708697867637,4.054459080880738,3.93178556995279,4.140031191793216,0.9801,0.9855,0.9899,0.9899,10.020784888955832,10.024384458523391,9.292837435751457,10.019712857188244,0.9805,0.9872,0.9851,0.9855,5.7988542745381935,6.027198079573138,5.532958707508244,5.81843057216407,0.9947,0.9968,0.9974,0.9974,9.377724788402508,9.277977664828178,8.6068781218313,9.39588702771118,0.9564,0.9654,0.9765,0.9761,0.6276906257897206,0.6045173963283557,0.5923378929242062,0.6263740171079656,0.961,0.9729,0.9844,0.9847,12.330488415004456,12.308836412323757,11.301519558347998,12.336671109984817,0.9229,0.9313,0.9323,0.9328,2.9536476639129545,2.903502375882704,2.8194579584552977,2.965306596421654
339,0.9623,0.9629,0.9772,0.977,4.597709048227964,4.25309355188789,4.241172144413428,4.587208931191048,0.9698,0.9816,0.9839,0.9848,20.80204113387001,20.68773592290078,19.408103916283302,20.883005877027337,0.9907,0.9945,0.9995,0.9995,6.821170566667808,6.828073803257407,5.267217794580801,6.817908020158106,0.985,0.9864,0.9965,0.9965,14.99800959104384,14.92961990279698,13.257944948050527,15.009718702010687,0.9512,0.9623,0.9612,0.9613,4.860607796651738,4.965717270315169,4.556155602626998,4.86472398365722,0.9636,0.974,0.9991,0.9991,12.037780932142775,11.93572158589416,10.033843152050638,12.053595075551335,0.9564,0.9672,0.9721,0.9717,0.6157594845674257,0.5947626253064582,0.5778060818407995,0.6136833384802383,0.9787,0.9854,0.9972,0.9972,17.79577926148233,17.695508718503795,15.457125172847183,17.839194878478988,0.9764,0.9803,0.9995,0.9995,42.58947181932089,42.427605959571146,27.35538261250095,42.59724796984239
340,0.9862,0.9889,0.9884,0.9884,4.968106823273807,4.979521248120811,4.832167932431412,4.968437910989383,0.9967,0.9988,0.9995,0.9994,34.048549469469606,34.75214611477174,29.190183637257253,33.97294740938282,0.9836,0.9913,0.9965,0.9965,4.946987112093659,4.980583473431363,4.543549566565133,4.95692386453238,0.9657,0.9739,0.9977,0.9977,16.05466751339731,16.035058741005336,12.81977805605097,16.051137171457405,0.9669,0.9755,0.9711,0.9721,5.153270028597138,5.335308485717812,4.978160879918477,5.192967458172763,0.9793,0.9818,0.9937,0.9937,7.778221700534701,7.667707000151338,7.473122432389487,7.792873274549852,0.9836,0.9855,0.9979,0.9979,0.8449000181412893,0.8226336081625277,0.7895032023178317,0.8431949458334376,0.9783,0.9833,0.9964,0.9964,17.284224873456218,17.145966805797855,14.883337868624915,17.31587807648356,0.979,0.9813,0.9853,0.9853,7.5592685640786526,7.4926546040614355,6.998549559840469,7.563511676742742
341,0.9843,0.9882,0.9898,0.9897,5.027534239799628,4.944303491488782,4.817627047288644,5.013029880566275,0.9657,0.9717,0.9771,0.9773,19.58971001362093,19.097706274501075,18.71522624031836,19.60219770604477,0.9878,0.9899,0.9915,0.9918,4.085614200597821,4.054336709978728,3.951535926901689,4.094884761783474,0.9576,0.9646,0.9727,0.9727,6.824314524655476,6.793732985052452,6.082513658381676,6.830511198010811,0.9849,0.9873,0.9887,0.9887,6.394456266908371,6.4642188355165935,6.165796993280303,6.416669458235175,0.959,0.9668,0.9657,0.9658,4.790750726271867,4.72473311699765,4.376919035885715,4.799285395637796,0.9876,0.9925,0.9937,0.9936,0.7624546876520966,0.7546954989466663,0.713345832615665,0.7625451424253304,0.9724,0.9789,0.9766,0.9767,11.570753272593176,11.522506638829528,10.760839098584723,11.614317536318582,0.9257,0.9349,0.9914,0.9914,9.819931726288653,9.767040831610652,9.061966527230814,9.822235150179914
342,0.9816,0.987,0.9867,0.987,4.979471736507855,5.083887831174927,4.800949231736245,4.978976487433524,0.9598,0.9746,0.98,0.9807,20.1500144537998,20.19701786421558,18.28590633187952,20.294541738140147,0.9389,0.9523,0.9886,0.9887,3.845281564947921,3.779509287331109,3.686351609483329,3.8461607351813383,0.9536,0.9562,0.9761,0.9761,7.06592175432571,6.813420985615156,6.763903061364975,7.0805978942828895,0.9938,0.9958,0.9947,0.9947,7.488910787875813,7.848873445230811,7.071111170255902,7.514182164873038,0.9599,0.9687,0.9793,0.9793,5.664156167570362,5.60957971381672,5.232233722243523,5.675098421838071,0.9574,0.9615,0.9649,0.9649,0.5970125712683765,0.5724939090290849,0.566125405510663,0.5972690395830522,0.971,0.9726,0.9994,0.9994,22.250845614136324,22.026608243348207,18.21241616976303,22.293469481131517,0.9711,0.9828,0.9833,0.9834,6.854901518069546,6.797405197931498,6.437661750671539,6.867946784312092
343,0.976,0.9808,0.9864,0.9865,4.845700586747463,4.646647618703566,4.502347806542932,4.853421804134831,0.9318,0.9427,0.952,0.9531,16.80086552523076,16.170930114809135,15.37794796908178,16.887341105917628,0.976,0.9814,0.9917,0.9918,4.104608583315466,3.9577087859895066,3.9102755861054175,4.105141792056969,0.9697,0.9726,0.9895,0.9895,9.594600201555494,9.597829799964387,8.845924192674074,9.593695839308014,0.9872,0.9909,0.9892,0.989,8.106804061916044,8.392634471527208,6.612344431890753,8.126401657326156,0.971,0.9839,0.9939,0.9939,7.871387658787809,7.780549120881049,6.201313966439148,7.888013407508326,0.9922,0.9934,0.9994,0.9994,0.8987392164852388,0.8784482314196511,0.84791005239351,0.8991154093984635,0.9704,0.9805,0.9907,0.9908,14.273198657955389,14.178515633428685,12.617040548790714,14.279519809201936,0.9683,0.9701,0.9877,0.9877,8.234036754834385,8.191842291998023,7.568152684432634,8.234064471363277
344,0.9789,0.9894,0.9835,0.9841,4.759895487848796,5.0084116802774,4.5904763679848415,4.764529900949107,0.9861,0.994,0.9936,0.9931,26.685611182558027,27.821549934806654,24.60771232192889,26.84948574283014,0.971,0.9745,0.9928,0.9929,4.184606418678407,4.09563361249224,3.99422530105164,4.190495712116361,0.987,0.9915,0.9953,0.9953,12.865355724040846,12.875750968436313,10.66277540156888,12.86502001369702,0.9576,0.9698,0.9736,0.973,5.346832698074687,5.466599221307401,4.770054732702445,5.322902486910988,0.9839,0.9883,0.9925,0.9925,7.451709339833719,7.343541546330087,6.937212800594557,7.46358767759083,0.9747,0.9803,0.9912,0.9911,0.7311949007255336,0.7295977459658816,0.6809933958940133,0.7284337104671543,0.986,0.9943,0.9938,0.9939,15.528081576559511,15.43384374331902,13.42531403646906,15.55706228885546,0.9686,0.97,0.9993,0.9993,38.463672389861024,38.27167027761219,27.198131602714085,38.47045340619899
345,0.9774,0.9851,0.9836,0.984,4.731731659041787,4.796527688772516,4.539698567572353,4.744880193046175,0.9806,0.9828,0.9875,0.987,21.57006235965316,21.497378357858715,20.86746373735005,21.572908301790697,0.9674,0.9709,0.9801,0.9805,3.3023729907388297,3.251314306755858,3.1277945242162857,3.3085248367502023,0.9426,0.9475,0.9944,0.9944,12.153033063798048,12.10220744398194,11.181113194761792,12.15443718674517,0.9764,0.9798,0.9785,0.9787,5.550568301999911,5.730962090288328,5.43113789423489,5.552984349232434,0.9787,0.9851,0.996,0.9961,8.557566634184145,8.479752214194413,7.763586265010853,8.566401288117293,0.9855,0.9878,0.999,0.999,0.8713075039499036,0.8629947919005121,0.7904451179265968,0.8686607436793872,0.9812,0.9851,0.9968,0.9968,17.69870826667641,17.546279337021144,15.24894040220744,17.70493767290581,0.9646,0.9703,0.9787,0.9787,6.02078036863054,5.965917067007079,5.2075550211536825,6.024646763441313
346,0.9458,0.9593,0.9694,0.9695,4.334635158374783,4.177952149833905,3.9322601668685215,4.324347443047424,0.9744,0.9772,0.9841,0.9831,21.280043511858278,20.63083091124476,20.43588869587977,21.203468502275,0.9784,0.9938,0.9998,0.9998,8.012878201893107,8.065428305322607,6.498931530808433,8.017765760964448,0.9758,0.9815,0.9814,0.9813,7.977918085806303,7.982824034985177,7.480672217839548,7.971560455617651,0.9467,0.9572,0.9611,0.9607,4.822229964765562,4.782298556960557,4.428798115383644,4.826201212818953,0.9807,0.9848,0.9894,0.9894,6.830293737417208,6.742908933347557,6.34313476846888,6.844231439536859,0.9728,0.9764,0.9917,0.9917,0.7400557990444878,0.7195499381034286,0.6933019913832926,0.7395900382413141,0.9654,0.9784,0.9988,0.9988,20.46346184021412,20.39390039048877,17.44511224253313,20.4745590329136,0.9873,0.9888,0.9985,0.9985,25.177018207316948,25.06364389369472,18.83710550673217,25.18086550849036
347,0.9636,0.973,0.9769,0.9791,4.517672778639863,4.439165397566346,4.162860764678084,4.591771321611273,0.985,0.9948,0.9939,0.9938,23.683420376377388,24.333993094238732,21.55367690679588,23.7083638518378,0.9775,0.9819,0.9878,0.9878,3.736614541330638,3.7278201511294218,3.485225710265152,3.745256906941974,0.9746,0.9813,0.9908,0.9908,10.289352935888225,10.239832325601052,8.653143306982662,10.290621293286195,0.939,0.9456,0.947,0.9482,4.500763969329142,4.524685219736629,4.347387840078965,4.505285735468076,0.9687,0.9758,0.9879,0.9881,6.57907617605432,6.52518657338355,5.934739249871611,6.5906294588819705,0.9811,0.9833,0.9824,0.9824,0.6633364520145146,0.6357535783991798,0.6279365249605507,0.6620647798497242,0.9774,0.9941,0.9986,0.9986,19.665396049149543,19.641450842537488,15.585505080618734,19.70636315806852,0.969,0.9832,0.9976,0.9976,20.80027620501487,20.729951847346214,12.718890078754493,20.79683966195435
348,0.9856,0.9923,0.9876,0.9894,5.670377168589914,5.9915625744421614,5.254907874919483,5.7114320132549965,0.9498,0.9636,0.9668,0.9669,18.26572129747477,18.182707624277118,17.223112765347725,18.278790746026807,0.9877,0.9927,0.9951,0.9951,4.672998788765091,4.677160725847733,4.27772269302601,4.66527014801578,0.9744,0.9831,0.9953,0.9953,12.960189758506491,12.952028299885336,12.450021662330409,12.962398026255329,0.9841,0.991,0.9875,0.9878,5.987785926122944,6.383843319126187,5.733408429677505,6.024509694420696,0.9628,0.9836,0.9864,0.9865,6.549496559039079,6.418398781910309,6.256193469159975,6.567156266177132,0.9786,0.9844,0.999,0.999,0.864122745751297,0.8600106776468355,0.8112605833822719,0.8630768751616953,0.9733,0.9857,0.9967,0.9968,17.69288960270057,17.54805463957124,14.902733263350605,17.716559124186634,0.9962,0.9981,0.999,0.999,31.993883460694573,31.867153179418253,21.38251806982499,32.00350925630178
349,0.9934,0.9965,0.9954,0.9956,5.565203964629367,5.77556168836419,5.375593172191415,5.6244990797487135,0.9437,0.9554,0.9708,0.9709,19.395044251625748,18.692893361128945,18.272851866132196,19.421507183859458,0.9669,0.988,0.989,0.989,3.8308093298309807,3.9017776508375377,3.516137055845177,3.8335080371599473,0.9921,0.994,0.998,0.998,16.575605920088346,16.569946922365588,15.406784991309062,16.576689811924922,0.9966,0.9987,0.9981,0.9981,8.083026189468022,8.666482631552528,7.397851228286466,8.081238757993425,0.9831,0.9856,0.9871,0.9872,6.568648341684732,6.410369238589684,6.348037945611202,6.5745705694500485,0.9823,0.9863,0.9905,0.9905,0.7276907784479016,0.7223744930333388,0.6838047683203071,0.7269244172474862,0.9761,0.9792,0.9936,0.9937,15.317767947220538,15.206288150447046,14.259382565773745,15.359052434118446,0.9901,0.9913,0.9923,0.9923,10.474655372943658,10.388799393830665,9.90696602559846,10.492720010869157
350,0.9773,0.9819,0.9816,0.9814,4.728216513029484,4.740364958645476,4.582766604645145,4.721210042803398,0.9858,0.9933,0.9911,0.9916,22.92771869151101,23.358039112978023,21.193419668702877,23.093719164797875,0.9615,0.9649,0.9951,0.9951,4.5803272631500365,4.564575688596317,4.036695999518292,4.573745541518506,0.975,0.9763,0.9898,0.9898,9.794612549006793,9.737063339450009,9.39620562772182,9.802181142334325,0.9582,0.9715,0.9656,0.9648,4.960637579417641,5.156480410357444,4.769306448273909,4.936947374479224,0.9803,0.9938,0.9961,0.9961,8.556216114482233,8.483967431446496,6.969275599678303,8.56677782829233,0.9809,0.9868,0.9867,0.9864,0.6903494646985046,0.6703719485177047,0.6455247486436785,0.6876614427419904,0.9804,0.9898,0.9934,0.9934,15.314363333004527,15.200354211707264,13.609176955352552,15.353775921251046,0.9657,0.9717,0.9958,0.9958,13.930658193487222,13.862544969308328,11.64852950842498,13.94802539438174
351,0.9742,0.983,0.9846,0.9835,4.7547288582133564,4.785510260625738,4.441803616466789,4.7265028657966255,0.9903,0.998,0.9986,0.9985,28.956119801380677,29.883822823876027,26.415239240667223,28.92552756980572,0.9541,0.9634,0.9706,0.9715,3.017586106035385,2.959109204574468,2.8561529596124213,3.017489090374858,0.9865,0.9933,0.9987,0.9987,18.077988522229493,18.000420278428262,13.211623300623524,18.09457142976687,0.9756,0.9861,0.9822,0.9818,5.709012391999172,5.933364345998369,5.3435970453194415,5.669850898477982,0.9669,0.9779,0.99,0.99,6.947402923091329,6.846139202586849,6.634416142351119,6.958341276212988,0.9741,0.9767,0.9976,0.9976,0.8232348189687249,0.813736799135303,0.7694017189141239,0.8212102631825287,0.9717,0.9837,0.9871,0.9871,13.249938696720944,12.873406006426697,12.442305868068551,13.28674995542478,0.9877,0.9929,0.9973,0.9973,19.368237608623485,19.2934431818248,16.30034061719824,19.381772003643
352,0.9881,0.9917,0.9903,0.9904,5.324955987305926,5.544533447033622,5.146630405025217,5.354843946722495,0.9676,0.9906,0.9886,0.9871,23.69603903473942,24.941180485765564,20.33553974069748,23.58768957235552,0.9772,0.9842,0.988,0.988,3.746476350837557,3.767692718707057,3.3262411507418097,3.746447991960837,0.9708,0.9773,0.9862,0.9862,8.933410756376073,8.890096477028434,8.01123089857415,8.921853959740346,0.9956,0.9979,0.9971,0.9972,10.88319837071715,11.411746957483718,9.054594237747438,10.862838774080233,0.9588,0.9808,0.9899,0.9899,6.925276166242993,6.837436228349032,5.346639375446138,6.933755924720304,0.9914,0.9941,0.9962,0.9962,0.8039003661102904,0.7827664406958413,0.7548093741885945,0.8028429692119383,0.9819,0.9907,0.9937,0.9938,15.243131205118956,15.203944362252956,12.884858855253595,15.25427892134135,0.9916,0.993,0.994,0.994,12.184707059453778,12.117960974991142,10.937823251762792,12.189376822444457
353,0.9868,0.9879,0.9903,0.9904,5.158956585666796,5.045437877348384,5.018125812133834,5.169408877278398,0.9823,0.9867,0.9938,0.9935,24.34093888090237,24.82792128986056,22.84623284394881,24.450283819632887,0.9841,0.9887,0.9998,0.9998,8.015640592275824,8.04269546859293,5.5857406278756905,7.998929102254951,0.9765,0.9783,0.9965,0.9965,14.992817144837115,14.903932752103032,13.030061757420569,14.997142227029352,0.9831,0.9872,0.9877,0.9876,6.01348498304991,6.027198079573138,5.651427098713439,6.003361914092112,0.9834,0.9893,0.9954,0.9954,8.306487533082208,8.194982146900964,6.833570517328394,8.322331060399376,0.9546,0.977,0.9719,0.9719,0.6209998126189489,0.6136227694382936,0.544048461005063,0.6208481340879233,0.9866,0.9947,0.9965,0.9965,17.36316032856383,17.262432690121845,14.362742608834017,17.37859438760596,0.9732,0.9767,0.9932,0.9932,11.185950489296388,11.083332337282169,10.365985152242114,11.205415835960997
354,0.9601,0.9632,0.965,0.9646,4.1961140894277165,4.136806327895579,4.06958611993947,4.181795721034396,0.9655,0.9697,0.9761,0.9767,19.396209713973217,18.77405968264047,18.222662014775963,19.502329109066284,0.9803,0.9849,0.988,0.988,3.711935350411331,3.735725205441228,3.532836984079249,3.732005463347577,0.9571,0.9734,0.983,0.983,8.279776322761961,8.288491228372378,7.664600988994024,8.263235528819477,0.9902,0.9935,0.9925,0.9924,6.593687567769418,6.836506456637988,6.336086729186018,6.581607469523128,0.9812,0.9831,0.9996,0.9996,13.311964963470228,13.178244849776954,9.678462768783715,13.331754228132944,0.9656,0.9695,0.9804,0.98,0.6614290865646595,0.6198700718909251,0.6044567294782692,0.6606907154711523,0.9847,0.9907,0.9909,0.991,14.444310335590664,14.354535732101786,13.139392838507115,14.487189754332435,0.9439,0.9469,0.9536,0.9536,3.7326200948271975,3.631495020932675,3.594153007175521,3.741590030709409
355,0.9664,0.9726,0.978,0.9771,4.628408915970874,4.6298333049462,4.3435588905155935,4.602398325844378,0.9787,0.9826,0.9864,0.9865,21.30546730874285,20.646540017139905,20.240015801728862,21.324822280148368,0.9801,0.983,0.9883,0.9884,3.810341591926909,3.764959732418477,3.631641218962771,3.829172704741979,0.9636,0.967,0.9937,0.9937,11.628982555529545,11.579249097662338,10.2632719062943,11.629876702744216,0.965,0.9679,0.9703,0.9703,5.105705432101935,5.022990429823283,4.905676273084884,5.102141767454183,0.9817,0.988,0.9984,0.9984,11.133302506399051,11.008796911541106,9.854354837529977,11.14850784949178,0.9909,0.997,0.9953,0.9953,0.7949191247889869,0.7834579986773648,0.7298477466641906,0.7948781344268372,0.9906,0.9933,0.9976,0.9976,18.30791891155647,18.219476859474454,15.613365988251434,18.32814202600342,0.9815,0.9899,0.9924,0.9925,10.560665312683684,10.535593529363757,9.097892668061387,10.565878269707904
356,0.9476,0.9656,0.9732,0.9732,4.575684467638737,4.43120231597133,4.148956372105842,4.57374596490766,0.9835,0.9921,0.9927,0.9925,23.25197033521206,23.77701167936837,21.27853434472451,23.23659131046308,0.98,0.9984,0.9986,0.9986,5.750606900903129,5.8279470864129,4.419209618920103,5.75794466936061,0.969,0.9793,0.9909,0.9909,10.306673162882603,10.296520387997717,8.116040952272,10.301213210769662,0.9936,0.9962,0.9944,0.9945,7.407809063927972,7.849095757307573,7.258174380842227,7.447889354487279,0.9658,0.9781,0.9824,0.9824,5.999437688346002,5.91781069703572,5.569317202362309,6.011857140622946,0.9771,0.9869,0.99,0.9898,0.7112290776311314,0.7063927331891063,0.6606379773187271,0.7093651595722311,0.9855,0.9918,0.9907,0.9908,14.376206969004938,14.17844025291314,13.28037341635158,14.397289064979166,0.9849,0.9955,0.9966,0.9966,16.564123456901232,16.476787256409377,11.287463500138418,16.587513778127786
357,0.9723,0.9756,0.9827,0.9829,4.753437165519872,4.553520739624387,4.46925504022596,4.763968255207233,0.937,0.9445,0.9548,0.9554,17.061973996932885,16.221234940001406,15.67762050717381,17.10589478097619,0.9559,0.9681,0.9765,0.9767,3.1394567469055072,3.1117145358659792,3.0007120621324925,3.1475511390038804,0.9793,0.9836,0.996,0.996,14.212528602306072,14.120244837654086,11.88826836868152,14.225306387999533,0.9943,0.9977,0.9955,0.9954,7.206608114708791,7.743524326993857,6.855449223168703,7.216982477434803,0.9793,0.9841,0.9865,0.9866,6.502226747411245,6.438286949572361,5.901445636842288,6.506602399141034,0.9705,0.9919,0.9974,0.9973,0.8150906749551076,0.8145900002659039,0.7329583190648774,0.8128257162655117,0.9668,0.9751,0.9964,0.9964,17.200865635964,17.011709183728737,14.797369569754323,17.236250918930452,0.9788,0.9843,0.9876,0.9876,8.199581660704377,8.132786694792406,7.033283624400907,8.214248458458929
358,0.9786,0.985,0.9822,0.9824,4.805698567748632,4.92456248311472,4.678137015597255,4.798282610903062,0.9789,0.9847,0.9895,0.9895,21.940828671737727,21.44599663276473,20.701313790850328,21.941041848030185,0.9824,0.9906,0.9913,0.9913,4.090602669133607,4.131632257823762,3.5840033218390914,4.086844992542546,0.9535,0.9562,0.964,0.9641,5.950782981460292,5.791857940252347,5.721970897316215,5.955759609029134,0.987,0.9888,0.9895,0.9892,6.306741549652522,6.345596156679195,6.088599053906556,6.29266632895161,0.9571,0.9696,0.9775,0.9776,5.504540635720027,5.3492079782178905,5.3322273933283615,5.51230136635147,0.9559,0.9702,0.9973,0.9973,0.8087023844797877,0.7977903854548107,0.7678415871337619,0.8082835108754072,0.9952,0.9987,0.9988,0.9988,20.417635488699613,20.204958247814467,15.83466302040936,20.45527427213975,0.9951,0.9971,0.9998,0.9998,58.89403147184744,58.65670422377082,35.32295037272882,58.91657248473339
359,0.9848,0.9931,0.9897,0.991,5.144654724704036,5.273628856321508,4.9084199307026655,5.1787793787924,0.9723,0.9742,0.993,0.9932,24.794158807077277,24.23852882973561,23.398608836739577,24.899279775881933,0.9811,0.9839,0.9913,0.9913,4.1099638412041966,4.04212659757564,3.863977596404285,4.13125366978882,0.9573,0.9711,0.9792,0.9793,7.5345119268242655,7.527848390089668,6.254921897013622,7.552827588394689,0.9752,0.9839,0.9785,0.9783,5.574672946103517,5.875384803516706,5.442617314476463,5.593295659316571,0.9709,0.9802,0.9915,0.9915,7.243733608253879,7.163875689007693,6.568317504294507,7.255423248008863,0.9783,0.9877,0.9884,0.9883,0.7036345369868489,0.6973994209218188,0.6235895603675804,0.7025723785982836,0.9713,0.9779,0.9994,0.9994,22.202407792103944,22.1044244380318,18.60292174906365,22.22213255849391,0.9901,0.9936,0.9973,0.9973,19.37464067444381,19.294013752613587,14.656610434434608,19.37562295881359
360,0.9708,0.9861,0.9796,0.9804,4.603022778475172,4.834820592750031,4.349664083052309,4.637487611132659,0.9606,0.9691,0.9741,0.974,19.011805575885266,18.705719424134763,17.87643619009397,18.99292404487187,0.986,0.992,0.9995,0.9995,6.896711170405608,6.9018611466924105,5.2334662092932245,6.892415621702419,0.9924,0.9953,0.9962,0.9962,14.588190162181965,14.58007359663194,12.081941056353994,14.584304544372236,0.9643,0.9719,0.9743,0.9738,6.819725511692214,7.085168044854672,6.459706888651622,6.833733810323141,0.9513,0.9654,0.9745,0.9747,5.319915745809278,5.165305972094245,5.124739109413502,5.330289426860516,0.9666,0.9952,0.9947,0.9947,0.7702718257247381,0.776844318455574,0.7075959331712409,0.7694752784209465,0.9897,0.9926,0.9913,0.9913,14.62769114849917,14.326451970915915,13.908589658911763,14.700246723355033,0.9925,0.9951,0.9971,0.9971,18.18595484302392,18.11043127728029,14.63996978167147,18.196858910631573
361,0.9795,0.9885,0.9823,0.9843,4.739539070559706,4.9714113747023845,4.636465476122483,4.809685241056552,0.9709,0.9849,0.9811,0.9812,20.257558858851432,20.88991494064344,19.37112021684713,20.29419859783541,0.935,0.9435,0.978,0.9786,3.20959519060945,3.1397381142899263,2.99155752319211,3.227934832529384,0.982,0.9864,0.9928,0.9929,11.196006644981129,11.002747456209852,10.902753561848142,11.204167635238916,0.9865,0.9878,0.9906,0.9907,7.89058636397783,8.128767627616135,6.780880534054313,7.895502126360032,0.9954,0.9964,0.9984,0.9984,10.968987189610822,10.864736922565204,10.010109377155276,10.982730953148817,0.9736,0.9801,0.9852,0.9848,0.6893126799696494,0.6436789947450487,0.6404599935702459,0.6877167779070048,0.9906,0.9958,0.9965,0.9966,17.60215212540015,17.273379882471804,15.282719198951218,17.670436267686913,0.9585,0.9642,0.9724,0.9725,5.205995133509216,5.150349616879055,4.898824212626221,5.2189048477295215
362,0.9228,0.9388,0.9447,0.9456,3.983952190858594,3.9706972108074328,3.781158750467108,3.9967525703385984,0.9867,0.9944,0.9911,0.9907,23.205532976974823,24.00756774537151,22.70507154201657,23.290838025283247,0.9811,0.9848,0.9937,0.9938,4.33166689296,4.201821191456164,4.139788874115358,4.345240747662915,0.96,0.9656,0.968,0.9688,6.30642525727638,6.208366242194844,5.950764809534509,6.347463706956168,0.9947,0.997,0.996,0.9961,7.280873285300511,7.7212007054770755,6.984836942986027,7.298784230915524,0.9725,0.9748,0.9936,0.9936,7.736872877088185,7.528937108415292,7.507967238444466,7.742377477507257,0.9514,0.9579,0.9944,0.9942,0.7677169492378815,0.7572683314444812,0.714011491356592,0.7679064650952421,0.9601,0.9739,0.9749,0.9749,11.388096363197006,11.179821485699437,10.50144577774862,11.411842018480646,0.9829,0.9866,0.9885,0.9885,8.526739620057937,8.471855115373046,7.331413179365281,8.534715965994927
363,0.9467,0.954,0.9658,0.9656,4.238803152518207,3.950155946542981,3.830789798778856,4.229216162225855,0.9839,0.9908,0.9885,0.9892,22.185431587239016,22.33818649850218,20.78293181727447,22.39807005961217,0.9757,0.9788,0.9973,0.9973,5.094246705651576,5.1223624373175936,4.52540261878154,5.089376588820523,0.9463,0.9507,0.9673,0.9673,6.155829566936699,6.100406283815077,5.851069154497814,6.160920756520941,0.9903,0.9939,0.993,0.9932,7.179211736494862,7.492054851300098,6.357248073260816,7.156860582529271,0.996,0.9982,0.9993,0.9993,12.389565938552211,12.287886259988904,9.965933901340884,12.406675495234214,0.9745,0.9785,0.9872,0.9869,0.6897323641512327,0.6577244689443392,0.6498481485898335,0.6876474956484845,0.9726,0.9778,0.9828,0.9829,12.28250946438513,11.987723826880588,11.752266466723148,12.292718645647197,0.985,0.9914,0.9911,0.9911,9.7171039414642,9.648654770541476,8.101908587586621,9.719192724414482
364,0.9608,0.9721,0.9714,0.9715,4.428516762817862,4.600806234558425,4.168692856047473,4.425600222172651,0.9886,0.9953,0.9964,0.9963,25.010923398631768,25.707642161817457,22.197213589991588,25.048030237261276,0.9627,0.9655,0.9786,0.9789,3.2348711738859226,3.1503175466485724,3.1003158534856854,3.2464605644207194,0.9834,0.9883,0.9971,0.9971,15.472007771707728,15.43401285822147,12.201250320280735,15.483477545581575,0.9713,0.9802,0.9773,0.9757,5.945809467500631,6.073502868554938,5.794056726100004,5.928691002691755,0.9683,0.9859,0.989,0.9892,6.783775370027198,6.678838193340091,6.304590424533906,6.797654542231762,0.9664,0.9728,0.9729,0.9725,0.6219631339760426,0.5978405569451026,0.5868892011602389,0.6200506439854041,0.9638,0.9731,0.9852,0.9852,12.601207120219073,12.55570776477182,11.577886310235824,12.62363454629009,0.9673,0.9705,0.9869,0.9869,7.945565044135297,7.886571166990296,7.726974984105465,7.9544628590679425
365,0.9887,0.9932,0.9917,0.9913,5.1913760248540815,5.280343572029861,4.994966441213933,5.184671990285189,0.9757,0.9809,0.9922,0.9914,22.70439766667667,22.17463116401406,21.175625845981347,22.72227734363961,0.9586,0.9596,0.9911,0.9911,3.997428729235777,3.83303901244797,3.804252773555154,4.000347367320731,0.9572,0.9627,0.9707,0.9709,6.444877289553549,6.369266679365399,6.204169682570644,6.478761461818409,0.9631,0.9789,0.9725,0.9729,5.218586057524853,5.4624633792335935,4.946149435655422,5.2189534311304335,0.964,0.9744,0.9894,0.9894,6.798636115172809,6.730303235495895,6.309560246994502,6.803105516412161,0.9518,0.9642,0.9904,0.9904,0.7224841562875941,0.7177660760709639,0.6591357872972945,0.7214645824643341,0.9103,0.9112,0.9804,0.9805,11.864199317415244,11.268731753736288,11.264682100610116,11.916794551779766,0.9784,0.9842,0.9853,0.9853,7.540336209222104,7.507847123950631,6.73014165366156,7.539500538109193
366,0.9679,0.9706,0.9816,0.9823,4.70706790673661,4.388071866796379,4.324506607328651,4.719763195629379,0.9734,0.98,0.9851,0.9854,21.30477525075132,21.347525590639684,20.28087331739359,21.535647591617387,0.9806,0.9911,0.991,0.991,4.010824397132738,4.062276401052043,3.6249258818281738,4.015579507608235,0.9771,0.98,0.9938,0.9938,11.64150273567588,11.613115527641314,11.021464424462517,11.653032949536676,0.981,0.9885,0.9844,0.9855,5.996718313376915,6.298814633227929,5.762235264798454,6.008794575931857,0.9843,0.9864,0.9924,0.9924,7.392145273549427,7.205436288112668,7.186705573880204,7.408450691367761,0.9859,0.9944,0.9935,0.9932,0.7540975148971365,0.752269999710258,0.6894490542760017,0.752861764196231,0.984,0.9847,0.995,0.9951,16.033695449387366,15.578369670571451,15.495938141775438,16.063988939618724,0.9904,0.9929,0.993,0.993,10.942279372999216,10.87298344567642,10.390638970900811,10.95284993130532
367,0.9218,0.9375,0.9546,0.9538,4.070674123376643,3.891522939487128,3.638368632314176,4.04373421558077,0.9686,0.9705,0.9772,0.9778,19.719548090679574,18.65646940347781,18.47556082379667,19.804696283991923,0.9804,0.9883,0.9945,0.9945,4.4255440221675295,4.454937607758962,4.100173701892428,4.423444524117707,0.9877,0.9882,0.9921,0.9921,10.883112276813817,10.768152899015709,10.541299727992822,10.90613773150637,0.9841,0.9886,0.9885,0.9883,6.329874795267615,6.51814299542475,5.955804266468983,6.3240656515872296,0.9767,0.9853,0.9861,0.9861,6.447073097186418,6.35757163687992,6.077521965041161,6.459623922155042,0.9788,0.9916,0.9951,0.995,0.7759543680099374,0.775489889339117,0.6855218272803614,0.7738707001469005,0.9792,0.9874,0.9986,0.9986,19.78323822015937,19.625078966569003,15.837963897588756,19.817832800023176,0.9785,0.9827,0.9923,0.9923,10.399729816664538,10.347621310215938,8.739735288087806,10.40490337484056
368,0.9427,0.9464,0.9696,0.9689,4.342332341650565,4.050759332498602,3.943667468869399,4.310587292421793,0.9719,0.9852,0.9845,0.9846,20.835602762715077,21.45244521308387,19.213901949255703,20.86779249368714,0.9827,0.9843,0.9984,0.9984,5.704382250593632,5.6745148375083545,5.132638850975705,5.701600463614295,0.9848,0.9922,0.994,0.994,11.970537701457925,11.959104242179077,9.911430077286942,11.964892265056042,0.9845,0.99,0.988,0.9881,6.278228656352639,6.396998521363923,6.07751005757898,6.272396049936779,0.985,0.9887,0.99,0.99,6.924302144973726,6.837533605988625,6.4006781350879365,6.936448416759887,0.9805,0.9927,0.9979,0.9978,0.8268613023248956,0.8280364373245888,0.754433408180261,0.8244271488150269,0.9729,0.9874,0.9875,0.9877,13.298748462614142,13.169875667679584,10.907559604081394,13.323092637278826,0.9777,0.9824,0.984,0.984,7.033725136016706,6.967588113714102,6.118888019077455,7.04219674647186
369,0.9745,0.9803,0.98,0.9802,4.647556924114953,4.659476093438068,4.478477320592087,4.660314854157689,0.9696,0.9754,0.9851,0.9848,22.68560511741808,22.6521468658432,21.823353652192747,22.77111667881032,0.9786,0.9915,0.9991,0.9991,6.251411949445542,6.313571092868583,4.508369585103649,6.242519275393163,0.9753,0.9876,0.9951,0.9951,12.540832700563351,12.405244338890414,12.26561375108243,12.54415621724742,0.9679,0.9759,0.9722,0.9724,5.19871444874749,5.331410388613797,5.054753596684019,5.198339764694876,0.986,0.9906,0.9972,0.9972,9.148849627929216,9.06548795751358,8.65189988033914,9.161724132372608,0.9365,0.9373,0.9671,0.9664,0.6072907590071006,0.5490623581119654,0.548522259690486,0.6067312636568678,0.9545,0.9584,0.9899,0.9899,13.881929493093148,13.779463318816646,13.0339293742976,13.909393253656432,0.9351,0.9655,0.981,0.9811,6.330266735885548,6.301120659725828,5.191384107072576,6.340820347198557
370,0.9877,0.9902,0.9905,0.9907,5.0946939024182125,5.14731467775381,4.950044748158373,5.100584849713979,0.9808,0.985,0.9917,0.9922,22.653810495589955,21.677971650613596,21.177703861777637,22.70018392159561,0.9626,0.9784,0.9838,0.9838,3.4650985452822294,3.515802097938738,3.1252298468677657,3.4547519063044043,0.9405,0.9586,0.9727,0.9727,6.697204486497006,6.719766905958871,5.993324620915488,6.706080925974337,0.9788,0.9883,0.9865,0.9865,6.226794478526536,6.58013985360509,5.551539725057118,6.238062799408464,0.9805,0.9849,0.9984,0.9984,10.954307465166194,10.864496888760025,9.43953460249562,10.97038394612545,0.9665,0.978,0.9774,0.9771,0.634492069333002,0.624331872681406,0.5979020658946991,0.6327191037568456,0.9728,0.9878,0.9909,0.9912,14.412700582174162,14.1529182052743,13.71900887690956,14.477659343201744,0.9479,0.9631,0.9937,0.9937,11.831673795224528,11.815010842626371,9.043626928396945,11.836279956784988
371,0.9725,0.9871,0.9829,0.9826,4.739587524803184,4.90386610936846,4.422609651365029,4.734407424784368,0.9925,0.9965,0.9996,0.9996,34.86196704776594,35.372605337923034,30.260299070273025,34.82666900269377,0.9627,0.9707,0.9832,0.9834,3.507972995886776,3.4430928483385457,3.232875236726024,3.5195033289376507,0.9792,0.9828,0.9823,0.9823,8.130409909178677,8.131707348553473,7.4906678130707585,8.13360008215782,0.9897,0.9912,0.9918,0.9915,7.185639512766577,7.288478632793906,7.032659906712226,7.1766733883108245,0.9622,0.9806,0.985,0.985,6.192875349565477,6.126059328483894,5.309632855312123,6.202740745534053,0.9783,0.9849,0.9921,0.9917,0.7477898228166453,0.7359085907916927,0.6719169625432528,0.7459262421822527,0.9846,0.9864,0.9904,0.9905,14.285134317311003,13.905679260095075,13.506116295781515,14.361561694724353,0.9596,0.9651,0.9878,0.9878,8.294537557339131,8.239793604172403,7.891340466889399,8.296251924272012
372,0.9818,0.9865,0.985,0.9849,4.803824509894934,4.85933295617651,4.685922151092223,4.804568095261903,0.9494,0.9549,0.9707,0.9697,19.469823160114597,19.07380980058036,18.311089577185918,19.4346022430367,0.9679,0.9762,0.9945,0.9945,4.393364345404144,4.3762231970089145,4.143370805244358,4.405677107544687,0.9874,0.9904,0.9921,0.9921,10.688357389459924,10.67189004768173,9.354823105970672,10.684103341922784,0.9783,0.9797,0.9865,0.9864,6.277710078633753,6.2709481583241855,5.845117662292036,6.2918516991407625,0.9901,0.9935,0.9983,0.9983,10.736243079972285,10.636160725298838,8.0619567214663,10.746395885073484,0.99,0.9961,0.9946,0.9946,0.7747319705418936,0.7605994701323658,0.7354575920356244,0.7746202069955259,0.9741,0.9854,0.9919,0.9922,14.79985229438138,14.666312694952346,13.319338535102055,14.837602488116048,0.954,0.9637,0.9839,0.984,7.005070881793671,6.938218013263029,6.780208789244793,7.013436452545552
373,0.9745,0.9814,0.9778,0.9789,4.5571482947104895,4.668579033930548,4.457818904001629,4.583921799270788,0.9896,0.9934,0.9925,0.9938,23.29412858027374,23.470283253307606,22.08687400773179,23.510147331812703,0.9843,0.9921,0.9982,0.9982,5.5000873232213365,5.514525563804867,4.548949458971913,5.50139930407866,0.9811,0.9834,0.994,0.994,12.062329978911926,12.037878314957313,11.053002584545746,12.07733529161002,0.96,0.9685,0.9645,0.9643,5.230352779008133,5.476358161317517,5.100849487796218,5.225682491396436,0.96,0.9617,0.9874,0.9876,6.653967946921836,6.456733257795114,6.396106139566491,6.662794653202109,0.9785,0.9843,0.9941,0.9941,0.7704881568541122,0.752818540528212,0.7243079025678918,0.7709213392533989,0.9535,0.9577,0.957,0.9571,9.848821721823269,9.468926622119106,9.285800063101084,9.855590635609778,0.9736,0.9792,0.9802,0.9802,6.22825366499099,6.207753669411054,6.024803176913088,6.2342585285866745
374,0.9916,0.9938,0.9925,0.9925,5.501883784985592,5.755177374087568,5.370904661857685,5.542069793218786,0.9797,0.9805,0.9908,0.9906,22.84391467906155,22.30774004716424,21.74320240947472,22.879014912510897,0.9819,0.9882,0.9921,0.9922,4.112127486348888,4.121123042224148,3.941233606877952,4.128208684843619,0.9916,0.9973,0.9969,0.9969,15.298509946818198,15.333510376931368,13.67537656283266,15.295965504129285,0.9897,0.9936,0.991,0.9912,6.417689058239816,6.8816809672923664,6.255320699712293,6.450575755406267,0.9533,0.9806,0.9894,0.9895,6.816304946533488,6.730539236310106,5.946153260143712,6.8281868693807,0.9817,0.9883,0.9976,0.9975,0.8192740917476058,0.8133937386031396,0.7119586454003943,0.8178528505853218,0.9754,0.9897,0.9964,0.9964,16.956825861183997,16.887083925112567,14.019632230341037,16.991210833880057,0.9644,0.9694,0.9961,0.9961,15.06207869798828,14.961259759781496,12.429991062583682,15.085029952944916
375,0.9581,0.9674,0.9739,0.9723,4.427206916178394,4.293326670187803,4.063114658959808,4.399964006162364,0.938,0.9547,0.965,0.9641,18.240988014664737,18.492231670517462,16.806856325880826,18.19513758232265,0.9941,0.9959,0.9962,0.9962,4.976538026771667,4.961545883875359,4.619003806499497,4.980954912962366,0.9834,0.9884,0.994,0.994,11.901578240867767,11.938160525994851,10.142520101156055,11.89360122478467,0.9859,0.9914,0.9912,0.991,6.664719743152622,6.913647199788148,5.9307435362176,6.65356563327034,0.9669,0.9753,0.9921,0.9921,7.313806530800967,7.257999373601605,6.045789825622487,7.321899877619214,0.9371,0.9433,0.9568,0.9566,0.5798545095683142,0.534805819101497,0.5255726693659842,0.580366857695658,0.9856,0.9957,0.9955,0.9955,16.437525483118844,16.334565260056422,15.389745025875408,16.462388501745963,0.9856,0.9921,0.9954,0.9954,13.22995305836909,13.173356232518463,9.438570182349066,13.235486957029057
376,0.9767,0.9904,0.989,0.9883,4.988364475558994,5.164948104481108,4.53092118962115,4.96059701199577,0.9713,0.9767,0.979,0.9792,19.989196077466,19.54365532131006,18.960729733483756,20.02230565026999,0.9742,0.9767,0.9951,0.9951,4.636910149635295,4.594503265710473,4.139573910843634,4.646226339829595,0.9533,0.9627,0.9763,0.9763,7.068612526872371,7.056604945078859,6.753139400403923,7.076639823414604,0.9817,0.9885,0.9877,0.988,6.200576121870439,6.508999627189636,5.8708257117157086,6.231724176133672,0.9749,0.9844,0.9984,0.9985,11.128998250333977,11.014736695499405,9.67761386359238,11.14517285817398,0.9676,0.9779,0.9784,0.9783,0.6406140634764557,0.6332820211844836,0.6026383558862027,0.6403075034313577,0.991,0.9921,0.9955,0.9955,16.353420471461565,15.915972119004,15.677243049969718,16.35035889828458,0.971,0.9838,0.9977,0.9977,21.150673844741664,21.074341484673152,13.388220135274132,21.15492894790172
377,0.979,0.9831,0.9851,0.9853,4.848402944326663,4.772108966845085,4.6381992623712085,4.8633683906986285,0.9695,0.9781,0.9865,0.9862,22.82420558189442,22.832768235817102,21.70672221428917,22.883655395790047,0.9404,0.9444,0.9949,0.9949,4.492839245015368,4.47212759996945,3.9818308653155934,4.494129628071993,0.9572,0.9693,0.9939,0.994,11.880676831134226,11.798477067461114,9.005313761943665,11.898253944234895,0.9884,0.9916,0.9892,0.9891,6.268165700732224,6.537991656839928,6.179304643840791,6.270069923318319,0.9858,0.9885,0.9896,0.9898,6.850350018281121,6.730632711582063,6.649675558026195,6.871954417459781,0.9644,0.9754,0.9758,0.9756,0.6355937064065662,0.6139794940321891,0.5930267802433429,0.6342037388828394,0.9893,0.9906,0.9997,0.9997,29.69110989219836,29.539337397759077,21.17888330231717,29.71377661966657,0.9758,0.9818,0.991,0.991,9.706905760256197,9.629106491459098,8.280237439111596,9.711827359309488
378,0.9814,0.9834,0.9833,0.9833,4.966589860357091,4.880305679714779,4.80463042955598,4.973757380613334,0.9756,0.9792,0.9855,0.9854,21.52405393715002,20.9666158348578,20.59972461090591,21.546155646856,0.9758,0.9819,0.9823,0.9829,3.5223497163601887,3.4759123739865943,3.243352819202992,3.549431098963564,0.956,0.9734,0.989,0.989,9.365319351804324,9.423613861244943,8.871936392546148,9.35864185461859,0.9713,0.9752,0.9747,0.9748,5.30935507160032,5.330147468512285,5.158067201726324,5.315805314415916,0.9767,0.982,0.9826,0.9826,6.009408219737526,5.930523267362934,5.749580899749708,6.021406621826999,0.9723,0.974,0.9977,0.9976,0.8279554753189745,0.806803298336611,0.7777673320727254,0.8248015651332572,0.9783,0.9829,0.9941,0.9941,15.657975882962534,15.215883517055357,15.001318592724903,15.695886441067056,0.9728,0.9781,0.9794,0.9795,6.147150459882236,6.096477834984156,5.966189815188841,6.161955250944111
379,0.9796,0.9911,0.9849,0.9862,4.8201792102789325,5.083290739273599,4.60929320187092,4.850297119599772,0.9802,0.9875,0.9933,0.9931,23.048118193933973,23.15269443872657,21.147399715102956,23.108840188527235,0.987,0.9937,0.993,0.993,4.18267056280279,4.253859576980708,3.878575832010586,4.181457410176198,0.9801,0.9842,0.9929,0.9929,11.166802502671496,11.20524707292534,9.843226280784032,11.161612200101455,0.9892,0.9948,0.9925,0.993,7.320472302973389,7.7523668320409564,6.875400771938356,7.369271806554657,0.9701,0.9802,0.9806,0.9806,5.835979289622492,5.767931017708907,5.394940392037524,5.844786326570222,0.9809,0.9833,0.9977,0.9977,0.8284366020904738,0.802063733435262,0.7841325765693414,0.8264849937253531,0.9821,0.992,0.9915,0.9916,14.666526319405218,14.508830001408889,13.505627906079006,14.682163059373826,0.9686,0.9719,0.9862,0.9862,7.684243249091035,7.640612061842813,7.016294320855408,7.695348877464602
380,0.9964,0.9997,0.9989,0.9988,6.345447383563885,6.823010214025352,5.677695064321045,6.333776070654953,0.9797,0.9884,0.9933,0.9934,23.139265309072535,23.2318791108273,21.116621744049244,23.2746339993968,0.9917,0.9935,0.9935,0.9937,4.350884191585937,4.295766912306103,4.145048849901557,4.377142531142602,0.9807,0.9856,0.9994,0.9994,21.8848243330295,21.86241773874457,16.679304571987778,21.873079508558348,0.9767,0.9882,0.9813,0.983,5.8796711237570936,6.334983322758966,5.543271883380453,5.9373299969845,0.9456,0.965,0.9925,0.9925,7.473421356532333,7.398601212243964,6.395930456483453,7.488378231192495,0.9672,0.9793,0.9767,0.9764,0.6367044050111639,0.6257753919549228,0.5813301940715918,0.6354841567011671,0.9655,0.9798,0.9852,0.9852,12.56348313042576,12.480492829666456,11.02199072194136,12.591311171768512,0.9837,0.9865,0.9979,0.9979,21.793609163049258,21.70697912974036,13.62842451446782,21.79161692471507
381,0.9677,0.9702,0.9721,0.9726,4.494756488172575,4.468452953443369,4.42289596552272,4.497479321976959,0.96,0.9621,0.9807,0.981,20.22156273231756,18.73476143668432,18.47261558004447,20.26593160445645,0.972,0.9814,0.9926,0.9927,4.183605287595406,4.165439460529134,3.494985621078249,4.191073286480312,0.9392,0.9469,0.9833,0.9833,8.298534876871322,8.24171656015624,7.63337216770123,8.315449257027554,0.963,0.9768,0.9703,0.9698,5.461102020644761,5.798869041866231,5.196261686130413,5.455123878861222,0.9837,0.9865,0.9996,0.9996,13.264540662453262,13.17839592442654,9.638944386253003,13.274817431284012,0.9624,0.9824,0.9883,0.9883,0.6938471876206554,0.6895201243628306,0.6509356695948654,0.6916055761417972,0.9433,0.9555,0.9654,0.9657,10.353348108590174,10.266889039707692,9.538267524589848,10.386934742501513,0.9847,0.9916,0.9929,0.9929,10.761617355015424,10.70900390440054,8.68713294251847,10.775576561360124
382,0.9935,0.998,0.9964,0.9965,5.600147833776572,5.9442447285348,5.322448293539775,5.622361467525497,0.9871,0.9902,0.9935,0.9937,23.606384881312373,23.186659738997164,22.52864182966545,23.62924762934548,0.9708,0.976,0.9971,0.9972,5.062082803226436,5.054836857245597,4.800495097168722,5.064814836237279,0.9476,0.9647,0.9958,0.9958,13.634239802872482,13.615719435478292,12.215271060961054,13.643105147957453,0.961,0.9617,0.9769,0.9771,6.558513884821568,6.571036826996991,5.956685125173074,6.5464305435517405,0.9525,0.9666,0.9657,0.9658,4.754412604469202,4.688860904266738,4.308305794437497,4.768758227018028,0.9616,0.9744,0.9964,0.9963,0.7921290467115125,0.7863158012896362,0.6880164582281988,0.7907745755642368,0.987,0.9953,0.9963,0.9963,17.045966880634875,16.90196026187316,13.613231101286187,17.065114144366895,0.9873,0.9916,0.9951,0.9951,13.060897490086624,12.997727806343008,11.5304745449864,13.077947948590865
383,0.9528,0.9732,0.973,0.9715,4.424505365212186,4.501067505924627,4.066479341722275,4.391244948226349,0.9833,0.9946,0.9968,0.9968,25.12978694916777,25.487078359302963,21.06219505972433,25.135242492616573,0.9683,0.9729,0.9748,0.975,3.172256083993341,3.056676611100852,2.994106268224004,3.1705778745769324,0.9565,0.9757,0.9899,0.9899,9.827330534326968,9.843122889140826,8.275443123700011,9.829623893413538,0.98,0.9835,0.9835,0.9835,6.005518069634605,6.142216259078955,5.834857919814162,5.996274273302229,0.973,0.9754,0.9911,0.9911,7.213294651083902,6.974819684406278,6.974722952097541,7.220567799754752,0.976,0.9888,0.9883,0.9883,0.7035162851159142,0.697231300231195,0.647090512308577,0.7026006722374735,0.9668,0.9716,0.9962,0.9962,16.83113366565797,16.690032068284676,15.147655654303115,16.84854642892415,0.975,0.9878,0.9977,0.9977,21.3509770107536,21.244131359443696,16.76434872781788,21.35643058585954
384,0.9661,0.9756,0.9737,0.9737,4.527956560286498,4.539503584161007,4.35977461984967,4.519718033382068,0.9786,0.9843,0.9865,0.9868,21.24463402783772,21.17639849992016,20.21830505339167,21.32747659153418,0.9745,0.979,0.9807,0.9812,3.3597317087841154,3.323570447849069,3.2092911699682576,3.3721521514946398,0.9688,0.9713,0.9969,0.9969,15.28551984767734,15.204891709284883,12.37381914564419,15.286976228203349,0.9783,0.984,0.9834,0.9831,6.1663830329662455,6.411559027494075,5.732417974355529,6.154505752986626,0.9862,0.9895,0.9925,0.9925,7.475160216681846,7.37428159835892,7.184663942750472,7.497122249826837,0.9904,0.9937,0.999,0.999,0.8653586784095212,0.8613275629199885,0.7919095235280476,0.8624973256922115,0.9772,0.9867,0.991,0.9912,14.381800508962472,14.338741031690464,12.156614079158574,14.402819397386184,0.9801,0.9853,0.9875,0.9875,8.157327459049288,8.107997882801438,7.346731549128865,8.167070258889773
385,0.9692,0.9792,0.9794,0.9794,4.612792354892488,4.592748415956716,4.289474213552979,4.60471223311297,0.9235,0.9371,0.9546,0.9532,16.975693100130492,15.89422657387508,15.416125850120247,16.907676349678145,0.9698,0.9779,0.995,0.9951,4.555632651722219,4.55319468095343,3.983398843715407,4.562479812743071,0.9803,0.9874,0.9904,0.9905,10.269835475930174,10.251211829534135,8.718809345536627,10.27480650495167,0.9847,0.9887,0.9869,0.9867,5.910789128182572,6.054802156828997,5.762905554370573,5.926479746372092,0.9735,0.9752,0.9883,0.9885,6.648883241463949,6.487953778380475,6.450764692237142,6.658099300465236,0.9835,0.9877,0.9985,0.9985,0.8488947822079782,0.8415681176298035,0.7465717100760512,0.8466169051412129,0.9869,0.9912,0.9935,0.9935,15.462375058817411,15.23782912888967,14.396089069740771,15.483488892662226,0.9916,0.9936,0.9983,0.9983,22.82491728937436,22.76334443395662,16.799925922350898,22.81996357904092
386,0.9535,0.9602,0.9756,0.975,4.5612880838682734,4.183496338614709,4.087003236053325,4.544632006758692,0.9772,0.9832,0.9819,0.9825,20.646693471466687,20.64269479187126,19.62238070377898,20.77728149142693,0.9865,0.9932,0.9931,0.9931,4.282119281922294,4.293345875627413,4.032998654086873,4.2810135265877385,0.9831,0.9881,0.9969,0.9969,15.277922511710342,15.255701631490457,10.89830866304646,15.260878186615404,0.975,0.976,0.9791,0.9793,5.499119649547014,5.355698202972372,5.312795272311693,5.480030258759024,0.9742,0.9804,0.9906,0.9906,7.056293711331181,6.972397673425301,6.184817878554606,7.066715531135807,0.9797,0.9885,0.9914,0.9912,0.7517279232055623,0.7202879245992662,0.6945066416174159,0.7478124901853421,0.9856,0.9898,0.9945,0.9945,15.829600777211516,15.42025321981832,15.28994309603131,15.877048005860258,0.9885,0.9893,0.9967,0.9967,16.890270236399378,16.80159633322552,14.634906977068086,16.894861456560264
387,0.9892,0.9912,0.9909,0.9909,5.220066114906898,5.299660504597616,5.078809764122127,5.247136958910147,0.9742,0.9797,0.9862,0.9865,21.134466070714893,20.746921991365284,19.836273358360653,21.2750656839695,0.9898,0.9947,0.9962,0.9962,4.917612557295211,4.935305020725759,4.699562716091904,4.927786230333169,0.977,0.9893,0.9921,0.9921,10.632696270202551,10.669941373217869,9.958040519878647,10.629590151947044,0.9763,0.986,0.9815,0.9827,6.268072926492989,6.683471163585651,5.7907022206454855,6.308866924306744,0.9744,0.9754,0.9816,0.9817,5.981345640382095,5.785311746698032,5.7323726190720645,5.99548886593963,0.9744,0.9818,0.9797,0.9789,0.6602968524324593,0.6349496815580581,0.6047872601902466,0.6580644235608784,0.982,0.9884,0.9872,0.9873,13.160490733007782,13.171850352313356,12.38010151929364,13.177386292658976,0.969,0.9773,0.9987,0.9987,25.44042783766157,25.30547375797093,21.511680575114344,25.451001546313165
388,0.9865,0.9922,0.9913,0.9913,5.72944872708222,5.986412148940597,5.224308728311014,5.699221047540821,0.9653,0.9705,0.9711,0.9713,19.139230814585652,19.44342604736161,18.63526396334598,19.22117991663045,0.9487,0.9627,0.9886,0.9888,3.788476934232005,3.784304299933956,3.5251177126350104,3.799836060447636,0.9654,0.9747,0.9902,0.9902,10.018020045762167,9.977056398099808,7.817487099920169,10.006659532350268,0.9884,0.9946,0.9923,0.9918,6.549643572835437,6.8825709041733525,6.0960374626047535,6.524990958348496,0.981,0.996,0.9968,0.9968,8.809359738604996,8.732299682759905,7.093560014469112,8.818146244134207,0.9554,0.9815,0.9783,0.9783,0.6472372769556611,0.6420646406849304,0.5900433661253518,0.6463279617580192,0.9722,0.9786,0.9884,0.9885,13.555018836374067,13.337714489236438,11.946163258130172,13.56783685610544,0.9833,0.9929,0.9967,0.9967,16.849931973996643,16.803756501937276,11.58869198741224,16.84819489848813
389,0.9792,0.9892,0.9849,0.986,4.782659627709805,4.99256771458009,4.595485759551647,4.820535968584357,0.985,0.9895,0.9893,0.9899,22.08563867534307,22.136225302186496,21.017663325188003,22.196791393833845,0.9753,0.9866,0.9895,0.9896,3.8850727673264167,3.926432714794612,3.675024165758141,3.879609922480317,0.9803,0.9896,0.9889,0.989,9.488947530442548,9.547598080494351,8.741432738269888,9.49104916545497,0.9575,0.9655,0.9687,0.9683,5.067717618222486,4.937900547709468,4.754645376965907,5.046112967255148,0.9664,0.9768,0.9791,0.9792,5.695809477250839,5.609733343525871,5.316374039999951,5.704413314012503,0.9832,0.9915,0.9953,0.9952,0.7826965808409193,0.7759767278326639,0.6951900852060808,0.7820961889589468,0.9906,0.995,0.9965,0.9965,17.541257879749608,17.391345492312844,14.46201285978923,17.56968674444015,0.9847,0.9915,0.994,0.994,12.168450984090972,12.117421959463623,9.272424108539784,12.173162174774813
390,0.9863,0.9923,0.9897,0.991,5.025347706587167,5.238279417467073,4.861262512130139,5.092326581220924,0.9833,0.9871,0.9929,0.9928,22.852506973411653,22.92766534862488,21.46089439265953,22.86594885109277,0.966,0.9709,0.9829,0.983,3.4553214503226224,3.3003329691060004,3.2318604825440564,3.466168643072636,0.9902,0.9959,0.9967,0.9967,15.333389633972525,15.301947751106832,11.011852105773272,15.327197642889764,0.9875,0.9919,0.9891,0.9896,6.251502419914512,6.590935690216966,6.065567149943608,6.26338704650315,0.9812,0.9997,0.9996,0.9996,13.28266579268814,13.178622886136388,12.150479182120383,13.297615277439796,0.9785,0.9878,0.9951,0.9951,0.7871443755085641,0.7749113931911328,0.7219924759267733,0.7856443410098284,0.9659,0.9738,0.9945,0.9945,15.981540655679408,15.6936707656074,14.94618712471925,15.989338114387872,0.9827,0.9934,0.9948,0.9948,12.841348131744043,12.817488203573737,9.762205488897248,12.841738115170998
391,0.9638,0.9665,0.9764,0.9755,4.878011859478487,4.744809855269594,4.568566941045388,4.85994997603662,0.9708,0.9808,0.9793,0.9798,20.013572767925965,20.28674645556802,18.907046864013456,20.10011442601232,0.978,0.9896,0.989,0.9891,3.85751495896147,3.922456790054846,3.453939968225489,3.857866998737357,0.9782,0.9853,0.9899,0.9901,9.959674322131065,9.90374646264869,9.667819018643597,10.002616633646916,0.9779,0.9829,0.9867,0.9863,6.762161321165342,6.935727628979761,5.986188129922477,6.759923937085736,0.9794,0.9858,0.996,0.996,8.563814692580861,8.464946811759836,7.6958999634917316,8.576084045695533,0.9774,0.9821,0.9855,0.9855,0.6728237489148392,0.6497838668636943,0.644286022109146,0.6733089280184894,0.9893,0.9906,0.9959,0.996,16.62113864919654,16.24812286728039,15.843655244237466,16.699442245310745,0.9844,0.9942,0.9985,0.9985,25.18360523501105,25.066700176207146,21.756894312858517,25.193455291649485
392,0.9411,0.9459,0.9571,0.9559,4.205262852548117,4.118545885242022,3.9914004476956624,4.206305801244962,0.9758,0.9836,0.9885,0.9879,22.368445878193658,22.830048329753065,20.758154582666027,22.34386408592432,0.9529,0.9687,0.9845,0.9846,3.463536122654069,3.492708134725966,3.17862979311387,3.472645776114628,0.9512,0.9547,0.9892,0.9892,9.431905706386036,9.412425149861608,8.938994001555804,9.428154301314382,0.9962,0.9977,0.9972,0.9972,8.357787305370236,8.85969677746773,7.447627063386246,8.382311852543307,0.9553,0.9591,0.9806,0.9806,5.828267063436035,5.751350217299617,5.427474112288109,5.837106414730925,0.9669,0.9754,0.9838,0.9836,0.6771721999598757,0.6631504606290644,0.6192863726987394,0.6753859716682082,0.9577,0.9664,0.9779,0.9787,11.798714084948193,11.613723249410254,11.00150161834116,11.860406897171709,0.9809,0.9935,0.9973,0.9973,19.36225087932042,19.293948721231903,14.731722918785024,19.357743514828407
393,0.9802,0.9935,0.9927,0.9922,5.15534687397699,5.3507430782908845,4.637931472153404,5.1457594981973305,0.9817,0.987,0.991,0.9912,22.490703350347214,22.82139277162017,20.92587047057673,22.61607053692682,0.9924,0.9929,0.9946,0.9946,4.539790025524745,4.4480877005195545,4.349018692429585,4.536015414887936,0.9891,0.9926,0.9963,0.9963,14.77590562120358,14.557561339198053,14.351003430977457,14.799796335805702,0.9796,0.9861,0.9863,0.9861,5.884827556410368,5.932567487216572,5.506980767079911,5.868723262668578,0.9804,0.9837,0.9954,0.9954,8.295998461250086,8.198388936078343,7.871435172787448,8.314379425118744,0.9551,0.9637,0.9856,0.9856,0.6725841482379141,0.6622552039118405,0.63470940724024,0.67230496295102,0.9578,0.9672,0.998,0.998,18.782849434254917,18.751580541292917,16.18639342281939,18.79791332282875,0.9751,0.9777,0.9831,0.9832,6.780805430995439,6.707878087067318,6.556665427445233,6.789779092837346
394,0.9756,0.9848,0.9834,0.9834,4.88233632027764,5.0631613861877245,4.620374492133914,4.926802278393174,0.9758,0.9798,0.9958,0.996,24.51260392764157,24.38674082129171,22.0717182349162,24.562606195716945,0.9559,0.9722,0.9751,0.9751,3.1209835980906604,3.171394151896201,2.877269630594744,3.1174143741425056,0.9733,0.9803,0.9899,0.9899,9.875923944650635,9.880185475303453,9.257792311178784,9.87743719322217,0.9884,0.9948,0.9915,0.9913,6.464043291401067,6.959800373838007,6.05179648888657,6.484506473592987,0.9931,0.995,0.9984,0.9984,11.125734838230436,11.008924667187252,8.86102651286419,11.13667179305679,0.9747,0.9814,0.9953,0.9953,0.7823326701045343,0.7727143931909705,0.6957962599750291,0.78122676401255,0.9773,0.9843,0.9925,0.9926,14.86277039662122,14.727218733445977,13.31485890951868,14.866825757699866,0.9579,0.9659,0.9734,0.9734,5.275054805221141,5.17068573199363,5.135263812183665,5.279123853390375
395,0.9773,0.9859,0.985,0.9842,4.775524820614548,4.843695436472362,4.540586912655558,4.745312955613387,0.9795,0.983,0.9957,0.9959,33.23360945218829,33.381694193165046,27.26745294068968,33.24050355462298,0.9866,0.9928,0.9961,0.9962,4.8751483392164126,4.89839469248484,4.558416810535048,4.897448897092551,0.9734,0.982,0.9853,0.9854,8.678523953775176,8.635094067647492,8.377934293363337,8.703168884869145,0.9875,0.9894,0.9896,0.9894,6.366934690355535,6.3688072440225465,6.199191500197372,6.34759216103285,0.9791,0.9885,0.9989,0.9989,11.80127864241022,11.721400240817738,10.111070172624824,11.805583924169351,0.9813,0.9863,0.991,0.991,0.7402350892020406,0.7121872836342598,0.693517041338316,0.740148749877565,0.9708,0.9723,0.99,0.9902,13.907324483381624,13.431055496259653,13.329252663249354,13.94502723961702,0.9766,0.9886,0.9962,0.9962,15.227330147053808,15.157277726512865,14.54035646793296,15.229101805387243
396,0.9817,0.9847,0.9912,0.991,5.178592854462402,4.931493888079195,4.704414974458437,5.16920521929605,0.9865,0.9917,0.9956,0.9953,24.344139728987265,23.489642096649906,22.902753031986705,24.23192882101877,0.9431,0.9488,0.957,0.958,2.781908808319088,2.7252986322783244,2.616637373738223,2.807647380708256,0.9909,0.9961,0.9966,0.9967,15.1303486898743,15.113376610013368,12.379415491874592,15.128078849358255,0.979,0.9821,0.9804,0.9802,5.661372414435036,5.718413665715831,5.562803296395206,5.648104511538221,0.9872,0.9969,0.9996,0.9996,13.329946027525056,13.178613127335906,12.472722638910769,13.354871594615036,0.9727,0.9788,0.9896,0.9894,0.7117752835072162,0.6961211666524779,0.6636085907371432,0.7091895022312906,0.9947,0.9991,0.9988,0.9988,20.71054215964931,20.49917602196693,17.609142390346136,20.74688070155861,0.9808,0.9824,0.989,0.989,9.027309204672186,8.983135704908593,8.642276743551276,9.033290962384807
397,0.9794,0.9863,0.9848,0.9845,5.868300887497607,5.911590346395967,5.758506218370975,5.860422933350302,0.985,0.9916,0.9918,0.991,26.133585687847805,27.03232957387829,23.05200782103052,26.025888922085105,0.981,0.9865,0.9911,0.9912,4.097076380384698,4.086369447890864,3.7621776022856586,4.109992165649528,0.9773,0.9802,0.9827,0.9827,8.280587162750994,8.230119102918716,7.730244499690443,8.279442244974348,0.9511,0.9707,0.9672,0.9672,5.310099327199806,5.4976468829333545,4.957673761733433,5.298080073349918,0.9383,0.9433,0.9725,0.9725,5.143176521998565,5.080061658614222,4.911066135340134,5.14971112291929,0.9709,0.9786,0.9801,0.9799,0.654352155634587,0.6237592683768785,0.6086489165583145,0.6531500117130666,0.9587,0.9619,0.9696,0.9697,10.753979370420076,10.29468126720203,10.181298829301962,10.771225030084013,0.9509,0.965,0.985,0.985,7.42402784437084,7.403334869669679,5.7680438372933605,7.4258021339449
398,0.9641,0.9743,0.9725,0.9719,4.407388190263706,4.453846926022988,4.157063756184384,4.390215979590142,0.9713,0.9717,0.9789,0.9792,20.25378840102408,18.829858630007624,18.72445218984969,20.30193589856672,0.9871,0.9941,0.9924,0.9924,4.171689711633612,4.257754485602753,3.6609828504849498,4.168084452523593,0.9754,0.9866,0.9868,0.987,9.12996046523344,9.140353400823525,8.05103944182483,9.144153694147647,0.9879,0.9905,0.9903,0.9901,7.017357075746119,7.274284134370232,6.376721917998008,7.0614759584920535,0.9533,0.9596,0.9603,0.9605,4.475623414865663,4.322719434147382,4.2911273961050185,4.484067721200748,0.9717,0.9813,0.9938,0.9937,0.7580007082952902,0.752913304268913,0.6746332806721873,0.7570716358456862,0.9824,0.9839,0.9913,0.9914,14.619852406028162,14.303680220906354,13.943084094445316,14.700613524759303,0.9277,0.9303,0.955,0.9557,3.8202195489552926,3.749248622879744,3.651828554163724,3.844059955238672
399,0.973,0.9849,0.9812,0.9817,4.649369913548511,4.790068397396506,4.415413544499244,4.682278050476564,0.9458,0.9589,0.9765,0.9764,19.86353248320229,19.18166194753543,18.190643867629813,19.896539245954497,0.9518,0.9665,0.9806,0.9807,3.274331984280252,3.283559467451472,2.961143741680888,3.2798754309080147,0.9905,0.9942,0.9948,0.9949,12.516691441177429,12.24652725158952,12.17080204968108,12.546542608892649,0.9643,0.9853,0.9749,0.976,5.294463754723832,5.802195154353772,4.912469618390768,5.331510241010147,0.9725,0.9827,0.9911,0.9911,7.263301692264119,7.151189274421672,6.819960859842221,7.272488225147354,0.9818,0.9921,0.9916,0.9912,0.7462891357486827,0.7243146865934771,0.6974115154276942,0.7446629470620713,0.9672,0.9731,0.9751,0.9751,11.19227010057945,11.132076943306355,10.477029672143708,11.198025217510915,0.9635,0.9752,0.9793,0.9794,6.112576026118655,6.085611980193591,5.1367354885486,6.115542329665679
400,0.9854,0.9896,0.9893,0.9895,5.028088930812281,5.105442712844463,4.81754726968887,5.075174933530118,0.9769,0.987,0.9858,0.9866,21.1617072942695,21.467309542597256,19.963730772173477,21.31091099672809,0.9852,0.9892,0.993,0.993,4.230002982740511,4.167857251903289,4.063945648235941,4.22792031708509,0.9701,0.9812,0.9929,0.9929,11.251131989390784,11.208116636994628,8.458141370582739,11.252237515464596,0.9809,0.984,0.9888,0.9882,6.918582397947535,6.968378327811721,5.898302123451437,6.89215018189828,0.9721,0.9824,0.9926,0.9926,7.47206256534337,7.399435427123,5.9124677181297205,7.4841829999531875,0.9632,0.9676,0.9759,0.9753,0.6310226357065918,0.6009870476094489,0.5889653546753102,0.6280316386706675,0.9672,0.9724,0.9821,0.9827,12.277069932214982,11.99734829020751,11.608988463590867,12.34606535682559,0.9593,0.9605,0.9766,0.9768,5.659897136220275,5.580908230919793,5.461903482597414,5.675205593292288
401,0.9682,0.9752,0.9792,0.9789,4.601255212165539,4.474150275469439,4.275125577622429,4.589948787268842,0.9638,0.9706,0.9787,0.9784,20.347235411488885,20.203466422368525,19.433566573348635,20.349660928319924,0.9606,0.9696,0.9797,0.9797,3.2798166077608126,3.168084784976023,3.1314330552698517,3.277072815714718,0.9611,0.9635,0.9788,0.9788,7.432184476115004,7.427742110172967,7.042608666083241,7.434834630695839,0.9856,0.9876,0.9862,0.9863,5.885890959092563,5.984134483556271,5.847660579658154,5.875735496744792,0.9309,0.9386,0.9454,0.9457,3.89270204106909,3.727020493932213,3.685787385470496,3.907958753179169,0.9837,0.9859,0.9901,0.9901,0.722970318906321,0.6905763139314829,0.6802355279186103,0.7216512448968967,0.9783,0.9906,0.9935,0.9936,15.334604252002125,15.203878127261238,14.194053174332195,15.354789053968682,0.9954,0.9962,0.9998,0.9998,58.90743013680272,58.65612181807138,46.25095791048386,58.91535953747472
402,0.9924,0.9946,0.9956,0.9958,5.75149875392124,5.942215739175914,5.267856477836196,5.72179716574867,0.9802,0.9849,0.9823,0.9829,20.856168360685597,21.02829337917549,20.26758542796752,20.91150104833938,0.9804,0.9903,0.9904,0.9906,4.00557524140191,4.0297932386458575,3.727583265616713,4.015091116512687,0.9565,0.9616,0.9943,0.9943,12.222487735526324,12.129340036434304,10.057318802357052,12.240292994001171,0.9854,0.9878,0.9869,0.9868,5.945871947053284,6.010963901518668,5.828530451142735,5.966950304792254,0.9863,0.9891,0.9954,0.9954,8.305989523826359,8.241359431900179,7.882244683416163,8.31203250442469,0.9649,0.9704,0.9937,0.9937,0.767233538042436,0.7493215977057948,0.71811737760562,0.7671202942853286,0.9774,0.9805,0.9898,0.9898,14.097366903821294,13.54000577245906,13.327979984621049,14.140276545745204,0.9368,0.946,0.9667,0.9667,4.638405672286031,4.592171948923648,4.093406377550217,4.645428846692831
403,0.9349,0.9467,0.9517,0.951,3.9002944166432023,3.829327168242146,3.660477285594843,3.887121224398939,0.9877,0.9908,0.9975,0.9975,26.72197949332454,26.893813234889443,23.91834912672853,26.90096036483039,0.9232,0.9609,0.9886,0.9866,4.052022227436596,4.107099741616906,3.63941026567661,4.046148314032828,0.9691,0.9806,0.9899,0.9899,9.933674118625628,9.881578001291054,8.687646235008307,9.951093988294485,0.9368,0.9543,0.9448,0.9451,4.388266531037358,4.598462722325124,4.236044264920819,4.397909661923089,0.9672,0.9749,0.9773,0.9774,5.510589476790935,5.436137759898714,5.026997553879266,5.517619137512722,0.9671,0.9737,0.9872,0.9868,0.6982437057633253,0.6569781026679302,0.6486498392744888,0.6949409207063098,0.9454,0.9591,0.9786,0.9787,11.650317614211524,11.542023924547909,10.132477056530249,11.66911654768096,0.9534,0.9652,0.9682,0.9682,4.7322346436410685,4.708129789774473,4.120725107980957,4.730928069588401
404,0.9764,0.9816,0.984,0.9842,4.825406585709352,4.771831082499905,4.544703885692928,4.822001690129822,0.9852,0.9888,0.9964,0.9961,28.767521511389567,28.61409887303347,27.736594926327385,28.81753128926181,0.9742,0.9812,0.9833,0.9834,3.508297235714442,3.5112305564335555,3.263446408011948,3.516693411606384,0.966,0.9718,0.9969,0.9969,15.31244627733924,15.205480818913353,12.134672040086716,15.34180560918942,0.9878,0.9919,0.9899,0.99,6.300843286894272,6.543249014901878,6.0122837678841465,6.266651588623027,0.981,0.995,0.9986,0.9986,11.163686511283023,11.05323507299176,9.950398549570677,11.184370576163856,0.9759,0.9859,0.9971,0.997,0.8185200534288966,0.8089878463115443,0.7079204428923506,0.8182272980665006,0.9797,0.985,0.991,0.9912,14.476490045133245,14.276821280222958,13.382635162721668,14.529188404078152,0.9579,0.9699,0.9721,0.9722,5.153396864916719,5.107014545225114,4.721542573617029,5.157302505128017
405,0.9882,0.9917,0.9898,0.9902,5.205012671112469,5.344929154062996,5.08577000730376,5.220125967037248,0.9335,0.9476,0.9562,0.9594,17.12968271304932,16.950544631079453,15.791856946949393,17.45629208524977,0.9806,0.9948,0.9983,0.9983,5.658834250986648,5.720041582073447,5.134783259349506,5.651198874909901,0.9464,0.9475,0.9891,0.9891,9.42282147198589,9.158489828171852,9.156058855371834,9.41540744385847,0.9738,0.9838,0.9774,0.977,5.801655753148854,6.006479112260336,5.681857470936991,5.801754953454195,0.986,0.9946,0.9974,0.9974,9.369912042677976,9.27796655336416,7.882160209505696,9.383892060098264,0.9664,0.9715,0.9931,0.993,0.761866585599207,0.7504498768014572,0.7044069196683558,0.7599542915833505,0.9741,0.982,0.9902,0.9903,14.06374318949629,13.896870651129584,13.090541189680982,14.089295505885332,0.957,0.9842,0.9919,0.9919,10.190091253303908,10.15026149337148,8.300166688208568,10.20427089594696
406,0.9802,0.9909,0.9884,0.9875,5.739636651051695,6.074297011716332,5.160389340272811,5.731054458601664,0.9694,0.9771,0.9739,0.9763,19.336903254180765,19.51608069902926,18.420522928592177,19.60928006806379,0.9782,0.9819,0.9989,0.9989,6.01820466979116,6.021398037608713,5.59148388031631,6.023361004152338,0.9788,0.9855,0.9937,0.9938,11.698694518712069,11.63495237888434,11.307221097343666,11.714275697755458,0.9698,0.9787,0.9757,0.976,5.335489425558087,5.538319290250442,5.121792042690847,5.354217425087927,0.9837,0.9893,0.994,0.994,7.919544585630788,7.828568464680944,6.774597947227195,7.939239069611631,0.9742,0.9765,0.9822,0.9821,0.6673548988104492,0.61448803688822,0.6107643377312687,0.6655043543889534,0.9476,0.9712,0.9961,0.9961,16.4252328747969,16.399090443477,14.122076482578962,16.47001388802352,0.9845,0.9895,0.9983,0.9983,22.974626825425823,22.85563521375473,18.04730619347064,22.977959874157275
407,0.9819,0.9903,0.986,0.9861,4.904789888805267,5.155608049754322,4.676140530706219,4.887010864541471,0.9486,0.9522,0.9826,0.9819,21.245578643808955,20.547216755959678,19.7580790558201,21.28226012311232,0.9423,0.9426,0.9735,0.9735,3.0643570489354035,2.9076817210016537,2.9059719822625856,3.0584583920645594,0.9742,0.9824,0.9908,0.9908,10.275616925600822,10.24439262504299,8.32999814047793,10.266894852335431,0.9713,0.9756,0.9749,0.9752,5.31413851140654,5.349953476336734,5.168661638415268,5.3271467084874455,0.9641,0.9698,0.971,0.9711,5.09802868127957,4.9423302350999085,4.893478695966159,5.112063180446228,0.9641,0.9725,0.9924,0.9924,0.7471911718451536,0.7220057572725445,0.7062970721317495,0.746769766763174,0.9454,0.9568,0.9521,0.9526,9.463681177332855,9.417125441919875,8.835730750238044,9.473290796696826,0.9924,0.997,0.9987,0.9987,25.39261800083584,25.315453215917348,15.426553306792528,25.391162976693703
408,0.991,0.9959,0.9938,0.9941,5.297185750036643,5.520156571681733,5.099438016726831,5.322651082623137,0.9796,0.9842,0.9863,0.9864,21.458534127266628,21.801076938757195,20.678957160627174,21.658508350618803,0.9804,0.9882,0.9973,0.9973,5.243756722568757,5.244690442400256,4.339401069420788,5.241100880361705,0.981,0.9873,0.996,0.996,14.125712426449796,14.136081989829446,11.015083955301266,14.111567673183051,0.9938,0.9956,0.9945,0.9943,7.422958658309103,7.758759641700574,7.116467755169027,7.438080041702398,0.9916,0.9965,0.9985,0.9986,11.10980077317886,11.015005663703212,9.57657068949218,11.127099632180666,0.9605,0.9673,0.9728,0.9724,0.6307144903848316,0.6027966404522861,0.5813870160267904,0.6278605499130816,0.9762,0.9783,0.9941,0.9941,15.639351594640836,15.395246609657988,14.952344090425257,15.721074767203511,0.9432,0.964,0.9907,0.9908,9.591232576884565,9.427304279284618,9.385880721410947,9.602940048737024
409,0.9669,0.9757,0.9737,0.9736,4.445269240599439,4.488085188481844,4.252747424600383,4.443504133509818,0.9688,0.9699,0.9928,0.9927,26.057119597029825,25.92222329698222,24.277934076707005,26.081643704136795,0.945,0.9595,0.9762,0.9769,3.1452784035593355,3.1111912110194115,2.937025753091344,3.180781632839829,0.9606,0.9643,0.9943,0.9943,12.128126335756404,12.132755585057708,11.233018966989937,12.124444714740452,0.9563,0.9633,0.9614,0.9607,4.846850513833598,4.958229390764801,4.680041153853761,4.8423058234591245,0.9767,0.9948,0.9945,0.9947,8.085215192442934,7.986794500274885,7.380537423387167,8.095098685522036,0.9636,0.9706,0.9822,0.9818,0.6552387832972848,0.6311769371899625,0.6162845045533307,0.6528916011970989,0.9806,0.9938,0.9992,0.9992,21.530599687774508,21.358472418802343,16.695614955185654,21.552969249694154,0.9709,0.9838,0.984,0.984,6.981139772566781,6.968182702093792,4.958036027531116,6.984336179580592
410,0.9548,0.9672,0.9688,0.9683,4.297925199029086,4.2877281970133225,3.9960369336392247,4.277910928298153,0.9854,0.9877,0.993,0.9929,23.20735168168065,22.90304648801371,22.00000865410261,23.18856193960517,0.9774,0.9957,0.9984,0.9984,5.648738689574588,5.72498146120348,5.156414943243824,5.647775604414482,0.9891,0.9917,0.9998,0.9998,30.1872148221101,30.055170448479156,24.43377237307521,30.193530035145965,0.9593,0.9634,0.9656,0.9653,5.092057097181229,5.10915844778298,4.942161389111937,5.092758810875084,0.977,0.9892,0.989,0.989,6.789297359597708,6.561644992806195,6.54426007920932,6.793287839175351,0.9265,0.9347,0.972,0.9717,0.6188007821634698,0.5652687707533203,0.5631918584596991,0.6151036402994756,0.9655,0.9747,0.9862,0.9863,12.8962228567736,12.853118568669968,11.74580882372366,12.97863946617475,0.993,0.9979,0.9988,0.9988,30.30901859293372,30.20826740900876,18.04781137445607,30.312022945221432
411,0.9689,0.9756,0.9778,0.9779,4.663893886468978,4.579874879106669,4.45049372037168,4.6541503407513005,0.9703,0.9785,0.9778,0.9787,20.15647484281256,19.802019229810355,18.54969611420749,20.278644392522263,0.9799,0.9852,0.9973,0.9973,5.198076846655174,5.179875694315095,4.081569671792297,5.195754841546953,0.952,0.9601,0.9879,0.9879,9.202641240757282,9.158739538864385,8.026039586660398,9.210734036041751,0.9865,0.9919,0.9886,0.9891,6.200239125176738,6.558562694364213,5.939460408227539,6.209601603944338,0.9955,0.9976,0.9974,0.9974,9.498838222373,9.37908831159688,8.231724608517707,9.518026864270109,0.9889,0.9949,0.9953,0.9951,0.7922388317277029,0.7805058883780519,0.709887848333446,0.7897572609683852,0.9941,0.9957,0.9992,0.9992,21.444248089521476,21.364675863196368,18.968279769918656,21.445509813660458,0.9744,0.9806,0.9837,0.9837,6.863176761635248,6.838821599776271,5.8513248075218325,6.86559708904106
412,0.9729,0.9809,0.9764,0.9768,4.516730965075597,4.674167374460582,4.4097416494489785,4.527523320711604,0.9795,0.9878,0.9924,0.9924,22.709397596935688,22.984854642217407,21.29193692851602,22.82431850327831,0.9868,0.9917,0.9982,0.9982,5.561003252594041,5.581650792683687,4.7773935992189696,5.551594848088737,0.9652,0.9692,0.9868,0.9868,8.98493662577786,8.739609330821402,8.727204073760557,8.989173050498147,0.9339,0.9491,0.9456,0.9454,4.593477291990753,4.667080189006459,4.386226158108414,4.581891906386682,0.9741,0.9782,0.9903,0.9903,7.084315603302236,6.963377798168731,6.437970603709509,7.091091993130011,0.948,0.9537,0.9836,0.9836,0.6627599627052133,0.6417826869741794,0.624445305889106,0.6625067732761183,0.9667,0.9762,0.9843,0.9847,12.534474074218409,12.40939294730211,11.472173985481689,12.541262364966933,0.9621,0.9646,0.989,0.9891,9.046333296350284,8.974385375281532,7.954503006738332,9.056723830413702
413,0.9595,0.9682,0.9732,0.9732,4.618831672681113,4.478317269760406,4.319596622483953,4.624515098640217,0.972,0.9747,0.986,0.9858,21.090053932389115,19.94812982411632,19.73352667479725,21.064248601944463,0.9688,0.9753,0.9984,0.9985,5.639799272270747,5.652691566879276,4.8689246029446105,5.648164055852396,0.9925,0.997,0.9996,0.9996,25.302198627568764,25.284826222305355,17.609276885849198,25.30412736061228,0.9804,0.9874,0.9836,0.984,5.994316298975633,6.322795409210805,5.837894890803612,6.013280433661066,0.9551,0.9625,0.9735,0.9736,5.220899623374711,5.1437845311389525,5.01489350253855,5.228948808561512,0.9373,0.9406,0.9966,0.9965,0.7926881026482947,0.7626026952521879,0.7478389141366544,0.7918797845828289,0.9902,0.9935,0.9988,0.9988,20.61447551807572,20.48273319475412,17.96975270246285,20.64078581451459,0.9973,0.999,0.999,0.999,31.97318678933833,31.86748736472384,21.817104467076977,31.974009369396285
414,0.9774,0.9839,0.9851,0.9843,4.848340089092289,4.765540094931395,4.566818164558228,4.847841659631461,0.9767,0.9791,0.9886,0.989,21.854221285075702,20.71955363528246,20.344391933119923,21.846707159055164,0.9886,0.9979,0.9974,0.9974,5.2386021696505205,5.30651495015637,4.191371632350928,5.242281876431079,0.9689,0.9755,0.9984,0.9984,17.15500896907029,17.158828862398153,13.3156500790295,17.162188271686368,0.9888,0.9904,0.9906,0.9907,6.420095815775406,6.565884140282442,6.244206466917257,6.4616257851164445,0.9812,0.9873,0.9996,0.9996,13.267303657833532,13.17843065512309,9.485852453796213,13.284526612891614,0.9777,0.9867,0.9903,0.9903,0.7321669206038255,0.7249149277070297,0.6603334875727216,0.733726283093563,0.9754,0.9852,0.9941,0.9941,15.562901188224297,15.390567092014631,14.835961480502249,15.611688390453216,0.973,0.9774,0.9835,0.9836,6.89010480265972,6.8366534623003785,6.085735643264978,6.901058628329487
415,0.9709,0.9759,0.9798,0.9794,4.625901001975602,4.497607659201783,4.3537524414616495,4.613494968207448,0.925,0.9276,0.95,0.9516,16.669761939616397,15.02498698910249,14.89073382849836,16.775430411582704,0.9834,0.9894,0.9962,0.9962,4.878987299666943,4.870241452153,4.03568274772456,4.882918416121297,0.9722,0.9849,0.9852,0.9853,8.694787312816759,8.721241502748388,7.921871690827229,8.71199743248567,0.9967,0.9989,0.9982,0.9982,8.289520502608838,8.937268918736283,7.493028242060589,8.28248573796158,0.9615,0.9785,0.9777,0.9778,5.539215406368221,5.469430863824161,5.205691925161407,5.55087029264096,0.9769,0.982,0.9924,0.9923,0.7482098355919462,0.7395486463517513,0.6787435000545293,0.7461692802333898,0.9776,0.9821,0.9939,0.994,15.544729484525712,15.40132740186863,13.914058429506731,15.56355175372414,0.9699,0.9799,0.9952,0.9952,13.122502166211984,13.062354196789386,9.309691866826835,13.137316329852869
416,0.9783,0.987,0.9834,0.9847,4.732431812528724,4.8675390852277,4.568349002727457,4.776010224424269,0.9899,0.9976,0.9953,0.9947,24.849214459665184,26.431691717889127,24.062596255563378,24.95871643281697,0.9725,0.9834,0.9823,0.9826,3.453065262392513,3.493762051993333,3.173269675035613,3.457853780499833,0.9768,0.9809,0.9967,0.9967,15.042748589648475,15.03515511686576,11.967040138622531,15.039048367058609,0.9934,0.9967,0.9948,0.9957,7.36427139449214,7.893364827059276,6.740368715191218,7.426561627916962,0.96,0.9693,0.9696,0.9696,4.9936027453543606,4.918215915763128,4.6183772446017,4.996009802753397,0.9798,0.9906,0.9944,0.9942,0.7677922147761813,0.7456235957967803,0.7254578729015404,0.7654220819197475,0.8835,0.8991,0.9515,0.9521,9.391868614986535,9.20853312634726,8.385366270257515,9.419257665223522,0.9626,0.9647,0.9999,0.9999,140.37259026129124,139.86934059393008,80.62392285572923,140.42287347835273
417,0.975,0.982,0.9809,0.9815,5.37790771669217,5.688748849123728,4.921434984384913,5.3890679595923245,0.9755,0.9792,0.985,0.985,21.478987788293157,21.12774136952372,20.64101278127485,21.565193138448222,0.9775,0.9937,0.9995,0.9995,6.77922630557235,6.821905832489252,5.343693906578477,6.768400407366563,0.9767,0.9819,0.9854,0.9854,8.702772273928751,8.715637451713018,7.938192146080408,8.700237856423973,0.9801,0.9886,0.9847,0.9859,5.784428878107467,6.054078944275551,5.485013618799197,5.842735468590367,0.9842,0.9857,0.9864,0.9865,6.533830718740748,6.387816997529831,6.256690556892236,6.563197245455652,0.9696,0.9761,0.9902,0.9902,0.7211610318382145,0.7113780168690935,0.6701829188862167,0.7219614155514781,0.9813,0.9879,0.9912,0.9913,14.414922793765497,14.203267993914505,13.88127542910119,14.482125379903772,0.9712,0.9763,0.9946,0.9946,12.618162500749191,12.55761107569956,9.387493351699788,12.622986132631729
418,0.9822,0.9842,0.9892,0.9896,5.153393368089926,5.1959230068688775,4.869131455445608,5.1486592485297695,0.9663,0.9697,0.9876,0.9878,22.65109655753678,22.521317804715213,21.1429257082348,22.9223003562091,0.9809,0.9892,0.9911,0.9911,4.087651708072998,4.071772869018529,3.611334184078412,4.0826940600960455,0.9832,0.9851,0.9871,0.9873,9.056367084543975,8.965434699177154,8.82563864265448,9.06965643937977,0.9841,0.9853,0.9873,0.9869,7.183790846675798,7.4405742502357795,6.927412167042057,7.203697837386816,0.9777,0.9858,0.9854,0.9854,6.333956201317491,6.23878566471195,5.928482256592469,6.35026014348762,0.9668,0.9737,0.9841,0.9836,0.6716208084103692,0.6506968937795476,0.6223954924079564,0.668530660761983,0.9935,0.9949,0.9944,0.9945,16.078519410219144,15.60663383059894,15.048062536980066,16.117423303380107,0.9486,0.9509,0.9976,0.9976,20.84449368796504,20.71413416116148,20.028458788442997,20.861738449640068
419,0.9281,0.9304,0.9559,0.9567,4.047427362258569,3.684101512443585,3.63764229109552,4.069701587523364,0.9696,0.9734,0.9899,0.9885,22.39048341640081,21.218601739223576,20.89372789480118,22.35004484295069,0.9485,0.9587,0.9658,0.9663,2.936831715237046,2.8415196824973536,2.7695432942820823,2.945429283655868,0.9807,0.9867,0.9877,0.9879,9.159823966948316,9.166606563315002,8.839446100439826,9.170284159084996,0.9775,0.9804,0.979,0.9786,5.561537600091327,5.753004365485228,5.461745492141368,5.551466450396136,0.9869,0.998,0.9993,0.9993,12.351088224043124,12.249651387817291,8.980112465190787,12.36508751771584,0.9754,0.9947,0.9972,0.9972,0.8076928356089026,0.7985092141847367,0.7697066564530883,0.8053083386821311,0.9828,0.9912,0.9932,0.9932,15.076333077181888,14.973963936786156,12.825646651947553,15.084921649724643,0.9725,0.9789,0.9831,0.9831,6.713136573341142,6.680892112904251,6.041040086484227,6.725676330817109
420,0.9843,0.9936,0.9894,0.9893,5.071306795464547,5.293226136883569,4.84199131529474,5.067652429954654,0.9976,0.9992,0.9997,0.9997,33.14273807768709,33.78570358963164,27.31331898133327,33.04589720032389,0.9834,0.9887,0.9908,0.991,4.097353248695972,3.942389411863099,3.8496472706399936,4.111034139227842,0.9644,0.9717,0.9826,0.9826,8.195923336498891,8.148836357928062,7.828770953384405,8.201326282374211,0.9917,0.998,0.9966,0.9965,7.700064860731995,8.201457789367222,7.032965324839385,7.708310295139912,0.9954,0.9986,0.9991,0.9991,12.085972871459685,11.936544866123704,10.32522022616877,12.099392343838767,0.9744,0.9835,0.9923,0.9923,0.7523004609519537,0.729463561843559,0.7016779639526112,0.7511294375582327,0.9756,0.9866,0.9859,0.986,12.765706147862444,12.690380379276878,12.098620295355124,12.78490684119514,0.9712,0.9796,0.9848,0.9848,7.3736706409396,7.335545116607058,6.802711045206298,7.376750139226707
421,0.9618,0.9698,0.9703,0.9722,4.386000309244121,4.435178302477666,4.180358882670385,4.445792839533485,0.9736,0.9825,0.9847,0.9853,22.34148881489534,22.480406531995914,21.62754185481049,22.43632633470637,0.9834,0.9874,0.9951,0.9951,4.673804056710562,4.698959878730298,4.315364527528423,4.671818181360395,0.9554,0.9627,0.964,0.9641,5.990530799043824,5.8886773849040095,5.7234396975267865,6.010381384729014,0.9681,0.9737,0.974,0.9744,5.277765794178617,5.254995307750496,5.07683442226595,5.270361157593854,0.927,0.9319,0.9658,0.9662,4.801916091842324,4.7046758502565975,4.488517492225165,4.809869907416008,0.9528,0.9642,0.9929,0.9928,0.7510015447082077,0.7164799411621849,0.706808780500856,0.7508838774675863,0.9863,0.9919,0.9935,0.9936,15.347811494283809,15.238999413577195,13.693830901965898,15.366989823449993,0.9458,0.971,0.9848,0.9848,7.342647403986927,7.329701269193584,5.788239008302214,7.341796628268747
422,0.9758,0.9893,0.9865,0.9865,4.856973494337762,5.095853111224258,4.497173041864643,4.882112378962274,0.9569,0.9694,0.9638,0.9648,18.144537964396005,18.48323769540732,17.27932933811552,18.199359533489066,0.9829,0.994,0.9958,0.9959,4.765952446501169,4.806009543241554,3.966873030899265,4.761343619614932,0.9515,0.967,0.9873,0.9873,9.059432616561988,8.827850115958588,8.78524211327352,9.055754933238156,0.9855,0.9919,0.988,0.9881,6.42555399998699,6.886361388476662,6.005475805072171,6.460625827818172,0.97,0.9845,0.9954,0.9954,8.31006683822484,8.198416071600091,7.384933561156199,8.321388981786818,0.9558,0.9653,0.9856,0.9856,0.6653358409553984,0.6656580074403345,0.6172712398019954,0.6656978515480373,0.9622,0.964,0.9998,0.9998,32.29946552158992,32.2130466259651,24.069100098919343,32.32575852999612,0.9902,0.9929,0.9934,0.9934,11.405445984568567,11.324904513530624,10.891620535562373,11.408159158772964
423,0.9798,0.9846,0.9817,0.982,4.8306144903242085,4.970650241640994,4.733576665112876,4.835870515728587,0.9798,0.9865,0.9832,0.9848,21.03710386417575,21.25086643818588,20.080125304931293,21.279474181927405,0.9935,0.9994,0.9995,0.9995,6.812551240049529,6.862207660935216,4.997370973554444,6.806797457832386,0.9464,0.9551,0.9777,0.9777,7.211443434175824,7.211281822263682,6.73969410824234,7.200764344460451,0.9548,0.9593,0.9668,0.9672,5.400737232215178,5.286123869353774,5.147173549717583,5.398786038271108,0.9799,0.9969,0.9984,0.9984,10.960157150773725,10.864739925762,8.486073981860404,10.973515093892898,0.9863,0.9943,0.9947,0.9946,0.7818069447548488,0.752341717175931,0.7356266592235474,0.7812895375317452,0.9774,0.9838,0.9898,0.9898,13.762703779680043,13.74669517417098,12.725437873251236,13.769450830551794,0.97,0.9772,0.9787,0.9787,6.009466093340647,5.979957109859266,5.772654765750092,6.014430190658711
424,0.9905,0.9917,0.9921,0.9923,5.216704062820815,5.206022938316938,5.108479335070699,5.208053224825029,0.9847,0.9878,0.9901,0.9902,22.385330111078677,21.6669659184603,21.06035089670101,22.32818998961286,0.9802,0.9876,0.9973,0.9973,5.176019663808536,5.187911572997492,4.385802708293014,5.182812678821794,0.9916,0.9979,0.998,0.998,16.69160994109281,16.71649709511842,13.631442105642645,16.69034479868272,0.9846,0.99,0.9874,0.9878,6.026184673162098,6.35130108258166,5.75964899791137,6.031072031490398,0.98,0.9864,0.9879,0.9881,6.636468966138228,6.565123801618321,6.257635780166587,6.644579925050046,0.9582,0.9701,0.9827,0.9827,0.6629348564392599,0.6529441540666738,0.6135655038961695,0.6614023758515929,0.9859,0.9906,0.9932,0.9933,15.165860395015862,14.972922481755417,14.273480149360951,15.187189775492442,0.9874,0.9919,0.9919,0.9919,10.195058907380751,10.121810419809712,9.96450833241796,10.19874531615154
425,0.9843,0.9858,0.9882,0.9881,4.957713596794048,4.874124149401107,4.820694530707877,4.941466436420266,0.9809,0.9858,0.9857,0.9859,21.495100041911005,21.53143063138228,20.32645090264326,21.47033912748528,0.9799,0.9829,0.9929,0.993,4.223710049189603,4.171137717826083,4.0154657172901445,4.242437661490924,0.9634,0.9667,0.9785,0.9786,7.474563492867446,7.428357388346065,6.983830455795369,7.486621193100673,0.985,0.9886,0.9872,0.9875,5.946603587403089,6.144021962916156,5.792919104363037,5.96889401050918,0.9782,0.9845,0.9961,0.9961,8.67651920060975,8.578792460365628,7.114464267617149,8.689314609348873,0.9162,0.9257,0.9653,0.9648,0.5839864166302979,0.5596886222133735,0.5499861158086322,0.5820723495371289,0.9562,0.9631,0.9772,0.9772,11.61413131993148,11.479568825331745,10.88924353015662,11.6144912864126,0.9469,0.9579,0.967,0.967,4.586103113995648,4.5753572515109004,4.272541142397162,4.591365155638439
426,0.9761,0.9871,0.9862,0.9851,5.494545675392609,5.752846959286694,4.808799827048069,5.517961957819539,0.9869,0.9914,0.9947,0.9945,28.96496219439114,29.384947677350247,28.131414583283323,29.13175651048039,0.9895,0.9951,0.9989,0.9989,6.0557014224179095,6.079540691950092,4.801611761574313,6.05144090481595,0.9708,0.9815,0.997,0.997,15.43283261631247,15.407402772699456,12.29814105852164,15.43568535954545,0.991,0.9952,0.9922,0.9923,6.576168073231031,7.078912794229592,6.378355116089807,6.624141609021246,0.9958,0.998,0.9998,0.9998,13.819820075457638,13.700069068393177,10.566109613147589,13.84091317259431,0.9878,0.9888,0.9957,0.9955,0.7879826121275743,0.7550898972044185,0.7448702381420262,0.7861536560987562,0.9666,0.9791,0.9797,0.9798,11.859062780390383,11.780280323947176,10.983525389096656,11.862272655473603,0.976,0.9862,0.988,0.9881,8.367134490727272,8.318662545885736,7.131736838164793,8.376563941731382
427,0.9666,0.9777,0.9788,0.9786,4.619561334386532,4.545666928633974,4.299280234937141,4.621063789039356,0.9782,0.9829,0.9891,0.9896,21.842800077009013,21.72124488955297,20.521939502343155,21.96924365451532,0.9828,0.9858,0.9904,0.9906,4.033792474859828,3.9876887745037086,3.781977059003014,4.0434474241466845,0.9824,0.9908,0.9953,0.9953,13.06331759500409,13.053357984487908,10.7078696574922,13.059363029198758,0.9776,0.9824,0.9832,0.9823,5.865221909006752,5.86552132120554,5.605475638171809,5.855376113135484,0.9791,0.9814,0.9915,0.9915,7.30698982552147,7.140485917369594,6.995343088957893,7.340379955481086,0.9527,0.957,0.9618,0.9613,0.589891961497174,0.5610067052829977,0.5515261544418676,0.5867726036831018,0.9396,0.956,0.9692,0.9692,10.588114766000308,10.533818875867446,9.498531271405762,10.591206637317091,0.9855,0.9908,0.9979,0.9979,21.800885882302417,21.70924069761984,16.216937184499685,21.80046524885532
428,0.9753,0.9775,0.9824,0.9825,4.896123284138415,4.672452658299928,4.59568465758092,4.895508449388543,0.8958,0.926,0.9494,0.9492,24.485890348410383,24.253362898908858,23.30689626705868,24.54619816436557,0.9625,0.9751,0.9879,0.988,3.706828911819549,3.73287783788938,3.404255550296584,3.706091308829765,0.9637,0.9747,0.9987,0.9987,18.030738516134416,17.965042250933408,13.617086291820952,18.04437773091212,0.9669,0.9768,0.9739,0.9739,5.247474907364136,5.381530491478814,5.048304562259692,5.252169173849564,0.9663,0.9817,0.9857,0.9857,6.338525660643224,6.279150909820027,5.549767759878601,6.348433808451541,0.9731,0.9772,0.9824,0.9824,0.6585845055007828,0.6331517050509643,0.6269786217563278,0.6586194876783403,0.958,0.9686,0.9884,0.9884,13.745074707023749,13.024537440326224,12.81479139753264,13.743960283633957,0.9747,0.9764,0.9895,0.9895,9.278277759802124,9.20976545488301,8.644327957053072,9.284947884901165
429,0.9759,0.987,0.9834,0.9833,4.742066127944078,4.949145685696544,4.488382637981715,4.729207512619813,0.9761,0.9801,0.9841,0.9845,21.085140165734668,20.16308826863802,19.784613849781028,21.155016379414427,0.9691,0.9812,0.9862,0.9863,3.584705840462602,3.525918773520612,3.4321659490998493,3.603489840203861,0.966,0.9687,0.9852,0.9852,8.620871436105165,8.609720360624333,8.112474649335333,8.612372765112973,0.9553,0.9709,0.9656,0.9664,5.0486343626778805,5.290747103574728,4.776102244296197,5.112882942219944,0.9552,0.9683,0.9941,0.9941,7.926462285124691,7.864251895023559,6.763683600422393,7.934313559621533,0.9717,0.9837,0.9903,0.9903,0.727278958352776,0.7219470453152131,0.640170134629191,0.7263232495908681,0.947,0.9539,0.9582,0.9587,10.054950479303647,9.371464010166928,9.286552670288382,10.084719217381975,0.9886,0.9915,0.9958,0.9958,13.81125021424861,13.74529875074898,12.025877673898377,13.823672115680576
430,0.9868,0.9902,0.9901,0.9901,5.056030783656919,5.062194001269464,4.938450380775098,5.053788061242591,0.9452,0.9662,0.971,0.9705,18.889345698780676,19.203355735825145,17.0798369308122,18.89731353136134,0.9808,0.9855,0.9984,0.9984,5.73390188241335,5.685625606100737,5.010331721348825,5.743812365484145,0.9861,0.9902,0.9981,0.9981,16.92749157592514,16.880412428022144,12.95353366733214,16.926783731513993,0.9909,0.9941,0.9925,0.9926,6.559905011611811,6.827817579399339,6.367609976779628,6.5934010772415785,0.9873,0.9984,0.9998,0.9998,13.803122765757353,13.70006972345664,11.493044644697044,13.818580853436703,0.9734,0.9772,0.9979,0.9979,0.8274414188120917,0.8206322964801177,0.7722013032259296,0.8263148184172525,0.9489,0.9549,0.9965,0.9965,17.19523145447342,17.151679944316044,16.06261141303836,17.19794781392798,0.9802,0.9937,0.9958,0.9958,13.773243957392094,13.746515115187629,12.37474561067507,13.77614123124648
431,0.9715,0.9815,0.9848,0.9844,4.833930282610214,4.893613145592366,4.38388933622312,4.8257607528513615,0.9861,0.995,0.9948,0.9949,24.27361950538466,24.129258385184357,22.653466745329823,24.301166487269715,0.9736,0.9817,0.9805,0.9809,3.3578485374268494,3.3315462619325693,3.172645922226462,3.3731054291341107,0.9858,0.9924,0.9925,0.9926,11.079043278332538,11.088520840339998,9.600000688019795,11.080703748792455,0.9417,0.9511,0.9515,0.9524,5.404270006502067,5.637163097910416,5.0733842678956105,5.373039160736749,0.9892,0.9944,0.9979,0.9979,10.042772564790226,9.90996771510506,8.39974248181281,10.062853304160424,0.9548,0.9659,0.9772,0.9771,0.6314353729106161,0.6271985942639285,0.5864257923636527,0.6298426779786933,0.9808,0.9915,0.9931,0.9932,15.119751296425914,14.97538266777526,12.086617950912446,15.213792229292304,0.9642,0.9677,0.9775,0.9775,5.807412714063814,5.777929290216812,5.607719412874609,5.816292786561243
432,0.9863,0.9897,0.9901,0.9897,5.034146440393318,5.020496145430275,4.829512860401879,5.019944679095827,0.9916,0.9948,0.9974,0.9972,34.34970564739161,35.26929989562335,29.269467860270023,34.331405318764894,0.9564,0.965,0.9645,0.9665,2.96398865078068,2.932989888809842,2.7852062232061447,2.999870786330625,0.9598,0.984,0.9921,0.9921,10.588936222250716,10.642290180868564,7.936742207338478,10.593875308535898,0.971,0.9781,0.9766,0.9775,5.353674889362568,5.404296989828153,5.1597573054739065,5.403402722959667,0.9905,0.9931,0.9935,0.9935,7.704529260229518,7.627242993608935,7.396087620389817,7.719648739084843,0.9794,0.9953,0.9956,0.9955,0.7928893058240648,0.7830023877886461,0.7196829330499385,0.7908688173507574,0.9844,0.9907,0.9941,0.9941,15.733426066535914,15.59332099841214,14.521907906553665,15.715931945765746,0.9865,0.9882,0.9998,0.9998,58.88558753910152,58.65166385531733,35.75107662952727,58.89511649631466
433,0.9776,0.9902,0.9836,0.9841,4.78967225765107,5.040154663948089,4.542358841953583,4.7984410527151296,0.9622,0.9671,0.9698,0.9697,18.54787663278493,18.238668203011937,17.75904628002654,18.543745114143555,0.9873,0.9888,0.9951,0.9951,4.616733391710271,4.640376626765323,4.416276684591763,4.628546169927446,0.9864,0.9958,0.9981,0.9981,16.887008337137917,16.912140989592203,13.294889841618748,16.881968211745004,0.9877,0.9931,0.9903,0.9904,6.500186745126586,6.957105650940333,6.067212060317945,6.565669830785417,0.9804,0.9843,0.9923,0.9923,7.398061413094708,7.299995021473252,6.608156885753538,7.409491530043087,0.9577,0.9607,0.9906,0.9905,0.7215028634253384,0.7128489931046085,0.6792699372160282,0.7207610713964665,0.9615,0.964,0.9992,0.9992,21.49349408686436,21.383028580520698,17.78527176748525,21.51706941131816,0.979,0.9882,0.9879,0.9879,8.333769598201567,8.269851717896199,6.952676298517407,8.345930537280992
434,0.9732,0.9755,0.984,0.9835,4.938678224767282,4.781375622957495,4.644336848379267,4.936749177366483,0.9904,0.994,0.9939,0.9943,24.15391401290024,24.00594344043025,22.400749621632382,24.41784336585584,0.9858,0.9927,0.9949,0.995,4.5666347213263725,4.623830298608825,4.010494905185731,4.571068961555064,0.9838,0.9846,0.9958,0.9958,13.70736640450012,13.670091005389772,12.963664599632274,13.720978674974516,0.9892,0.9959,0.9932,0.9932,6.880434432046227,7.382964732060251,6.132121758471514,6.893946982465387,0.9835,0.9883,0.992,0.9921,7.4190931304688705,7.300048929728569,6.929490869681129,7.434615695740805,0.9548,0.9621,0.9901,0.9901,0.7161381190935077,0.7039775466211136,0.6685422558875769,0.7154155946033325,0.9797,0.9853,0.9913,0.9913,14.639970257803371,14.341062151704506,13.482468758694395,14.63341298537961,0.943,0.9772,0.9812,0.9812,6.3569534000555885,6.242166493264001,6.183828441289749,6.370373730340135
435,0.9923,0.9974,0.9957,0.9954,5.570491221328088,5.894893912771893,5.247511212353249,5.560020776740142,0.9961,0.9972,0.997,0.9971,25.780042575445997,25.902290079511538,24.66580514519748,25.867861285069484,0.9517,0.9546,0.9805,0.9807,3.285336943914615,3.234452693021735,3.1140867756992217,3.2948114098389216,0.9459,0.9553,0.9591,0.9591,5.691616686625253,5.652323874092128,5.159283268345336,5.686603639956281,0.9896,0.9933,0.9899,0.9905,6.43518796029822,6.673505304785637,6.373080850882249,6.465848362901024,0.9236,0.9349,0.9791,0.9791,5.634190466354634,5.575898125281987,4.977311063183265,5.643008426450367,0.9674,0.9725,0.983,0.9824,0.6728261620185139,0.6402854565608008,0.6201899845511342,0.6700320373700253,0.9902,0.9944,0.995,0.995,16.01049437411831,15.901136091986908,15.071339668897192,16.039456208444694,0.952,0.9611,0.9848,0.9848,7.363584714106426,7.326413306498701,6.154332650008009,7.370230511979976
436,0.9806,0.9898,0.9861,0.9856,4.982928241520581,5.155440958334776,4.6884737229187685,4.982702764551059,0.9654,0.9785,0.9821,0.9835,20.7756551712046,21.201762475610423,19.15286677096661,21.10680590823611,0.9838,0.9861,0.9927,0.9927,4.217137170102005,4.183843611637853,3.991851326089925,4.214769967490066,0.9505,0.9564,0.994,0.994,11.815402446623663,11.805206292929144,10.120081371422268,11.80996686379836,0.9861,0.991,0.9887,0.9881,6.4701206674410106,6.822451933274834,6.220146504774735,6.485036898171815,0.9896,0.9943,0.998,0.998,10.029353910089291,9.933897693562876,8.52720961855626,10.0416328288194,0.9741,0.986,0.9831,0.983,0.6640829833777833,0.654115409339662,0.6229452256526673,0.662866599999377,0.9755,0.9862,0.9949,0.995,15.996146744079027,15.960955512292797,14.125837510192282,16.028514922333397,0.964,0.9801,0.9868,0.9868,7.824749679998791,7.794339091124243,5.492481340966172,7.824799026179763
437,0.9768,0.9788,0.9832,0.9834,4.746341020170736,4.58430399708152,4.522228242027932,4.731420780037515,0.9842,0.9864,0.9936,0.9925,24.70781519864088,24.79475764782342,23.64962522476192,24.77998647911353,0.9796,0.9889,0.9946,0.9947,4.529987086502223,4.541029675538316,3.913162129776527,4.539423038009644,0.9708,0.9796,0.9932,0.9932,11.175275641652284,11.201830466600375,8.771682146845516,11.17375953469081,0.9694,0.9803,0.9789,0.9797,5.432115519040242,5.554283106848041,5.0773914487261695,5.489502238033658,0.9622,0.9692,0.9961,0.9961,8.598811318968774,8.483043756218185,7.1172441393020005,8.616092014323117,0.9886,0.993,0.9905,0.9905,0.7302893536712498,0.7273682438585338,0.6787129810983747,0.7308042327296846,0.9919,0.9955,0.9978,0.9978,18.855177440647623,18.6883825358996,16.453270979509764,18.90744631369672,0.9923,0.9957,0.9977,0.9977,21.33897923604508,21.24860897645612,15.965140786533528,21.341095590595085
438,0.9586,0.9675,0.9727,0.9733,4.49457400620696,4.540250955579,4.20126721106951,4.540903949869143,0.9808,0.9887,0.9946,0.9947,25.49269169479663,26.101992186619132,22.344222630172773,25.507213674742072,0.9626,0.9751,0.9944,0.9945,4.365787814106269,4.372385112270599,3.7153153421934673,4.371541260034357,0.9824,0.9928,0.9994,0.9994,21.885536097199083,21.89038952049929,15.80134665268021,21.883274535788537,0.9588,0.9654,0.9648,0.9651,4.998909705071677,5.009469136799039,4.837099404064173,5.002386010941795,0.9629,0.9893,0.9918,0.9918,7.365615059924433,7.141269196930048,7.117196722176419,7.378076762348312,0.9838,0.9961,0.996,0.996,0.8016620005603076,0.7920058256476307,0.7139032810588735,0.8001270515912573,0.9849,0.9984,0.9994,0.9994,22.21153224676681,22.162738966933272,20.387199176856083,22.21812409015008,0.9821,0.9884,0.9895,0.9895,9.237581076260934,9.211479104472394,8.105030509122122,9.239886545909725
439,0.9707,0.9772,0.9758,0.9759,4.5062679838956825,4.531143241923593,4.336464582325094,4.5078601451396905,0.9762,0.9806,0.9864,0.9865,21.19318269609388,20.376117043278448,19.96228893823885,21.222658879368723,0.9639,0.9651,0.9766,0.9767,3.16948554050828,3.043395546092635,3.024590445435934,3.1719218855991564,0.9884,0.9932,0.9958,0.9958,13.560107097569214,13.299942649014415,13.272408920844802,13.552823422705426,0.9708,0.9778,0.98,0.9792,5.644318180170538,5.819862685467182,5.272324332276394,5.664200301822202,0.9836,0.9875,0.9961,0.9961,8.594998978968746,8.475080937213946,7.621804102206521,8.613896368402704,0.9547,0.9687,0.965,0.9646,0.6068718066815071,0.5825461779734755,0.5596337777070024,0.6044652204624366,0.9561,0.9661,0.9852,0.9853,12.684856461371457,12.534064281534816,11.741615497460309,12.751366202661384,0.9742,0.9837,0.994,0.994,12.294365619236242,12.23840884258942,9.33218847124358,12.30683678740824
440,0.9714,0.9837,0.9781,0.9784,4.564463600473752,4.787609105116234,4.348829259762122,4.573709290778664,0.9915,0.9936,0.9943,0.9943,24.380852438501694,23.60822487074096,23.034536990105583,24.4029384148647,0.9558,0.9739,0.9738,0.9746,3.075675869840408,3.109943533370803,2.9261457413099072,3.08687999491106,0.9758,0.9842,0.9898,0.9898,9.822657420072336,9.644187765445968,9.52255981378596,9.842335508525435,0.9833,0.9875,0.9853,0.9853,6.382214796666155,6.636744234813917,6.255142338708707,6.399963939702383,0.9841,0.9954,0.9961,0.9961,8.635956239286909,8.52940439698929,8.196364517891618,8.66104812053491,0.9718,0.9783,0.9896,0.9894,0.6976820855312851,0.6839017094327569,0.6670496001699052,0.6953256026820771,0.9857,0.9882,0.9964,0.9964,17.11232547683476,17.051166033087718,15.44243961255003,17.1220850176558,0.9772,0.9787,0.9932,0.9932,11.151120235234163,11.084174160391836,10.789807868959349,11.15571950158006
441,0.9314,0.956,0.9485,0.9457,4.162033276537961,4.323134869060808,3.983782523023645,4.149716166369217,0.9654,0.9677,0.9676,0.9674,18.987062993753096,18.646264099069825,18.267187599846704,18.93457249760116,0.973,0.9745,0.9938,0.9938,4.350062569063377,4.211922450037309,4.119628852591659,4.346350462545259,0.9869,0.9949,0.9981,0.9981,16.993652949301563,16.95898560177321,11.73275745999522,16.980529843109416,0.9257,0.9431,0.9486,0.9486,4.582344424914551,4.568065716981893,4.168422003469994,4.607830586604104,0.9465,0.9494,0.9915,0.9915,7.23612553454542,7.161350563970281,6.684840974156499,7.246169590634991,0.9774,0.9809,0.9911,0.9912,0.7382122023063473,0.7287733504142371,0.6914575061015271,0.739467609759243,0.979,0.9927,0.9988,0.9988,20.196844836008434,20.18826183928829,17.24109048687111,20.21149134068906,0.953,0.9588,0.9932,0.9932,11.141165015242954,11.074980145076758,9.508647492105013,11.161369507821288
442,0.912,0.9349,0.9405,0.9395,3.7451505915618366,3.702755998755425,3.3918165497121318,3.728333353283388,0.9503,0.9532,0.9604,0.9609,17.539910151418933,16.872651225136458,16.631878144417247,17.558396873835495,0.9844,0.9851,0.9983,0.9983,5.654246727172563,5.555309378217555,5.438006385556132,5.669534271106063,0.9903,0.9943,0.9971,0.9971,15.499921879657103,15.463687315503108,11.98659109334299,15.505119247822376,0.9771,0.9873,0.9867,0.9869,5.924647757118091,6.11002794110941,5.377816308725773,5.940170995798405,0.986,0.9925,0.998,0.998,10.043385700999565,9.933880919325754,8.92118203226622,10.06138004972769,0.9797,0.9854,0.9921,0.9921,0.7395255669802973,0.7193763166661769,0.7067799230599514,0.7394634395750315,0.9772,0.985,0.9904,0.9907,14.294356730284722,14.16006643334256,13.25740152826595,14.344951060651866,0.9857,0.9949,0.9956,0.9956,13.642505717448378,13.531735713928782,12.368301359495698,13.66540468551097
443,0.9766,0.9895,0.9816,0.983,4.747055443829657,5.102012828233342,4.556356362985234,4.786227990545152,0.9595,0.9669,0.9882,0.9876,22.94666042283815,21.854968243627333,21.22838025416805,22.928376288010572,0.9728,0.9746,0.9915,0.9916,4.083533820097852,3.941265289889079,3.889587997442424,4.080418906794904,0.9852,0.9873,0.9992,0.9992,20.585725660636687,20.54269525897744,15.828395512983846,20.597499822446075,0.9726,0.9839,0.9811,0.9794,6.239185699751545,6.416877242891719,5.989369095350154,6.184727721208882,0.9762,0.9838,0.9926,0.9928,7.479411191581861,7.399482697473798,6.603302197389334,7.487720606635951,0.9858,0.9907,0.9944,0.9944,0.781260951228798,0.7665185820379921,0.7200674080177625,0.7797213211697589,0.9704,0.972,0.9904,0.9904,14.007773051749751,13.636332511389451,13.50813311471262,14.048488327818337,0.9774,0.9813,0.9847,0.9847,7.341728265973898,7.281651374442021,6.500486240822433,7.348028104503937
444,0.9691,0.9769,0.9789,0.9785,4.850737141053294,4.938164401841577,4.548103594623004,4.8630408084465575,0.9669,0.9689,0.9823,0.9824,20.742363016366536,19.974748920827928,19.71749391565571,20.808405635036664,0.9524,0.9554,0.9827,0.9829,3.435940549482313,3.285775652456448,3.2279662099230717,3.4438069206849606,0.9851,0.9945,0.9997,0.9997,25.790652229100555,25.740020973619668,19.012883621903704,25.796519784063893,0.9622,0.9733,0.9716,0.9697,5.167404513757204,5.213117101830193,4.865914544241263,5.111246884972864,0.931,0.937,0.9989,0.9989,11.780478146125931,11.687231558603369,10.587202543228477,11.796962390205598,0.9702,0.9719,0.9964,0.9964,0.8000668959517512,0.7726710091435547,0.7569977233897981,0.7996443054177602,0.9929,0.9954,0.9988,0.9988,20.514639458009512,20.442798897176758,17.375807903466608,20.525656961247886,0.9846,0.99,0.9963,0.9963,15.44489243810928,15.363233970703153,11.957974806251904,15.449467529938808
445,0.9877,0.9923,0.9892,0.9893,5.055644064641131,5.258960166251814,4.950146479698852,5.059375110887616,0.9579,0.9714,0.9754,0.9761,19.25413486763468,19.39020327858864,17.600242187403886,19.39086525143616,0.9762,0.9788,0.9834,0.9834,3.5240733655974443,3.430554372230642,3.3415894580550494,3.522220558509813,0.9642,0.9726,0.9879,0.9879,9.175229938404083,9.083457278961204,8.874758049638386,9.19982831619242,0.9426,0.9597,0.9611,0.9615,4.933922505110168,5.043068416430431,4.55637886700913,4.94659820393202,0.9696,0.9806,0.9893,0.9894,6.829067211272036,6.609380287406558,6.522146953307619,6.845949946215187,0.9859,0.9899,0.9921,0.9917,0.738257871979696,0.7374092797080591,0.6972673287587641,0.7384971530727424,0.9786,0.9828,0.9835,0.9843,12.573121916553916,12.153505911253802,11.835289883206483,12.611319665958815,0.9674,0.9779,0.9971,0.9971,18.17324571602131,18.101745105455954,12.669608275731171,18.178332921614828
446,0.9675,0.9724,0.9816,0.9818,5.139811432566631,5.092065995907669,4.823440103193674,5.173924375835989,0.963,0.9703,0.9841,0.9844,20.76437958945609,19.573132436201117,19.220157045048083,20.832948268915214,0.9873,0.993,0.9999,0.9999,9.358526669678437,9.38833303645529,7.761065981208474,9.355485243125557,0.9672,0.9746,0.9933,0.9933,11.412323677291496,11.354549737643234,10.061526810407658,11.424840938120678,0.9546,0.9585,0.9623,0.9618,4.808679179579706,4.687494622589588,4.599712479146529,4.8015138352194615,0.9275,0.9557,0.9641,0.9642,4.647359990146905,4.584146898904656,4.443758848287666,4.655666913881127,0.9506,0.9867,0.9913,0.9912,0.7254706566003983,0.7319332656402708,0.657339574964461,0.7238415494505388,0.9673,0.979,0.9804,0.9812,12.207764089342689,11.844447877841628,11.393846579057785,12.28755723061744,0.9694,0.9777,0.9895,0.9895,9.369257203811552,9.317138916508698,8.51822912471155,9.377131870257015
447,0.9272,0.9456,0.9524,0.9513,3.948021953291549,3.8149161954550026,3.578479854738052,3.939722181520547,0.9783,0.9821,0.9865,0.9865,21.329769145025324,20.952487671924665,20.67217043906504,21.3423869854418,0.9799,0.9843,0.9973,0.9973,5.172821457371009,5.193376940666872,4.382664269597669,5.181039183613583,0.9846,0.9895,0.9925,0.9925,11.039122195215317,11.019597149218024,9.200816540484803,11.038622227746371,0.9876,0.9915,0.9913,0.9909,6.996576416909631,7.349893015589703,6.44350847231264,7.06126666932798,0.9928,0.994,0.9937,0.9937,7.805363965536568,7.667892418074957,7.399223710309555,7.822214291819089,0.9302,0.9335,0.9531,0.9517,0.5658478640962402,0.5241050524666055,0.5216926850264965,0.5629374166657293,0.9735,0.9787,0.9968,0.9968,17.73837199816895,17.526695365249715,14.440726872570863,17.75683224779938,0.9816,0.9871,0.994,0.994,12.29615743767547,12.229471525145392,10.913985848276711,12.30288437892027
448,0.9912,0.9929,0.9929,0.9931,5.260660594320829,5.280393603374048,5.114011905874401,5.23892522046576,0.978,0.9885,0.9925,0.9924,25.51190987406132,26.04807805385419,22.68457638277754,25.573432773748948,0.9438,0.951,0.9768,0.9772,3.1549220633113526,3.048701791918052,2.9726426570593536,3.17346410738034,0.9634,0.9735,0.9942,0.9942,12.183316461221317,12.1292844099321,10.96485933218658,12.18236326906319,0.9619,0.9781,0.973,0.9744,5.263378696487641,5.543861907904581,4.871212736250952,5.336104962753048,0.9695,0.9799,0.9903,0.9905,7.03568087676854,6.963441825811516,6.098941871132298,7.050990435825394,0.9846,0.9902,0.9975,0.9975,0.8212603672999599,0.7884098864934943,0.7865220785222006,0.8210220153664783,0.9668,0.9741,0.9853,0.9853,12.766878082018268,12.537464163911489,11.939274018109218,12.81922804262315,0.9776,0.99,0.994,0.994,12.257427545423448,12.19948855365404,10.874983166788702,12.272696529211798
449,0.9535,0.9578,0.9693,0.9694,4.898726958939775,4.83848957776135,4.639345211698516,4.921770140141077,0.9806,0.9875,0.9953,0.9948,24.422223333913703,24.82701776296009,22.391420786292556,24.44099940800735,0.9615,0.9701,0.9714,0.9722,3.161755813286923,3.009755321286363,2.880487158653727,3.1768915945497023,0.9874,0.9894,0.9966,0.9966,14.989010020953508,14.940665123361878,13.610811285305871,15.008844498619888,0.9605,0.974,0.966,0.9662,5.04090819609608,5.304640540274404,4.88286321437967,5.0596359125438894,0.9697,0.9812,0.9929,0.9929,7.585209011545708,7.4852404650482995,5.957214579460466,7.604889117920441,0.9855,0.9903,0.9968,0.9967,0.8047213133422644,0.8006464280590438,0.7289104916858986,0.8038164231077417,0.9641,0.9705,0.9767,0.9771,11.621265242789386,11.51633121645656,10.778550563113107,11.665614043198197,0.9861,0.9881,0.9992,0.9992,33.23535931678673,33.07439329072322,25.187320351142983,33.24418663522781
450,0.9856,0.99,0.9908,0.9906,5.086161919030692,5.018561529783687,4.8233153009850085,5.070498827391662,0.9838,0.9887,0.993,0.9934,23.20293756227844,23.371443856053737,21.72921810458903,23.48457332031417,0.9536,0.9625,0.9924,0.9927,4.123011642541629,4.1349673327386025,3.769577559586915,4.131555537214342,0.9865,0.9916,0.9921,0.9921,10.817099428715103,10.847277416541832,9.73731490867625,10.80988636040117,0.9876,0.9908,0.989,0.9891,6.119502089899457,6.329356541921955,6.001921764280312,6.1289117423378014,0.9866,0.9938,0.9954,0.9954,8.21355926945488,8.131782321987728,7.280125591207832,8.224937528085967,0.9534,0.9684,0.978,0.9781,0.638532870848457,0.6356225600878861,0.5779774493846035,0.6395062615382796,0.987,0.9951,0.9941,0.9941,15.723569527914114,15.606794656320684,13.668541413949931,15.77716985914025,0.9895,0.9911,0.9997,0.9997,53.48959769497625,53.266834634520414,37.9761225001621,53.50979314388553
451,0.994,0.9988,0.9981,0.9982,5.931031216818196,6.201652031745558,5.428687061312721,5.961742682072481,0.9889,0.9937,0.9959,0.9957,25.41867728399836,25.406636016670337,24.410789466964832,25.47781087497149,0.9878,0.9894,0.9913,0.9915,4.112428304308364,3.983910674310104,3.941725063035873,4.124925576229245,0.9765,0.9824,0.9933,0.9933,11.442057775505342,11.407525340776454,10.306196260331683,11.453990853695664,0.9689,0.978,0.9785,0.9807,5.444281463495751,5.480994035050598,5.0796292940064,5.512179603685266,0.9828,0.9906,0.9934,0.9934,7.653417261440267,7.52939031952527,7.420080613447584,7.68630483765007,0.9698,0.9771,0.9902,0.9902,0.7181626699920598,0.7127468122961188,0.6540240400119441,0.718149927184301,0.9795,0.9843,0.9966,0.9966,17.457454346192655,17.362686807025245,14.660444758146674,17.46712645822662,0.9472,0.9506,0.9533,0.9533,3.7041749710474017,3.633768058344108,3.580969311392776,3.7124278897823246
452,0.9874,0.9938,0.9901,0.9904,5.0466635053327895,5.300948741835452,4.910583036806164,5.057510804146294,0.9593,0.9689,0.9737,0.9732,19.17984618786832,19.15724582094612,17.956372923085123,19.23161866445975,0.9896,0.9958,0.9989,0.9989,6.036004542331455,6.032077040418474,4.515888906636103,6.048918957045447,0.961,0.9719,0.9827,0.9827,8.217336218332418,8.18483478766836,6.9808125923161874,8.237495255327547,0.983,0.9881,0.9854,0.9855,5.862788004896978,6.148834795946559,5.675680675830538,5.872485114498356,0.9863,0.9954,0.9999,0.9999,14.104461825276251,14.0162200485811,10.606181172600316,14.1067949048759,0.9843,0.9871,0.9937,0.9937,0.7651010528068956,0.7394715078321645,0.7245502312154923,0.7644956336940131,0.9706,0.9757,0.9907,0.9908,14.448970781373566,14.279215351253944,13.053801140958983,14.491616069697576,0.9892,0.9963,0.9983,0.9983,22.876277317415003,22.764710908652685,13.638153260628629,22.880208869061843
453,0.9893,0.9934,0.9943,0.9941,5.374525196989336,5.333633290594802,5.066195063960283,5.3683566603349,0.9609,0.9709,0.9814,0.9816,20.755635035425733,20.87691088400399,19.278859390443813,20.854389622470787,0.99,0.9959,0.9973,0.9973,5.266286926021048,5.286015859275082,4.779628987783936,5.267720165144397,0.9933,0.9963,0.9981,0.9981,16.945984525375856,16.91399378515508,13.200968753347691,16.938123109858765,0.9881,0.9907,0.989,0.9894,6.110678035107795,6.341032705694255,6.020695328237556,6.176491368334776,0.9739,0.9875,0.989,0.9893,6.79793644609915,6.678663517336961,6.358869902706931,6.821864028296863,0.9769,0.9803,0.9937,0.9937,0.7644171198628542,0.7400193900068874,0.7242672794480602,0.7634400773364225,0.9915,0.9958,0.9988,0.9988,20.502675007040988,20.443366978848587,15.473527351975386,20.515909034467768,0.9799,0.9871,0.9916,0.9917,9.993830862265485,9.911937025896751,8.858771543412598,10.009300843731442
454,0.9732,0.9827,0.9789,0.9797,4.648612120360131,4.774563332239143,4.46041985295662,4.651817023815534,0.9737,0.9772,0.9949,0.9951,24.42222193686873,24.3188974569839,22.19566005219511,24.499264935046877,0.9836,0.9933,0.9946,0.9946,4.547093174139929,4.563840357636956,3.7579236714909823,4.545845350580586,0.9869,0.9933,0.994,0.994,12.004719497622329,12.013193077118794,11.172317511556622,11.99636377659326,0.991,0.9945,0.9933,0.9933,7.318344508437841,7.662398332848388,6.576297115555819,7.323243837131757,0.972,0.9873,0.9961,0.9961,8.57027138798482,8.483888037748043,6.9780012925742,8.57812554027119,0.9613,0.9756,0.9921,0.9921,0.7510043530058194,0.7406950729767241,0.6863591336057777,0.7513329703665774,0.9603,0.9724,0.9872,0.9873,13.107855800663105,13.07496341685708,11.799024580029265,13.119754782644906,0.9713,0.9832,0.989,0.989,9.002308982034007,8.954265071258948,6.261722930439617,9.010145109858994
455,0.9876,0.9915,0.9919,0.9917,5.12346213346629,5.136605645995651,4.929637293119495,5.116260113556924,0.9802,0.991,0.9878,0.9884,21.65211594104937,22.46771412198995,20.77371742241432,21.78448552545701,0.9763,0.9799,0.9878,0.9879,3.68600335777763,3.716619576991533,3.472729560939683,3.6913393955149054,0.9818,0.991,0.9969,0.9969,15.258713666100714,15.19101536090244,14.848746522682887,15.281838178178033,0.9736,0.9793,0.9807,0.9802,5.895081777448244,6.104765160314893,5.43715868901972,5.910432962082865,0.9708,0.981,0.9911,0.9911,7.174442228948504,7.092609050305801,6.488151308354079,7.192067313177889,0.9582,0.9608,0.9884,0.9882,0.7030668101079811,0.669908073886072,0.654727664626839,0.7013788196492603,0.9838,0.9889,0.9882,0.9883,13.4048862701266,13.3172425629793,12.329214237804289,13.42168573122923,0.977,0.9881,0.9895,0.9895,9.278772519939166,9.24961522197736,7.261506147528345,9.276191244751695
456,0.9788,0.9843,0.9873,0.9869,4.961549364673997,4.883455596652481,4.638880435645955,4.929840077219332,0.9817,0.9887,0.995,0.9951,24.03384245481529,24.418991000014568,22.113944858342546,24.18857604067162,0.9817,0.9968,0.9995,0.9995,6.849290049955417,6.928413286927875,4.7541374718069225,6.840047729217451,0.9873,0.9929,0.9992,0.9992,20.62494040197458,20.56703592806949,16.97374723850403,20.612089699800897,0.9794,0.9835,0.9845,0.9838,6.030938919966268,6.19001227618422,5.771818067073389,6.025145622573919,0.9877,0.9887,0.9951,0.9951,8.154866218411302,7.986747837398836,7.928956943747415,8.165222048981432,0.9573,0.9662,0.964,0.9635,0.6053397673080259,0.580152155754544,0.555104980415025,0.6015899027177358,0.966,0.9729,0.9939,0.9941,15.601911425302752,15.367759160138617,13.262025606434424,15.711665833978184,0.9761,0.9786,0.9994,0.9994,41.85385331437042,41.734516329017055,36.2536387363669,41.86081482671042
457,0.9686,0.9803,0.9738,0.9733,4.548848956256759,4.727536421161497,4.418428396659277,4.557091495774462,0.9839,0.985,0.9963,0.9963,28.7976970836668,28.381479891452216,27.70768548655669,28.830233663886467,0.9592,0.9745,0.9776,0.9777,3.212078090852139,3.2465899659878783,2.8681910056389386,3.2160338944201112,0.9774,0.9797,0.9809,0.981,7.830094825976328,7.696628780930058,7.6340058730890865,7.845682234154035,0.9846,0.9916,0.989,0.9893,6.112937865150292,6.462988277296405,5.778739179915358,6.1525151403302,0.9583,0.9756,0.9816,0.9816,5.91961643786225,5.8456167835667605,4.842701461846071,5.932992480097779,0.9882,0.9956,0.993,0.993,0.7592059702313998,0.7543733440626265,0.6913540493468008,0.7590371335707897,0.9728,0.9773,0.9909,0.991,14.37717079595402,14.170213444464627,13.680051151292988,14.407243919443744,0.9854,0.9879,0.9929,0.9929,10.77964538581488,10.707179458601429,9.571200245709704,10.794412350614731
458,0.979,0.9873,0.9844,0.9844,4.866060329495844,4.996653109873196,4.685915215412188,4.865821378705542,0.9782,0.9792,0.9967,0.9967,25.91897761808583,24.564729415515583,24.378385280802757,25.953640926432183,0.9821,0.9872,0.9973,0.9973,5.163254463811814,5.160382052050388,4.100883800390498,5.167571246020764,0.9682,0.9829,0.9888,0.9889,9.486614338659512,9.45987501897588,7.887098481833236,9.504974600558318,0.9735,0.979,0.9824,0.9825,6.272427636069728,6.409919470918903,5.552032662589436,6.256584272532054,0.9877,0.9941,0.996,0.9961,8.606744019755881,8.479898419838547,7.568698262397548,8.628706877839372,0.9842,0.994,0.9958,0.9956,0.7892456046053716,0.7827525295454886,0.7325348949559938,0.7885513985669466,0.9649,0.9779,0.9904,0.9904,13.924437027939652,13.884824632288462,11.897543333139808,13.9483248690069,0.9872,0.993,0.993,0.993,10.930972086910929,10.872999690947715,9.96101057595262,10.949068714481887
459,0.9689,0.9754,0.9787,0.9789,4.66484590458064,4.521621823193231,4.314421197680755,4.663938658602577,0.9885,0.9959,0.9963,0.9966,24.842061419940187,25.669392913478745,22.15834544941636,24.905163060315832,0.9778,0.9844,0.9973,0.9973,5.16753369300192,5.177460455674121,4.443855563478832,5.172187384539838,0.9709,0.9784,0.9785,0.9785,7.375157734033514,7.415000698168748,6.73679361875892,7.38198759433813,0.9916,0.9967,0.9942,0.9944,6.9382417677694335,7.443164776523274,6.470490529691788,6.975304573722649,0.968,0.9733,0.9737,0.9741,5.303600651215977,5.154423840889941,5.038142506800788,5.327808103380896,0.9804,0.9865,0.99,0.99,0.7192215369566939,0.7067058278241822,0.6673920149451593,0.7181307307976305,0.9695,0.9821,0.9898,0.9898,13.828244701624266,13.743377212215844,11.345295933948671,13.824128232630777,0.9885,0.9925,0.9985,0.9985,25.17412534688625,25.06562974866253,23.00613218119253,25.176955001477463
460,0.988,0.9938,0.9901,0.9897,5.119628910164037,5.332021046796122,4.970444752714997,5.114163038105295,0.9658,0.9716,0.9739,0.9739,19.10664961258716,18.813888021105544,18.118658831484368,19.08962298664065,0.9602,0.9689,0.9777,0.9782,3.2136684717597808,3.081852864219554,3.0281007622743203,3.223412398383479,0.9781,0.9841,0.9827,0.9827,8.358797762590122,8.356110657921072,7.622772905539472,8.35115443830967,0.9674,0.9776,0.9774,0.9775,5.572291887888701,5.707245146916123,5.250395923236457,5.585852407951792,0.9528,0.9642,0.985,0.985,6.257240880927762,6.198488340306218,5.783148742015297,6.261985800087164,0.9753,0.9838,0.9972,0.9971,0.8174935874453187,0.8085331575199249,0.7058248060155193,0.8138797727864403,0.9821,0.9855,0.987,0.9871,13.080433650913736,13.031149353446247,12.208310339600562,13.106282262318338,0.9649,0.9773,0.9823,0.9823,6.492476600492024,6.467631497089595,5.140058367390454,6.491889862797036
461,0.9913,0.9971,0.9938,0.9941,5.330776195881658,5.705099344073993,5.144654802299651,5.357453203922727,0.9603,0.9729,0.9862,0.986,22.278963470893355,22.05211087323527,20.613542956506222,22.371604918526465,0.9596,0.969,0.9959,0.9959,4.719425525831713,4.715035984626258,3.988190113043836,4.726147239676561,0.9793,0.9848,0.9858,0.9858,8.891836995242379,8.881259833009167,8.049872115665602,8.886896754486331,0.9671,0.975,0.975,0.9753,5.801463260473334,6.024600908786468,5.564386036538128,5.810423701546478,0.9814,0.9875,0.9984,0.9984,11.13252367494837,11.008787902288685,8.876367230874775,11.14887782907936,0.9713,0.9873,0.9866,0.9864,0.6835502079581384,0.6792930059897286,0.6212027908178404,0.6825337905230473,0.9754,0.9785,0.9954,0.9955,16.134981306463036,15.939977269873635,15.544602139015938,16.218485393383894,0.9479,0.9599,0.9946,0.9946,12.621216556449236,12.549793660837189,10.12977448203735,12.62710270678316
462,0.9674,0.9847,0.9786,0.9788,4.5779276806384,4.829423033217932,4.242203179156524,4.590593073859903,0.9641,0.9802,0.9869,0.987,25.049058805873727,25.620734846764982,22.45672069019593,25.04906506428152,0.9889,0.9932,0.9936,0.9937,4.328061980360527,4.248260870437683,4.129347108081958,4.325539709092381,0.966,0.9675,0.9909,0.9909,10.47497036625817,10.220627247693056,10.090501804000228,10.481835536070344,0.9934,0.9971,0.9945,0.9946,7.383072305994469,7.98134760925045,7.093057296395752,7.440449623633354,0.9594,0.9701,0.9807,0.9807,5.832913802229983,5.7679519375017305,4.929775303580412,5.841556230300405,0.9829,0.9919,0.9911,0.9904,0.7424816449255436,0.7160416725048317,0.6878663764453596,0.7384946353318455,0.9801,0.9878,0.994,0.994,15.560731137416674,14.99243840424188,14.95961736329143,15.563665146692829,0.9809,0.9834,0.996,0.996,14.16662033664557,14.08678346851112,13.48944680444712,14.17594855135055
463,0.9815,0.9857,0.9875,0.9879,4.913234661552837,4.869256569877496,4.70911677374686,4.932055482363891,0.9821,0.9874,0.9954,0.9952,24.50902058868237,24.65693687882585,22.98467310553492,24.72089694275778,0.9898,0.9968,0.9991,0.9991,6.455628322775401,6.463054854240744,5.827859986256168,6.444169764746428,0.974,0.9852,0.9924,0.9924,10.93347746404108,10.94163756120528,8.852590830075926,10.924935648887498,0.9711,0.9813,0.9764,0.9781,5.831642040830079,6.25059395855372,5.448573898306591,5.890037979238195,0.9493,0.9529,0.977,0.9772,5.465690917299831,5.359781774451561,5.282687175709321,5.485375440825991,0.9788,0.9804,0.9955,0.9955,0.7934321840549025,0.7622794671111842,0.7461061530065081,0.7927635933135524,0.9526,0.9764,0.9804,0.9805,11.921471449225336,11.872707404831198,10.2077458093713,11.926339804569274,0.9789,0.9796,0.9888,0.9888,8.770428227100068,8.565748427229325,8.56534854356733,8.769749485483816
464,0.9645,0.9704,0.977,0.9772,4.636741351077866,4.441453449706282,4.354239182705638,4.633242147906885,0.9914,0.9948,0.9993,0.9991,29.3349569049491,29.4542092072487,24.971245669372625,29.12975194201888,0.9655,0.9753,0.9929,0.9929,4.13453660121488,4.17810517881264,3.7276658365008255,4.138725249734045,0.9846,0.9937,0.9966,0.9966,14.95126926173708,14.96432950755436,12.88492816191266,14.953753296597696,0.9928,0.9946,0.9945,0.9944,7.350434406353715,7.6140533539232464,6.890949531373947,7.380314773151008,0.964,0.9931,0.9937,0.9937,7.827168729233032,7.732603974083015,7.450318039198548,7.83521023491426,0.9732,0.9881,0.9938,0.9937,0.761438415337771,0.7569779362992295,0.650192213064881,0.7600262066975205,0.9745,0.9791,0.9853,0.9853,12.790310125506194,12.492616685298149,11.98546839629694,12.859695931528671,0.983,0.9919,0.9919,0.9919,10.177131017965518,10.15415582852065,7.1594353936834905,10.177055324756523
465,0.9839,0.9942,0.9906,0.9906,5.122635484755783,5.401845036943323,4.765239862240641,5.1767969191733325,0.9668,0.9802,0.9875,0.988,21.53996545839635,21.569668736016208,18.94562197990068,21.71656362311855,0.9628,0.9717,0.9886,0.9886,3.806822444516408,3.807284433689208,3.470369886591945,3.8197016958331527,0.9779,0.9844,0.9987,0.9987,18.023529210870333,17.962503623393545,16.379246224924017,18.028509371040904,0.9567,0.9752,0.9698,0.9715,5.36999818389789,5.622005738346043,4.782559654069073,5.393028480020051,0.9719,0.9941,0.9949,0.9949,8.19383249144616,7.958028251132672,7.887165166322574,8.2085934884094,0.9712,0.9812,0.9848,0.9847,0.6763531083511559,0.6671604673268363,0.6182605498050691,0.6762243779257995,0.9537,0.9607,0.9804,0.9805,11.97852693256662,11.832604577233589,11.2617272351766,11.998222591064144,0.9871,0.9933,0.9941,0.9941,12.380110269827505,12.324574436064978,9.537882966902998,12.372314171491547
466,0.9644,0.9735,0.9718,0.9723,4.377269681274921,4.412132960261088,4.168776988772412,4.3890437669824856,0.9803,0.9852,0.9863,0.9867,21.47202660724342,20.95729811989341,20.200383107343683,21.453540087188305,0.9843,0.9911,0.9973,0.9973,5.260952047536734,5.240573399057598,4.001688388307739,5.262989056321161,0.9939,0.9976,0.9999,0.9999,39.28502147938891,39.218139345362665,25.31958476986423,39.28476211398401,0.9873,0.9918,0.9901,0.9898,6.4079028988339015,6.753734783604704,6.011059701797013,6.399478858200027,0.973,0.9868,0.9961,0.9961,8.555687770379937,8.475062992390837,6.638804367790701,8.563959512864857,0.9729,0.9893,0.9951,0.9949,0.784339052933005,0.7511013753658021,0.7286079070514302,0.781661376032297,0.9742,0.9806,0.9863,0.9863,12.856761783447894,12.766392693158668,11.908283628664698,12.87194479932037,0.9926,0.9939,0.9992,0.9992,33.207411062850106,33.0774439975095,23.45250286476872,33.20883969922657
467,0.9809,0.987,0.9868,0.9869,4.860503122533855,4.871306008417149,4.676690511371231,4.870402475888775,0.9935,0.995,0.9966,0.9968,25.07180154499391,24.3576130816346,23.88512833620147,25.1086620748756,0.9684,0.9731,0.9813,0.9816,3.3877836310186846,3.3116436927127624,3.208635977445815,3.4030580461616267,0.9809,0.9895,0.9924,0.9925,10.978035040752134,11.019597149218024,10.270149615933825,10.980071926933844,0.9802,0.9881,0.9861,0.9872,6.020097866000583,6.035501559465093,5.676548004298153,6.071373009291664,0.9746,0.9819,0.9979,0.9979,9.978303867765431,9.892546244280537,9.313809189148664,9.994130908843458,0.9773,0.9816,0.9902,0.9901,0.7308906123978303,0.7052885775308912,0.6660607078170667,0.7286552128808377,0.9579,0.9782,0.9909,0.9909,14.331605070090983,14.243194943639011,11.895564283407824,14.347145504120704,0.9769,0.9809,0.9875,0.9875,8.173038002886777,8.10532717280614,7.456925709646258,8.179397196590704
468,0.9855,0.9882,0.9919,0.9918,5.264896464846374,5.061498865687792,4.880973387598108,5.270652027915346,0.984,0.9891,0.9912,0.9912,22.49856682386151,22.833975518015823,21.165322210442508,22.486660129451987,0.9834,0.9867,0.9901,0.9904,3.986200769103308,3.971279622640252,3.754106183639103,3.992951522350488,0.9574,0.9659,0.9683,0.9687,6.256449876334663,6.248406036325565,5.9694265307408765,6.268611148551082,0.9563,0.9611,0.9633,0.9639,5.3056264486031335,5.200655106735976,5.095496626622572,5.286561969729205,0.9865,0.9934,0.993,0.9931,7.67647794119471,7.4124018732814365,7.3796607906403215,7.688825243810928,0.9843,0.9935,0.9946,0.9946,0.7692911749389166,0.7655835440795294,0.6752839608901868,0.7677808633937001,0.9868,0.9954,0.9972,0.9972,18.133392542495685,17.574869948577206,17.232131267217387,18.14146731963053,0.9615,0.9671,0.9734,0.9735,5.303465834692706,5.2471488876522185,4.707567091585623,5.30830628665874
469,0.9754,0.98,0.9801,0.9805,4.647798856185476,4.649752855088141,4.510329348008288,4.6661135082674985,0.9622,0.9765,0.977,0.9769,19.53656847923667,19.408364785660776,18.079771181899076,19.517021873550025,0.9761,0.9788,0.9989,0.9989,5.974814032711402,5.961052536414583,5.375917650072126,5.973061652673692,0.9752,0.9802,0.9941,0.9941,12.153884041222852,12.07586213126942,10.20225704638576,12.170242885917538,0.9806,0.9873,0.9859,0.9854,6.560263535133897,6.846461924246277,5.93536262844084,6.543233031932228,0.9807,0.9855,0.9972,0.9972,9.157272278363582,9.05387663138297,8.329535452299547,9.174553507641624,0.9677,0.9734,0.9743,0.9739,0.6319206302273621,0.5981390621431881,0.5878733025708821,0.6302670690971124,0.9869,0.9934,0.9978,0.9978,18.54775126528248,18.48652259400639,16.483275346480948,18.63296858439069,0.9637,0.9718,0.9826,0.9827,6.622926397071361,6.550818819215853,6.4176203187915775,6.63773551437048
470,0.9769,0.9875,0.9857,0.986,5.002493012273336,5.2743003974877,4.618150265011279,5.0441659251955695,0.9801,0.9856,0.9909,0.9912,22.89599712326121,23.110853645902644,21.1843949770931,22.927633773302997,0.9755,0.984,0.9813,0.9813,3.3965028729503506,3.4418043897329382,3.126719323933283,3.4067962166333947,0.9672,0.9716,0.978,0.978,7.3493921114013405,7.107944901935393,7.073741209252884,7.354697154233078,0.9457,0.9505,0.9511,0.9506,4.64387079541547,4.670039332941896,4.519974548668413,4.619219901646839,0.9594,0.9714,0.9825,0.9828,6.013519199493634,5.934151607356105,5.017049478060371,6.027569853036376,0.9896,0.9969,0.9953,0.9953,0.7903830318901326,0.7772675861450355,0.7263687068177394,0.7882514802800308,0.9679,0.9783,0.9766,0.9767,11.751908861553748,11.543811071002022,10.504003765686097,11.775337732406353,0.9888,0.9899,0.999,0.999,32.009307445469986,31.862731404918065,27.583821324121583,32.0141296333869
471,0.9839,0.9911,0.9887,0.9879,5.000961044881844,5.165278125166054,4.781983239270525,4.955983604776568,0.9909,0.996,0.9974,0.9976,26.37297135447449,26.81824600637317,23.81006027245603,26.410391765382283,0.9793,0.9904,0.9921,0.9921,4.13879486345776,4.179906217974397,3.842845632208496,4.143655458945749,0.9618,0.9705,0.994,0.994,11.85327886622111,11.83394783512332,10.623424395923486,11.86531337273538,0.97,0.9847,0.9784,0.9785,5.438348821786073,5.826922691648345,5.145437667333283,5.458278694621279,0.9713,0.9775,0.9926,0.9926,7.49658268017641,7.410275001662036,6.610571268136182,7.511844746043279,0.9825,0.9835,0.9973,0.9973,0.8337398282719409,0.7954025237990017,0.7810423472021479,0.8332014430148434,0.952,0.9628,0.9669,0.9672,10.514840467236343,10.37272561959277,9.567930945755323,10.556775338279794,0.9534,0.9577,0.9694,0.9696,4.81950204156484,4.779520577629787,4.526920236371673,4.828194906287538
472,0.9628,0.9728,0.9817,0.9819,4.6773239697890965,4.398520661324115,4.155857789210327,4.676517364891305,0.9648,0.9725,0.9833,0.9831,20.9969246786664,20.52013019348118,19.75586512272176,20.992076007126776,0.9573,0.9592,0.9673,0.9678,3.067013839689512,2.801500943351435,2.791417268184457,3.0748716201774537,0.9874,0.9922,0.996,0.996,14.14810251193892,14.159439671851022,11.73502821726862,14.157925341126944,0.9793,0.9898,0.9847,0.9866,6.042532015152114,6.418928142893289,5.607864784785049,6.088321599175336,0.9755,0.9796,0.9847,0.9848,6.197854051309491,6.078365799452857,5.8410807555749376,6.210850104956849,0.9862,0.9896,0.9968,0.9968,0.801350373733612,0.8004238266798637,0.7505350461397812,0.8008069059088183,0.9799,0.9831,0.9979,0.9979,18.75026911188585,18.65612187590499,17.10159030307815,18.78383495581213,0.99,0.996,0.9979,0.9979,21.735788004989764,21.616648808370776,13.81294701670253,21.740635417473374
473,0.9801,0.9878,0.9869,0.9868,4.8978118818436105,4.933467583355293,4.631563524822827,4.882982070950255,0.992,0.9939,0.9983,0.9981,27.186839794052517,27.26650890173954,25.371804786550523,27.248533131308605,0.9878,0.9958,0.9961,0.9961,4.905339837403517,4.921774192800847,4.180109204995014,4.898363056002417,0.9839,0.9863,0.9853,0.9853,8.793644327436423,8.776685562055896,8.295385794000598,8.791639320671358,0.9857,0.9907,0.9877,0.9881,6.052389420563505,6.348133435792024,5.864201590981612,6.047770896970887,0.9524,0.9691,0.9893,0.9894,6.731217587787412,6.6826171090362045,5.627520018126501,6.733521813260369,0.9846,0.9916,0.9904,0.9904,0.7417315928182919,0.7108895534587334,0.6882962140739097,0.7403896445205753,0.9749,0.9832,0.9847,0.9851,12.713876609537127,12.026253268297816,11.98062711150837,12.740838372487492,0.9766,0.9827,0.9912,0.9913,9.769535513105176,9.698760612382332,8.033693397266255,9.784806501702365
474,0.9843,0.9907,0.9873,0.987,4.950698923540359,5.174022695717269,4.844953095459026,4.95855140070128,0.9739,0.9865,0.9888,0.9884,24.02197114654449,24.26274173254105,22.949594851824106,24.04273783391065,0.9726,0.9787,0.9826,0.983,3.435668374488529,3.4236757402786973,3.2714208620697995,3.461705113192828,0.976,0.985,0.9937,0.9937,11.629366435380533,11.634130884143614,10.384259195443216,11.630316792727363,0.9789,0.9871,0.9863,0.986,6.7850488924647845,7.1281495098943015,6.323540348921583,6.760755289405267,0.9319,0.9366,0.9806,0.9807,5.83124408368191,5.680287142903008,5.642521238350899,5.84378813993509,0.9845,0.9898,0.9962,0.9962,0.8085233699723937,0.753013033138312,0.7486689630412017,0.8068918618313466,0.9658,0.9749,0.9817,0.982,12.060282211786893,11.976519874598091,11.3506483797962,12.095382349679715,0.9595,0.9679,0.9756,0.9757,5.49495879224599,5.4652161406687085,4.626594216737513,5.497457742392146
475,0.9859,0.9986,0.9974,0.9975,5.839821423813795,6.2731835634978905,4.874398230219393,5.872982085140784,0.9558,0.9705,0.9763,0.9778,19.855603961945874,19.879236804756847,18.562303576597916,20.08457513559323,0.9602,0.971,0.9845,0.9849,3.505629198755611,3.505446264851101,3.2890479346837966,3.507904182673856,0.98,0.9848,0.9986,0.9986,17.726754442348515,17.66136970251113,13.152504635796246,17.73555906327613,0.9703,0.9848,0.9783,0.9785,5.438226847601905,5.833291345320367,5.129953603378247,5.445565386319385,0.9789,0.9834,0.9974,0.9974,9.389159438053678,9.277713600906974,8.244123366089783,9.409769931591368,0.9726,0.9815,0.983,0.9825,0.6689243390559461,0.639127776633822,0.6209255598978269,0.6659860606719652,0.9816,0.992,0.9998,0.9998,32.35322710280577,32.29156933019348,25.55080254821086,32.331631922763044,0.9607,0.9616,0.9977,0.9977,21.1644336373615,21.06409955180021,19.03275632120491,21.17152489398236
476,0.95,0.9642,0.9649,0.9648,4.437633568989789,4.524263545968831,4.132243379075518,4.39886254743276,0.9652,0.9768,0.9858,0.9859,21.815409836345463,22.187326990878034,19.95513859413248,21.89732534080202,0.968,0.9755,0.9833,0.9834,3.448270874445904,3.4620960247904486,3.2320837041276635,3.456023248321922,0.9727,0.9755,0.994,0.994,12.077705760629303,12.011067010920504,10.704735809948472,12.0932827213305,0.9684,0.9753,0.9771,0.9772,5.411789007150673,5.43231948592728,5.144148001602866,5.437907096014554,0.9905,0.9923,0.9996,0.9996,13.282675694885132,13.17856451394143,10.020066216710651,13.289604441261018,0.969,0.9742,0.9902,0.9902,0.7198486754842344,0.6927092947276114,0.6728310534932282,0.7181934766581581,0.9776,0.9818,0.9965,0.9965,17.45819476646651,17.235888057459963,16.581620189757047,17.501535497222235,0.9789,0.9896,0.994,0.994,12.290487557114952,12.24180730713593,10.04113990711821,12.302415028119826
477,0.9788,0.9859,0.9867,0.9869,4.867940659935663,4.905727529263799,4.599105521912437,4.869479864102447,0.9707,0.9747,0.9875,0.9871,21.520288781983016,20.542822429961607,20.046075984430832,21.473186301004983,0.993,0.9972,0.9989,0.9989,6.016167228301381,6.038257507359339,4.954400396267054,6.008260145807074,0.9722,0.974,0.9801,0.9802,7.739625008811021,7.646989349002328,7.48176784789972,7.761857319056372,0.9827,0.9908,0.9869,0.9866,6.011967971423063,6.344765597645115,5.810807455105147,6.022720386818304,0.9874,0.9928,0.9969,0.997,8.96502720867932,8.849443059542823,7.656898480659347,8.983734702137783,0.9768,0.9862,0.9867,0.9867,0.6906176960244591,0.6787740675713916,0.6455956344281382,0.690994649780162,0.9686,0.9733,0.9951,0.9954,16.076553087893604,15.980218091196743,14.56811945662795,16.121500569750953,0.9704,0.979,0.9934,0.9934,11.351697765467572,11.300830957434789,8.895839422764805,11.35604601646575
478,0.9874,0.9946,0.9934,0.9928,5.294757217638917,5.3372606607178135,4.915298089964297,5.268590597166629,0.9621,0.9688,0.9836,0.9836,20.964571370620867,20.249385823958203,19.531775630870023,20.99617702944234,0.9574,0.9611,0.9747,0.9747,3.07856628919836,2.983128589518884,2.956661783762949,3.0733891000010263,0.9927,0.9964,0.9967,0.9967,15.139929146208512,15.121467124235933,11.29205676869738,15.140409977653984,0.9799,0.9855,0.9852,0.9853,6.096226908228067,6.317643518746984,5.848991999315927,6.166848333122035,0.9832,0.9935,0.9991,0.9991,12.229652344393726,12.056736211058272,10.002494353205227,12.251596150613327,0.9676,0.9712,0.9845,0.9845,0.6674625993779746,0.6412204000343745,0.6304560893347272,0.6656624022011313,0.9856,0.994,0.9972,0.9972,18.07131181865861,17.935160557759243,14.884211559946989,18.09751910020196,0.9915,0.9952,0.996,0.996,14.175725631884385,14.09315878688697,13.524306516199136,14.186206256038016
479,0.9843,0.9849,0.9932,0.993,5.682061370007309,5.509840803417923,5.297203583044995,5.689604154030406,0.9627,0.9688,0.9786,0.9787,19.833692681846603,19.1144825015913,18.406651429303743,19.83491666340469,0.997,0.9975,0.9998,0.9998,8.07991447437504,8.085437902729684,7.110048702003174,8.066971188956042,0.9459,0.9497,0.9999,0.9999,39.23247535931865,39.08367526057033,27.559120526493817,39.24550258177565,0.9666,0.9722,0.9722,0.9723,5.18532973378816,5.204637076765748,4.94966380669923,5.194927503316398,0.9899,0.9957,0.9989,0.9989,11.825085665710905,11.7215278663308,8.60287057337527,11.834921368094138,0.9735,0.979,0.997,0.9971,0.8210714260075888,0.811196331979726,0.7383847944683724,0.8205967978317746,0.9651,0.9779,0.9856,0.986,12.785916446077785,12.72208836176543,11.774001663742514,12.805663260626655,0.9728,0.9903,0.9898,0.9898,9.429984886040636,9.366006779428345,6.2129499471067,9.44032904230517
480,0.9815,0.9892,0.9881,0.9878,5.199738101490565,5.341649043007322,4.891317048563449,5.219500338901005,0.9703,0.9732,0.9957,0.9944,28.254482823677,28.236542757015844,24.75787007358055,28.41545430565437,0.9812,0.9846,0.989,0.9893,3.902287317205371,3.9145997746476513,3.628386910363744,3.9131622739684273,0.9955,0.997,0.9999,0.9999,39.31885860023517,39.213054268755975,25.46714906840697,39.310155931799805,0.9854,0.9909,0.9886,0.988,8.010400957317747,8.392634471527208,7.457889647007997,8.007507162654141,0.9623,0.9782,0.9791,0.9791,5.710017889277831,5.602613926007722,5.406710880621042,5.72112812794884,0.9718,0.973,0.9977,0.9976,0.8257513941132155,0.7993530587149329,0.7777754291490547,0.8242788628512374,0.9793,0.9929,0.9967,0.9967,17.338137292057265,17.384067460343314,14.941481561644006,17.33400630651006,0.959,0.9758,0.978,0.9781,5.93256484736216,5.830712325584678,5.75128594621951,5.9434062434692425
481,0.9848,0.9884,0.9902,0.9903,5.57573968142911,5.799411783817326,5.218284434863632,5.602595515759033,0.9847,0.9919,0.9981,0.9981,28.952508157793005,29.428386403362463,24.04679391321931,28.938709831421747,0.9748,0.988,0.9947,0.9947,4.480282226638473,4.535561793689921,3.9917975038268056,4.473374645784444,0.9769,0.9856,0.9854,0.9854,8.73542393935848,8.744647098983892,7.881674509742563,8.746325833568228,0.9806,0.985,0.9839,0.9842,6.927498541001313,7.230368656376033,6.052862145210246,6.928408516408038,0.9914,0.9968,0.9984,0.9986,11.09359656928764,11.008936245978376,9.335233039783056,11.111754000865885,0.936,0.9383,0.9763,0.9761,0.6293631083989163,0.5891303747959888,0.5844324147059072,0.6278892559426148,0.9706,0.9912,0.9909,0.9909,14.253190016475749,14.218611646144568,12.954613352030789,14.276799212203567,0.9867,0.989,0.9996,0.9996,52.51390522620812,52.32177958134527,30.058429892206465,52.530861380661534
482,0.9673,0.9686,0.9799,0.9797,4.612546850545479,4.325976021160532,4.300235070174494,4.614831168748742,0.9685,0.9728,0.9867,0.9871,21.868214454060062,21.803917558168276,20.465173233959675,21.995100622166483,0.979,0.9851,0.9997,0.9997,7.083864870987191,7.142802400634545,5.928687567105121,7.075463740008628,0.9734,0.976,0.9857,0.9857,8.851425384811396,8.64612207582065,8.519720079754036,8.852088747680016,0.9807,0.9888,0.9869,0.9872,5.90949092533036,6.163221811789898,5.511887785640926,5.947290637652458,0.9678,0.9726,0.9968,0.9968,8.860285302463264,8.73154306829376,7.472483134500447,8.877080239118843,0.9684,0.9852,0.9903,0.9903,0.7230813770548836,0.7229896517755714,0.6673296174636056,0.7246971559922555,0.9416,0.9461,0.9884,0.9885,13.39891981002306,13.367006593026248,12.417125836954744,13.441594968003535,0.988,0.9938,0.994,0.994,12.331028045425048,12.232977962664943,9.67010466688465,12.341768194831406
483,0.9768,0.9813,0.9851,0.9854,4.77516487116336,4.654910650933159,4.531559924450419,4.788847306136379,0.9536,0.9576,0.9767,0.9768,19.952959979069718,18.926821051890915,18.64888290429129,20.00687931999524,0.9641,0.9665,0.9951,0.9951,4.618395889809497,4.583950410937178,4.320152847780232,4.628864227948645,0.9687,0.974,0.9794,0.9794,7.597260436997546,7.587022106613321,7.018676288616753,7.606064209738927,0.9731,0.9826,0.9776,0.9786,5.441131772194784,5.622057543631021,5.233409118081314,5.456783767735219,0.9944,0.9977,0.9979,0.9979,9.927818746832042,9.777292960245076,9.43373722208844,9.946068806884355,0.9741,0.9775,0.9842,0.9841,0.6633586619733413,0.6417749169734396,0.6348526815722234,0.6628467054918512,0.9744,0.9835,0.9835,0.9837,12.434100864400357,12.420993622921856,11.391359595294825,12.478233782779224,0.9886,0.9929,0.9948,0.9948,12.798166100104163,12.740813256728435,9.998152516637957,12.80030836426429
484,0.971,0.9785,0.976,0.9763,4.504159206213172,4.581259454701815,4.340039962205665,4.516781884726626,0.9586,0.9767,0.97,0.9715,18.67263183217027,19.482218419172384,17.35336290721076,18.817164554038285,0.9682,0.9727,0.9848,0.9851,3.555834695122821,3.52770208625453,3.338548687215336,3.5696007796835527,0.9479,0.953,0.9769,0.977,7.18808119966243,7.010069319597146,6.933191167241364,7.204840269594014,0.9591,0.9618,0.9727,0.9723,5.218739900416693,4.809158003369126,4.715814334926405,5.195981319987474,0.9761,0.9834,0.9824,0.9826,6.0256110508455984,5.930529632458232,5.412451760414855,6.047198081639571,0.9755,0.9843,0.9964,0.9963,0.8005397725675341,0.7915735138796338,0.7019997865820645,0.797113989827525,0.9719,0.9728,0.9884,0.9884,13.487166196366315,13.10101607849074,12.909062058659192,13.521769191638157,0.9718,0.9754,0.9888,0.9888,8.805666829916628,8.756451767405299,7.542638559348835,8.813584034111598
485,0.9618,0.9815,0.9745,0.9748,4.457890375217644,4.729049522819572,4.12128599363133,4.461849771370586,0.9506,0.9591,0.9646,0.9639,17.897872685034372,17.4299973249419,16.795484482216274,17.866341375970787,0.9838,0.994,0.9995,0.9995,6.885247242041474,6.913778831388701,5.4275094896530005,6.876971110182228,0.9537,0.9569,0.9813,0.9813,7.828601199083549,7.809693510926083,7.473965548292266,7.834794558089719,0.9341,0.9417,0.9561,0.9572,6.166744992740827,6.322267468016381,5.625527111690458,6.185414567212699,0.9756,0.9852,0.9908,0.9909,7.210912162238564,7.100173116006637,6.793534204803971,7.224651917859145,0.9759,0.993,0.9934,0.9934,0.7505036967394871,0.7253599314685438,0.7207142117855477,0.7511202549196844,0.9657,0.9755,0.9853,0.9853,12.576655582319882,12.519715892856953,11.118098431542974,12.615159811419158,0.9811,0.9896,0.9983,0.9983,22.90047395383494,22.761038907610548,22.211763308332348,22.909294778690544
486,0.9822,0.989,0.9861,0.9858,5.350915090664912,5.637760326262696,4.988880921568159,5.363956657728775,0.9787,0.9842,0.9899,0.99,22.10133992031273,21.29706404181245,20.54572992381088,22.17291312406717,0.9762,0.9807,0.9875,0.9875,3.717389851685387,3.713081671062156,3.414487997585093,3.716108715252911,0.984,0.9878,0.9902,0.9902,10.02850220707298,10.012734491760668,9.36617577405616,10.029745837617297,0.9762,0.9798,0.9797,0.9793,5.626661318921566,5.730962090288328,5.404435058532087,5.590325917707547,0.9867,0.9953,0.9979,0.9979,9.905753475830398,9.777283330345554,9.5399718020227,9.92476000583505,0.9808,0.9908,0.9935,0.9934,0.7530503082374747,0.7532583545384568,0.7123166188068422,0.7534122838201671,0.983,0.9859,0.9978,0.9979,18.747212601644957,18.60710972371521,17.081123000941,18.76775624724472,0.9803,0.9818,0.9825,0.9826,6.593718299884387,6.542777653352258,6.309098099545813,6.602574762910852
487,0.9684,0.9742,0.9808,0.9809,4.707481747403946,4.719068752807404,4.371984957378857,4.761655025373841,0.9496,0.9659,0.9728,0.9736,19.34659626545193,19.45175151912632,17.878913138436108,19.47672263598429,0.9706,0.9725,0.9818,0.982,3.4510940711038494,3.291674018316466,3.2494648657977736,3.450928233943753,0.975,0.9811,0.9857,0.9857,8.873903795349577,8.817477052711492,7.76584806883799,8.883799450049475,0.9866,0.9893,0.9891,0.9893,6.700108864964236,6.9719008607793205,6.096251312926484,6.664991538552719,0.9734,0.9768,0.9791,0.9793,5.682163464083349,5.57889634301642,5.469801383872984,5.703555060393748,0.9891,0.9973,0.9978,0.9978,0.8277270798146827,0.825795139053637,0.7796875126207348,0.8273152567187236,0.9761,0.9762,0.9884,0.9884,13.601735124879818,13.00699824487,12.934975709856117,13.613129207478302,0.9841,0.9896,0.9977,0.9977,21.187462824763145,21.07737639926438,16.32993574749744,21.194345511651907
488,0.9697,0.9767,0.9826,0.983,4.7751533670911925,4.772810084545625,4.393003424913534,4.833819081485177,0.9768,0.9808,0.9915,0.991,23.85886746899832,24.20909753522424,22.20605825097025,23.918411105315013,0.9876,0.9911,0.9973,0.9973,5.250050565885486,5.260030393095953,4.852536191163104,5.247870152124596,0.9517,0.9542,0.9641,0.9642,5.9520930044077724,5.842262513455166,5.751747372565928,5.961544017880053,0.9697,0.9809,0.9735,0.975,5.256146620699946,5.594691258991977,5.08744204926184,5.311890100012512,0.9735,0.9767,0.9807,0.9807,5.877774235539039,5.768106204662644,5.442030992625851,5.88127163720424,0.9648,0.9687,0.9937,0.9937,0.7599477368973372,0.7485393473001223,0.7087578716682659,0.7587801950354777,0.9898,0.9931,0.9992,0.9992,21.5951661016521,21.463033706915606,16.26962907928012,21.61884296033829,0.973,0.9806,0.9859,0.9859,7.632116071164111,7.617531947621844,7.064009862840024,7.6379164305538705
489,0.9792,0.984,0.9855,0.986,4.85193618815643,4.815369182737008,4.620464509171029,4.853141125260056,0.9731,0.982,0.9904,0.9913,22.40401569452292,22.56241824971039,20.726591174477967,22.59669356349784,0.9979,0.9992,0.9999,0.9999,9.426679927904376,9.425720705317405,6.467954103078129,9.411234196540216,0.9886,0.9908,0.997,0.997,15.46611915199104,15.443575574510897,14.93596088884976,15.482572502219869,0.9383,0.9441,0.9494,0.9487,5.192087053760262,5.303430211549074,4.974219474619884,5.247221800190051,0.979,0.9878,0.9928,0.9928,7.518252661870933,7.41237227461189,6.992680774387168,7.534748289464878,0.9443,0.9552,0.9638,0.9635,0.5926647429652054,0.571820894889729,0.5493796984061343,0.5930166540385295,0.967,0.9704,0.9965,0.9965,17.34712944395769,17.20386661431228,15.0796359248881,17.368839492342772,0.941,0.9624,0.9787,0.9787,5.985273251341253,5.866201172404971,5.835814438038993,5.989753147954876
490,0.9775,0.983,0.9875,0.9875,4.904250678349772,4.715718077467869,4.553328656372853,4.90580034735627,0.9608,0.9633,0.9807,0.9808,20.492985570613268,19.69633593218485,19.255145294157312,20.543461276845992,0.9783,0.988,0.9867,0.9871,3.696453206239706,3.731361874563536,3.3019744609751447,3.70161324154326,0.969,0.973,0.9719,0.9721,6.728311497498851,6.665273167107377,6.437181738201027,6.762113342854861,0.9876,0.9918,0.9898,0.99,6.243014181238472,6.438967622995289,6.0233425097674544,6.2450222411082095,0.9659,0.967,0.9925,0.9925,7.507098621112109,7.299198568853872,7.223749028882292,7.5106757976558525,0.9496,0.958,0.9691,0.9683,0.6019976139654875,0.5786716674584191,0.5646608818882299,0.5980963230227121,0.9807,0.9857,0.997,0.997,17.711612604135546,17.578187769088665,15.743665147373758,17.75666216440221,0.9841,0.9869,0.9979,0.9979,21.671294487715333,21.589238309053314,15.58589367306551,21.67742242971225
491,0.9557,0.9669,0.9623,0.9624,4.160498791665725,4.221714693125005,3.984802376189857,4.160766207338711,0.9827,0.9891,0.9917,0.9925,22.83993626658565,23.060274558499305,21.040745601249824,22.972258049861743,0.9763,0.983,0.9973,0.9973,5.174633596966949,5.18873455374109,4.673707591489978,5.178965939705963,0.9799,0.9888,0.9929,0.9931,11.236749214145393,11.242463392338632,8.7270081191267,11.2422248840221,0.958,0.9662,0.9687,0.9694,5.113286008622818,5.167865363839033,4.804293853121042,5.136000918106182,0.9632,0.9739,0.9799,0.9801,5.783773691774698,5.695455404602941,5.009679854584684,5.803787435603929,0.9866,0.9939,0.9912,0.9911,0.7323344982340491,0.7332164303934371,0.6845696492040394,0.7287862227169993,0.9698,0.9781,0.9912,0.9912,14.385337010536327,14.35061808440536,12.84583052908775,14.430550985448138,0.9537,0.9688,0.9694,0.9695,4.841289775359932,4.783888683633878,4.146215649812204,4.848962629063287
492,0.9892,0.9924,0.9917,0.991,5.171846697560225,5.188105961079545,4.999237016259327,5.154017869506562,0.9892,0.9918,0.9933,0.9934,23.34734667508799,23.494337814129636,22.363729456576205,23.48969282833005,0.9716,0.976,0.9748,0.975,3.176709218316553,3.1220589086509465,3.0076156311309115,3.18097331123256,0.961,0.9722,0.9794,0.9794,7.562188056166082,7.579611538874489,6.492383379243565,7.556366285163332,0.9629,0.9646,0.9711,0.9721,5.257668106028163,5.233726403635757,5.042960982823497,5.276117561737654,0.9457,0.9646,0.9855,0.9855,6.30277302417511,6.238206957740642,5.923142232512292,6.315120379890451,0.9661,0.9704,0.9868,0.9868,0.6792302570795957,0.660155925402503,0.6490624777533358,0.6786600741661982,0.987,0.9966,0.9996,0.9996,28.694073595305696,28.50811177529192,21.043371314772617,28.741773591569743,0.986,0.9925,0.996,0.996,14.165238936135513,14.092006146367632,9.352252059160364,14.164419128207973
493,0.9748,0.9831,0.9806,0.9801,4.699966961782948,4.817963274016247,4.489966655252129,4.671929581165188,0.9866,0.99,0.9969,0.9966,34.2102983699116,34.811865028912166,27.69050710617969,34.11948809447528,0.9894,0.9984,0.9982,0.9982,5.542396470318508,5.627534814723124,4.720970937511902,5.540679966529478,0.9648,0.9712,0.9833,0.9833,8.320959623941592,8.26844543232982,7.180160807990236,8.327812843658917,0.9814,0.9842,0.9832,0.9834,5.8480955213428345,5.994726747569397,5.682907775267562,5.826780360280325,0.9923,0.9975,0.9991,0.9991,12.20271382142776,12.05676685300436,9.698830461853657,12.220357380043607,0.9973,0.9986,0.9994,0.9994,0.8969894374421039,0.8797653316695275,0.8439262766327462,0.8970816505517896,0.9659,0.9805,0.9853,0.9853,12.742743880537551,12.575236004803456,10.781037940266494,12.754219331305842,0.9918,0.9936,0.9992,0.9992,33.23724756892344,33.07723066256493,22.17158611433527,33.242152810797286
494,0.9619,0.9702,0.9773,0.9768,4.6018838134888025,4.448068288119726,4.226675641876808,4.576833369987684,0.9363,0.9478,0.9591,0.9593,17.4346251502578,17.01504849880971,16.16810940088381,17.457601311332837,0.975,0.985,0.9927,0.9927,4.160772918353169,4.212614005353661,3.8338363704406033,4.155175016043061,0.9818,0.9875,0.9958,0.9958,13.701590667481208,13.680649539200314,12.543970270624678,13.706036850288951,0.9558,0.9647,0.9645,0.9647,4.969332093021829,5.074434067629573,4.741859732188515,4.952354718627243,0.9616,0.9687,0.9828,0.9828,6.038811844851743,5.952765354535069,5.578511889429031,6.049634689287491,0.9803,0.9899,0.9944,0.9941,0.7755583283980738,0.7663341203315754,0.6892459107906664,0.7738736567906422,0.9902,0.992,0.995,0.9951,16.252508468710772,15.871926309617857,15.386973545296891,16.345447903411902,0.9568,0.9648,0.9991,0.9991,32.66963789062949,32.52558010288796,19.67819067392559,32.67310972384976
495,0.9425,0.9483,0.9649,0.964,4.186564188852463,3.8737330872990015,3.796733851370664,4.161947687452377,0.9371,0.9407,0.9531,0.9533,16.9365440249485,15.890455723391582,15.615338001971876,16.89794010230217,0.9812,0.9883,0.9904,0.9904,3.975353349239208,4.002120421435755,3.602053863424156,3.9789742168784006,0.9775,0.9801,0.9999,0.9999,39.25348292431374,39.145834172275634,26.209635090779333,39.24074327437328,0.9834,0.9923,0.9887,0.9895,6.101314405034392,6.541835838510458,5.694317019243861,6.16785261899242,0.9581,0.9707,0.9895,0.9895,6.781668356483085,6.730132879572817,6.350970687544396,6.793533971191491,0.9548,0.9659,0.9785,0.9783,0.6462644778212061,0.6279563061250526,0.6010326470118939,0.6453382116212403,0.9687,0.97,0.9765,0.9765,11.61797276306708,10.994464690496963,10.854520447903225,11.650528775268937,0.938,0.9589,0.9976,0.9976,20.77924553803644,20.71857130594616,13.338246832315424,20.77842951757176
496,0.9905,0.9962,0.9936,0.9932,5.399832880054556,5.647450515236281,5.1688418982340645,5.413084005794949,0.9825,0.9856,0.9905,0.9905,22.29554192993374,21.916758305308075,21.36737840307805,22.33713528967226,0.9694,0.9741,0.9851,0.9855,3.518832457308776,3.4998724774122607,3.3782682390687064,3.5445385273749954,0.9791,0.9877,0.9888,0.9888,9.378741852419369,9.378071276562412,7.930988433831596,9.3820663525704,0.9591,0.9732,0.971,0.9721,5.190495573674587,5.262472295473888,4.821199311199752,5.205188077251931,0.9365,0.9393,0.9906,0.9907,7.137034280263279,7.0228694792829165,6.803300282241969,7.152059541141908,0.9601,0.9674,0.9897,0.9894,0.7079009899585091,0.691608001428244,0.659440959832756,0.7066456861418413,0.9582,0.9674,0.9696,0.97,10.756687719707289,10.413204316259622,10.118002575570896,10.798039841895278,0.958,0.9664,0.9977,0.9977,21.17177587086107,21.066135152054027,14.141097095941737,21.17217915615709
497,0.9454,0.9502,0.9659,0.9652,4.298557423203816,4.031289725322833,3.943540749913307,4.306942398866791,0.9676,0.9727,0.9793,0.9796,20.077239765980305,19.32793105605781,18.83268493373263,20.141911581111607,0.986,0.9881,0.9974,0.9974,5.29605463161434,5.1897767209669965,5.076790859703508,5.295080344337746,0.9745,0.9802,0.9938,0.9938,11.662769395752951,11.62115973815192,10.568232746844531,11.668399820821708,0.9691,0.9784,0.98,0.9805,5.62836349044164,5.701014447822688,5.255610932126757,5.675413479116031,0.9776,0.9877,0.9978,0.9978,9.621425282370016,9.589610169268,7.383185576214807,9.625890654172508,0.985,0.9985,0.9997,0.9997,0.8981176333083911,0.8973325553019542,0.7580233085010595,0.897413672218881,0.9777,0.9956,0.9961,0.9961,16.64864515064877,16.46613465078176,15.917049932823971,16.68571598216954,0.9447,0.9484,0.9787,0.9787,6.000382495830963,5.955541008997524,5.56327357469539,6.001520328631004
498,0.9628,0.9723,0.9773,0.9775,4.539675498059369,4.402209905543413,4.154862142837772,4.537456914415918,0.9595,0.972,0.9743,0.9748,19.04741512198544,19.281699761925942,17.763618835065365,19.2441623961269,0.9408,0.9505,0.974,0.9748,3.072014516676487,3.021853732927588,2.88675590792349,3.091523533548676,0.9464,0.9562,0.9924,0.9924,10.929388670501435,10.919623330648896,8.893196371598565,10.927804980593544,0.9573,0.9664,0.9633,0.9633,5.086180114918581,5.214994242630722,4.94860422738633,5.097646708935235,0.9831,0.9966,0.9961,0.9961,8.637104491917677,8.544303893512746,7.481599542040077,8.652161471722454,0.9859,0.9903,0.9901,0.99,0.7165072025722385,0.7105134437494267,0.6647307760003459,0.715629239674879,0.9729,0.9793,0.9977,0.9977,18.385180235833623,17.89352255671727,17.717054546875463,18.41948081667174,0.9833,0.9862,0.9932,0.9932,11.253364187556658,11.161575801515498,10.150278020746638,11.266472647441306
499,0.9939,0.9961,0.9945,0.9949,5.387509296351716,5.538803110756224,5.303456359706139,5.406303201306671,0.9656,0.9726,0.9805,0.981,20.222785779611428,19.3568437532735,18.419838953667643,20.29528779911244,0.9664,0.9732,0.9809,0.981,3.3962831463507746,3.2554205138142622,3.1714019669493654,3.396899532545384,0.9624,0.97,0.9831,0.9831,8.3042497127768,8.264213739406806,7.186492116414723,8.297934555353205,0.9828,0.9909,0.9886,0.9879,6.396627235692007,6.810216399326659,5.75034274415772,6.42343312304646,0.9746,0.9798,0.9992,0.9993,12.413905638348329,12.287374893953144,10.017870860011191,12.443989231813456,0.9814,0.9905,0.999,0.999,0.8665022047669929,0.8638876439566441,0.729848325455647,0.8648964688721898,0.9822,0.9895,0.9964,0.9964,17.443825291448807,17.163836700640694,16.192323143109828,17.43822578857373,0.9873,0.9941,0.994,0.994,12.326582539748443,12.23307508710351,8.823042983775009,12.333399168690155
500,0.9859,0.9882,0.9884,0.9886,4.964872585266729,4.947310541883484,4.811331512875776,4.96040366035365,0.976,0.9876,0.9873,0.9873,21.54948340433989,22.11882425431013,19.8802037459905,21.553215815660835,0.9856,0.9893,0.9962,0.9962,4.922529176555786,4.923806178388818,4.53605019467715,4.931383460036853,0.9614,0.9681,0.9887,0.9888,9.393124683785947,9.296557856894983,9.01547825106528,9.431094601191187,0.9787,0.9856,0.9847,0.9846,6.163797654302375,6.452742867770171,5.767742528626837,6.169810783934599,0.9827,0.9918,0.9972,0.9972,9.190420440312044,9.06550734348195,8.81768165496003,9.20754040592238,0.987,0.9936,0.9967,0.9965,0.8028379743283044,0.7561605018860362,0.753873890335004,0.7996856759657381,0.983,0.9875,0.9899,0.99,13.987719545578647,13.910181383382731,13.00893325513659,13.993635619603443,0.989,0.9941,0.9948,0.9948,12.86204540966868,12.817643048583278,9.397591530776698,12.866680088450105
501,0.9336,0.9499,0.957,0.958,5.089041210147578,5.253584327421638,4.588974157406293,5.0825374731315485,0.9597,0.9706,0.9735,0.9737,19.446984516297437,19.607894817575417,18.33399261859889,19.537736281478104,0.9614,0.9663,0.9786,0.9788,3.273010437849502,3.1356392320743525,3.079281083808404,3.289568962208783,0.9552,0.9562,0.9938,0.9938,11.811281410499356,11.771187608135229,11.273735185349974,11.809803870307965,0.9872,0.9907,0.9883,0.9886,6.082130976297114,6.348133435792024,5.96809930460626,6.09533982716343,0.9796,0.9847,0.9945,0.9945,8.02345556150825,7.957896662929136,7.424402960558112,8.031886270633096,0.9727,0.9799,0.9815,0.9808,0.648948915122816,0.6246898471767495,0.6172044843724458,0.6461020776735085,0.9701,0.9785,0.9933,0.9933,15.100421621442118,14.968028036647766,13.107216762322446,15.124983914027212,0.9828,0.9878,0.9983,0.9983,22.858120032981933,22.759966462240637,19.243675189042843,22.85208725696567
502,0.9739,0.9771,0.9818,0.9825,4.739391245244567,4.534534732151082,4.437684450580587,4.764518231484247,0.9603,0.9763,0.9859,0.9857,21.516839525877515,21.806813799371483,19.07910511515745,21.532481130978493,0.9833,0.9898,0.9989,0.9989,6.076660111724804,6.0508616743566135,5.799644635418306,6.091783938525946,0.9703,0.9728,0.9975,0.9975,15.757901080546093,15.67346797198625,13.067619182172296,15.750541641109008,0.9758,0.9837,0.9822,0.9824,5.696838194523496,5.983287295206992,5.347230029196263,5.722902739210028,0.9839,0.985,0.9979,0.9979,9.87300915694902,9.777075856833218,9.280680644917878,9.883226682001172,0.9911,0.9964,0.9958,0.9958,0.8017312475878104,0.7894060398635782,0.7162297750725131,0.8032390533500328,0.9815,0.99,0.9978,0.9978,18.59989681913186,18.479514026082608,15.523816647829891,18.62277685923813,0.9685,0.9726,0.9948,0.9948,12.778329179477682,12.730568118207817,9.792067011420167,12.775187789074383
503,0.996,0.9982,0.9968,0.9968,5.668787337277237,5.943946333280898,5.516315819122932,5.695023080158287,0.9778,0.9829,0.9938,0.993,26.077641423603687,25.695726846376907,24.949269616153305,26.023334172431262,0.9549,0.9641,0.9984,0.998,6.687202005850472,6.727070044559924,5.710240292816223,6.6853620907364855,0.9856,0.995,0.9969,0.9969,15.24011178954834,15.292192919218827,11.888300881182102,15.229995084490664,0.9796,0.9806,0.9839,0.983,5.738518222695454,5.563793368008584,5.5098041331952805,5.702699672032236,0.9835,0.9953,0.9961,0.9961,8.537165544187873,8.465075359158075,6.824007254413019,8.550344475637239,0.9623,0.9767,0.9833,0.983,0.656565328017384,0.6546236074282947,0.6012998968031451,0.6550542214207273,0.9418,0.9473,0.9804,0.9804,11.885587017781582,11.436811218140368,11.393354043455288,11.898468221047375,0.9668,0.9704,0.9895,0.9895,9.283638918075711,9.20235422980726,8.417443400962451,9.298851816456018
504,0.9872,0.9932,0.9897,0.9903,5.022000102318011,5.262489968339196,4.916049121299944,5.053177948842907,0.9857,0.9967,0.9968,0.9966,25.055200854522436,25.96787314406506,22.38645027543655,25.05012460606538,0.9744,0.9764,0.9999,0.9999,9.3519266501862,9.329377582413557,7.324087801998111,9.35354088913993,0.9672,0.9761,0.9857,0.9857,8.8227799238676,8.795105121524308,8.204360022330473,8.813764796289925,0.9646,0.9676,0.9762,0.9758,5.534653049070004,5.442954165147919,5.107988704764485,5.495519552331107,0.9792,0.981,0.9931,0.9932,7.609836276592429,7.529193703977005,7.204731111715067,7.618566434649053,0.9928,0.9968,0.9998,0.9998,0.9319969593819568,0.9215290194104097,0.7929251135225556,0.9327895683554144,0.9721,0.9825,0.9932,0.9932,14.913190638557774,14.88803156500641,13.86121602427767,14.921031728092876,0.9194,0.9393,0.9471,0.9471,3.462800553912189,3.4449009410872624,3.0332896337944955,3.465323982721942
505,0.9768,0.9894,0.9866,0.9868,4.868855544870695,5.040009144604217,4.517262006611393,4.876780326864383,0.9494,0.9595,0.982,0.9816,21.176351629282617,21.25503004597983,19.144786071636823,21.187374717362623,0.9728,0.9796,0.988,0.9881,3.7593343070370246,3.700290928140409,3.5799198059421595,3.7789308717168337,0.9694,0.9734,0.9907,0.9908,10.24999904149409,10.20706801164731,8.95091870687043,10.25887693259874,0.9722,0.9792,0.9775,0.9775,5.405533849039969,5.448208699579321,5.194526973598298,5.402849286662233,0.9865,0.9955,0.9954,0.9954,8.288223921130928,8.195020970786949,7.790516444639997,8.30068554284373,0.9889,0.9934,0.9979,0.9978,0.838461225084863,0.8024402550330785,0.7959561612975761,0.8390646738521668,0.9915,0.9957,0.9945,0.9949,16.1503130458182,15.925860213473731,15.088693616298205,16.19828503626902,0.9834,0.987,0.9966,0.9966,16.543536809922102,16.472176835657244,11.54584152575241,16.5372775655057
506,0.9688,0.9796,0.9761,0.9761,4.513139560952084,4.693088812983913,4.295609469047918,4.506638827221856,0.9647,0.9758,0.9926,0.992,27.758861341107707,28.000632699317777,23.165246691664237,27.69596846600511,0.9773,0.9794,0.9956,0.9956,4.771298156006559,4.553495046204913,4.533841262611954,4.768447854557837,0.9705,0.9838,0.9827,0.9827,8.202228064365206,8.266511569002045,7.268617450900694,8.197624633876039,0.9846,0.9856,0.9861,0.9864,5.907608862970413,5.912366325514618,5.815625058231708,5.922329959700754,0.9712,0.9736,0.9984,0.9985,11.08566538573001,11.014189062492646,9.034018960082772,11.088923203165432,0.9748,0.9849,0.9961,0.996,0.7995598130900474,0.7853232696197348,0.6837520933844836,0.799080899585191,0.9808,0.9853,0.9994,0.9994,22.28942598611544,22.127512667106064,19.69749500480853,22.312537808258146,0.9707,0.9857,0.9951,0.9951,13.044937529801926,12.994333937095892,11.522359628082846,13.050690798744125
507,0.975,0.981,0.9807,0.9805,4.643412606248003,4.652776551770687,4.472141893247741,4.644557301476553,0.9655,0.9695,0.9869,0.9866,22.61755242819435,22.038376359568822,21.460436195489976,22.623843806032173,0.9903,0.9971,0.9989,0.9989,5.977539254178804,6.03739394524762,4.766209739333747,5.984644414910223,0.976,0.9828,0.9862,0.9862,8.894138589615373,8.888865435948032,8.379725003917233,8.899742937969126,0.9723,0.9766,0.9767,0.9756,5.39525610235032,5.484278394294997,5.238626968161791,5.388580401965958,0.9768,0.9845,0.9949,0.9949,8.083851522645563,7.937744401686501,7.885539370542909,8.098007847047406,0.9836,0.9915,0.9903,0.9901,0.7198769534852196,0.7134961464910299,0.6567496074938275,0.7195511352641673,0.9886,0.9969,0.9981,0.9981,19.176072801509807,19.0457089609656,14.53969237337636,19.21160381120691,0.9963,0.9966,0.9972,0.9972,18.436478688436345,18.111033137189494,18.110966307239437,18.434728160917604
508,0.9784,0.9808,0.9854,0.9849,5.305671353315525,5.399503395634975,4.915792488207163,5.301122721750863,0.9894,0.9929,0.998,0.9977,32.08825729189718,32.88759857747726,28.17850628995457,32.04434124179469,0.9741,0.979,0.9949,0.9949,4.573366825132687,4.562453732809105,4.130685405738359,4.582990304631064,0.9565,0.962,0.9741,0.9741,6.857790041204014,6.855204550300257,6.448886716974844,6.840653383469558,0.9605,0.9699,0.9678,0.9681,5.03119099449091,5.117248107045544,4.752059248524878,5.045741272772345,0.9536,0.9637,0.996,0.996,8.563197558847008,8.473809895515629,8.182890540372982,8.575470102988916,0.9959,0.9969,0.9989,0.9989,0.8690797678246678,0.8438586602008137,0.8250621457437963,0.8675226867558365,0.9886,0.9952,0.9968,0.9968,17.87036028439123,17.603790858343157,13.97314293103456,17.883541592898418,0.9887,0.9919,0.9958,0.9958,13.8560487086951,13.74565169971087,12.189329737558085,13.885323234846185
509,0.9742,0.9848,0.981,0.9807,4.678556976315397,4.770771047435414,4.470905551804219,4.67323710022133,0.9884,0.9933,0.9988,0.9988,28.870046430529733,29.325763992135244,25.560970492007627,28.92903485473084,0.9802,0.9923,0.9936,0.9937,4.300163699496615,4.339738302109345,3.5767565811456152,4.306140449878703,0.9842,0.9864,0.9908,0.9909,10.29191996775493,10.260647785382638,9.962634964511176,10.309439243047445,0.9705,0.9834,0.9784,0.9785,5.406220551279152,5.683954594982508,5.146914943101125,5.41710010736517,0.9818,0.9923,0.9934,0.9934,7.683520170087157,7.585461035709661,7.137655970523181,7.699668205247463,0.977,0.9893,0.9974,0.9973,0.8186495537322354,0.8170220993115723,0.6776084742978312,0.8170968205835575,0.979,0.9841,0.9878,0.9878,13.457282638627724,12.87562886445366,12.772449539035474,13.495799196448782,0.9685,0.9902,0.9911,0.9911,9.679696843615396,9.583397242744768,9.446050252006026,9.699989329190164
510,0.9868,0.9918,0.9895,0.9895,5.000893297937063,5.232648040552402,4.8769636740110816,5.0526100795523945,0.9896,0.9938,0.9929,0.9928,22.9739848343159,23.684258870593705,22.24553276368709,23.14379471330147,0.9782,0.9902,0.993,0.9931,4.270037590228545,4.193313402047875,4.040303201940066,4.273374236123456,0.9811,0.9926,0.9986,0.9986,17.665635939987126,17.695419769314366,13.638851494710575,17.662891304694654,0.9769,0.9824,0.9798,0.9796,6.079810075565041,6.289455702211802,5.930332845081823,6.124393281404918,0.9763,0.9874,0.9893,0.9894,6.758929373995099,6.678661585956224,6.526675734693456,6.775638724306458,0.9814,0.993,0.992,0.9919,0.7502188086653028,0.7250916772545536,0.7051390370281589,0.749538573835096,0.9907,0.9953,0.996,0.996,16.559121227631206,16.465946127343507,15.748319750402054,16.556941703721144,0.9862,0.9883,0.9923,0.9923,10.5029724551987,10.44535243443309,9.9450896671205,10.511982735072936
511,0.9826,0.9839,0.9907,0.9904,5.491963103210482,5.452708315947955,5.204176443432495,5.525623837817965,0.9784,0.9853,0.9938,0.9919,24.44298627196924,24.688196034430625,21.20193302119398,24.60676561075901,0.9776,0.9822,0.9911,0.9911,4.030459171673102,4.046958339994438,3.791569972005121,4.034803412634746,0.9779,0.9793,0.9908,0.9909,10.266807719916816,10.213114783657556,9.734064333824904,10.26593405743388,0.9883,0.9943,0.9908,0.9922,6.944606589815826,7.5199090261983645,6.385437486299245,7.027011685315539,0.9831,0.9901,0.997,0.997,9.02572293913917,8.845248624031296,8.79136956745436,9.038650351459232,0.9857,0.9958,0.9946,0.9946,0.7735260816300449,0.7677814455750046,0.7138863859997324,0.7733051236391895,0.9803,0.9841,0.9908,0.9908,14.237901710777994,14.199887965463054,13.28885800156593,14.244476244937244,0.943,0.9458,0.9536,0.9536,3.7453473341240255,3.600532352917189,3.596973026356656,3.745765160459153
512,0.9842,0.9885,0.9918,0.9921,5.274739168558533,5.321066382352964,4.892152160222102,5.3254107621776825,0.9721,0.9749,0.9824,0.9825,20.53077232477034,19.92950115542561,19.678544237136336,20.54337532260313,0.9957,0.9979,0.9991,0.9991,6.3195422463027375,6.349982181474252,5.220850768886724,6.321811845108289,0.9979,0.9993,0.9999,0.9999,39.30188111164596,39.241297291831486,28.759988169489606,39.28874230489016,0.9804,0.9845,0.9876,0.9876,6.289289250508137,6.427959914185415,5.882806388501372,6.343522070373115,0.9657,0.9742,0.9849,0.985,6.199844404419474,6.125927745402864,5.5335795450674,6.211077907080407,0.9756,0.9779,0.9951,0.995,0.7757767530520219,0.762114274354585,0.7354402215746971,0.7750155235363669,0.9697,0.979,0.982,0.9821,12.424773034269071,11.737601043575284,11.539033193191118,12.444362476578934,0.9682,0.9795,0.9817,0.9817,6.386179874426136,6.30847689038194,6.250591213144723,6.389444838421207
513,0.9779,0.9895,0.9856,0.986,4.886038992730206,5.009701350696,4.615753284635596,4.895276481947924,0.9848,0.9894,0.9936,0.9935,23.85491757266152,23.533877362339556,22.96626981737792,23.892379506955525,0.9797,0.9866,0.989,0.989,3.899669010195319,3.908843743251599,3.603441527556967,3.896978931318599,0.9574,0.9626,0.9617,0.9617,5.837662172675714,5.839268136363019,5.559566666243392,5.842492334514957,0.9899,0.9932,0.9913,0.9914,6.499402482770142,6.673682916540537,6.400225373179776,6.522185155734659,0.9857,0.9966,0.9991,0.9991,12.072191644376042,11.936536013533871,10.29443695438961,12.087095331411415,0.9735,0.9775,0.9864,0.986,0.6912653037376214,0.6564320413176615,0.6431798130079108,0.6902022700879147,0.9628,0.9847,0.983,0.983,12.473555868774028,12.068462619028852,11.76536842365048,12.49053659199317,0.9856,0.9916,0.9958,0.9958,13.933267932864126,13.87261110520381,10.509429723169813,13.932549838870663
514,0.9835,0.9952,0.9908,0.9911,5.236127120590471,5.590035718852602,4.944309136871345,5.293395811867312,0.9912,0.9974,0.9982,0.9982,27.14701780479511,27.63409734894249,25.333257548770323,27.21985389042574,0.9839,0.9865,0.9935,0.9935,4.307611438396467,4.152059050887702,4.127984944654842,4.310584591208545,0.984,0.989,0.9928,0.9928,11.183088126639625,11.140784466084911,10.33173897092319,11.181231631398118,0.9899,0.9925,0.9915,0.9912,6.605907694937487,6.877059122871297,6.25879644296858,6.606834004052885,0.9914,0.9937,0.9967,0.9967,8.7958503800583,8.675133735520953,8.021715056764409,8.81491055597654,0.9815,0.9982,0.9986,0.9986,0.8425201885759275,0.8443233005351156,0.714368491692403,0.8412756520368503,0.9656,0.9735,0.9786,0.9787,11.816037735390204,11.232436166971151,11.195034035955054,11.833581309733937,0.9791,0.9842,0.9961,0.9961,15.050455936493687,14.968190572762644,12.664761413790764,15.066443364089182
515,0.9759,0.9899,0.9875,0.9865,5.202596799480237,5.331858209676796,4.776243100456718,5.188349102859018,0.9891,0.9903,0.9944,0.9941,25.37754673872276,25.209763930755194,24.83048503610825,25.41289744703213,0.9606,0.9762,0.9946,0.9949,4.467688848460549,4.507182058989388,3.733683397476985,4.474381111513532,0.9781,0.9893,0.9993,0.9993,21.331329836632293,21.301660061628294,13.876732421291058,21.33441327257444,0.9801,0.9822,0.9817,0.9821,5.998209408187824,6.09020228255026,5.918297025448746,6.014844162776158,0.9798,0.9939,0.9961,0.9961,8.56621488734441,8.479896529717283,7.471553226415742,8.577685359631502,0.9948,0.9987,0.9976,0.9976,0.8380551403663781,0.8262953891734451,0.7648605267970158,0.8386611109818449,0.976,0.9824,0.9998,0.9998,31.99596383760608,31.86533953844624,23.506774158256118,31.982303394971996,0.976,0.9872,0.9895,0.9895,9.360327774852788,9.322397576328097,7.84529241808425,9.363137737402491
516,0.9738,0.9849,0.9791,0.9796,4.621731252697808,4.86132878198457,4.445633368249324,4.637345702873806,0.9939,0.9954,0.9989,0.9989,33.739133063058055,34.28336015455755,32.025474193555056,33.68822596376361,0.9708,0.9762,0.9838,0.9838,3.513544395625304,3.416855858322449,3.3274315426563525,3.5125384398361685,0.9942,0.9982,0.998,0.998,16.760956791308217,16.73251635667051,12.00609254233213,16.748349580924145,0.9601,0.9708,0.9685,0.9686,5.059319999353392,5.207076629275233,4.868293515040106,5.062795606837479,0.9939,0.9963,0.9984,0.9984,10.987624888790991,10.873910474813243,9.734491825291965,11.011286550006346,0.9819,0.9903,0.9968,0.9968,0.7993631464030085,0.7973049555651934,0.7557585091596285,0.7990275831815368,0.9837,0.9918,0.9997,0.9997,29.66185091796126,29.54167322703007,21.30116267777922,29.684616600141165,0.9897,0.9936,0.9972,0.9972,18.89598987631873,18.822224003447555,12.836069746224007,18.894387721034214
517,0.9882,0.9953,0.9917,0.9916,5.162875044482565,5.448264935926376,4.937322552451564,5.184161936984708,0.9728,0.9773,0.9889,0.989,21.95390304744008,21.030504299745903,20.573401909075294,22.008808381993116,0.982,0.9875,0.988,0.988,3.777999750619392,3.790843787262805,3.4648384651200117,3.7811651774503128,0.9836,0.9905,0.9967,0.9967,15.127574491834968,15.074108456105948,10.633892193298808,15.139068852320266,0.988,0.9902,0.9906,0.9906,7.677660635772218,7.952459219509816,6.740420378980468,7.667156284515608,0.9845,0.9867,0.9928,0.9928,7.501917147628045,7.391460915122191,7.284371049296465,7.519598950047469,0.9827,0.9956,0.9968,0.9968,0.8097056550907559,0.7986456030307583,0.6844249449671296,0.8095261753114517,0.9945,0.998,0.9996,0.9996,28.682309997242147,28.513213934699884,20.841879641780675,28.74862627785152,0.9782,0.9805,0.9855,0.9855,7.574885887056529,7.400411649694533,7.398929308472489,7.573417696024441
518,0.921,0.9325,0.9328,0.9358,3.8971275572139374,3.880873989603676,3.757135101870588,3.903842297576156,0.9869,0.9916,0.9923,0.9915,23.263518914478063,23.739454635095736,22.216801551987903,23.203490575664677,0.9786,0.9915,0.9924,0.9925,4.132738272583023,4.0843927842245975,3.962392316180035,4.149748739175502,0.9625,0.9775,0.9967,0.9967,15.125133050907776,15.14081168872474,14.089468092928312,15.13577349141847,0.9824,0.9907,0.9865,0.9858,6.348046320770582,6.805979041770788,6.042008580202845,6.333475598668924,0.9887,0.9916,0.9974,0.9974,9.34578959921942,9.277945154433,8.178592669177455,9.353763386816023,0.9795,0.9835,0.9997,0.9996,0.9029834793264992,0.8933574249724046,0.8486524692703741,0.9018391200826972,0.9889,0.9932,0.9941,0.9941,15.451590663524028,15.425141333178404,14.064885744139374,15.475964809219262,0.9578,0.9756,0.9962,0.9962,15.22720013770356,15.1505893463972,12.395023782199052,15.23598389087496
519,0.9892,0.996,0.9925,0.9922,5.274827357117403,5.529827730614468,5.051499409731287,5.268756383474588,0.9868,0.9985,0.9986,0.9986,28.76537242635178,29.670466544976723,22.56539219656528,28.87310128389896,0.9554,0.9641,0.9807,0.9807,3.3071336223233416,3.313862185769441,3.079304659151463,3.307282305177894,0.9845,0.9891,0.996,0.996,14.149237691986825,14.117169495308206,12.436685407660304,14.143806849048024,0.9953,0.9966,0.9961,0.996,7.22604860347109,7.449506454602154,7.064863890820614,7.307454564310515,0.9657,0.9783,0.9807,0.9808,5.903233042410404,5.80360652531005,5.433028441349387,5.920561831781722,0.9746,0.9793,0.9798,0.9795,0.6426482126794983,0.614983840066041,0.6108741093003907,0.641366091184325,0.9756,0.9836,0.9941,0.9941,15.680059330715826,15.574655057322431,13.664053145420542,15.69211091862776,0.978,0.9836,0.9876,0.9876,8.18732559764402,8.13225087725383,6.734535392470053,8.198948026623695
520,0.9795,0.9844,0.989,0.9892,4.986806845593405,4.894396983353063,4.602703734031524,4.992112770370404,0.9866,0.9954,0.9959,0.9961,25.00436835777577,25.16943919760872,21.410506106711235,25.13836824784001,0.9462,0.9535,0.9756,0.9756,3.1558519940023477,2.9981183290165547,2.968139447650809,3.160293754676588,0.9908,0.996,0.9994,0.9994,21.941089070748284,21.90882119031177,17.261890155026222,21.94257370818293,0.9879,0.9942,0.9914,0.9924,6.783527109126574,7.29053513182627,6.227043742509836,6.832153238523322,0.9716,0.9743,0.9961,0.9961,8.642252031103697,8.543669543106823,8.005908624547827,8.660395453535953,0.9788,0.9814,0.9841,0.9836,0.6760008702676824,0.6250132664259287,0.62233567862389,0.6724416283814336,0.9822,0.9849,0.9843,0.9851,12.4999497253116,12.304876825813118,11.940579461222228,12.55611709139901,0.9844,0.987,0.9966,0.9966,16.573903437074286,16.472176835657244,14.325709950503729,16.57907880195001
521,0.9639,0.9791,0.9757,0.9756,4.573238070106675,4.695725555589204,4.294017869740744,4.565593610844996,0.9858,0.996,0.9937,0.9934,28.71559167081581,29.778427139030157,24.799895759304487,28.687519778844567,0.9412,0.9535,0.9634,0.9639,2.861862217047778,2.791072411741879,2.7270741245818457,2.8733314317813905,0.9837,0.9892,0.9982,0.9982,17.162476139377763,16.931856581286926,16.779384653894713,17.164049598740586,0.9698,0.9807,0.9756,0.9754,5.319352635191345,5.5338320043601446,5.118530181864657,5.309142098674707,0.9776,0.9838,0.9889,0.989,6.745817845664368,6.642894403980554,5.895894391821638,6.761902523154502,0.9663,0.972,0.993,0.993,0.7436611392626403,0.7421971448276872,0.6708309218801081,0.7427414499018301,0.9866,0.9945,0.9955,0.9955,16.37752521299346,16.260187510478204,13.89502202051005,16.416639110706125,0.9713,0.9813,0.9862,0.9862,7.6820142342523425,7.645411394006514,6.9325680032181145,7.690064529382821
522,0.9837,0.9912,0.9869,0.9882,4.891554126444514,5.124134670545805,4.760510271733368,4.9439875773867445,0.9552,0.9629,0.9703,0.97,18.588900499465,17.920479598433865,17.217170772612047,18.569722944276045,0.9938,0.9955,0.9973,0.9973,5.175030292836333,5.202615678669113,4.7405891273166825,5.168658169971054,0.9859,0.99,0.9933,0.9933,11.459571541137954,11.44175641938334,10.117790011121649,11.450940989116392,0.9695,0.9849,0.9783,0.9778,5.963251202036412,6.37256058033124,5.344698925869199,5.962257586304294,0.9859,0.9888,0.9979,0.9979,10.03127464075352,9.90988715180244,8.390451740161543,10.043876259762952,0.9876,0.9944,0.9987,0.9987,0.8568527503598412,0.8465791884853309,0.7645689969097764,0.8552240695042725,0.9656,0.9681,0.9852,0.9853,12.714945218806497,12.211044855724788,12.081404375353635,12.756268195701107,0.9942,0.9974,0.9979,0.9979,21.735374602056662,21.61724985585392,17.143947485250823,21.73827346417113
523,0.9925,0.9935,0.996,0.9962,5.537951549536114,5.242748866517154,5.198811138733662,5.556658434676273,0.9731,0.9829,0.985,0.9854,21.03551006162687,21.02928507766844,19.976888865586123,21.122580747611305,0.9775,0.9905,0.9886,0.9886,3.810637795697633,3.903588458257244,3.464676144372933,3.811308072842685,0.9871,0.994,0.9953,0.9953,12.872895174472644,12.89631138872354,11.885787975724536,12.878903872336824,0.9967,0.9982,0.9975,0.9974,9.068725726716862,9.438329545125429,7.797064629647732,9.076123363946657,0.9706,0.9806,0.9855,0.9855,6.371832396521016,6.283711301842335,5.820145021001307,6.381801365613192,0.9769,0.9855,0.9996,0.9995,0.901406279420681,0.8938294593853593,0.7923947059072891,0.8995634227415857,0.9652,0.9677,0.9945,0.9945,15.736062439724853,15.365728633042142,15.066460859920298,15.761295442362451,0.9701,0.9885,0.994,0.994,12.29989348698041,12.2408565243775,11.378675061645554,12.31238689310346
524,0.9892,0.9939,0.9918,0.9927,5.147060376656172,5.30188863359045,5.005866624145748,5.167510973976617,0.9722,0.9783,0.9938,0.9931,24.486917862008912,24.47179909935465,21.275655507958096,24.553594279019023,0.9561,0.976,0.9751,0.9755,3.1667129051210883,3.1970766290105885,2.901912118780245,3.1738996121307586,0.983,0.9868,0.9993,0.9993,21.309415290543384,21.2907993039574,15.407022367335518,21.311138019509112,0.988,0.9911,0.9914,0.9913,7.0120750308134205,7.27544293109158,6.381945974604999,7.048860414417385,0.9581,0.9621,0.9725,0.9725,5.182747356302662,5.081070877415696,4.926451764432933,5.192365258101085,0.9922,0.9941,0.9973,0.9973,0.82676933651105,0.8114036944132371,0.778274491486421,0.8270711448399433,0.9829,0.9927,0.9909,0.991,14.60955082464605,14.389851081657284,12.586753968124164,14.678382940862496,0.9837,0.9871,0.9922,0.9922,10.40349190502973,10.3500301752412,9.135039784653785,10.413405277611576
525,0.987,0.9886,0.9922,0.9929,5.23759338618596,5.1192995678890245,4.950479238003316,5.239067317712211,0.9685,0.9731,0.9725,0.9728,19.285814267422115,18.935946962090476,18.363820984661352,19.378878232843903,0.962,0.9661,0.9755,0.9761,3.2077623565939564,3.092072072437703,2.998726284790157,3.222058371457772,0.9402,0.9414,0.9445,0.9447,4.8705736702968725,4.720205029252346,4.681649022299547,4.881873270574185,0.9787,0.9846,0.9823,0.9824,5.808181995701437,5.874874605041252,5.651377312130517,5.813271153511595,0.981,0.9887,0.9925,0.9925,7.426515547289359,7.343544024156279,6.584013916871822,7.444406359944649,0.9835,0.9865,0.9959,0.9956,0.7987334112726758,0.7662714382054723,0.7461163442857818,0.7958798040931481,0.9809,0.9878,0.9992,0.9992,21.44061753676236,21.34332704080723,18.23625725516666,21.443240388132736,0.9794,0.9819,0.9939,0.994,12.184046245786307,12.112079311650794,10.37981071913592,12.198531789349898
526,0.983,0.9911,0.9892,0.9889,5.075605861630606,5.199062591224489,4.801001251512874,5.070107359207084,0.9722,0.9798,0.9874,0.987,21.443891742647764,21.34455976428639,19.677062652597662,21.44093872025252,0.9833,0.9941,0.9959,0.9959,4.7339670083421685,4.812507630993915,4.3051313117950265,4.719410985115801,0.9871,0.9945,0.9953,0.9953,13.00611023537504,13.015462350899757,12.439042560174071,13.004484769329787,0.9617,0.9663,0.9669,0.9666,5.034024341708142,5.049371235939307,4.886952328852095,5.024233444958776,0.9848,0.9882,0.9983,0.9983,10.728420831627712,10.63606921246635,9.186889582319347,10.744799776079947,0.9574,0.9664,0.9772,0.9771,0.6300214964902653,0.6201681030460671,0.5969175297392963,0.6301950229670367,0.9367,0.939,0.9673,0.9675,10.49224096119555,10.065848767193646,9.96496507280176,10.559844790101751,0.9686,0.9723,0.9941,0.9941,12.393605110463568,12.313916059493586,10.064432481514068,12.404452013258
527,0.9691,0.9708,0.983,0.9831,4.786621158201088,4.522189965865954,4.427742117375188,4.806398840803805,0.9735,0.9778,0.9939,0.9938,24.445576982283526,24.536488851048286,21.83164064323555,24.483278871808174,0.9864,0.9937,0.995,0.9951,4.605596114427426,4.616976148572149,4.393199388953359,4.611465262486404,0.9855,0.9899,0.9944,0.9944,12.243081418583262,12.21696843316574,10.516938713905256,12.250112104840222,0.9623,0.9673,0.9722,0.9728,5.1978484910546,5.022724889943467,4.843344134258501,5.220401199109944,0.9854,0.9874,0.9984,0.9984,11.023572077369684,10.873766850157669,9.856444688715987,11.040529352382016,0.9647,0.9676,0.9967,0.9967,0.8185195361870601,0.7946363468480265,0.7495123290989736,0.818774371865217,0.9699,0.9741,0.9836,0.9837,12.6043238444966,11.977179310465443,11.931524119258162,12.626451112866537,0.9852,0.9906,0.9912,0.9912,9.7600580225244,9.7030059413062,7.762422764781279,9.767483420450414
528,0.995,0.999,0.9976,0.9978,6.128699529835641,6.639636100598254,5.501469605552286,6.126197635825395,0.955,0.9613,0.9664,0.9666,18.16524974727505,17.570890085866473,17.079936799952645,18.178022790118103,0.9755,0.9791,0.9817,0.9817,3.435179636537033,3.291303377516164,3.233830365954484,3.4381459524424174,0.9348,0.9441,0.9419,0.9423,4.844744380374727,4.792962620362999,4.477077707402882,4.859336119152384,0.9655,0.9708,0.9753,0.9753,6.042641123842138,6.1762558010085264,5.450219066593288,6.071737007319088,0.9761,0.9777,0.9974,0.9974,9.490119833697376,9.314051077790872,9.19026623822452,9.51362354812692,0.9829,0.9904,0.9911,0.9911,0.7386930434429149,0.7244436562195019,0.6932004918630421,0.7383092304418418,0.9474,0.955,0.969,0.9697,10.664367713569671,10.390081148175964,10.017316053529791,10.71231542921166,0.9681,0.977,0.9946,0.9946,12.559735620005956,12.50451584582224,9.449743265551412,12.558109669642112
529,0.9879,0.9923,0.9916,0.9914,5.103105049664167,5.2240341223166125,4.949320057227045,5.1320305668447,0.9558,0.9686,0.9781,0.9779,20.33756399442741,20.700197635233707,18.14311455549445,20.30736928101578,0.946,0.9531,0.9753,0.9756,3.129167757797281,3.099731158868406,2.9012582991146183,3.138409533221078,0.9535,0.9614,0.9718,0.9719,6.689756188711272,6.650051630536296,6.219660341053856,6.706384206072328,0.9761,0.9793,0.9815,0.9818,6.260804623426402,6.41677053012099,5.69318954767553,6.262632057929324,0.9713,0.98,0.9915,0.9915,7.241870226391294,7.151101140230685,6.641222238035469,7.254115697996544,0.9585,0.978,0.9962,0.9962,0.7881842648641988,0.7630886796782045,0.75245926769911,0.7884103107352953,0.9842,0.9897,0.9992,0.9992,21.585211812581854,21.454790524025327,17.347641560744673,21.636469451640533,0.9762,0.9773,0.9969,0.9969,17.357924080487834,17.265495106576658,16.260706782373,17.360095102968057
530,0.9833,0.9938,0.9901,0.9905,5.034797926009538,5.2673304601694895,4.771448512203266,5.048131767064378,0.9825,0.9897,0.9878,0.988,21.630856338447053,22.01057686266193,20.8478745107967,21.61253027334949,0.987,0.9936,0.9962,0.9965,5.033469960706266,4.994370042998304,4.104158914959082,5.063242649640353,0.9305,0.9427,0.9543,0.9543,5.261637372511584,5.286032756100274,4.782036482419566,5.255108329953627,0.9868,0.9949,0.9917,0.9918,7.105594380109964,7.5856566521147935,6.176405708437846,7.122351469011891,0.9625,0.9721,0.9739,0.9741,5.277014038315992,5.206502792874278,4.759315609893273,5.289642058744621,0.9641,0.9743,0.9798,0.9795,0.6525069460135493,0.6218249188972147,0.5990661429522617,0.650900703307485,0.9688,0.9716,0.9941,0.9941,15.725558558891777,15.540705927665288,14.320375077749087,15.75755635875556,0.959,0.9706,0.9932,0.9932,11.121878202843687,11.09756653740446,9.376848415583252,11.135050587535709
531,0.9834,0.992,0.9882,0.9887,5.105006953326943,5.2352805907137245,4.952903115196324,5.122793234821593,0.9798,0.9832,0.9929,0.9928,23.426597110037765,22.676151035254318,22.012464000256344,23.47399922706373,0.9808,0.9833,0.9931,0.9933,4.196694197498965,4.19027846948095,4.06820954979741,4.208063217526649,0.9849,0.9886,0.9987,0.9987,18.29052564927212,18.227947058808414,13.867014073551148,18.289796391259344,0.9758,0.985,0.9815,0.9814,5.562784290350646,5.801144427676468,5.326412883265792,5.553728360471226,0.9908,0.9924,0.9968,0.9968,8.880944375397998,8.732280298886197,8.095400718501981,8.897105689065262,0.9327,0.9392,0.943,0.9429,0.5560796692166472,0.5099049807781946,0.5005465877462256,0.5551353358510009,0.9888,0.9959,0.9954,0.9954,16.21725299370476,16.042945743145154,14.028553044131831,16.25431534982585,0.9875,0.996,0.9972,0.9972,18.884578131973125,18.82339969547399,14.795649229205663,18.881340366103124
532,0.9743,0.9852,0.9805,0.9802,4.645797026559798,4.812821527087114,4.456223061840401,4.639798559690826,0.9742,0.9833,0.9899,0.9899,22.11545544888473,21.26782070515686,20.281843644773552,22.11683176946088,0.9542,0.9691,0.9772,0.9773,3.191098187984118,3.1951373862814494,2.896164958669889,3.195049387424189,0.9822,0.9881,0.9999,0.9999,39.256193837498174,39.17090579981267,28.58289848585308,39.25776606365151,0.9849,0.9894,0.987,0.9872,6.012056619601277,6.24157362675475,5.92300669758374,6.041104549072173,0.9922,0.9973,0.9974,0.9974,9.516027511459084,9.379088286175032,8.99901348391363,9.541137229960762,0.9692,0.9813,0.9782,0.9779,0.6470974338783391,0.6302787055564233,0.5943088800609204,0.6448149090283877,0.9812,0.9901,0.9988,0.9988,20.493999800363937,20.40417225170986,16.28602409325401,20.520291240037825,0.9576,0.9699,0.9707,0.9707,4.938177495980423,4.888630268620178,4.322852897936789,4.948520177768773
533,0.9881,0.9924,0.9904,0.9901,5.088519227762799,5.179704618353032,4.932895710322288,5.079408929192383,0.9947,0.998,0.9969,0.9967,26.51441681759177,27.273064804666067,26.045252138804223,26.589834423131585,0.9923,0.9962,0.9965,0.9965,5.036259620638568,5.009043180503754,4.644919454534471,5.036641025885979,0.9633,0.9654,0.9853,0.9853,8.702477619035562,8.597121965936466,8.32517376835662,8.722124269975033,0.9274,0.9387,0.9428,0.942,4.779165080656491,4.75593241438012,4.5395599942006335,4.780224687516768,0.9748,0.977,0.9939,0.9939,7.811524308706327,7.732207205987768,7.30702618217669,7.82641367035836,0.922,0.9432,0.9606,0.9599,0.5717324507824328,0.5638056628389623,0.5366140237666407,0.5690099553825624,0.9684,0.9762,0.9817,0.982,12.169957089437746,12.04607373255649,11.338596643190602,12.2012984406291,0.9762,0.979,0.9977,0.9977,21.330689308551367,21.24023212071293,15.358487160320944,21.329156752181717
534,0.934,0.9373,0.9536,0.9531,4.06869787355976,3.863296259747614,3.800087348708876,4.04709036518586,0.972,0.9866,0.9826,0.9825,20.5498631572884,21.359445328728988,19.28560965770162,20.543439965090684,0.9727,0.9859,0.9883,0.9886,3.792216765331773,3.790111819494405,3.6173912366253225,3.80484550879046,0.9692,0.9721,0.9868,0.9871,9.066831931567531,8.823941757667036,8.74319369987633,9.09367758602403,0.9531,0.961,0.9664,0.9657,5.0720421303345065,5.006290081520668,4.763045359570418,5.065252461484928,0.9664,0.9742,0.9852,0.9852,6.29689119899655,6.198904615936723,5.417998648714675,6.308984614460906,0.959,0.9613,0.9671,0.9671,0.603415713974029,0.572501213467298,0.5706255072040398,0.6028852992192024,0.9715,0.987,0.9907,0.9907,14.227050414377448,14.149498647418874,12.953724581113574,14.259086754097051,0.9455,0.9699,0.9777,0.9777,5.845399207951148,5.807329513375271,4.400233079671337,5.853504426344292
535,0.9618,0.9654,0.9723,0.9717,4.4127851435274215,4.254821431412987,4.1667551657914,4.3951266107057485,0.9838,0.9911,0.9954,0.995,24.46089279597565,25.1489779023701,22.3506009266621,24.447629784244537,0.9708,0.9779,0.9965,0.9965,4.912711800495956,4.927675933559921,4.303819795865041,4.919059822501182,0.9801,0.9907,0.9909,0.9909,10.23964692346859,10.29536788298122,8.043086274558984,10.228104227041351,0.974,0.977,0.9778,0.9769,5.392825613681591,5.379514036243396,5.260248230045123,5.372824444104096,0.9412,0.9762,0.9801,0.9802,5.76662153186422,5.7147182057612245,5.382069978586776,5.781659026262369,0.9686,0.979,0.9968,0.9968,0.8055025169523097,0.7745308271074156,0.7613525108370396,0.8034887573521816,0.9762,0.9769,0.9805,0.9811,12.101968460579412,11.376046118390398,11.35760901542705,12.133663805840406,0.9899,0.9904,0.9909,0.991,9.744591331617158,9.468079809229476,9.433303486399844,9.7590430739834
536,0.9743,0.9804,0.9802,0.9803,4.711706148773528,4.819215884806031,4.573876912842279,4.734568046584297,0.979,0.9863,0.9876,0.988,21.88977758871705,21.31649740385871,20.234126945691667,21.90819276692551,0.9289,0.9592,0.9851,0.9836,3.984271437261704,4.0429720159911495,3.2347966031248334,3.976802238966096,0.9655,0.9755,0.9958,0.9958,13.67882059847874,13.639185487031249,11.515754250842166,13.693448894177129,0.9776,0.984,0.9803,0.9808,5.519492067833894,5.702066325815752,5.401832038371861,5.51824309836838,0.9732,0.9806,0.9802,0.9803,5.807056131007436,5.609747509227313,5.595047185529424,5.818435466461964,0.9699,0.9745,0.9842,0.9839,0.6687566685314763,0.6539953657686814,0.6282578359844839,0.667496707842394,0.9747,0.9812,0.9986,0.9986,19.612053400007223,19.608380930881275,16.59027306729712,19.59435279420587,0.9874,0.9927,0.9952,0.9953,13.144379944034627,13.06923184256814,10.047515887345831,13.158444112343098
537,0.9729,0.9869,0.981,0.9813,4.696572120917436,4.88931456527991,4.43744221190937,4.7120270611509865,0.9896,0.995,0.9979,0.9979,26.60099218342805,25.64228789287861,25.145145385133343,26.609944459199944,0.9841,0.9884,0.9944,0.9945,4.443498590210458,4.424972619406069,3.968304752897039,4.448983479940791,0.9764,0.9942,0.9993,0.9993,21.28475189605987,21.324767209873592,15.448303101490731,21.28439347422986,0.977,0.9787,0.9813,0.9813,5.860709134507129,5.7820601662517,5.603422703008804,5.8372820474115805,0.9577,0.9697,0.9728,0.9728,5.184890723357115,5.092692580304782,4.761886076519056,5.196371902461841,0.9687,0.9729,0.9898,0.9898,0.7168506428278463,0.7060354832812041,0.6587265988412404,0.7159075273754258,0.9861,0.993,0.9934,0.9935,15.375922046248482,15.243489190610266,13.95119552252244,15.416681421227382,0.9777,0.9846,0.989,0.989,9.025640467580882,8.955314757775316,7.664240585735,9.02540420908581
538,0.9675,0.9724,0.9833,0.9827,4.751570460025835,4.3878671397416245,4.282739447486387,4.735661200786602,0.971,0.9866,0.991,0.9901,31.63409862500448,32.40972946270442,25.41027972395089,31.59510862794012,0.9895,0.9959,0.9961,0.9962,4.876097467266619,4.91696795080712,4.184965611359689,4.883913362887977,0.9569,0.9597,0.9791,0.9792,7.531175271640889,7.405813959505605,7.208054811015431,7.563138745620928,0.9699,0.9856,0.9796,0.9803,6.165173958308538,6.675362898257941,5.438992086987341,6.191082523272607,0.9455,0.959,0.9961,0.9961,8.620232009159492,8.542229266063384,6.727056645445733,8.629886302425865,0.9757,0.9839,0.985,0.9846,0.6780595201217732,0.6566607221339373,0.6352152431768548,0.6771387310541459,0.9631,0.9728,0.9909,0.9909,14.209693400965346,14.118129042538566,12.626762472829464,14.235444134601384,0.9821,0.9869,0.9923,0.9923,10.453100106868224,10.411853197842682,8.693491102478651,10.462333048097282
539,0.9854,0.9891,0.99,0.9896,5.115531436090837,5.007534365856614,4.8478066591579,5.091409743448942,0.9601,0.9644,0.9669,0.9671,18.781400586205567,17.92277760757686,17.500595388593304,18.814432020912843,0.933,0.9337,0.9523,0.9527,2.750785452435728,2.5241001369245373,2.519901555662064,2.7536564859561725,0.9925,0.9934,0.9998,0.9998,30.156809619824127,30.06356913769544,20.275589109752826,30.172934068494005,0.9786,0.9791,0.9789,0.979,5.5961657364350526,5.60168778811458,5.558908048655904,5.5931205793338,0.9848,0.9957,0.9974,0.9974,9.39481811655519,9.31456282381507,7.95596754289347,9.417437389972934,0.9667,0.9729,0.9929,0.9928,0.7614101839479238,0.739884907937754,0.7041176904327799,0.7605254239390788,0.9895,0.9946,0.9964,0.9964,17.227996933331077,16.754366691275006,16.539795495928754,17.246574405853348,0.9706,0.9777,0.982,0.982,6.413230802225529,6.392137874027573,6.0211648846605215,6.424221434534728
540,0.9907,0.9939,0.9938,0.9938,5.292419371884463,5.313578879876136,5.0765802481026565,5.297877331436252,0.9802,0.9913,0.9928,0.993,23.09234949583304,23.50888482298558,20.57154419408512,23.14967541463269,0.9823,0.9903,0.9956,0.9956,4.642370356857129,4.714102941000603,3.799529649115072,4.642117734036762,0.9765,0.9908,0.9976,0.9976,15.740186449919284,15.731707744395807,11.394313367669453,15.743647676414176,0.9651,0.9685,0.9749,0.975,5.762744826965519,5.7277881857254185,5.534764265030889,5.765973373125812,0.9775,0.9809,0.9951,0.9951,8.248512461032018,8.131502566082835,7.239750364469192,8.263645623307575,0.9883,0.9943,0.9967,0.9967,0.8165714138363335,0.8041653034518681,0.7400460661040466,0.8168478644893072,0.9931,0.9949,0.9996,0.9996,28.66326244946077,28.502974889734816,22.54766507841335,28.66662824652949,0.944,0.9585,0.9576,0.9576,3.982644912808537,3.949214870689962,3.632514129692094,3.987072211127995
541,0.9918,0.9944,0.9951,0.9951,5.46314819353431,5.391421639342483,5.257917429650526,5.463327099068144,0.9913,0.9953,0.9989,0.9987,32.431628034936296,33.10600083198273,29.9356025826326,32.348673771828715,0.9809,0.992,0.9912,0.9913,4.0715357175865305,4.104822522770636,3.806853644086737,4.0819176559470485,0.9583,0.9647,0.9719,0.9719,6.628356740369644,6.621534170573205,6.257230681204411,6.624182813646023,0.9832,0.9854,0.9864,0.9867,6.310012869153338,6.379528132030396,6.166317276127137,6.323354983473656,0.977,0.9846,0.9924,0.9924,7.37167661646743,7.299470330453037,6.363378192555936,7.379562216881249,0.9744,0.9845,0.9869,0.9868,0.6924687621524931,0.6759195103597431,0.6456689328300567,0.6914040221031776,0.9867,0.9933,0.9986,0.9986,19.61368730258613,19.509333315039797,16.29941358240035,19.62459124510076,0.9329,0.9387,0.9663,0.9665,4.582652068580639,4.5531250480248,4.203467197501387,4.586737686298666
542,0.9747,0.984,0.9794,0.9798,4.765227937772029,4.993792333360571,4.600434150999064,4.76325593682836,0.9868,0.9886,0.9936,0.9928,34.01265574044419,34.71677997299054,30.699833816770894,34.022207828407105,0.9808,0.9885,0.993,0.993,4.210189377523005,4.122533359425923,4.05035082069752,4.218185950042046,0.9638,0.9647,0.9817,0.9818,7.989740582422983,7.810089612522403,7.713318607042976,7.993022508831896,0.9833,0.986,0.9869,0.9872,6.035418210567341,6.038602281881515,5.838149220375083,6.041209001829899,0.9357,0.9435,0.9417,0.9422,3.8028062541308474,3.714803695161692,3.5515790139962675,3.810454254255677,0.9936,0.994,1.0,1.0,0.9656566414712604,0.9208739399725944,0.920786974703617,0.9656817408146467,0.9958,0.9972,0.9983,0.9984,19.47680330791472,19.04640012677528,18.782890873451752,19.5053915764498,0.9851,0.9896,0.9935,0.9935,11.361987074303588,11.323406345647458,9.837564732132572,11.37170817539916
543,0.9635,0.9705,0.9705,0.9692,4.353633014368281,4.355982062520972,4.181523384892313,4.334457718443229,0.9882,0.9939,0.9936,0.9936,23.511225815803087,23.684343318437577,22.21590435680128,23.61312959028727,0.9661,0.9768,0.9881,0.9883,3.799672755086592,3.792221953396651,3.37333180777679,3.809358661842945,0.9722,0.9819,0.9921,0.9921,10.779210806248887,10.791531855422129,8.561168007395239,10.77109361684438,0.9529,0.9665,0.9691,0.9676,5.465320788327793,5.405845673919256,5.071683455855717,5.449718210674666,0.9736,0.9846,0.9899,0.99,6.9121045327976205,6.8463114364417255,6.293638546275955,6.927056401521815,0.9678,0.9837,0.9968,0.9968,0.8019140615235398,0.8011629395514368,0.7114902168225985,0.8003300871337828,0.9838,0.9887,0.9998,0.9998,32.41785785125974,32.28224577924166,25.582885540337305,32.44023456521594,0.9836,0.9868,0.9982,0.9982,22.547025479827223,22.437901033686547,15.262091260282904,22.547898743783456
544,0.9944,0.9972,0.996,0.9962,5.552735272365107,5.710038104418562,5.370956620019324,5.577363733150162,0.9859,0.9942,0.9969,0.9967,26.2535175177684,27.008402909988263,24.476538237210374,26.228203132363035,0.9927,0.998,0.9999,0.9999,9.397441020613703,9.41514757050598,6.570422481552985,9.387134821017144,0.9523,0.9557,0.9662,0.9664,6.145649166717577,5.982595848996928,5.858916043508124,6.150766370819111,0.9699,0.9724,0.9792,0.9798,7.174182798786321,7.367275436650351,6.484824738257141,7.183830023179501,0.986,0.9932,0.9961,0.9961,8.628110115163375,8.529393143067187,7.234616099109721,8.640543034987333,0.9765,0.9874,0.9905,0.9904,0.7294433164591322,0.7199939373005191,0.6387207445752752,0.7278538917726773,0.9881,0.9933,0.9933,0.9933,15.100361372581371,14.980311821336787,13.614469703547798,15.12421320264906,0.9657,0.9739,0.9956,0.9956,13.572457222750204,13.521172910306955,10.986274265122274,13.568375571442894
545,0.933,0.9429,0.9623,0.9633,4.369810887619897,4.148808037056756,3.915402070717065,4.364477262991828,0.9859,0.989,0.9994,0.9994,32.58249821254992,32.56109776196111,26.813950946072097,32.712125822180724,0.9935,0.9965,0.9965,0.9965,4.9827871409834685,5.012891022979717,4.472439543526745,4.985157896143746,0.9929,0.9956,0.9977,0.9977,16.125044201660444,16.118536851380817,14.24043585160632,16.118039482672206,0.974,0.9808,0.9808,0.9794,5.587711046165532,5.603124388010683,5.305113636461431,5.559517946281138,0.9723,0.9891,0.9931,0.9934,7.6182739407387485,7.510425633446081,7.365040762953556,7.631241656724701,0.9518,0.9591,0.9759,0.9757,0.6270865800901739,0.6013063171851345,0.5867620798387525,0.6252907512935271,0.9794,0.9867,0.9956,0.9957,16.382256949419677,16.239935545379776,14.071000345782815,16.402222392200798,0.9837,0.986,0.9983,0.9983,22.879164080012945,22.75923654410849,15.174254066850938,22.88496570115284
546,0.9652,0.978,0.978,0.9774,4.56480921781231,4.6358285839585065,4.203397440497374,4.556743560679347,0.9912,0.9966,0.9983,0.9981,26.900594257060902,27.312511212617974,22.781086194572616,26.81259470990385,0.9627,0.9755,0.9901,0.9902,3.8834649286354734,3.905769608556517,3.429553986575656,3.886387285595952,0.9837,0.9899,0.9905,0.9905,10.234770843200216,10.25977862316836,9.819527564044916,10.22589776247226,0.9883,0.9923,0.9908,0.9901,8.098115004487461,8.493820126749254,7.072592771894943,8.11297486130035,0.9812,0.9831,0.985,0.985,6.270353828697028,6.199058491227593,5.907665851359882,6.2842425497206005,0.9299,0.949,0.9802,0.9799,0.6360102194278298,0.6379906823593244,0.5888914690964272,0.6353317505659959,0.9649,0.9777,0.9862,0.9863,12.96850262739335,12.833759485117012,11.562189125270988,12.99030222099307,0.9849,0.9892,0.9982,0.9982,22.563157157440624,22.43899837800431,16.429735955976493,22.578639159450653
547,0.9633,0.9727,0.9772,0.9779,4.5366046097875605,4.4663863158602375,4.182689219818313,4.549867748021028,0.964,0.9779,0.9787,0.9789,20.070165498715784,19.996266415944728,17.89105905076859,20.05320244231208,0.9909,0.9942,0.996,0.996,4.774619740509054,4.806892843890226,4.532429495214826,4.771368565828577,0.9749,0.9874,0.9877,0.9877,9.148058255671907,9.17410018130381,7.199493468546175,9.150270999969646,0.9635,0.974,0.9727,0.9727,5.191662210100182,5.41039920586075,4.848816813192847,5.204365636385694,0.9633,0.9776,0.9967,0.9967,8.852308427188381,8.731798684577669,8.292923002855883,8.87482422527873,0.9708,0.9872,0.9837,0.9834,0.6734178201800229,0.6659600834957491,0.6089283600512487,0.670464280477123,0.9805,0.9894,0.9977,0.9977,18.29024145597334,18.1588727240795,13.674956715447992,18.321811476305943,0.9595,0.9711,0.9769,0.9769,5.702628564479163,5.654399709599761,5.337348540844464,5.709749564684045
548,0.9536,0.9628,0.9671,0.9662,4.478092119347734,4.5194196608534165,4.24168382158825,4.478231243111715,0.9718,0.9814,0.9818,0.9835,20.49481643994416,20.689341237976475,19.27938554409073,20.71342323014456,0.9808,0.9845,0.9875,0.9878,3.717334859336401,3.603511042418124,3.544346533298251,3.724599111487888,0.9859,0.9939,0.9976,0.9976,15.89096106466731,15.90088279163538,11.989429804578196,15.892133741572472,0.9873,0.9954,0.9927,0.9928,6.682798098117766,7.234281292246239,6.0172446318466175,6.717157826724316,0.9811,0.9907,0.9961,0.9961,8.563216325387362,8.475128586869847,8.155212015339448,8.57648632717958,0.9322,0.9401,0.9691,0.9683,0.6073623944441258,0.5689887456914036,0.5588958308066532,0.6052000918272699,0.9696,0.986,0.9912,0.9912,14.426183910379391,14.372859859127248,12.704518871870002,14.439354891536684,0.964,0.9744,0.9777,0.9777,5.876469490910542,5.832281921860909,4.84830385286468,5.885891495502689
549,0.9829,0.9961,0.9896,0.9895,5.0931944023486,5.572477444384429,4.704831484656497,5.089148938984302,0.9775,0.9834,0.9862,0.986,21.564989872292905,21.67643304795716,20.742105331554622,21.620276044253515,0.9747,0.986,0.9844,0.9844,3.527326583234184,3.565014517796273,3.210886709072943,3.5234344271311806,0.9673,0.9723,0.9785,0.9785,7.440358842620536,7.425758074296262,6.805211471395995,7.430633639304088,0.9798,0.9913,0.985,0.9872,6.181078819200392,6.657475924830864,5.795635872512699,6.217825090301038,0.9629,0.9836,0.9937,0.9937,7.744610712071634,7.667763430855668,7.421341056223973,7.758075009212873,0.9588,0.9661,0.975,0.9748,0.6183411153519573,0.6114369633257948,0.5888232332540145,0.6185817970837049,0.9617,0.9695,0.9935,0.9935,15.329883504452818,15.144983965611338,13.01384535279564,15.372481511881649,0.986,0.9898,0.9923,0.9923,10.48958896336395,10.446358234685723,9.053686596090008,10.49355648718612
550,0.9779,0.9811,0.9867,0.9873,5.0166840025958175,5.016402443795819,4.680290999753863,5.030634860440598,0.9458,0.9583,0.9733,0.9744,19.345619993438028,19.26001294598213,17.909869824072057,19.553352313303236,0.9679,0.969,0.9701,0.9705,3.0713662280558385,2.9416825821648502,2.92308633664928,3.080418292900118,0.9824,0.9907,0.9953,0.9953,13.06242739591643,12.98663871900973,9.996675354706143,13.081857286804846,0.9758,0.9829,0.9813,0.9814,6.001872166777185,6.332485161133235,5.668012577899969,6.03686526827432,0.9689,0.9841,0.9865,0.9865,6.503547239810263,6.426650316420407,5.822099661181931,6.51357710276629,0.9516,0.984,0.9911,0.9911,0.7212223726155476,0.7220786868391343,0.682868692346587,0.7205929555959795,0.9662,0.9706,0.9878,0.988,13.384751659694857,13.12243450996848,12.589848382641526,13.43395409156949,0.9931,0.996,0.9992,0.9992,33.20450686004745,33.07886451483143,22.49772262291008,33.20617894983301
551,0.9517,0.9735,0.9674,0.9682,4.274197699982097,4.42583055479194,3.963523393960161,4.288229024622112,0.9683,0.9749,0.9765,0.9772,19.72190578330269,19.162210862706,18.451831618227448,19.76320263319805,0.9925,0.9971,0.9989,0.9989,5.99911731331538,6.03739394524762,4.661443696529536,5.999453775831023,0.9908,0.994,0.9943,0.9943,12.234760936572162,12.24439375747712,10.810573800619084,12.226444131642962,0.9715,0.9752,0.9774,0.9777,5.70600617070313,5.85124533181986,5.319924842315075,5.706645515648537,0.9814,0.9829,0.9974,0.9974,9.411404547139467,9.314282176709767,8.660329307441703,9.4281292134855,0.9766,0.9842,0.9951,0.9951,0.7823009819863864,0.7631108500575092,0.7376406460778049,0.7821213767372257,0.9279,0.939,0.9567,0.9571,9.614430983784432,9.593189830796833,9.094620642144708,9.635548606965855,0.9746,0.9762,0.9929,0.9929,10.798571897327658,10.70112534750782,10.053964516975013,10.814186238080952
552,0.9731,0.9819,0.9823,0.9814,4.706511352740229,4.687264556796345,4.409673986095749,4.6814922568540975,0.9815,0.9932,0.9922,0.9918,22.731855966841135,23.60458292767406,20.983009940044447,22.7020567640342,0.9761,0.9821,0.9921,0.9921,4.169399429337669,4.154978575935183,3.620176786757243,4.162586133895588,0.9794,0.9842,0.9919,0.9919,10.636248457636968,10.60502552329834,9.862804840240656,10.646075008465449,0.965,0.9698,0.9721,0.9721,5.235519212580451,5.180768541663998,5.069645501392246,5.242026582785395,0.9817,0.9895,0.9911,0.9911,7.204867149009978,7.025355310452658,6.995922125331917,7.222895569365511,0.9589,0.9606,0.9676,0.9674,0.6074704802171418,0.5733497127818894,0.571492941527512,0.6066276721111024,0.9785,0.9795,0.9967,0.9967,17.70232010404382,17.025986145993606,16.943070123279124,17.739052988412816,0.9467,0.9612,0.9649,0.965,4.500036187313731,4.472609121345079,3.950525093626181,4.505735711343395
553,0.955,0.9642,0.9719,0.9721,4.367087885556977,4.168366929589656,3.969319066682957,4.374353213233123,0.975,0.9781,0.9809,0.9808,20.73358327327806,19.666246975913552,19.181288581153225,20.74116562726448,0.9829,0.9914,0.9922,0.9922,4.19812465259692,4.199085630745486,3.6686619233309914,4.205785482021939,0.9707,0.9747,0.9921,0.9921,10.758277320944542,10.71378065323773,9.145271986461829,10.757441186697289,0.9359,0.9635,0.9548,0.9572,4.708913135020181,4.876703320270116,4.348821919549591,4.743438016917903,0.9883,0.993,0.9984,0.9984,10.99024612056173,10.873887681060046,8.80573739524163,11.00290767164933,0.9911,0.9958,0.9979,0.9979,0.8323117934365301,0.8255119113471189,0.7818598338654722,0.8283536472063623,0.9791,0.9827,0.9892,0.9892,13.69129498115087,13.243388557126377,13.20377578126294,13.69820563512192,0.9644,0.9873,0.9878,0.9878,8.256878581273394,8.235049573582955,5.560995550784633,8.25930504612415
554,0.9932,0.996,0.994,0.994,5.294424509903555,5.52697316818547,5.206978107660173,5.301009377835919,0.9958,0.9977,0.9981,0.9981,26.97820140905041,27.37567912284663,25.716329645811,27.19034639835417,0.9696,0.9777,0.9854,0.9855,3.58971332411078,3.576492177022052,3.359297421288925,3.604071265123909,0.9735,0.9772,0.9769,0.9769,7.216120422121279,7.1170604512963935,6.999846530337633,7.217187857999561,0.9765,0.9818,0.98,0.9803,5.826734094508547,5.937915076608671,5.641955493852684,5.838104084297198,0.9902,0.9947,0.9972,0.9972,9.140849915552296,9.05403412503258,7.417625760008195,9.154949029637194,0.9911,0.9934,0.996,0.9959,0.7994831005437251,0.748260804551016,0.7463924042783663,0.7959307448640901,0.9531,0.9646,0.9631,0.9631,10.061005683702582,9.988828897955178,9.341831075939902,10.071335223167596,0.9742,0.9823,0.9869,0.9869,7.9283598604441075,7.892422600632282,6.638459169133476,7.934891628184935
555,0.9683,0.9786,0.9779,0.9781,4.561343759589333,4.569580152406944,4.348294071136169,4.567913924256325,0.9881,0.9911,0.9927,0.9935,23.41361016451375,22.81727374108608,21.77060547160652,23.40865382190265,0.9779,0.98,0.9998,0.9998,8.023890299664345,8.01136630161637,5.701269200016887,8.021929398406856,0.9789,0.9841,0.9879,0.988,9.36936252053912,9.317477847563634,8.504373685290123,9.375269503249582,0.9783,0.9883,0.9834,0.9839,5.953959657855571,6.353636662277054,5.579184926030052,5.969017126766062,0.9507,0.9575,0.9945,0.9947,8.057824304120842,7.96771234425647,7.353942664578565,8.06951169607295,0.9732,0.977,0.9834,0.9832,0.6700099243697453,0.6292748208886892,0.625627889756974,0.6673634855749763,0.9437,0.9511,0.9902,0.9903,13.924232828222246,13.809183045262689,13.207871743686905,13.93442012300955,0.9835,0.9857,0.994,0.994,12.200792697197183,12.114106006159364,10.73514494599324,12.216914475563774
556,0.9391,0.9516,0.9609,0.9588,4.207421985115227,4.035452454347006,3.882840378232837,4.177477173536929,0.9863,0.9892,0.9885,0.9886,22.43024990884028,22.129200358526585,21.256028916801828,22.42056412968373,0.9717,0.9853,0.9973,0.9974,5.2030819803952335,5.236106632854007,4.878166630905005,5.211352347509078,0.9736,0.9803,0.9856,0.9857,8.808055006647015,8.779797210818975,8.282402375610344,8.818407610163872,0.9747,0.9856,0.9795,0.9806,5.59393930412007,5.832921171752551,5.327845480122153,5.607986700106067,0.986,0.9891,0.9939,0.9939,7.9114556380863075,7.780652726601138,7.22430716563069,7.932973282221399,0.9934,0.9991,0.9998,0.9998,0.9276174818131714,0.9221368035096068,0.827230696575793,0.9278549326073092,0.976,0.9775,0.9852,0.9853,12.579214270540096,12.285886563558336,12.10553223820014,12.591412976267598,0.9775,0.986,0.9869,0.9869,7.939110752147499,7.894484099219648,6.592335448042958,7.941260956701478
557,0.9863,0.991,0.9909,0.9909,5.175569975109246,5.077433670124195,4.837511750760331,5.170245152664794,0.9438,0.9484,0.9684,0.9678,18.819384302515665,17.93508511058101,17.612665078706453,18.82966558798737,0.9701,0.984,0.9945,0.9945,4.36995635899483,4.404649778580042,4.056776509482518,4.372140294047628,0.9673,0.9774,0.9853,0.9853,8.646575479496246,8.64136572786906,7.504224784595355,8.651526648391119,0.984,0.986,0.9853,0.9853,6.238922094974278,6.2684079655268174,6.17871732358855,6.240059597458857,0.958,0.9723,0.9885,0.9887,6.638413276601455,6.561261575780221,6.455035125199531,6.652174244241769,0.9697,0.9764,0.9944,0.9943,0.7715489580796814,0.7586144770083126,0.7160344798969456,0.7695141569770931,0.947,0.9636,0.9908,0.9909,14.183264609597806,14.136910580404416,12.32119429494434,14.236878773335809,0.9702,0.9875,0.9885,0.9885,8.553209322012158,8.48980747515387,8.051568095174776,8.570108098103038
558,0.9615,0.9792,0.9718,0.9715,4.3845842246804905,4.589340247927863,4.110816245464475,4.375034697808985,0.9617,0.9695,0.9852,0.9843,31.320735953998188,31.760415333639475,25.39608638149493,31.26014969036281,0.9738,0.9762,0.9923,0.9925,4.1547078752129645,4.110620660561579,3.949584089029563,4.17505592094274,0.9841,0.99,0.9953,0.9953,12.890390236888182,12.867330739276728,9.426922853089058,12.88359025191404,0.9635,0.9692,0.9763,0.976,6.001358845303439,6.129379213922218,5.262689655056386,6.046761882296565,0.9633,0.9721,0.9804,0.9806,5.833061832287501,5.727133803860553,5.527809394621169,5.8467107723173655,0.9744,0.9851,0.9839,0.9835,0.6677455635845821,0.6500016817153951,0.628611772796221,0.66583897662964,0.967,0.9689,0.9832,0.9835,12.517637428422258,11.987961526592937,11.805797212275872,12.56023156351975,0.9677,0.9788,0.991,0.991,9.661746158231276,9.57740948817452,8.321564304839749,9.670512960331491
559,0.9588,0.9727,0.9714,0.9716,4.466747081263956,4.457397879753648,4.252273804567022,4.462509711984838,0.9758,0.9821,0.9957,0.9958,26.664260002165957,26.81258199049495,24.73287267811847,26.72665239639543,0.9918,0.9976,0.9991,0.9991,6.461335366360712,6.479453946141691,5.314306188910751,6.454074221748074,0.969,0.9802,0.9966,0.9966,15.023025086110936,14.909570557635591,14.617506376881586,15.07117381511674,0.9716,0.9768,0.9754,0.9753,5.620506074859295,5.774825661438955,5.420771889568004,5.595027337577234,0.9736,0.9933,0.9951,0.9952,8.202552256677938,7.969787686676692,7.9522857387940595,8.211048729429884,0.9817,0.9845,0.9968,0.9968,0.8082207359515812,0.7776889893194515,0.7652357583210224,0.8060560781996928,0.9742,0.9926,0.9992,0.9992,21.528952761933432,21.356410354541527,17.102639332019553,21.531517738982625,0.9831,0.9846,0.9979,0.9979,21.71758118734845,21.610490647259024,19.168644216082743,21.725526524663604
560,0.9791,0.9853,0.9872,0.9871,4.986206273191474,4.85399944826432,4.674729213263449,4.963977554957662,0.9825,0.9885,0.9851,0.9857,21.29424951496125,22.06386258346708,20.516336104590994,21.333186960409865,0.9807,0.9842,0.9982,0.9982,5.533830585878546,5.536222088650679,5.066494171674867,5.5337185252123815,0.9807,0.9835,0.9967,0.9967,15.083336536361744,15.043793769821503,14.585723835595273,15.073524359155597,0.975,0.9819,0.9791,0.9794,5.71170258730103,6.047445436226932,5.371614116160551,5.718363066815476,0.9373,0.949,0.963,0.9633,4.599621904015117,4.535045967253981,4.314629272617065,4.6087653986355,0.9662,0.9691,0.968,0.968,0.6041402544391973,0.580028815175329,0.5740613985976688,0.6033744376719765,0.9838,0.9884,0.9931,0.9932,14.89935468437187,14.497755572128256,14.378771064119316,14.939973058408706,0.9666,0.9708,0.9791,0.9791,6.022825063362116,6.002055928442637,5.655567669116021,6.024572402613659
561,0.9779,0.9894,0.9832,0.9841,4.7616542066152725,5.002592365379783,4.596806181474259,4.78633662167042,0.9771,0.9814,0.9959,0.9957,26.781470317486693,26.7897001646216,23.93631078800388,26.771512393832342,0.9805,0.9836,0.9982,0.9982,5.543601032019634,5.549060923173961,4.9150872121895,5.530893924244582,0.969,0.9734,0.9895,0.9895,9.656228758561037,9.599671324052489,9.200164623534524,9.65890167133928,0.9814,0.9856,0.9855,0.9846,6.885361738928999,7.025707595576013,6.741191663966465,6.90346543536065,0.9148,0.9516,0.9603,0.9606,4.4612043306412685,4.416004527033913,3.89764176796872,4.470336005150495,0.9788,0.9821,0.9846,0.9846,0.6759748722660681,0.6435722979450242,0.6405756288466198,0.6764366159378346,0.9751,0.9847,0.9851,0.9853,12.658543084714127,12.383443538321432,12.013059785904703,12.698992016344684,0.9356,0.9638,0.9791,0.9791,6.047950414538367,6.025747198233051,4.979221890612116,6.049485021277069
562,0.9788,0.986,0.9838,0.9833,4.7473633489103,4.829798186406695,4.5794267853786526,4.743918559680532,0.9633,0.9688,0.9701,0.9705,18.63503287226522,18.51398844434918,18.03480459274798,18.64837015057477,0.9514,0.959,0.9913,0.9913,4.01814498412207,3.997610507264687,3.616039992290051,4.034412156234765,0.9765,0.98,0.9794,0.9794,7.685580758217627,7.684899533330343,7.252496942448765,7.680255349131561,0.9851,0.9892,0.9869,0.9878,6.308423413943219,6.6126429498328285,6.1040464974964905,6.305919439514428,0.9616,0.9725,0.9787,0.9789,5.6366256611469465,5.527224168932469,4.765867372239542,5.654299184445031,0.9659,0.9728,0.9885,0.9883,0.7038406871984734,0.6718400009615493,0.6567774420055624,0.7019042090169703,0.9759,0.9832,0.9852,0.9853,12.602932702694334,12.54031740219476,11.59171669384923,12.636668934447467,0.9399,0.944,0.9456,0.9459,3.4067920495011403,3.334090442763465,3.25366665142158,3.4200222988765145
563,0.9727,0.9835,0.9805,0.9813,4.63904204120495,4.810959952202914,4.390205071366693,4.6639575731127785,0.9821,0.9879,0.9896,0.99,22.040632906907877,22.034799099008037,20.96287737333867,22.107127017276472,0.9583,0.9674,0.9867,0.9868,3.634220178969109,3.4703311571636317,3.437986550888142,3.636978013991284,0.9464,0.9561,0.9719,0.9722,6.629314887634569,6.596868070360981,6.36618725627426,6.662628036861545,0.9781,0.9856,0.9828,0.9833,5.685505919239056,5.94951547740784,5.455344931779405,5.735832731202889,0.9781,0.9842,0.9943,0.9944,8.03117403744962,7.934011304283889,7.496605966105237,8.04755610093268,0.9729,0.9831,0.9968,0.9968,0.7995302881503629,0.7987380809994791,0.7259732541766943,0.7993914301292233,0.9724,0.9795,0.9834,0.9835,12.317838783516924,12.295104832618714,11.346141157593731,12.320968280254965,0.981,0.9828,0.9887,0.9887,8.736525762698472,8.68799925442046,8.113410279975799,8.742496857896933
564,0.9779,0.985,0.9807,0.9817,4.706268104019952,4.83880111332282,4.626667236100403,4.737152100613274,0.9518,0.9615,0.9655,0.9656,18.196522029845973,17.64794648817535,16.732983874295186,18.1509029797376,0.9812,0.983,0.9999,0.9999,9.382086417051438,9.348161789712998,7.052480012289454,9.393715747153133,0.9274,0.9289,0.949,0.9493,5.068656604939009,4.882331752376479,4.820037383439088,5.078553253594015,0.9868,0.9905,0.9886,0.9887,6.356283856590648,6.617060023425821,6.173154212686991,6.341115130111437,0.9742,0.9901,0.9915,0.9915,7.265081848561337,7.180108643771885,7.047019010452599,7.282788461057113,0.981,0.9872,0.9899,0.9898,0.7170430217039105,0.7064600622716719,0.6656907989205625,0.7170074641574629,0.9969,0.9981,0.998,0.998,19.01520617333964,18.83799133205566,17.942907739876272,19.020298911083827,0.981,0.9871,0.9869,0.9869,7.896169317834107,7.840799809927992,7.686231834937127,7.904324974312689
565,0.9731,0.9785,0.976,0.9763,4.507382809453872,4.630605960373766,4.415600330153284,4.520450329309501,0.9791,0.987,0.9913,0.9915,22.82223514625131,23.104751456110225,21.494320698976985,22.958412278214265,0.9565,0.97,0.9751,0.9751,3.1076723250700238,3.04344970291997,2.974662505924014,3.116027791533853,0.9756,0.9831,0.9875,0.9875,9.126112607538188,9.077141250780748,7.646820558992562,9.129718663282029,0.9801,0.9867,0.9833,0.9844,5.825408317679117,6.090950708296323,5.576064729478208,5.822214077896582,0.9801,0.9828,0.9996,0.9996,13.326911783656811,13.178239469110414,11.325355740201047,13.347431233553989,0.9798,0.9828,0.9994,0.9994,0.8832350403356801,0.8755176033996218,0.7972352104866188,0.8801242409795058,0.9652,0.9691,0.9802,0.9805,12.037434524225068,11.555369657209772,11.429819204668242,12.077975236993874,0.9892,0.9947,0.9948,0.9948,12.889093526642071,12.837374939583365,9.622964061193375,12.9004820530495
566,0.9717,0.9838,0.9777,0.9793,4.556221492680779,4.771019301976381,4.357752481909779,4.604718923387449,0.9785,0.988,0.9959,0.9955,24.676622199556363,25.05719236715481,20.6935644012657,24.63731398052489,0.9678,0.9691,0.9922,0.9922,4.125120783583893,4.009936817304275,3.934160738237784,4.1232852809981,0.9686,0.9793,0.9902,0.9902,9.991344558540256,9.972984123599296,9.382557784459364,10.0020905777419,0.9764,0.9856,0.9828,0.9828,5.9025268349800015,6.207620681794289,5.535282999345013,5.894407204154739,0.9398,0.952,0.9786,0.9787,5.569036166552406,5.495365208285276,4.981815787977056,5.577522174025352,0.9526,0.9536,0.9835,0.9833,0.6670169855705577,0.6179056647857148,0.6173786357412803,0.6641548546088794,0.9873,0.9926,0.9941,0.9941,15.752583460630373,15.59777095384427,13.553099943116358,15.76663677025462,0.9866,0.9944,0.9956,0.9956,13.570679093195242,13.487240446896156,9.278916072690592,13.574972973587926
567,0.9841,0.9899,0.9881,0.9885,5.067156821235976,5.15419495074085,4.899757601060969,5.069221925852506,0.9822,0.9918,0.9902,0.99,22.140605961247218,22.62780751345396,20.99015203572724,22.16120467229221,0.9924,0.9938,0.9999,0.9999,9.378185095498026,9.393005589798314,7.236706021503609,9.372836438816307,0.9828,0.9888,0.9902,0.9903,10.172275785621562,9.927342469611752,9.835936846046948,10.18615345237657,0.9677,0.976,0.9762,0.9766,5.483604435028885,5.654831553081566,5.065914691513875,5.494371974576213,0.979,0.9899,0.99,0.9901,6.9516396520547525,6.846347010645442,6.565069744706926,6.966627191579605,0.9786,0.9848,0.9901,0.9901,0.7200811672561371,0.7141529409980092,0.6680380101719879,0.718099626134774,0.9865,0.9929,0.9988,0.9988,20.39093396809685,20.18858004329499,16.03289347691182,20.4310595830029,0.9595,0.9702,0.9765,0.9766,5.673608849128569,5.614717270381232,4.813924399422153,5.683226181716422
568,0.9602,0.9687,0.9772,0.9771,4.560690805486358,4.409566608369504,4.168893232270841,4.572430307950198,0.9789,0.9841,0.9928,0.9929,23.414003608894813,22.906010999907945,21.96881670591947,23.457552355056134,0.9935,0.9965,0.9986,0.9986,5.816972654767519,5.812730026224566,5.040124753323507,5.8290956284972015,0.95,0.9532,0.9868,0.9869,8.95525546090321,8.776525221584324,8.696228918537502,8.965539339484973,0.9715,0.9777,0.9804,0.9814,7.245349870036995,7.476244719127924,6.180548002677669,7.2515947251934065,0.983,0.9902,0.9972,0.9972,9.163581763686548,9.053990785196149,7.097920407870335,9.171622241612017,0.9505,0.9628,0.9757,0.9752,0.6324483055769596,0.591153982896901,0.5793628052333857,0.6326708307807059,0.9859,0.9897,0.9992,0.9992,21.458970073017976,21.3492632483072,17.24664189095356,21.481732229783937,0.9644,0.9758,0.9804,0.9804,6.282594792142355,6.241577331826627,5.390603837354889,6.287522864171383
569,0.9796,0.981,0.9847,0.9847,5.680622575918507,5.817772524897629,5.208211778594754,5.681489548892759,0.9665,0.9742,0.9818,0.9822,20.4258100617884,19.89637568421808,18.936705631827685,20.477014981933177,0.9897,0.9969,0.9973,0.9973,5.251358338944497,5.29295183522173,4.355446040890211,5.251796228432685,0.9792,0.9896,0.9928,0.9928,11.11435859150152,10.96445063727982,10.778555829480336,11.120258038512496,0.9856,0.9904,0.987,0.9872,6.011785240989754,6.31261952108116,5.818550077438928,6.013062636287696,0.9737,0.9773,0.9968,0.9968,8.872532333315352,8.674640474333012,8.574684207161905,8.882091720610278,0.955,0.9647,0.9834,0.9833,0.6630928804882807,0.6344733493898378,0.6144922657903359,0.662000082730783,0.9895,0.9935,0.9935,0.9935,15.281983580119007,15.211508978101564,14.385306154899382,15.31932373320752,0.995,0.9969,0.9969,0.9969,17.348087344221153,17.27533048602886,13.5988857527019,17.350902953665425
570,0.9818,0.9908,0.9872,0.987,4.900880565961106,5.074528713095761,4.684147221948823,4.897345947711841,0.9803,0.9896,0.989,0.9899,22.011876540067924,22.1689174411294,20.542914598203577,22.150772770771567,0.9736,0.9843,0.9986,0.9986,5.707124921053647,5.758578767508768,4.221868164745151,5.702448858708847,0.9844,0.9891,0.9902,0.9902,10.026441876200783,10.044686609484463,9.00469645103144,10.02740166514092,0.9819,0.9895,0.9861,0.9871,7.800191918714948,8.18467069882064,6.67126520815925,7.758025751717138,0.9918,0.9961,0.9991,0.9991,12.082866514406131,11.936533612933133,10.985246813083624,12.100103066986405,0.9803,0.9911,0.9958,0.9957,0.7980509066476986,0.7908593294557583,0.7102347520660786,0.7953440630484616,0.981,0.9878,0.9912,0.9912,14.563920398080445,14.374750886576754,13.138818939651577,14.581697093035968,0.966,0.9772,0.9835,0.9835,6.821837642005882,6.794965777479159,5.061295687401428,6.821638910795793
571,0.9924,0.9986,0.9968,0.9965,5.706185074828765,6.131357063319212,5.187291257142757,5.71795621108028,0.9847,0.9882,0.992,0.9928,22.68128651450856,22.88626938853298,21.66693148195259,22.853253187596074,0.9851,0.989,0.9973,0.9973,5.2069242862859335,5.194371748521769,4.8950590988633484,5.21593096520092,0.9853,0.9881,0.9962,0.9962,14.57714283251526,14.534321147654008,13.39273430091382,14.577533190248264,0.9826,0.9837,0.9858,0.9855,6.447529553261035,6.467548488082629,6.245425321056446,6.46150464397079,0.9641,0.9654,0.9903,0.9903,7.100780379479427,6.962748973476525,6.756350294991182,7.118641867147212,0.9808,0.9844,0.9846,0.9845,0.6821651513102858,0.6448823611712664,0.6382824129359727,0.6796643961381087,0.9743,0.9793,0.9875,0.9878,13.18374546849223,13.109153552405044,12.119780124113884,13.21414797873507,0.9746,0.9827,0.9864,0.9865,7.750706485359025,7.700174262978534,5.939576430088317,7.755206771199552
572,0.9912,0.9927,0.9932,0.9932,5.234901133890034,5.152847357476498,5.1062633495554905,5.235293938698053,0.9942,0.9966,0.9963,0.9962,25.206985993420886,25.81778464050237,24.547221435374155,25.312258606075936,0.9854,0.9893,0.9961,0.9961,4.884019426259635,4.868923061950641,4.24061087782746,4.882551437778949,0.9874,0.9899,0.9909,0.9911,10.534626087978236,10.37753589853837,10.209812679285138,10.55645645571539,0.9801,0.9827,0.9842,0.984,6.709360173419066,6.932712769570333,6.242244214719404,6.7357856087795005,0.9527,0.9544,0.9728,0.973,5.221013895333137,5.0518165987545,4.9695798015062485,5.240571717965513,0.992,0.9944,0.9968,0.9968,0.8219569660549595,0.804183948965667,0.7583042657846687,0.8216820133899779,0.9835,0.986,0.9963,0.9964,17.042461185806083,16.876751833604708,15.347783854234144,17.09743916897653,0.9752,0.9809,0.9937,0.9937,12.045586581244445,11.95357491664767,9.445709581669725,12.048768790619308
573,0.9971,0.9997,0.9992,0.9992,6.456826789165371,6.990074365897065,5.777739717025552,6.499705550926239,0.9916,0.998,0.9988,0.9984,34.552322590387035,35.60528675724355,26.6330555421225,34.47925406742588,0.9512,0.9576,0.983,0.9832,3.4409167174823394,3.314902171386353,3.215564712209989,3.4453589663436444,0.9733,0.9805,0.9909,0.9909,10.206431375452096,10.20686223013542,9.093599073482473,10.21070954563231,0.9456,0.9483,0.9554,0.9548,4.644096951445267,4.456564566508992,4.407189233132964,4.62525137541572,0.95,0.9605,0.969,0.9693,4.959308006974575,4.8729660577537,4.427696585165655,4.972078042004021,0.9568,0.9613,0.9722,0.9722,0.6110498980742809,0.593726957449854,0.5835117303299484,0.610215506709338,0.9868,0.9903,0.998,0.998,18.849458027695665,18.676043911156896,15.426166468647828,18.87796396953396,0.9782,0.9842,0.9969,0.9969,17.41428103567023,17.329348359319106,12.342327216828116,17.414249113194305
574,0.9849,0.9892,0.9904,0.9905,5.130311213120463,5.056285670563359,4.784818102028219,5.142872265206101,0.9898,0.9965,0.9968,0.9968,25.31149569945896,25.86765051592745,23.21704306402915,25.253494772603517,0.9738,0.9871,0.987,0.9875,3.743606928140781,3.7180261735444464,3.063164383921384,3.7707866192505968,0.9927,0.9974,0.9996,0.9996,25.25660126787769,25.288245774814165,15.980769086414236,25.25034632275965,0.9767,0.9831,0.9807,0.9812,5.579714901237926,5.682174845079245,5.382177131219908,5.593557318382164,0.971,0.9745,0.9862,0.9862,6.459385535131692,6.2835761853286565,6.2620886633255815,6.472578480656437,0.9935,0.9954,0.9973,0.9973,0.8317194028252681,0.8154281644805131,0.7784791747124139,0.8314433338182668,0.9817,0.997,0.9992,0.9992,21.42528401608936,21.36867285345077,16.84866914049262,21.416957896852622,0.9856,0.9954,0.9967,0.9967,16.82347604047727,16.72978156261723,11.745306704496508,16.836754307836117
575,0.9764,0.9822,0.982,0.9822,4.75515705976316,4.749227899577493,4.582698142088947,4.7516388834583125,0.978,0.9837,0.9842,0.9839,20.984386671456356,20.714969423416605,20.039369112342765,20.862510711627014,0.9299,0.9356,0.9443,0.9451,2.600254339684452,2.5086433525690137,2.464564899110683,2.60915739710525,0.989,0.9976,0.998,0.998,16.61339262544707,16.604702541172472,12.895015216641903,16.60814964181937,0.9674,0.9844,0.9767,0.9779,5.5080468427134806,5.98082320612582,5.078952054744228,5.555641435296376,0.9762,0.9781,0.9925,0.9925,7.454089733339219,7.343276649606092,7.042889317645659,7.477213326037945,0.9927,0.9932,0.9997,0.9997,0.9116412860183444,0.8960979855564851,0.8637059109107901,0.9122919612801746,0.9856,0.9905,0.9941,0.9941,15.702659998597376,15.543332739417442,13.884224973593348,15.792454492160232,0.9904,0.9963,0.9969,0.9969,17.366327915071675,17.27513618292892,13.461096848047209,17.37236749730221
576,0.9863,0.9933,0.9919,0.9924,5.163846818984547,5.367666004924544,4.86707043575446,5.207279940996531,0.9427,0.961,0.9584,0.9593,17.344753368250338,17.790703708315846,16.141424512848673,17.438585140170122,0.9867,0.9915,0.9991,0.9991,6.463665722779464,6.446878473568094,5.579200319771205,6.457666186417055,0.9793,0.9958,0.996,0.996,14.148097562036334,14.19413265199611,9.75439464348428,14.142305752871776,0.9913,0.9972,0.9943,0.994,6.998679139315765,7.550754976230827,6.439402109773877,7.003478248176258,0.9897,0.9932,0.9996,0.9996,13.310132512607408,13.178577689591227,10.876447732960733,13.328843063761887,0.9828,0.9889,0.9946,0.9946,0.7661139693870881,0.7551293523302691,0.7318907889015431,0.765612175387953,0.9676,0.9783,0.9821,0.9824,12.369965234244011,11.778503767769354,11.510350190870808,12.41059788655977,0.9758,0.9902,0.9977,0.9977,21.303572009406583,21.24557802985012,13.582035382741504,21.30708044095847
577,0.9754,0.9829,0.9816,0.981,4.703929437440937,4.751373772190069,4.511529949424535,4.683954452225862,0.98,0.9879,0.9921,0.9922,22.885899021373188,22.927712254962945,20.569538361108684,22.990591024608367,0.9695,0.9747,0.9924,0.9926,4.149274692201064,4.111956806112809,3.941609195172405,4.162958635621739,0.9558,0.9574,0.9599,0.9599,5.683476633241963,5.558976398719741,5.483771962912163,5.690835324600925,0.9891,0.9915,0.9898,0.9901,6.323751698446803,6.507000300782526,6.24785901102665,6.334501032199436,0.9862,0.9986,0.9991,0.9992,12.1636913125933,12.056768703377571,10.630293723942009,12.18227320913291,0.9572,0.9657,0.9853,0.985,0.6762838475832793,0.6311799136739931,0.6254530633709025,0.6751320481081196,0.9615,0.9798,0.9902,0.9903,13.932550983657242,13.889579874044925,11.843344242535746,13.981716945104347,0.9764,0.9852,0.989,0.989,8.991681978482983,8.918760960134737,8.4081966201628,9.011172322991106
578,0.9713,0.9731,0.9769,0.9767,4.558665306383281,4.427346568567551,4.377208500578137,4.54080910121704,0.984,0.9929,0.9974,0.9974,26.175199337378448,26.49913730265035,21.64854318269022,26.22687034050532,0.9903,0.9931,0.9973,0.9973,5.209811718187154,5.191278996498919,4.605580230393576,5.207011029205251,0.9832,0.9893,0.9951,0.9951,12.4729302951084,12.484242502591371,9.953513999556314,12.465217053158517,0.9787,0.98,0.9865,0.9864,6.023582451132111,5.726288344577057,5.648664857886079,6.030154396000288,0.976,0.9803,0.9813,0.9816,5.933515613391103,5.843585732309902,5.503650038766713,5.943065245392504,0.9809,0.9887,0.9903,0.9902,0.7212874016041579,0.6988849343984349,0.6840172690053217,0.720959297236458,0.9522,0.9598,0.9977,0.9977,18.24051530321516,18.127920536236942,16.201725448249288,18.27348460751187,0.9356,0.9428,0.9932,0.9932,11.179886815702073,11.140522665172988,8.838508801475513,11.186216901101524
579,0.9787,0.9846,0.9858,0.9867,5.315177709199508,5.443943807850758,4.987025009735307,5.31562665799229,0.9874,0.993,0.998,0.998,27.46825840506364,27.720470197030483,22.65633683782793,27.40909934725497,0.9853,0.9924,0.9984,0.9984,5.692233127175174,5.707148251048502,4.764802312373599,5.682091601449669,0.9474,0.9542,0.9689,0.969,6.307294937383965,6.176174122324261,6.0602454603725855,6.308129634340449,0.9739,0.9815,0.9792,0.9796,5.468163131385214,5.655372076039583,5.280667191018009,5.50261511210355,0.9692,0.9793,0.9848,0.9849,6.190941479350562,6.109187494694965,5.516630418600468,6.199068344285067,0.9779,0.9938,0.9973,0.9973,0.8190429432885769,0.8150322619878473,0.7030507857419662,0.8183423406813695,0.9777,0.9801,0.9992,0.9992,21.501455843388232,21.319526088374804,17.270150301501126,21.51299061642072,0.9883,0.994,0.9956,0.9956,13.618887379059638,13.531331521047107,11.654049098779936,13.62402865257463
580,0.9962,0.9988,0.9976,0.9974,5.883035175864997,6.176199094331745,5.618954893537138,5.902767824001643,0.9409,0.9426,0.9634,0.9637,17.779876352172668,16.6871194991403,16.62012661745013,17.80440114252819,0.9763,0.9796,0.9991,0.9991,6.399426073103268,6.403305228379272,4.916504021581142,6.400561698651848,0.9629,0.9812,0.994,0.994,11.863640666794623,11.865930223191018,8.95962146026595,11.878506786831906,0.982,0.9942,0.99,0.9909,7.240546942566375,7.769069635499687,6.117860466858167,7.276281675940822,0.9947,0.9977,0.9998,0.9998,13.806508574700697,13.700066280739795,10.56158027539979,13.813679236250929,0.9552,0.9683,0.9631,0.9623,0.6029859474581445,0.581474630713597,0.550504490935533,0.5995992034450504,0.9736,0.9821,0.9817,0.9817,12.098953378075334,12.03121423120413,11.366418539065936,12.083421864803611,0.9521,0.9595,0.9733,0.9733,5.282439345711323,5.25182645819901,4.853668004889847,5.27596377747705
581,0.9648,0.9714,0.975,0.975,4.624294047434204,4.636090876391624,4.400140119394827,4.605471384579007,0.9889,0.9919,0.9938,0.9939,23.72212776606653,23.343349064810315,22.74171625871556,23.73932852492709,0.9755,0.9779,0.9909,0.9911,4.015561652539664,3.955513787035156,3.82222462682054,4.038831006120562,0.9655,0.9781,0.996,0.996,14.086358489048092,14.076277493659662,10.938725797430042,14.085951535308158,0.9848,0.9891,0.989,0.9887,6.4629863708973705,6.710589290906618,5.918340982718064,6.447252229879195,0.9714,0.979,0.9915,0.9915,7.244919447978255,7.141061723417709,6.298048169685265,7.2569080043663,0.9748,0.9843,0.9901,0.99,0.7083659540981213,0.7061150195050263,0.6358866817257671,0.7072617645493855,0.9615,0.985,0.9869,0.987,12.981024597197075,12.922206203923617,11.551007400103432,12.990258242253748,0.9722,0.976,0.9895,0.9895,9.263989513859302,9.209586169208512,8.35218494169456,9.273590477402175
582,0.9778,0.9863,0.9827,0.9825,4.713575617387894,4.870826722959383,4.571681481589716,4.707518989668338,0.9584,0.9716,0.982,0.9812,21.13805921088998,20.920248531488564,20.000554748707877,21.103215648043623,0.9875,0.9949,0.9962,0.9962,4.928204966732466,4.954609907928711,4.150583930513644,4.915781501169032,0.9713,0.9795,0.9936,0.9936,11.67780914046232,11.612121869634011,9.450735941900293,11.676256448297206,0.9719,0.9812,0.9781,0.9784,5.739616087385782,6.04184132072877,5.347802858893774,5.746952151324248,0.9833,0.9958,0.996,0.9961,8.577924537285035,8.47515809250911,7.466832826563224,8.593781943648246,0.9882,0.9967,0.9995,0.9995,0.9074582213663684,0.8969361497710944,0.8097499996042291,0.9055914061900744,0.9441,0.9617,0.9721,0.9723,10.933025803096186,10.862880203782272,9.500275991951645,10.964585235894909,0.9806,0.9866,0.9979,0.9979,21.79201908231543,21.707120542806702,16.000403120115674,21.792541296265306
583,0.9973,0.9979,0.9975,0.9976,5.981902723368887,6.250346639244798,5.843478393907802,5.996071544520053,0.9795,0.9842,0.9894,0.9893,21.934340834835037,21.541380500586754,20.73274125709814,21.859810301109857,0.9553,0.9671,0.9839,0.9842,3.442420545368001,3.4319512264730587,3.272999183643127,3.454149782405601,0.9392,0.9409,0.971,0.971,6.47851408237873,6.247905806223001,6.244939605412284,6.479939063797819,0.9832,0.9866,0.9847,0.9847,5.894648848241344,5.94803617929273,5.794046563047351,5.887252297737346,0.9567,0.9606,0.9647,0.9647,4.703160230815309,4.630694072611855,4.461148401122493,4.711481650391707,0.9919,0.9945,0.9959,0.9959,0.8011537731531566,0.7766746070933208,0.7518498134610748,0.8007856849785204,0.9867,0.9934,0.9941,0.9941,15.65434684434367,15.60234702319138,13.786837802436931,15.668019236450794,0.9933,0.9988,0.9987,0.9987,25.435991057021237,25.316196825112648,16.779207848406063,25.431525042256755
584,0.9787,0.9876,0.9844,0.9843,4.824804953837788,5.035275551367661,4.573883795969432,4.825376005827552,0.956,0.9685,0.9666,0.9684,18.187673609643326,18.416751481802127,17.1161699115563,18.321603043194155,0.9654,0.9704,0.987,0.9876,3.717096744872619,3.6455604588123856,3.317823457434373,3.740486529831488,0.9821,0.984,0.9996,0.9996,25.302940936504218,25.2287305561409,16.499516289190066,25.323346021177056,0.9463,0.9517,0.9637,0.9633,4.992753365079416,4.737357971890276,4.5754562745371095,4.9863075468755405,0.974,0.9859,0.9895,0.9895,6.821722174111777,6.742919460048886,6.449667025733664,6.830554326924706,0.9732,0.9772,0.9972,0.9972,0.8139809332412133,0.7939934450723313,0.7717373111059297,0.8134916019027281,0.9562,0.9658,0.9967,0.9968,17.67884346871064,17.50991287196496,15.18763979113459,17.736225211889415,0.9789,0.9894,0.9983,0.9983,22.84394299039275,22.76092523386456,16.180412453374313,22.843317616034657
585,0.993,0.9943,0.9939,0.994,5.312844672485383,5.31645686317076,5.201162847349133,5.316629662538235,0.9598,0.9658,0.9686,0.9685,18.3502645708133,18.19007596482008,17.495567046577463,18.356103102149905,0.9815,0.9861,0.9946,0.9946,4.495177988270802,4.52890326489015,4.252130567615054,4.49071034484843,0.9943,0.9955,0.9958,0.9958,13.600555867741717,13.6389969506724,12.899473170392358,13.586635316886474,0.9832,0.991,0.9883,0.9879,6.335791448718423,6.748161287979894,6.00575252266567,6.394308701076735,0.973,0.9881,0.994,0.994,7.894922239597014,7.8102069311337905,6.516648171093065,7.903764373430673,0.9646,0.9778,0.9796,0.9795,0.6420471471416527,0.6311234949476885,0.6063060946993559,0.6417083135166481,0.986,0.9909,0.9908,0.9909,14.501261045929947,14.21763072372084,13.575283441115,14.567758905651491,0.9843,0.9897,0.9956,0.9956,13.596136695123718,13.528846584030818,10.691940771415997,13.604155882843305
586,0.9639,0.9764,0.9735,0.9722,4.422564204196144,4.5083084395361945,4.164526875549241,4.37773324094647,0.9633,0.9669,0.9718,0.9729,18.88149811376326,18.281161442001967,17.840375635614045,18.97245983292453,0.9462,0.951,0.9973,0.9973,5.155019328030939,5.1485576780876645,4.476346236540215,5.160625180027955,0.9635,0.9783,0.9857,0.9857,8.756779097057487,8.76991285601066,7.930705910808422,8.766579650033092,0.9895,0.9934,0.9905,0.9909,6.466606035859951,6.834516311828525,6.30504825806918,6.4796318324615605,0.9766,0.9927,0.9984,0.9984,10.969573168831491,10.8738845827568,9.112158046887664,10.972823997738692,0.9399,0.9554,0.9618,0.9617,0.5898812498717105,0.5715196194728691,0.5479089941739796,0.5898338646903676,0.9664,0.981,0.9964,0.9964,16.957942760548313,16.91589499675442,15.020772920652917,16.99548942855695,0.9834,0.9883,0.9934,0.9934,11.367001659811836,11.162778812049936,11.133260730293085,11.378247817917355
587,0.9794,0.9891,0.9854,0.9854,4.872266152236116,5.131933114878736,4.628880307323447,4.860876831025218,0.9777,0.9874,0.985,0.9857,21.43799715680005,22.12814495058564,20.65560649306611,21.63364664941664,0.9811,0.9874,0.9973,0.9973,5.223224036755494,5.2437668010009695,4.13510602391493,5.233011312197368,0.9881,0.9964,0.9993,0.9993,21.33946718843203,21.335405520296053,17.339053258246533,21.34739152290662,0.9893,0.9894,0.9914,0.9913,7.549567778794061,7.595428808023765,7.3907844441530735,7.587059134783786,0.9625,0.9693,0.9864,0.9864,6.4909206405395325,6.419561976977264,6.168438610158707,6.497232084524035,0.9713,0.976,0.9837,0.9834,0.6808243482686969,0.6476076767495409,0.6271800866591246,0.6784516896166155,0.9867,0.9914,0.9978,0.9978,18.71143714133813,18.48255791518805,17.01520808175846,18.73207698887675,0.9903,0.9947,0.9995,0.9995,42.59027169826536,42.43489573397415,32.58859487144111,42.59771190765069
588,0.9731,0.9778,0.9855,0.9858,4.942638206780457,4.804280638898147,4.518632694240582,4.92265869148728,0.9933,0.9959,0.9946,0.995,24.461790756917125,24.554441577489563,23.37241097786954,24.4979646370202,0.9672,0.9821,0.9989,0.9989,6.00048704261773,6.022479136649138,4.653182780910286,6.0111090953829445,0.9572,0.9686,0.9857,0.9857,8.784199584972821,8.771913221242245,6.983835607504341,8.7845431614185,0.9872,0.9919,0.9894,0.9904,6.9576696548805295,7.360895298030439,6.80334980072711,7.012841017852031,0.9804,0.9875,0.9906,0.9906,7.124959491035453,7.026922295392341,6.54580205388569,7.139938016342987,0.9658,0.9691,0.9815,0.9815,0.6544782617511868,0.6269814540295388,0.6196994600011504,0.6538020945014222,0.9734,0.9871,0.9888,0.989,13.473079535199576,13.31231340941777,13.035423896961593,13.536477973643125,0.9917,0.9931,0.9992,0.9992,33.19634569889091,33.0769040017133,21.6568066872672,33.200195240338346
589,0.9909,0.9951,0.9946,0.9943,5.835574738435212,6.067198943010153,5.559048893703542,5.88689254049203,0.962,0.9686,0.9871,0.9866,28.109292293675125,28.365881495100474,24.4800276905633,28.07572841182885,0.9639,0.9684,0.9911,0.9911,4.006769079550146,3.924060767118952,3.8065042115003536,4.023381148819246,0.9835,0.9872,0.9909,0.9909,10.363967186391394,10.312874172363882,9.116669239284422,10.365228627501056,0.9888,0.9924,0.9908,0.9901,8.35548187806797,8.725088850693265,7.580384190406306,8.355908810160411,0.9731,0.9868,0.9864,0.9864,6.473619792114507,6.410372114819262,5.3688247341125335,6.480955353639176,0.9838,0.9919,0.9903,0.9903,0.7284741281415104,0.7167512278044237,0.6754425749236515,0.7284141786361378,0.9394,0.9773,0.9998,0.9998,31.81242699144208,31.850350322810897,22.094128712205272,31.830964156155417,0.9664,0.9858,0.9954,0.9954,13.221216610541138,13.169669761297548,8.913818153988439,13.233399365564836
590,0.9719,0.9732,0.9814,0.9818,4.705987497858568,4.411395325478583,4.384152691054057,4.704821093065948,0.9768,0.9898,0.9968,0.9969,33.055779213499136,33.78071429311236,27.34615300409096,33.10833959085765,0.9687,0.9853,0.9831,0.9832,3.4401420456160583,3.508520212106852,3.0056660806448696,3.4394578778372265,0.9712,0.9984,0.9997,0.9997,25.6359153945215,25.766365902555428,17.613937641888775,25.6335700003086,0.9789,0.9893,0.9834,0.9855,5.891015539615461,6.290914847715838,5.609601086652996,5.957327408835392,0.9694,0.9767,0.9935,0.9936,7.780308904557238,7.667488975679053,6.934980390770491,7.800675689848921,0.9794,0.9953,0.9998,0.9998,0.9224564174533514,0.9211700692920848,0.7719222405337591,0.920950184818918,0.977,0.9805,0.9964,0.9965,17.33509358693849,17.231134834179304,15.909692597504234,17.351366866738047,0.9742,0.985,0.994,0.994,12.28713592418212,12.22839287547286,9.05152889272915,12.286372510427364
591,0.987,0.9931,0.991,0.9907,5.184958171760551,5.277456236654686,4.924545727267218,5.170702522255844,0.9634,0.9728,0.9768,0.9771,19.462079997584688,19.369801677904725,18.176272764096023,19.5697617395438,0.9497,0.9547,0.9962,0.9962,4.775209350828417,4.761515690456479,3.871496837654367,4.785034202434069,0.9841,0.9912,0.9953,0.9953,13.02335500791949,12.987431191052378,9.418836874241268,13.0252861944808,0.9763,0.9835,0.9794,0.9793,5.869681189564187,6.102921240820121,5.752476609241619,5.873743055656066,0.9733,0.9871,0.9926,0.9926,7.482856788319248,7.412363049210103,6.30788805172621,7.487472842070177,0.9712,0.9815,0.9838,0.9834,0.6741025068476596,0.6576757876644291,0.6163702737647541,0.6714205374025961,0.9631,0.97,0.9933,0.9933,14.86326004009118,14.852030396964237,13.864825475587423,14.881753868471286,0.9787,0.9816,0.984,0.984,7.034852236171484,6.947831287193353,6.825495366266577,7.055142227354025
592,0.9738,0.9756,0.9806,0.9794,5.154278763602291,5.096021552035587,4.998160660382705,5.158618785279282,0.9879,0.9965,0.9962,0.9957,26.798079364550095,27.92827021249886,25.03661978781093,26.757025220473057,0.9683,0.9769,0.98,0.9801,3.312775494901691,3.32632744340396,3.079243953640396,3.3147141754270737,0.9913,0.9919,0.998,0.9981,17.01129599753206,16.889425213264474,16.20142131330586,17.012647775710356,0.9789,0.9875,0.9822,0.9838,6.057940587053027,6.47381107173881,5.792220084548818,6.101221238931228,0.9506,0.9821,0.9911,0.9911,7.233137506886488,7.151181351887537,6.304648864526237,7.245242516338739,0.9895,0.9962,0.9984,0.9983,0.8484288874689493,0.840461457783332,0.7152001490776547,0.8460538918297539,0.9812,0.9871,0.9904,0.9906,14.375770248951124,14.206092173037709,12.409824721936742,14.42305609052641,0.9738,0.9816,0.9853,0.9853,7.556866106519901,7.506550694659779,5.965135188171099,7.5622877016446
593,0.9574,0.9626,0.9642,0.9642,4.166834466716029,4.184491834613839,4.032456265651716,4.167855942872585,0.9846,0.9862,0.9866,0.9868,21.29222230458973,21.32834645233658,20.85389617885293,21.35528029512097,0.9636,0.9739,0.9692,0.9696,3.0682760435868395,3.053341255007039,2.8676013495174297,3.0688546570906485,0.9835,0.9937,0.9955,0.9955,13.26671295300892,13.301951020315746,9.930347143109342,13.255242963930147,0.9771,0.9815,0.9812,0.9808,5.555912587760893,5.556807075574581,5.3575098035173365,5.532478844127771,0.9732,0.9748,0.9945,0.9945,8.014131939190316,7.829251841167627,7.819943553416896,8.019140161589482,0.9625,0.9629,0.9805,0.9799,0.658349981520518,0.6038050525597518,0.6023791735258909,0.6568003483378588,0.96,0.9775,0.977,0.9772,11.54020887576997,11.487652228371122,10.602961255323184,11.568939633414209,0.9959,0.9991,0.9991,0.9991,32.65299297350887,32.54214295255193,20.064994450261946,32.658930563000894
594,0.98,0.9847,0.9869,0.9866,5.282405256912643,5.242640080520573,4.993114254395616,5.260238648671141,0.9803,0.9845,0.9916,0.9923,22.65157471647821,22.401629600981398,20.99203295540577,22.77319990827077,0.9891,0.9943,0.9961,0.9961,4.890725496440719,4.896687233101806,4.489227623793108,4.8994152111232365,0.9665,0.9729,0.994,0.994,12.021514731741055,11.98545281271866,9.41586920604765,12.034203000487578,0.9754,0.9788,0.9802,0.9807,5.6273563355991385,5.765601704893947,5.413127643740358,5.683222852680771,0.9684,0.9953,0.9953,0.9953,8.25758331878583,8.131784085532074,7.690936345700991,8.278878450730305,0.9577,0.9602,0.97,0.9696,0.6112428805333873,0.5605310695610715,0.5598422598387613,0.6107252824242217,0.9874,0.9902,0.9998,0.9998,32.45264711284924,32.28634518916024,22.835337596087577,32.47873054566433,0.9458,0.9553,0.9719,0.9719,5.08882429731554,5.062775539989439,4.379793730797964,5.092463123660758
595,0.9908,0.9913,0.9924,0.9924,5.19719705778783,5.186405275529202,5.1157993800023,5.195392850576923,0.9532,0.9707,0.9692,0.9694,18.538212853699505,18.685870426426806,16.87519406387496,18.52432631611125,0.9767,0.9799,0.9852,0.9855,3.584150433092057,3.4813072788219417,3.426587195367654,3.596494146970436,0.9703,0.9806,0.9835,0.9835,8.327251290716625,8.366171197504801,7.385979348734283,8.317198978054039,0.9843,0.9877,0.9879,0.9878,6.042813993260694,6.08765795409532,5.745100306972384,6.02024203506525,0.9335,0.9651,0.9681,0.9685,4.914777383087955,4.845221751566143,4.44113274920825,4.9302987275668935,0.9671,0.9776,0.9983,0.9983,0.8210412392595803,0.8207952588915589,0.7978755855633048,0.8205014934362235,0.9712,0.9728,0.9723,0.9729,10.958907186908927,10.633435218950732,10.510690102208518,10.996229848946657,0.9709,0.9797,0.9837,0.9837,6.910489762801193,6.885636582011741,5.344165980789941,6.913631009637507
596,0.9773,0.9845,0.9827,0.9828,4.792472210895495,4.867158563264723,4.602095857597618,4.798790159422939,0.9949,0.9978,0.9996,0.9996,34.96236027031202,35.59385833660054,29.696214497509647,34.993904522376134,0.9693,0.9745,0.9911,0.9911,3.990199277530856,3.9320010305423447,3.8160841237192296,3.987193618940613,0.9733,0.9824,0.9857,0.9857,8.766669762272146,8.789421742146299,7.90332825426396,8.769987124777535,0.9792,0.9827,0.9833,0.9836,5.854069959440938,5.816657882955857,5.663018553045936,5.86568658091217,0.9046,0.9193,0.961,0.9612,4.528157552295137,4.38167083972557,4.350255462247189,4.544635402616568,0.9526,0.954,0.9894,0.9894,0.7003497302081589,0.6672086020603107,0.6646586143140697,0.700097345955601,0.9883,0.9919,0.9965,0.9965,17.465322131774915,17.253087056177907,16.37988985506072,17.537304768241565,0.9743,0.9874,0.9964,0.9964,15.733140900756542,15.652735575637491,12.585350622748877,15.73453435883834
597,0.9904,0.9949,0.9933,0.9938,5.367038753593787,5.574073519740412,5.159550961726226,5.415802259074581,0.9648,0.9726,0.9893,0.9889,33.47457429925593,34.05397291810942,28.304796912723816,33.425692488356454,0.9831,0.9841,0.9855,0.9857,3.6307978508024616,3.5036132951036136,3.4755136858181057,3.6360633133097537,0.9628,0.9712,0.9895,0.9895,9.605281207473585,9.593602388264571,9.111290366662002,9.596417008901987,0.9806,0.9868,0.9844,0.9844,6.046398918471931,6.371233311708629,5.725392071883535,6.11317234951815,0.9707,0.9724,0.9862,0.9864,6.485614717704045,6.352303656109285,6.244677842321551,6.504863989400436,0.9629,0.9722,0.9831,0.9827,0.6703184991911699,0.6529548368698678,0.612985516619682,0.6672191204219458,0.9938,0.9964,0.9978,0.9978,18.80135388242416,18.63587062091696,17.34138792203933,18.832447031455107,0.9821,0.9935,0.994,0.994,12.19592589659242,12.118109267428418,8.951205661910926,12.204927273164738
598,0.9957,0.9978,0.9964,0.9964,5.590282976864529,5.797096465114736,5.505083493470819,5.60113403579963,0.9679,0.9836,0.9905,0.9897,24.09960923952488,24.6054549699792,20.39885958916122,24.158024528410927,0.9582,0.9661,0.9922,0.9922,4.131617496888284,4.133805633880431,3.7053361732697687,4.129081975980972,0.9917,0.9958,0.9987,0.9987,18.001650564841665,18.01379031964035,15.24126959137779,18.01425423634663,0.9792,0.9916,0.9863,0.9866,6.068227978417393,6.46855669984554,5.755064112921168,6.079544838997501,0.9696,0.9865,0.9885,0.9885,6.636185045259877,6.574521713998913,5.190770258163525,6.64589903082433,0.9756,0.9843,0.9936,0.9936,0.7659996634657096,0.75361569039349,0.7033814205203972,0.7655171126788096,0.9467,0.9517,0.9894,0.9898,13.87994353312673,13.580688958270574,12.977883018646574,13.987063103520365,0.9855,0.9893,0.9994,0.9994,41.90928963705512,41.73983970398003,24.24655266887299,41.91680285963399
599,0.9877,0.99,0.9935,0.9932,5.255961124750664,5.031300830908295,4.937564752714148,5.239211274270675,0.966,0.9694,0.9846,0.9829,20.948376164173805,19.930731037092315,19.601130970856868,20.881509376801308,0.9793,0.9833,0.9922,0.9922,4.155970419492944,4.14276461767725,3.91363495052985,4.158554540127552,0.9867,0.9912,0.994,0.994,11.932851910075598,11.912100995718776,10.482394024180389,11.923049149155633,0.9711,0.9814,0.9754,0.9764,5.334934591978095,5.560880602233765,5.15061369295209,5.346388284144978,0.9665,0.9764,0.994,0.994,7.886313428308602,7.829318857193236,6.612646383269199,7.894345422515924,0.9756,0.9872,0.9841,0.9835,0.6826206929891506,0.6590290043956439,0.6258281872650331,0.6795710575439488,0.9824,0.9908,0.9916,0.9917,14.597486465634894,14.505107897193865,13.4467419860614,14.615045214655416,0.9774,0.9819,0.9973,0.9973,19.444210656592997,19.355057040187184,14.449487252205014,19.450114972588008
600,0.9744,0.9839,0.9802,0.9823,4.649307256355968,4.734439451425693,4.45633514351375,4.693124129214804,0.9674,0.9772,0.9792,0.9801,20.218526473596533,20.599452037979034,19.10326275519501,20.37254867692981,0.9671,0.9752,0.9929,0.993,4.211516808013447,4.161267229192234,3.984224068419267,4.2292550133741855,0.9774,0.9916,0.994,0.994,12.104156698393584,12.127148827516228,10.190318789735086,12.114691440854784,0.9584,0.967,0.9701,0.9702,5.376326954461339,5.480720952417121,4.955318267702772,5.411941868066725,0.9857,0.9945,0.9944,0.9945,8.057651380862973,7.937883975092161,7.21608788663561,8.072076017050614,0.9611,0.9687,0.9937,0.9937,0.755494796714079,0.7485393473001223,0.6806873441961717,0.7547786087776829,0.9677,0.9721,0.9932,0.9933,15.037271142415692,14.85747904469686,13.615662432216176,15.085661938990963,0.9463,0.9727,0.9757,0.9757,5.495328940028333,5.476003109655626,4.813333240818574,5.503352816814417
601,0.9869,0.9936,0.993,0.9928,5.745121209487321,6.001366851322528,5.046501181923984,5.746869039052942,0.9831,0.9881,0.9962,0.9959,24.741465941221385,24.88435320444928,22.489190113538847,24.691507843408957,0.9904,0.9961,0.9983,0.9983,5.703962159233745,5.734523290422175,5.155359566210739,5.693234753890175,0.9269,0.9327,0.9719,0.9722,6.640056831382614,6.514724751688952,6.330579610660603,6.681362894181056,0.9848,0.9913,0.99,0.9899,6.315203928423492,6.586484384746873,5.784363318057951,6.309025019985519,0.9629,0.9676,0.9735,0.9735,5.221382821274899,5.056011081490353,5.054131015155737,5.22603692743053,0.978,0.9917,0.9935,0.9934,0.7592899301819238,0.7558015759952275,0.7074376459664105,0.7588641943963162,0.9801,0.9814,0.9853,0.9853,12.774991061506736,12.245590730999702,12.173636839144276,12.79713896107467,0.9573,0.9723,0.9718,0.9718,5.068210220558892,5.021960154247068,4.606660735093732,5.073984604632593
602,0.9776,0.9801,0.9867,0.9866,5.302006871204233,5.193125337043535,5.0612416754045295,5.313718517320052,0.927,0.9409,0.9703,0.9684,21.57952539848869,21.729076410514143,19.139664564115357,21.5546115933636,0.9659,0.9795,0.985,0.9852,3.4862859680431573,3.5206295277765465,3.3556337379457424,3.5020497383848217,0.9882,0.9927,0.9938,0.9938,11.874405454911363,11.894041838752807,10.077297435225484,11.868169704702678,0.9791,0.9895,0.9863,0.9857,5.916690482869947,6.287020750536131,5.516999979171076,5.893776870690946,0.975,0.9964,0.9968,0.9969,8.912507578969445,8.845300593972265,8.505804156647436,8.923405378225516,0.9615,0.9719,0.9949,0.9948,0.7765921017538782,0.7707069949296271,0.7224699368012908,0.7741775343215287,0.963,0.9752,0.9795,0.9797,11.964012699509473,11.64364549667737,11.25894408073844,11.996707820400776,0.9339,0.9499,0.9497,0.9497,3.5830895854003435,3.5686009553795057,3.2903577357430143,3.589439155020549
603,0.9924,0.9965,0.9959,0.9959,5.542383321457731,5.764984863404156,5.208223331096129,5.570842280096443,0.9933,0.9981,0.9978,0.9977,26.452035215113025,27.57489425584096,24.36170609388716,26.530944330828337,0.9859,0.9884,0.9913,0.9913,4.088051584551826,3.964544081366431,3.942810912927941,4.087337934355139,0.9863,0.9901,0.9919,0.9919,10.674763615160677,10.636655848539808,9.26145844224527,10.674602396826176,0.9883,0.9923,0.9908,0.9906,8.315048877569078,8.720178074704434,6.961427370743593,8.32265480898403,0.9711,0.9794,0.9864,0.9864,6.518272107065184,6.419945555410796,6.152688516271626,6.52736342909429,0.9483,0.9591,0.9605,0.9604,0.5791022866841369,0.5693660555520181,0.5439605019424936,0.5786834348608498,0.9888,0.9906,0.9913,0.9914,14.814732492869798,14.299890945080088,14.00487068139086,14.822999966963328,0.9792,0.981,0.982,0.982,6.531766427746433,6.455128133528864,6.192675121672544,6.542402542194044
604,0.9628,0.9703,0.9728,0.972,4.678838271205085,4.805016303730454,4.413650524010111,4.6807911807199805,0.9793,0.9906,0.989,0.9893,21.95099511771368,22.43549782245182,20.48566821367336,21.95812357399205,0.9844,0.9924,0.9998,0.9998,8.014405392372693,8.05711405938122,6.386073741280203,8.006300502848127,0.9798,0.9845,0.997,0.997,15.46802315925526,15.419148848440429,13.60176622976768,15.466576043126732,0.9826,0.993,0.9882,0.9889,6.062553205240194,6.619614894822579,5.628273373891783,6.111321776371887,0.9841,0.9944,0.9961,0.9961,8.561613169851023,8.475156099657163,7.841116829995084,8.579817809600788,0.9917,0.9921,0.9994,0.9994,0.8934657718919622,0.8643275854525994,0.8452974932489072,0.8921316897236871,0.9735,0.9787,0.9898,0.9898,13.803936331838814,13.399459446319316,13.313976754464726,13.80130261897745,0.9687,0.9735,0.9919,0.9919,10.255332206405718,10.202109866493414,8.319203865000887,10.258633592065788
605,0.982,0.9843,0.9853,0.9847,5.236919061321583,5.404338744882331,4.992350988059783,5.264841831268421,0.9886,0.9934,0.996,0.996,24.62536977295283,23.89561341482857,23.26765751417697,24.525472113545124,0.9872,0.9905,0.9949,0.9949,4.592093207835162,4.602250344419222,4.337124145973539,4.58230590470309,0.9688,0.9804,0.9794,0.9795,7.709021900901971,7.739713351242798,7.008765446537848,7.721103099745214,0.9692,0.9807,0.9782,0.9797,5.498884382093911,5.527303584448962,5.071232261919086,5.539925919811646,0.9634,0.9969,0.9974,0.9974,9.51627043692761,9.398285399374725,7.636932481148083,9.535834471425847,0.9864,0.996,0.9975,0.9974,0.820838180899361,0.8155398377855793,0.7091132640760507,0.819818896109886,0.9641,0.976,0.9919,0.9922,14.785273467898053,14.64024180341423,13.666958158437508,14.819186732415329,0.9609,0.9637,0.9919,0.9919,10.18850690912956,10.14050656547798,9.444752209845207,10.195226061847723
606,0.9764,0.9792,0.9807,0.9806,4.686513217203814,4.700713732723952,4.579298007111182,4.688822195424576,0.9541,0.9664,0.9824,0.9826,21.9233192095205,21.59890322251993,20.772807234203416,22.018190690633467,0.978,0.9817,0.9813,0.9813,3.4062563220696336,3.334438534711352,3.258416248431109,3.395100963680889,0.9725,0.9786,0.9785,0.9785,7.467309366007462,7.4066929986976655,7.159408100836844,7.499140478796398,0.9782,0.98,0.9855,0.9853,5.821978186268671,5.629525531599237,5.506839329398373,5.826616397793261,0.9827,0.9956,0.9984,0.9984,10.940372013209068,10.864730345596964,8.65091320335971,10.955601326392662,0.9848,0.9898,0.9911,0.9911,0.7424226478141382,0.7345125554565259,0.6803250973646391,0.7406367250587309,0.9757,0.9833,0.9832,0.9835,12.418854237760293,12.25167311223224,11.244289580855916,12.452550655182655,0.9856,0.9903,0.9899,0.9899,9.447613874094252,9.395131207071348,8.56424084004656,9.461556607185615
607,0.9739,0.9902,0.9864,0.9854,4.856908637237613,5.037145158376557,4.432158923993777,4.801926221939267,0.9838,0.9866,0.9929,0.9928,23.000694344883687,22.57287216457527,21.567980138079196,23.09791467170442,0.9968,0.9973,0.9997,0.9997,7.1859801596384605,7.197447475397393,6.669020913527766,7.174043655992754,0.9868,0.9911,0.9963,0.9963,14.734540871632566,14.702910676780348,12.052856444118344,14.736163828156666,0.9634,0.9678,0.9695,0.969,5.167108192702692,5.139096918070329,4.989293863015481,5.163845682033761,0.966,0.9742,0.9806,0.9807,5.866741502561091,5.76787079175918,5.60545250781596,5.879513150533823,0.9871,0.9932,0.9953,0.9953,0.7924060996353521,0.7764687531744418,0.7421281513356333,0.7921364910637836,0.9787,0.984,0.9884,0.9884,13.361386440635032,13.027016223039348,12.90454655622576,13.407195096964282,0.9771,0.981,0.9987,0.9987,25.406436098494016,25.30742777598024,16.202034174337186,25.409216174965376
608,0.976,0.9769,0.9778,0.9777,4.734549434530839,4.764082577066155,4.653478923387722,4.743805863122658,0.9732,0.9766,0.9786,0.979,19.998926122851387,19.434352403243064,18.9088997790466,20.06057093446963,0.9699,0.9835,0.9883,0.9883,3.7669934963970055,3.823077374766501,3.5145624867294947,3.7738095399304266,0.961,0.9677,0.967,0.9673,6.171178179535815,6.067371729647833,5.9529675373471935,6.178317574677141,0.9755,0.9771,0.98,0.98,6.019249687075174,6.077315737329565,5.834008553234602,6.015805630332855,0.9777,0.9817,0.9926,0.9926,7.476707850358694,7.391346478576298,6.790222462085944,7.494992134824098,0.9645,0.9885,0.9968,0.9968,0.793842340920119,0.7967684158919253,0.7525346030651923,0.794336307292724,0.9933,0.9939,0.9988,0.9988,20.56687748415473,20.4114469208106,18.87062763374299,20.581614088530166,0.9719,0.9835,0.984,0.984,7.038132349449705,6.9812020608507455,6.127771435785491,7.0454925685801255
609,0.9533,0.9567,0.968,0.9677,4.337332975966675,4.104309581329776,4.045578835781124,4.323065162547106,0.9694,0.9759,0.9825,0.9829,20.713490617384792,19.9395746063039,19.02277875576656,20.7272458428796,0.962,0.9662,0.9841,0.9841,3.4553424255936864,3.4448581757687435,3.2620164348924265,3.460509611874776,0.9783,0.9846,0.9965,0.9965,14.918748998086633,14.924775648799994,12.691348461677638,14.92208116700205,0.9694,0.9784,0.9741,0.9735,5.255267946449424,5.440438662981796,5.104526843293909,5.256426215551626,0.9666,0.9806,0.9854,0.9854,6.319852021927051,6.238757082684088,5.740762454855656,6.328833155253676,0.9878,0.9909,0.9982,0.9982,0.8346585982069938,0.8241507699468443,0.795856319229554,0.8337706023898286,0.9611,0.9707,0.9829,0.983,12.258661404812155,12.2178277813642,11.358742863542885,12.284984381807895,0.9721,0.9773,0.9983,0.9983,22.94141482747388,22.849553949240303,19.81567022098756,22.939031501614163
610,0.9395,0.9486,0.9544,0.9542,3.9481113951489313,3.854811098759668,3.726864948883585,3.948444338983948,0.9737,0.9854,0.9808,0.9817,20.632469737265417,20.968726540536416,19.09622833805392,20.729165961194013,0.9705,0.9768,0.982,0.9823,3.436705344435814,3.420868926569325,3.1880919871429696,3.4519387380610125,0.9704,0.9755,0.9857,0.9859,8.846401056151516,8.795797034564497,8.492843139647647,8.867555744003687,0.9679,0.9843,0.9782,0.9783,5.493209801137318,5.781582048293736,5.082600179336317,5.497115143441588,0.9508,0.9626,0.9645,0.9645,4.679006932143593,4.612579162255019,4.386146816911009,4.683868724858449,0.9744,0.9879,0.9904,0.9904,0.7246840798816625,0.7241145266186603,0.6312951559896499,0.725516397170408,0.9751,0.9831,0.9955,0.9955,16.379182542216007,16.300834273751093,14.873198305790156,16.358999375142535,0.9834,0.9867,0.9928,0.9929,10.77808398077219,10.706118246769304,9.911299739635,10.789957073855412
611,0.952,0.9565,0.9662,0.966,4.227711125658333,4.131195762309064,4.001461536601989,4.221391928058491,0.9694,0.9754,0.9795,0.9799,20.05604632443773,19.723785842058145,18.91706971127852,20.095671951944595,0.9745,0.9806,0.9886,0.9886,3.791869780897345,3.808113220104161,3.438086344785286,3.791537445982823,0.9799,0.9855,0.9907,0.9908,10.363487395903114,10.282180258036323,9.82327220469942,10.371103974345475,0.9955,0.998,0.9968,0.9969,7.88432027344647,8.454466907072579,7.0261283676906405,7.911627096626431,0.9796,0.9817,0.9899,0.99,6.931292024371403,6.730563420724543,6.705921080128858,6.941906225365517,0.9676,0.9789,0.9833,0.9824,0.6701279739889319,0.6434886370248349,0.6158710818250155,0.6656634558590131,0.9543,0.9614,0.9745,0.9749,11.228523194412508,10.913610987974243,10.536009809448698,11.302197975913916,0.9864,0.9901,0.9937,0.9937,12.021812709946452,11.958797423118009,11.086822385313017,12.029534187147082
612,0.9724,0.977,0.9777,0.9763,4.871629226129089,4.901038060132166,4.734723484223908,4.854297622200015,0.964,0.9752,0.9797,0.981,20.091274854369416,19.816998789049435,18.486047117539837,20.257496945996284,0.9576,0.9735,0.9811,0.9817,3.3442236123144893,3.3145429682484697,3.1407574487401275,3.3728603286004017,0.9795,0.9839,0.9909,0.9909,10.37561062187018,10.344733332396835,9.637060547837804,10.39271539666172,0.9768,0.9848,0.9829,0.9838,5.915357428827415,6.20639004636616,5.511807076607683,5.94166023050876,0.9789,0.983,0.9961,0.9961,8.644405728327072,8.544056043280756,7.551676747923795,8.659846890560212,0.9838,0.9904,0.9953,0.9953,0.785664905033427,0.7757245453869759,0.7003979212871227,0.7848788954865991,0.984,0.9861,0.9943,0.9944,15.59851303996671,15.58345648473574,14.59484889133984,15.64767197103036,0.9821,0.992,0.9963,0.9963,15.433253413576535,15.364596870590375,13.914734927338962,15.435737242217092
613,0.967,0.9694,0.9708,0.9703,4.451052197809046,4.419407418264943,4.340736819308802,4.431671842314173,0.988,0.9922,0.9936,0.9937,23.588535463270446,23.779926398831844,22.305222742639074,23.778581987701383,0.9483,0.9547,0.969,0.9693,2.964395417898272,2.904340004979527,2.8273621778255835,2.960280954200993,0.9779,0.9882,0.9871,0.9871,9.090944331565249,9.141968194848593,7.675203999545446,9.086568392044851,0.9803,0.9887,0.9845,0.9852,5.856610131791465,6.191249253684807,5.532570370448335,5.864183906254901,0.9585,0.9846,0.9974,0.9974,9.382599994514845,9.314347792279166,7.402429694534932,9.388886452409904,0.9738,0.9834,0.9887,0.9883,0.7096803025396827,0.6975212003204786,0.6454163830777979,0.706485126557971,0.9713,0.9882,0.9909,0.9909,14.179019905543004,14.162900349457376,10.911380478583729,14.173239274322595,0.9793,0.9829,0.9951,0.9951,13.126805521641348,13.063606108445285,10.340764236117662,13.133281379847729
614,0.9623,0.9697,0.9726,0.9728,4.392263742580812,4.31473728595291,4.143225019548611,4.397072721308995,0.9604,0.9702,0.9838,0.9835,21.78962560450625,21.097728432303715,20.779528964852076,21.75307267686173,0.9813,0.9921,0.9991,0.9991,6.416406647306721,6.4379914550298585,4.872219656495631,6.402959534799424,0.9725,0.9773,0.9983,0.9983,17.2195526335072,17.164202145845177,11.989116390015106,17.207241960479397,0.9512,0.9608,0.9687,0.9678,5.097530259901467,4.983174190178689,4.614975729925192,5.097224390810547,0.9661,0.9717,0.9954,0.9954,8.273604852192854,8.194270033717823,6.879184736160112,8.281912716091794,0.9845,0.9921,0.9959,0.9959,0.7975467310256266,0.788239648445487,0.7160310297959585,0.7965250205453718,0.9747,0.9841,0.9884,0.9884,13.356575700799189,13.263226039082294,12.035876507823073,13.366262454170604,0.9947,0.9966,0.9988,0.9988,30.402252761758135,30.207799835350443,26.71643000266062,30.41717999382788
615,0.9451,0.9489,0.9664,0.9648,4.244433411552455,3.911623601826333,3.831244667849061,4.2275452903970345,0.9697,0.9725,0.9768,0.9768,19.480298498307494,18.98625488503786,18.61753606957392,19.49501709377732,0.9829,0.9901,0.989,0.9895,4.003805922474043,3.9168452000507736,3.684385550803704,4.033407107035778,0.9453,0.9493,0.9545,0.9545,5.395041145179186,5.265900237666944,5.138391237489295,5.41726630760118,0.9827,0.9904,0.9882,0.9882,6.241043668223627,6.508773117219706,5.738159606369274,6.197077227983348,0.9905,0.9944,0.9998,0.9998,13.7960615853127,13.70004255824127,10.83472401973177,13.8211263528386,0.984,0.9913,0.9929,0.9928,0.7590446845907607,0.7378865646378694,0.7047067626827168,0.757443922229599,0.9732,0.9877,0.9964,0.9964,17.258677556694785,17.158551018916988,14.033203651475764,17.267896007526357,0.9801,0.9915,0.9983,0.9983,22.98822664390638,22.856640333986647,22.006506000280424,23.00361578824508
616,0.9833,0.9957,0.9938,0.9939,5.344575738407929,5.51129500542922,4.898497137848722,5.342865678492212,0.9624,0.9704,0.9726,0.9726,19.08397712673851,18.88235707833766,18.36971636645309,19.08559186537675,0.9529,0.9623,0.9829,0.9832,3.399276232775916,3.347374894398536,3.2218350925773764,3.415590514945144,0.9677,0.9745,0.992,0.992,10.666529556908756,10.607294638970275,8.8984086896644,10.690461022959894,0.9872,0.9921,0.9899,0.9896,6.473159438385087,6.824972787474819,6.02465987512646,6.485170907989411,0.9895,0.9987,0.9998,0.9998,13.821178473960098,13.700070334407542,10.815400664746983,13.831634401226053,0.9862,0.9943,0.9963,0.9963,0.8045571196089965,0.7879956513189796,0.750675509412688,0.8031686955999217,0.9677,0.9785,0.9828,0.9829,12.32692385092892,12.239652279455044,10.883745094920378,12.343297877553498,0.975,0.978,0.9791,0.9791,6.075527678616553,6.033267552528766,5.575855106262022,6.084216119438303
617,0.9858,0.9884,0.9867,0.987,5.017401166762414,5.222811326951694,4.937161156346361,5.051113616568544,0.9881,0.9946,0.9959,0.9955,24.726717496690725,24.3159157898778,23.549510653390936,24.74735091072291,0.9716,0.9894,0.996,0.9954,5.474738240654145,5.569513169132992,5.322179589882554,5.476062627612699,0.9785,0.9834,0.9994,0.9994,21.900687027323187,21.854185862766467,19.6210777233003,21.91726388689116,0.9761,0.9797,0.9796,0.9796,5.95273472673216,6.12913946694464,5.722596281186635,5.968629537820218,0.9431,0.954,0.9664,0.9666,4.840180253821808,4.760081831487012,4.5541101611404216,4.848217569332877,0.9829,0.9895,0.9904,0.9903,0.7247990240766851,0.7161119901313162,0.6803803883347781,0.7247385258098169,0.9813,0.9918,0.9942,0.9942,15.732239559225375,15.597621828248638,13.19556014952531,15.748435919208957,0.982,0.9885,0.9932,0.9932,11.160333663974615,11.089407541297804,9.129231654108844,11.176188472786755
618,0.9645,0.9754,0.9764,0.9753,4.517475387687638,4.503965115003808,4.256352732934324,4.505106505576515,0.9614,0.9665,0.9729,0.973,19.10680241953873,18.536718590745927,18.1628825835163,19.12947785856936,0.9925,0.9937,0.9973,0.9973,5.273155865550916,5.193069966557486,5.050659865171611,5.299808369355724,0.9561,0.9781,0.9855,0.9855,8.661034977603244,8.696494333057414,6.555075129186029,8.668499142423794,0.9718,0.9867,0.9799,0.981,5.507129931669991,5.919263607286,5.18183695867137,5.518950839273266,0.9784,0.988,0.9909,0.9911,7.187130450309755,7.025345425866146,6.935956211705234,7.1957693239860365,0.9679,0.9756,0.993,0.9929,0.7581349103621797,0.7208190578601981,0.7120261508212232,0.7560205854919795,0.9861,0.9937,0.9967,0.9968,17.700100338211605,17.586982255468808,14.917390261113946,17.729551506913015,0.9238,0.9274,0.9647,0.9647,4.446819007900998,4.403786847193043,4.181352054068716,4.455453431069862
619,0.966,0.9743,0.9817,0.9816,4.862568612657071,4.868844869044548,4.474010438638642,4.909709076363345,0.9753,0.9859,0.9872,0.9875,21.48150496618663,21.289563482801853,20.42454960332368,21.52134518448828,0.9927,0.998,0.9986,0.9986,5.802623645963708,5.823211842053047,4.894280794878313,5.808438147298916,0.9743,0.976,0.9838,0.9839,8.385411423661333,8.324554585116779,8.12443418695628,8.413126530702497,0.9749,0.9832,0.9776,0.9793,5.508050474036415,5.81231417698524,5.354132795305505,5.5729405589276535,0.9855,0.9917,0.9954,0.9954,8.333805729583336,8.233148943838458,7.059686578048607,8.346922974148875,0.9731,0.9835,0.9854,0.9853,0.6773832686497724,0.6678381199076088,0.6251002634565819,0.6755092924709329,0.9785,0.9827,0.9912,0.9912,14.55782308690855,14.362318350453524,13.210665677671674,14.583896145990458,0.9699,0.9727,0.9863,0.9864,7.766402202503564,7.583548147742781,7.543574211018115,7.777855215203501
620,0.9222,0.9289,0.9348,0.9356,3.688515466648595,3.6067326744169743,3.514048561935965,3.6916019318527074,0.9696,0.9773,0.9828,0.9828,21.026227438739333,21.27479193715566,19.64380805497783,21.03973396991591,0.9745,0.9778,0.9817,0.982,3.3899514106893784,3.35340176188865,3.2597881080728346,3.397150426026817,0.9741,0.9766,0.9996,0.9996,25.25130656355029,25.20570531629877,17.599333738808486,25.242040503369587,0.9642,0.9773,0.9747,0.9744,5.576125267016971,5.749048721656584,5.307034891767756,5.582427067931126,0.9588,0.9892,0.9954,0.9954,8.30524277360776,8.23311961281616,7.054003840207743,8.316785288044406,0.9731,0.99,0.9911,0.9911,0.7428025152478274,0.7345649342651903,0.6763854087606043,0.7424441722548893,0.949,0.9514,0.973,0.9733,11.017061080314935,10.57768831029938,10.474995674534917,11.033978630157277,0.9734,0.9797,0.9857,0.986,7.6832693936761425,7.587105271053703,7.463868899949332,7.702006874861325
621,0.9872,0.9902,0.9915,0.9913,5.124459831541546,5.083841892873637,4.871605381501131,5.132176775796729,0.9556,0.9635,0.9614,0.9613,17.677183046985377,17.98821241776429,17.058595908538102,17.65089540992981,0.9834,0.9879,0.9945,0.9945,4.35788992440544,4.378706582504508,4.2042292847616896,4.373549443187439,0.9433,0.9475,0.9993,0.9993,21.25098136794093,21.20400460709405,15.373100620554466,21.25728831996076,0.9472,0.953,0.9515,0.9524,4.635467502586472,4.717013640383925,4.4815697795470735,4.675756393446747,0.9657,0.9685,0.9893,0.9894,6.778498291854135,6.642377485242188,6.535575187949424,6.793767919671627,0.9888,0.9924,0.9949,0.9948,0.7852325781064146,0.7475792779084995,0.7397697401847998,0.7844747827554582,0.988,0.9914,0.9988,0.9988,20.554453881704763,20.433778501642085,19.34477454513426,20.559528313611683,0.9811,0.9891,0.9932,0.9932,11.1522923204166,11.089622832732154,10.346885925778404,11.165121945336509
622,0.971,0.9759,0.9848,0.985,4.912258420900354,4.544396343414364,4.418260259286438,4.922785533215852,0.9807,0.9859,0.993,0.9931,23.23175912495216,23.235474568118725,21.561654167075677,23.35556517746084,0.9846,0.9862,0.9965,0.9965,4.994949802990271,4.865247493523927,4.814853929814623,5.015088748266157,0.9735,0.9821,0.9893,0.9894,9.569768018058763,9.457295394658724,9.275058109233346,9.593862691238932,0.9798,0.9818,0.9824,0.9823,5.894613842989045,5.9828352403568585,5.727486617412895,5.865169063069743,0.9651,0.9799,0.9957,0.9958,8.414169652489141,8.331753710073201,6.753035585645205,8.421294242355449,0.9815,0.99,0.9902,0.9902,0.7222529308056609,0.712980057935203,0.676219848847144,0.7223642909037817,0.983,0.9905,0.9978,0.9978,18.46373716037624,18.48178232430028,15.801520663483236,18.46394683847223,0.9752,0.9803,0.9868,0.9868,7.830096265323798,7.792155668741421,6.88794747548441,7.83470499426726
623,0.9395,0.9427,0.9651,0.9641,4.463910841299656,4.322674407030599,4.090246896741579,4.480668526604066,0.982,0.9893,0.9869,0.9876,21.5702372401601,21.87896287119998,20.43359289430925,21.68803535448069,0.985,0.9876,0.9961,0.9961,4.865586568582383,4.860192366965973,4.31135333060519,4.863312957473439,0.9747,0.9867,0.9899,0.9899,9.992648198532882,9.988428585176058,7.640360562467541,9.993930705168282,0.9764,0.9784,0.9826,0.9822,5.626270493173035,5.41191572021121,5.351179963037926,5.597990902088881,0.9753,0.9782,0.9974,0.9974,9.374262200279324,9.277480307233244,8.044920965648181,9.395337898972532,0.9482,0.9585,0.9644,0.9641,0.5977891576719301,0.5600680885277712,0.5553261270707386,0.5945099510399774,0.959,0.9791,0.9832,0.9831,12.322424971657588,12.29042674759586,11.08454417081168,12.293476471376517,0.9703,0.9772,0.9923,0.9923,10.476770879834527,10.406981101525478,7.66395323438259,10.487015344313525
624,0.9495,0.9539,0.9566,0.9565,4.010362433077663,3.997472665490323,3.8942077035933034,4.008799716414643,0.9521,0.9679,0.9752,0.9754,19.689669450346727,19.80254171028994,17.613502251665576,19.731240658598047,0.9786,0.9853,0.9864,0.9867,3.647062972405595,3.5395522015680747,3.480377734858377,3.6557100932373543,0.9735,0.9817,0.9879,0.9879,9.216431931303882,9.24955399846323,8.383751582114554,9.217055716678956,0.9774,0.9871,0.9815,0.9822,5.599216202132413,5.93443155442097,5.415459318522604,5.644528810769765,0.9854,0.9926,0.9947,0.9947,8.031215116216146,7.958019871899173,6.934659600033731,8.039551203327433,0.9772,0.98,0.9892,0.9886,0.713021986958225,0.6748041995170927,0.6652130124585681,0.7108145004934332,0.9669,0.9908,0.9933,0.9933,14.958887893984375,14.679025964293857,14.443675049067512,14.97729050364623,0.9877,0.9919,0.9949,0.9949,13.006364901242774,12.937308325732229,10.702280245482902,13.017481348663091
625,0.9904,0.9963,0.9944,0.9949,5.3750906668519605,5.579298919217077,5.05643947208706,5.432425712305926,0.9619,0.9668,0.9771,0.9762,19.6630626815784,19.234917753491725,18.410476863270937,19.697459557769143,0.9732,0.9786,0.9851,0.9854,3.586150459689057,3.4017928477315094,3.3714057478549515,3.599070630765809,0.9494,0.952,0.9756,0.9756,7.003029379664856,6.771142476740456,6.735086353171358,7.0111413357093015,0.9699,0.9767,0.9792,0.9795,5.863108036286232,5.843138407687297,5.4681954790368135,5.850852330311572,0.9676,0.9793,0.9842,0.9842,6.138045810302202,5.933456797457833,5.925682737533898,6.14517259448809,0.9682,0.9694,0.9724,0.9719,0.6308028848581744,0.5907111911295062,0.5859027294367951,0.6286551126845102,0.9745,0.982,0.9941,0.9941,15.622177403123112,15.572138153433883,14.09051354817728,15.639536443573764,0.9821,0.9874,0.9885,0.9885,8.530132802483429,8.489799149836024,7.87546595193819,8.53733096991973
626,0.9837,0.9865,0.9896,0.9895,5.0846892638123045,5.05346356736136,4.830674589925292,5.084388592071644,0.9959,0.998,0.9971,0.9969,25.760699991254796,26.47113510283278,24.735429816956973,25.77726173965008,0.9793,0.9898,0.9926,0.9926,4.127486245899032,4.217941243649788,3.995524748816951,4.133256931865814,0.9447,0.9459,0.9647,0.9648,6.0032648589101445,5.755104687676938,5.7250529720060905,5.999404386300495,0.9572,0.9728,0.9671,0.967,5.013203790349007,5.210911607641846,4.727246506919854,5.015600138324439,0.9636,0.973,0.9756,0.9758,5.402426195982498,5.314494510269927,4.836560410787405,5.415546745465145,0.9813,0.9852,0.9928,0.9926,0.7578980782244127,0.7404371282256206,0.7025895951599472,0.7576526813375003,0.9934,0.9977,0.9985,0.9986,19.6649388028993,19.522907358026814,18.601617914085185,19.71379654250398,0.9645,0.9753,0.9912,0.9912,9.731787939742455,9.695157357801891,6.707417092416949,9.735831242825936
627,0.9908,0.996,0.9944,0.9937,6.067670987085969,6.312759036665886,5.45804697025415,6.064939644865818,0.9839,0.9928,0.9918,0.9916,25.994999050377253,26.49892456583429,25.328179144634227,26.001803025473546,0.9795,0.9867,0.9838,0.9838,3.551065289461476,3.560486143970853,3.2282951680602743,3.546430093229337,0.9962,0.9987,0.9999,0.9999,39.35053874433078,39.22881799859292,25.448462906429643,39.35913107755309,0.9719,0.9756,0.9778,0.9761,6.566470806356936,6.772088977653336,5.793161609566267,6.543197470906564,0.9298,0.9416,0.9641,0.9643,4.662064123142718,4.556041335965763,4.463241933124647,4.684835444098781,0.979,0.9891,0.99,0.99,0.7075652503071773,0.7071856241866441,0.6652715912021983,0.7063784883168844,0.9848,0.9891,0.9964,0.9964,17.053416228193313,16.93913355389021,15.209946663410228,17.113910867465485,0.9585,0.97,0.9973,0.9973,19.408928816823337,19.34953334081473,14.610073246352757,19.413830759214367
628,0.9335,0.9453,0.9594,0.9595,4.062385170640739,3.8212669986937526,3.649833303073152,4.070303290453527,0.9736,0.9761,0.9886,0.9883,21.8202776767111,21.008996944947263,20.417383832135982,21.79781011722446,0.9869,0.9885,0.9883,0.9885,3.865602688816079,3.7914791520036255,3.666562145683022,3.888248062329021,0.9341,0.9429,0.9469,0.9472,4.930274799579491,4.931308055448572,4.683315345336121,4.937381326716825,0.9981,0.9994,0.999,0.999,11.468233681253755,12.182722059186288,9.41838389189983,11.46366891496284,0.9761,0.9822,0.9945,0.9945,8.055694891161169,7.957811732968244,7.754009613532306,8.067565276816923,0.9699,0.9761,0.9912,0.9912,0.7431389766440744,0.7219657100455074,0.6935124263984491,0.7409452107534176,0.9854,0.9871,0.9917,0.9917,14.7013080100564,14.150138130242508,14.14643478799469,14.693476142982664,0.9673,0.9844,0.9967,0.9967,16.768058272426774,16.723892316547584,13.580713878859802,16.764441628915776
629,0.953,0.9557,0.9602,0.9609,4.092672638121495,3.987004896352421,3.924135389317996,4.106548497958833,0.9709,0.9768,0.9945,0.9942,24.461688120020444,24.496672358819087,21.70279372461227,24.43433245356034,0.9594,0.9634,0.9955,0.9956,4.636077327265476,4.626997578887435,4.222492038760108,4.640939145744103,0.9905,0.9934,0.994,0.994,12.003318737219608,11.973582872398037,10.668103467077248,12.001440020108364,0.982,0.988,0.9842,0.9838,5.828899804141384,6.109748813652949,5.6796169375654895,5.822304696102566,0.9551,0.9695,0.9736,0.9739,5.237820289736156,5.141837142533364,5.0436634476283055,5.261419863700678,0.99,0.9943,0.9976,0.9976,0.8299453140051699,0.7984270035078449,0.7878352799087114,0.829936044956091,0.9556,0.968,0.9766,0.977,11.59254002095674,11.466196409808855,10.590437497520766,11.631147013417053,0.9912,0.9934,0.9982,0.9982,22.53016401921454,22.44153795051477,14.398331154486778,22.521535801644774
630,0.9469,0.9529,0.9638,0.9648,4.306734036199201,4.249710917215482,4.019436866544746,4.295211101164368,0.9622,0.9751,0.972,0.9728,18.75738791646897,19.276322161135106,17.819655773911386,18.875236288287585,0.9861,0.9911,0.9937,0.9937,4.337720719759734,4.1818537110031855,4.142144278965582,4.344930358632342,0.9482,0.962,0.9717,0.9718,6.563665065839788,6.609805084444941,6.261549720392361,6.568666804580856,0.9698,0.975,0.9728,0.9731,5.232192843799751,5.30665306755267,5.121625112669933,5.23814028330751,0.9767,0.9857,0.9907,0.9909,7.267600534884923,7.092716052636041,6.897939172866241,7.291871104351829,0.9658,0.9812,0.9948,0.9947,0.7740038629432344,0.7449354931501675,0.7335188760516389,0.7723051532004557,0.9759,0.9832,0.9971,0.9972,17.918295996237966,17.541524391526803,17.12965905766785,17.99304540781583,0.9646,0.9736,0.9728,0.9729,5.255823449832008,5.179327920069815,4.374181707328891,5.268627022633217
631,0.9867,0.993,0.992,0.9915,5.197461282868627,5.260993417144757,4.856277044590566,5.178367415739455,0.9892,0.9953,0.9973,0.9971,33.22056360743697,34.260234322597405,29.60495287734478,33.26625100988512,0.9948,0.9972,0.9972,0.9973,5.177092477863728,5.212790830701986,4.740135850334279,5.194201874317673,0.983,0.9862,0.9962,0.9962,14.574286588612535,14.53984657659558,13.89819642762458,14.579799806431186,0.9713,0.979,0.9763,0.9762,5.354739957098834,5.459061976233253,5.159271937767175,5.3507649260767565,0.9639,0.973,0.9895,0.9896,6.845112179615919,6.7302371096598055,6.614091683413501,6.870170582817257,0.9103,0.9212,0.9366,0.9366,0.53042623159989,0.492197253565323,0.4832745552340535,0.5299640956286092,0.9483,0.9539,0.9756,0.9761,11.389278729599898,11.143989579175038,10.768850545705403,11.456726397517784,0.9629,0.9818,0.9951,0.9951,13.020782905566124,12.992295165668438,9.67689898048848,13.033549207176248
632,0.9834,0.9935,0.9913,0.9911,5.222367147272038,5.299586873065328,4.806901821703153,5.202325346109671,0.9898,0.9963,0.9991,0.9989,34.6010444105792,35.35123874216024,28.509042544690228,34.67646906709014,0.9897,0.9938,0.9973,0.9973,5.239030601993459,5.2756717230084895,4.524132538471444,5.232842447003066,0.9797,0.9894,0.9902,0.9902,10.00575800984379,10.067709751779825,9.2358422061142,9.995278402400322,0.9944,0.9972,0.9957,0.9957,7.151928260198435,7.629428639358434,6.890488854351608,7.162511933869062,0.9793,0.9834,0.9873,0.9874,6.648411257260118,6.529129160287742,6.200789851208293,6.66194381757487,0.9673,0.9776,0.978,0.9772,0.6507882183156275,0.621421076291145,0.5978205661340124,0.6488708981414857,0.9687,0.9794,0.9808,0.9812,12.21320759381579,11.985600973481915,11.351132316005913,12.253848464941012,0.9823,0.9882,0.994,0.994,12.299119004368734,12.229945417226396,10.898946153473894,12.31148220078926
633,0.9745,0.9784,0.9868,0.9859,4.988868380975777,4.821449381405422,4.5809624973277465,4.957055285905364,0.9639,0.9683,0.9742,0.9746,19.718241331661083,19.500949886589684,19.108163074440967,19.78263698301652,0.9623,0.9677,0.9986,0.9986,5.719549437517143,5.710657385532794,4.432522881602139,5.71485295226367,0.9934,0.9941,0.9992,0.9992,20.659010535379316,20.574460832261288,18.718989130390717,20.68256960804332,0.9766,0.9823,0.9828,0.9827,6.471556501192056,6.719256556908826,5.666908455267684,6.528048515775964,0.9133,0.9203,0.9643,0.9644,4.690481164066728,4.609476786549185,4.263731715917,4.703315629690212,0.9796,0.9952,0.9931,0.993,0.7583128177766776,0.7523808493938295,0.6768173211763788,0.7560585244985061,0.9791,0.9843,0.9902,0.9903,14.169155992187353,13.982631293769792,12.389049724995088,14.201108940635548,0.9787,0.9864,0.9956,0.9956,13.577109438276274,13.48283918959895,12.16024315033798,13.585081612709386
634,0.9812,0.9888,0.9881,0.9873,5.082796239132671,5.117183141827269,4.7846433199974925,5.067187092311578,0.9796,0.9887,0.9882,0.9889,21.838983781774264,22.20579979311146,20.30608347373124,21.971410676957845,0.9855,0.9935,0.9951,0.9951,4.648997002636176,4.679840183982192,3.956117951277981,4.645738635320741,0.9762,0.9852,0.9924,0.9924,11.009684391365267,10.999054200339373,10.38062985833374,11.009457142881844,0.9709,0.9819,0.9772,0.9776,5.383810041421439,5.632491933663175,5.13521469211337,5.40829548270284,0.9262,0.9286,0.9651,0.9653,4.783304635116338,4.607775882725276,4.553581752919422,4.794997866944972,0.99,0.9929,0.9973,0.9973,0.8260503070659772,0.7892193673173733,0.7820861098367108,0.8253602466688532,0.9676,0.9747,0.9782,0.9782,11.688472686729217,11.61381417000124,10.755821556767325,11.704377056793817,0.9945,0.9958,0.9998,0.9998,53.91839394822774,53.26961855571914,53.26875602487193,53.91262629128043
635,0.9857,0.9949,0.991,0.9924,5.229121991879014,5.464310675019317,5.010526639131713,5.266608013189407,0.9758,0.982,0.9861,0.9861,21.24254197129994,20.44062480720308,19.779239685720302,21.181993098895045,0.9787,0.9827,0.9809,0.9816,3.405933265424669,3.381644680689766,3.230057008786778,3.4369804018422694,0.9763,0.9775,0.9785,0.9788,7.610721487936706,7.297242144387561,7.193207827379104,7.639185962425579,0.9831,0.9906,0.9892,0.9892,6.116878254337104,6.382868703860916,5.675039121276502,6.142197844096472,0.9744,0.984,0.9911,0.9911,7.161219833050352,7.102211919058478,6.389725547598487,7.170545891947701,0.9839,0.9875,0.9929,0.9926,0.7583890937686389,0.7124816969798352,0.7114200043808658,0.7570052933402684,0.9862,0.9918,0.998,0.998,19.008640442964666,18.891735032452345,15.138740883275476,19.03406879201829,0.9844,0.9885,0.9952,0.9952,13.154625021224632,13.066605871498131,12.710757009325988,13.167400604277674
636,0.9928,0.9946,0.9971,0.9969,5.891859233738509,5.715578946286808,5.616824184616535,5.887507268817199,0.9807,0.9869,0.9891,0.9893,21.87478984151413,22.007222658878145,20.64397707611186,21.879873012046385,0.9946,0.9959,0.9956,0.9957,4.813607603050069,4.653174650412441,4.619049730979001,4.816407721396976,0.976,0.9891,0.9951,0.9951,12.4544030837605,12.482794089097627,10.431509268560143,12.453421218936812,0.9583,0.9765,0.9709,0.9696,5.173658150157236,5.509845526852496,4.816294026518801,5.18099787958929,0.9371,0.9507,0.9733,0.9735,5.223930809116087,5.1536549600987245,4.551266467736975,5.2368055652702274,0.9865,0.9949,0.9985,0.9985,0.852183977374185,0.846755972891307,0.7568703828071035,0.8495303254224263,0.9825,0.9936,0.9926,0.9929,14.916275162392909,14.82062022849992,13.609058197931818,14.943602806663312,0.9701,0.979,0.9899,0.9899,9.48331535629387,9.419319459383129,6.285068110602017,9.490924493651088
637,0.9896,0.9943,0.9943,0.9942,5.364730160815083,5.326814527768068,5.021369873970773,5.364531960713883,0.9854,0.9899,0.9949,0.9936,26.74489287687959,27.292694219463453,24.37464024444861,26.71702250902245,0.9797,0.988,0.9886,0.9886,3.871126695358396,3.8139391623803087,3.650103276310592,3.87591172718128,0.9806,0.985,0.9995,0.9995,24.87354787046496,24.89540508026675,16.20802232675324,24.85592888550298,0.9813,0.985,0.9843,0.9847,5.777172292854408,5.933797538113527,5.6073740085212505,5.803330311087828,0.973,0.9878,0.9883,0.9885,6.615492506060842,6.561643717906271,5.754178935035131,6.623508844313007,0.95,0.9545,0.9698,0.9694,0.6106433106439441,0.5760845228114739,0.5705708473407585,0.6098467582999652,0.9739,0.9807,0.9884,0.9884,13.56071227197464,13.454437582946458,12.297647983683644,13.631603020074255,0.981,0.9822,0.9853,0.9853,7.536612058282843,7.50700267629084,7.241024290188548,7.538854791197203
638,0.9759,0.977,0.9816,0.9825,4.685962579998693,4.52812273628665,4.497924957636249,4.704901121363696,0.9391,0.9489,0.9611,0.9613,17.556941571475985,16.69799476745502,15.899781571328749,17.577953284816687,0.9825,0.9888,0.9989,0.9989,6.045019771216023,6.047294527826486,4.847985007822431,6.051506644606024,0.9748,0.985,0.9879,0.9879,9.267137302952191,9.26728964888427,8.00191256460915,9.268311394266124,0.9739,0.9793,0.9818,0.9817,5.575197274737312,5.542846794038363,5.266787285164092,5.570246383053061,0.975,0.9834,0.987,0.9872,6.526848407287819,6.455140726428821,5.904955481949647,6.537056958123995,0.984,0.9902,0.9923,0.9921,0.7391424418601514,0.7314157770440408,0.7012066143615048,0.7387447493551631,0.9429,0.962,0.9794,0.9795,11.833755592040474,11.767251455513698,11.088364208739671,11.854803976197132,0.9857,0.992,0.9962,0.9962,15.216949291777109,15.159104472794832,12.484575355212876,15.222300331037866
639,0.9812,0.9875,0.9876,0.9875,4.932759423263366,4.914313558334731,4.658244070981841,4.924916242658506,0.969,0.9749,0.976,0.9757,19.39302307187852,19.16114866182476,18.450791927957173,19.346749059824013,0.9936,0.9959,0.9951,0.9951,4.707701367251449,4.702725371728069,4.405064324883109,4.712399210330344,0.9952,0.9974,0.9997,0.9997,25.860611067660887,25.755794286446463,16.670851836563187,25.871523719071178,0.9795,0.9858,0.9846,0.9847,5.859391298630094,5.888076834436895,5.596410629337576,5.862565048008642,0.9504,0.9696,0.9793,0.9793,5.645658665686607,5.608834097210557,4.479398644167037,5.653128146903244,0.9436,0.9581,0.9641,0.964,0.595742774932045,0.5741704710804327,0.550878036192342,0.5951164474036721,0.9585,0.964,0.9936,0.9936,15.471837435807728,14.927961804368522,14.61918435325446,15.493274467347533,0.9764,0.9839,0.994,0.994,12.269645053165847,12.227640645565517,11.097149531201229,12.27968469471328
640,0.9845,0.9878,0.9893,0.9895,5.002015124816273,4.925620263046659,4.774831043932053,5.002991961335564,0.9782,0.9828,0.987,0.9873,21.46541083121736,20.93262852804885,20.18125589522881,21.52009706345139,0.95,0.959,0.9597,0.9604,2.8666050425503204,2.832897270023784,2.694232531162815,2.882543760555287,0.9837,0.985,0.9876,0.9877,9.1651026187778,8.9648681855847,8.899373658343047,9.19160718595898,0.9812,0.9835,0.9854,0.9849,8.109732665601133,8.338183769748372,7.042412871893214,8.112906562440266,0.9753,0.9869,0.9865,0.9865,6.483206394543619,6.410372288822658,5.353680180487667,6.4915504213465605,0.9618,0.9672,0.9799,0.9799,0.6459731536163749,0.6324183883777894,0.6083729525670027,0.6456474354949013,0.9843,0.9922,0.9933,0.9933,15.004026789643564,14.91436999602163,13.517782292489672,15.02729387783575,0.9168,0.9372,0.9624,0.9625,4.2692038367549365,4.248566934788839,3.510916867017252,4.274605991219436
641,0.9669,0.9717,0.9776,0.9779,4.600402678305668,4.471430881077917,4.311606614435156,4.610303039363041,0.9855,0.9924,0.9888,0.99,21.974585815032743,23.0011157337398,21.140959252990207,22.161799870899543,0.9766,0.9882,0.9976,0.9976,5.288324509116299,5.320744452298906,4.57001650401541,5.291561999955515,0.9317,0.9402,0.9397,0.9413,4.745710693708916,4.667138051956647,4.458050298615424,4.777845105585622,0.9727,0.9771,0.9776,0.9779,5.561995355512036,5.671181557001495,5.299990406501401,5.560871678338307,0.9757,0.9816,0.9972,0.9972,9.23872647537465,9.053711909557018,8.954320241040513,9.26392553605732,0.9711,0.9785,0.99,0.99,0.7190334808444621,0.6854130496347602,0.6752933241660246,0.7181642612498462,0.9756,0.9792,0.9994,0.9994,22.064231273489984,22.04170511680414,16.960406830316288,22.083488274657476,0.9734,0.9804,0.9932,0.9932,11.125145270078184,11.084817262365736,7.740084114656684,11.127926811943432
642,0.9741,0.983,0.9847,0.985,4.909256112519026,4.814721120673491,4.5173061154206415,4.931207982870401,0.9783,0.9817,0.9867,0.987,21.409913812059976,20.45507872074472,20.08322285266899,21.49356011834065,0.9706,0.9793,0.9897,0.9899,3.93276429908168,3.928917232712542,3.5448708516286653,3.940127245778422,0.9951,0.9969,0.9983,0.9983,17.261775873594882,17.245715565512604,16.04024178000381,17.245977914224255,0.9784,0.9824,0.9847,0.985,6.386221307027535,6.569306130753148,6.078620448640958,6.442990049992495,0.9678,0.9739,0.9832,0.9832,6.105946112049536,5.857455383623542,5.850610821228058,6.117934416541972,0.9758,0.9812,0.9847,0.9845,0.6811003371392823,0.6390704462007202,0.634394322968286,0.677601415535288,0.9599,0.9681,0.9729,0.9732,11.068448525276947,10.983244328371764,10.207468816360144,11.085743909823986,0.9644,0.9707,0.984,0.984,6.988655878673421,6.9417585741371886,5.80705625424092,6.9971094100852165
643,0.9781,0.9874,0.9849,0.9844,4.861611784569192,4.9461255305619645,4.591244500999455,4.854760929321037,0.9621,0.9657,0.9771,0.9767,20.406888095878745,20.24948030912038,19.59971455345874,20.430918337912523,0.9779,0.9814,0.9949,0.9949,4.606540389990932,4.573266255629775,4.064212425077465,4.612521337902343,0.9612,0.9653,0.9908,0.9908,10.195662056744386,10.17326635458163,8.914156054912157,10.192471843515978,0.9839,0.9857,0.9876,0.987,7.198702619085572,7.451073876862549,6.395836325420171,7.20037625470219,0.9533,0.9558,0.9978,0.9978,9.669806524769143,9.587165788358051,8.542795518480009,9.682702908992006,0.9832,0.9897,0.9949,0.9949,0.7770353999293331,0.7647014794759466,0.7363114797083183,0.7764976205752532,0.9946,0.9973,0.9978,0.9978,18.79135419502984,18.49835748803454,16.414065247223547,18.811897180693865,0.9846,0.9863,0.9976,0.9976,20.80611028597578,20.731544265064507,17.57519481099432,20.800922503177254
644,0.9748,0.9811,0.9784,0.9786,4.573542860014934,4.654616644006044,4.466808930378093,4.579816579084553,0.9795,0.9913,0.9898,0.9905,22.07575432395277,22.528850250131853,20.531867639057733,22.303002438368523,0.972,0.9766,0.9852,0.9852,3.559746215402474,3.447485641801052,3.405871586239379,3.562142135558657,0.979,0.9888,0.9888,0.9888,9.4213746531929,9.420917997785358,7.587989366951964,9.413578534205191,0.9925,0.9933,0.9939,0.9939,6.790548698886241,6.775048334509965,6.646514461816057,6.79469480775039,0.9544,0.9573,0.9876,0.9878,6.603158730725784,6.52789563392381,6.313742107905031,6.6142825983959685,0.9672,0.9751,0.981,0.9806,0.6569924051356877,0.6259756089568485,0.609582753247426,0.6554183959312591,0.9784,0.9857,0.9848,0.9853,12.611113473817598,12.434825211642092,11.884085601711693,12.717465948628917,0.982,0.9841,0.9923,0.9923,10.518924771006798,10.46844537257284,9.868896838332962,10.521773866204022
645,0.9602,0.9694,0.9728,0.9724,4.500818016678684,4.4103130971898885,4.239882206377887,4.495169734632386,0.9851,0.9879,0.9938,0.9939,23.619979209655064,23.15591644067242,21.98111920755276,23.67406176068409,0.9625,0.9729,0.9956,0.9959,4.733970330749129,4.724175692351426,3.9970626741929416,4.7541038590155615,0.9712,0.9805,0.9857,0.9857,8.89631825431473,8.842841621374848,7.41997881800331,8.915345427313936,0.9881,0.9957,0.9921,0.9923,6.687023649471518,7.341382284237213,6.013825562972377,6.736887026594978,0.9896,0.9986,0.9984,0.9984,10.971154327834007,10.873917279729593,8.403874400021603,10.98570425077848,0.9747,0.9799,0.9924,0.9921,0.7544305691104666,0.7319600829483079,0.6996306140089945,0.7513586322264125,0.9689,0.9736,0.9981,0.9981,19.2269887485393,18.980941340411345,17.336470263985863,19.232512401969466,0.9594,0.9734,0.9777,0.9777,5.834490485154273,5.825492875842592,5.2588895871485954,5.834500399460584
646,0.9748,0.9856,0.9864,0.9847,4.845069618184009,4.812242463574615,4.471393684710062,4.824115791142949,0.9754,0.9772,0.9865,0.9867,21.27681055517947,20.389626164428304,20.05011961751588,21.285062167902534,0.9754,0.9803,0.9819,0.9824,3.4464146789782597,3.4059540165292232,3.2625195571271,3.460798996697943,0.9541,0.96,0.9768,0.9769,7.156702171335608,7.134800780621412,6.6853354064667565,7.167722443772853,0.9907,0.9979,0.9963,0.9962,7.31700378523637,7.80702247147447,6.358275668281285,7.328557602487106,0.972,0.9786,0.9974,0.9974,9.476081051240232,9.3977898704816,7.738564831963513,9.485810555043718,0.9715,0.9816,0.9968,0.9968,0.7978902570548456,0.7909520359920679,0.7603600475746517,0.7981630605285011,0.9688,0.981,0.9805,0.9805,12.073470366238512,12.01939186168243,10.73765494170154,12.087250898695745,0.9747,0.9888,0.9952,0.9952,13.123255955416022,13.066702015623598,9.837971159648706,13.131311741735544
647,0.9674,0.9722,0.9725,0.9731,4.388189831397273,4.388670313760858,4.239844017723456,4.397417326837314,0.9801,0.9824,0.9815,0.9816,21.031113306952253,20.97452973144987,20.20546990793187,20.94479092861051,0.9546,0.9768,0.9774,0.9774,3.196877025738107,3.2584063258263454,2.8586837187328906,3.1973341370439963,0.9835,0.9886,0.994,0.994,11.976697634276526,11.939555661572276,11.114836061209273,11.984844201341698,0.9744,0.9859,0.979,0.9808,5.868673997663516,6.394417073660332,5.512284909428946,5.929084905893355,0.9723,0.9745,0.9806,0.9807,5.879898608085808,5.72063998856833,5.614031587480953,5.9039006201998205,0.9797,0.9821,0.9876,0.9874,0.7042186871237082,0.670278414992799,0.6541915803542004,0.7024176373131132,0.9888,0.9944,0.9935,0.9936,15.29641345359289,15.215019697834787,14.062695775982988,15.312138438597712,0.977,0.981,0.9853,0.9854,7.58585270276979,7.513842933359714,6.478985404737165,7.598977798372286
648,0.9785,0.9851,0.9852,0.9852,4.9930567544428,4.997103197719398,4.788302398192411,4.988464602234869,0.9488,0.9537,0.9817,0.9823,22.1060745136666,21.99408412729945,20.61923366839734,22.283837985815868,0.9871,0.993,0.9973,0.9973,5.201665655044368,5.253525947601939,4.702549027245749,5.203866812700561,0.952,0.9596,0.997,0.997,15.42865198583381,15.35815867632933,13.659075582960329,15.450582738974171,0.9853,0.987,0.988,0.9884,6.0240671417908125,5.968251105052052,5.8020893398399735,6.041376207587417,0.9851,0.9919,0.9996,0.9996,13.305618509992058,13.178560705251313,10.256417709170377,13.318870908165096,0.964,0.982,0.9952,0.9952,0.7754437956926159,0.74515478628602,0.7403548802976119,0.7755911791124556,0.9449,0.952,0.9539,0.9542,9.651556596625076,9.163991163091357,9.022036268774231,9.679827184951106,0.9815,0.9914,0.9961,0.9961,15.02063785266099,14.972119840723195,9.618971086577684,15.019754354253203
649,0.9466,0.9577,0.9699,0.9701,4.327938571285029,4.172969989485473,3.8977777512079466,4.332100146195927,0.9574,0.9718,0.968,0.9681,18.38066460388397,18.96897312047562,17.40538131720539,18.40141356967251,0.99,0.9973,0.9989,0.9989,6.068857688612544,6.090572813204714,4.605462721678513,6.06166430940549,0.9795,0.9838,0.9902,0.9902,10.148026931160231,9.875680955837389,9.807763114853843,10.157986472113253,0.9744,0.9847,0.983,0.9831,5.766894411703763,5.990545292631801,5.283848677881308,5.773244209407388,0.9682,0.9743,0.9852,0.9854,6.284020563661985,6.206886534188,5.810375665907506,6.296046428860724,0.9834,0.9866,0.9998,0.9998,0.9299825674998702,0.9186586856320276,0.7864709657662559,0.9280888741425044,0.9923,0.9953,0.9988,0.9988,20.551253551773843,20.44273266218504,19.38140805799748,20.577662966175765,0.9729,0.9775,0.9809,0.981,6.357296945733244,6.307207217278179,5.85037141096655,6.364649205894868
650,0.9765,0.9796,0.9843,0.984,4.81737429427817,4.6453530081906536,4.520043222689012,4.808126054104173,0.9906,0.9966,0.9939,0.9934,26.484184923605003,27.548895006008635,25.20721079013648,26.49896806300805,0.9776,0.9854,0.9875,0.9875,3.661699460922876,3.6154474019015352,3.5254913779517087,3.6658518605442936,0.9506,0.9625,0.9675,0.9675,6.211464753801252,6.206914235451932,5.636781902040633,6.20804050648004,0.9892,0.9965,0.9936,0.9936,7.229451345354796,7.910839419204805,6.6185053064853605,7.265051657203105,0.9296,0.9442,0.9775,0.9776,5.499971185630464,5.293082470503094,5.291060813809684,5.510538909256781,0.9888,0.9908,0.9923,0.9923,0.762226450623931,0.715692837781436,0.7141458492819721,0.7619447211153068,0.9711,0.976,0.9789,0.9792,11.746232926470864,11.63380083547314,11.178201538800591,11.76645389350061,0.992,0.996,0.9967,0.9967,16.795693986427803,16.729924065336597,11.739526503610415,16.793516591709594
651,0.9747,0.976,0.9799,0.9798,4.662163161686033,4.504243931430741,4.464401195717585,4.654777339896642,0.9585,0.9738,0.9709,0.9706,18.780776754043384,19.157572244165635,17.35681052413326,18.725560002012077,0.9836,0.997,0.9973,0.9973,5.12860124106165,5.215249092899519,4.020218163524335,5.131969452454049,0.981,0.9899,0.9933,0.9933,11.43774881437228,11.441553565581662,9.884925703658991,11.447417926380629,0.9802,0.9841,0.9838,0.9842,5.7291911101296495,5.70284899465517,5.526508565272203,5.730218621018532,0.9421,0.9453,0.9613,0.9617,4.539305828184649,4.428133222265746,4.371887158619671,4.553231024101374,0.9613,0.9688,0.9772,0.9769,0.6404525423441241,0.6165576583853848,0.5931077551793988,0.6393391480843185,0.9718,0.9725,0.9954,0.9954,16.20850550601609,15.544067004372272,15.461299928610272,16.248405357771833,0.962,0.9795,0.9791,0.9791,6.063247660701423,6.033738630926295,4.889869663034276,6.0639704573480895
652,0.9741,0.9838,0.9841,0.9833,4.893680886398316,4.832212789679796,4.562470653862173,4.8816064096078255,0.9775,0.9832,0.9839,0.9831,21.618830827485205,22.189175332526403,20.78846971663566,21.599735524014545,0.9748,0.9779,0.9818,0.9822,3.438167936058597,3.3686423841512947,3.2655741364064297,3.448175023246741,0.9677,0.9738,0.9721,0.9721,6.734052291848031,6.740097062472575,6.352192114052591,6.74264340583799,0.9807,0.9885,0.9866,0.9868,6.032249893050644,6.17974831994596,5.651789855355764,6.0096715316077525,0.9909,0.9926,0.9947,0.9947,8.11350250469989,7.9697812795814835,7.58705506950836,8.134023264579971,0.992,0.9946,0.9953,0.9953,0.7923881870750247,0.7660123987375249,0.7467982024682371,0.7915363040518965,0.9802,0.9895,0.9935,0.9935,15.376012667354743,15.199374489937004,14.511338448495191,15.392090165857905,0.9715,0.9833,0.9848,0.9848,7.361099128707043,7.337646395070944,5.559970980253038,7.360413641590445
653,0.9814,0.9936,0.9881,0.9894,4.997675751314613,5.3522977543794426,4.658671202680736,5.017748638018677,0.9824,0.9877,0.9878,0.988,21.63688016185193,21.591934514296693,20.62824104245022,21.66095086702702,0.9844,0.9898,0.9922,0.9924,4.193338511256309,4.169668730945025,3.9689397787634695,4.206636126074549,0.9836,0.9889,0.9962,0.9962,14.607423269447736,14.538075509799782,12.756344585503406,14.616590620450632,0.9863,0.9908,0.9906,0.9907,6.353495589350895,6.469548573814858,5.889378996445789,6.355735864335189,0.9702,0.9826,0.9938,0.9938,7.8506703870177,7.770154905640331,6.581625488685944,7.863177799460432,0.981,0.9861,0.9901,0.9901,0.7135402350044198,0.6971855513021177,0.6796534946113044,0.7139621310628648,0.965,0.9677,0.9931,0.9932,15.052104382714765,14.748612275708991,14.204099040010805,15.047220359411282,0.9758,0.979,0.9997,0.9997,53.47771996659934,53.260705736327445,30.233098451713047,53.492969606260566
654,0.9225,0.9288,0.9448,0.9461,3.8052151982554334,3.588122229345537,3.516816071656009,3.819855065718266,0.9794,0.9823,0.9808,0.981,21.11387693981769,20.961341296987754,20.083811224080808,20.978995122536,0.9908,0.9957,0.9951,0.9951,4.661677590748536,4.68686823082219,4.209795702465589,4.655515106773604,0.969,0.9742,0.9899,0.9899,9.892187601092068,9.855874130476977,9.136906923217364,9.890880907890915,0.9708,0.9806,0.9786,0.9784,5.442230452378654,5.523444062520436,5.158478334495536,5.432345277212412,0.976,0.9788,0.9791,0.9791,5.6790482887640135,5.60261721626235,5.342995450553941,5.69312867951111,0.9519,0.9622,0.9959,0.9959,0.7854362871766353,0.7602299401914283,0.7455739883578292,0.785097000229158,0.9634,0.9682,0.9899,0.99,13.869244391630602,13.394224088972967,13.318965709778135,13.891915025940412,0.9638,0.9738,0.9988,0.9988,30.587989806738232,30.452608114981043,23.27662154919277,30.59611126381739
655,0.982,0.9859,0.9885,0.9884,4.938880021184481,4.828167373691683,4.708809551187771,4.940941750200494,0.9784,0.9847,0.9895,0.9898,22.77078857755443,23.17346198814216,21.452902739466552,22.84159196591907,0.9476,0.9535,0.9991,0.9991,6.350489594841471,6.330707013987141,5.0754316738206855,6.3539052212954505,0.9533,0.9554,0.9998,0.9998,30.05336467425894,29.963307228939502,18.50531404245683,30.05360965997876,0.9642,0.9703,0.9733,0.9734,5.565201886825672,5.540909159278789,5.3218085353383096,5.57230961405233,0.9629,0.9667,0.9723,0.9724,5.134408993160633,5.009399734590986,4.928684195996033,5.148332571283253,0.9577,0.9654,0.9926,0.9926,0.743065778007042,0.7337406779188105,0.7017660733937212,0.7428042587135273,0.9636,0.9846,0.9954,0.9955,16.39779611162921,16.23307305863831,13.487567928144294,16.45943895681477,0.9918,0.9965,0.9967,0.9967,16.8183839294923,16.730070092994726,13.27921326922183,16.82858636285137
656,0.981,0.9862,0.9869,0.9874,4.920295601083308,4.882706037477872,4.704938389534707,4.9149919756763225,0.9759,0.9925,0.9908,0.9914,22.429220783119305,23.397867177366408,19.87902177552582,22.53962863817245,0.977,0.9817,0.9946,0.9947,4.536658860452702,4.510476861827399,3.9505748979260216,4.54401160387261,0.9752,0.9811,0.9967,0.9967,14.987949932734033,15.036838322131883,13.110923443172345,14.983123877437013,0.9555,0.9614,0.9661,0.9658,4.94552147199585,4.86458543883089,4.680305135623806,4.937201480853441,0.9597,0.9679,0.996,0.996,8.55330038513393,8.464090162720279,6.992707195380564,8.57191047599694,0.9841,0.9952,0.9935,0.9936,0.7616037450135619,0.7589325512208739,0.7127451503779569,0.7617185892074911,0.9889,0.9924,0.9962,0.9962,16.92821635243611,16.74778199792403,14.839859026776915,16.94287451191281,0.9859,0.9907,0.9949,0.9949,13.053409867455276,12.997137003502877,11.953779462656325,13.057514164129032
657,0.9743,0.986,0.9813,0.9816,4.67412537439545,4.902362687764676,4.454101080461429,4.699312908066869,0.9875,0.9956,0.9958,0.9964,24.575272957223337,25.1832963626229,22.67102803830626,24.733180118990333,0.9739,0.9859,0.988,0.988,3.671450576384335,3.7409729665083007,3.34752326053481,3.6719276437691577,0.9564,0.9743,0.9732,0.9734,6.832116295205572,6.847274072278438,5.6471577805934725,6.849678649643741,0.9484,0.9541,0.958,0.9575,4.843832585646119,4.7643671185500205,4.581677424715266,4.826563254844487,0.9752,0.9786,0.9852,0.9852,6.269150525707462,6.204549167408096,5.986034509108907,6.275604890492897,0.9861,0.9921,0.9932,0.993,0.7546372012536593,0.7535910162451149,0.698623265273355,0.7538189989321173,0.9633,0.9724,0.988,0.9881,13.311737370937491,13.26483023318844,11.572016221021109,13.3253877509423,0.9652,0.9785,0.9856,0.9856,7.58853360815581,7.558108071086885,6.529350781694303,7.598698694994392
658,0.98,0.9882,0.9852,0.9858,4.90836220560974,4.998717185964013,4.702721285094326,4.911594320924238,0.9754,0.99,0.991,0.9905,25.549988268617064,26.4937367052538,23.63409087336133,25.532695339136843,0.9809,0.9862,0.9928,0.9928,4.153628925534213,4.208144160867881,3.794824427204508,4.151842479989704,0.9781,0.9852,0.9909,0.9909,10.276838196213202,10.280198862540953,9.582412545041144,10.274766044955056,0.9767,0.9898,0.9856,0.9859,5.928200381864429,6.273169225956908,5.523855603822849,5.941287980086184,0.9756,0.9822,0.9864,0.9865,6.547891726038735,6.401499403654328,6.262545435020569,6.573682944338923,0.9652,0.9758,0.9777,0.9771,0.6404007759976147,0.6227411135444083,0.5988898847369497,0.6370676819877237,0.9756,0.9826,0.9997,0.9997,29.655236086369545,29.51606173230444,21.506866956039406,29.68829833179929,0.9786,0.9807,0.9988,0.9988,30.307248372234724,30.199759695970897,20.29916074318753,30.310007332713145
659,0.9917,0.998,0.9951,0.995,5.542139232678531,5.973544351381901,5.303233588186401,5.583387063235103,0.9813,0.988,0.9925,0.9925,23.070361527449982,23.32455045233236,20.87288744288112,23.131272866798152,0.988,0.9895,0.9951,0.9951,4.671133522947648,4.60087042784866,4.420726614408185,4.686519296886154,0.9756,0.9802,0.9844,0.9844,8.58048624475306,8.511347179631874,7.76401850085135,8.596228300095637,0.9866,0.995,0.9899,0.9905,6.435102087631638,7.078292180173934,6.077027677868978,6.461044437041943,0.981,0.99,0.9989,0.9989,11.852109128402368,11.692833525557214,11.370498073719416,11.878119579924462,0.9964,0.9997,0.9997,0.9997,0.9105500679411492,0.8976480286349894,0.7922885365841104,0.9084063584890234,0.9867,0.9914,0.9945,0.9945,16.04558179256023,15.42545033061205,15.326274704064335,16.070187343877524,0.943,0.9454,0.999,0.999,31.986216185595502,31.841100425529927,20.91602335534961,31.99758773619706
660,0.9627,0.9724,0.978,0.9791,4.556021723726671,4.460005121144988,4.166082316718274,4.603084123741851,0.972,0.9751,0.9804,0.9805,20.317507248563523,19.319363585866267,18.978786317226703,20.36607348631987,0.9251,0.9331,0.9579,0.9581,2.766756492238992,2.638707560520411,2.588381981008081,2.773461412016853,0.9719,0.9773,0.9816,0.9816,7.960455167755292,7.954324415101081,7.23694142934147,7.972345075569349,0.9925,0.9952,0.9938,0.9941,7.07538509817796,7.383007974189944,6.667701501312786,7.111735739015226,0.9871,0.9931,0.994,0.9941,7.946760294422659,7.865141751258743,6.658936319540032,7.95877293899726,0.9735,0.9822,0.9818,0.9818,0.6586164241001713,0.6450956679170505,0.6180678752340949,0.6574736330746789,0.9809,0.984,0.9822,0.9828,12.329476989667432,12.065334762832828,11.656212065765796,12.413007973352377,0.9808,0.9828,0.9976,0.9976,20.820169839778117,20.729858092427023,13.792349736143413,20.82164746727609
661,0.9669,0.9715,0.9787,0.9799,4.595071086257077,4.3519875767924425,4.264513851956671,4.627104363724126,0.958,0.9713,0.9859,0.9859,22.41844039629659,22.350138494131112,21.03469205973003,22.57883961267293,0.961,0.9704,0.9768,0.9773,3.2189285043569,3.159762425534498,3.018060296728468,3.237947196007099,0.9775,0.9834,0.9899,0.9899,9.86927313654491,9.872849161458344,8.720693162390438,9.861357461766689,0.9727,0.985,0.9784,0.9777,5.508025255381401,5.835846607905424,5.3074130721202,5.513207989630814,0.9833,0.9864,0.9925,0.9925,7.504770836660209,7.374247544318633,6.912172445233004,7.527077543769486,0.9773,0.9813,0.985,0.9848,0.6728165495408578,0.6507105101371926,0.6389658455270233,0.6733822840821231,0.9872,0.9894,0.9992,0.9992,21.63430859435854,21.45401752733146,17.95439950027236,21.655050701154195,0.9745,0.9773,0.9875,0.9875,8.166850036851358,8.021234848029506,7.938318388893788,8.174860555344305
662,0.9765,0.9824,0.9826,0.9823,4.710408164466436,4.686794808007871,4.520234692548247,4.699926358645342,0.9705,0.9789,0.9768,0.978,19.519795746778257,19.90454373480666,18.687994362813512,19.722866941214743,0.9717,0.9854,0.9945,0.9945,4.41831285158627,4.444037602999379,3.783938159275816,4.417102725652229,0.976,0.982,0.9929,0.9931,11.230208675445205,11.21202051518833,10.313362428900994,11.251837537260467,0.9434,0.9487,0.9559,0.9551,4.673445758918662,4.564504187708038,4.37795728507569,4.66676775125722,0.9887,0.9918,0.9991,0.9991,12.05489279686754,11.936486619826116,8.71497406147673,12.074006930560078,0.969,0.9788,0.9902,0.9902,0.7291811135636229,0.7131889228478931,0.6665071480292617,0.72976663319435,0.9917,0.9927,0.9968,0.9968,17.66184617368221,17.58254636717287,16.844432178945997,17.69988692268252,0.9868,0.9874,0.9954,0.9954,13.270167152861758,13.170703634290934,12.88176979058245,13.296887831303962
663,0.9239,0.9286,0.95,0.9507,3.884406721444474,3.586368479151366,3.5357464122224087,3.8916576600241375,0.9632,0.9711,0.9799,0.9804,20.089744075091826,19.70090256216626,18.61807062879005,20.234332744108517,0.9564,0.9624,0.9946,0.9946,4.470869728091795,4.455295107773836,3.6912129016300175,4.465806115317018,0.9791,0.9849,0.9895,0.9895,9.673173877869996,9.647827840648716,8.421198780286067,9.666523731981366,0.9849,0.9892,0.9872,0.9878,6.207447074367849,6.335147217285905,6.094071951141409,6.221636134161915,0.9533,0.9672,0.9761,0.9761,5.407260648989731,5.32878636498912,4.8203336980940845,5.416486537770937,0.9867,0.9892,0.9911,0.9911,0.7487076706807658,0.7080232743761765,0.7020990752922467,0.7477287094020738,0.983,0.9867,0.9965,0.9965,17.34186660710496,17.24059009743832,16.008245077703133,17.377578067376515,0.9911,0.9926,0.9969,0.9969,17.398376325714743,17.273313630468348,13.32224094597448,17.418715683072087
664,0.9839,0.9918,0.9879,0.9886,4.988947161690295,5.207662117485841,4.843368269138477,5.002344945100376,0.976,0.9771,0.9942,0.9937,25.59077356266936,25.48062701892997,24.03456623835784,25.95375786434804,0.9895,0.9924,0.9995,0.9995,6.802604038497172,6.814609923742374,5.913979146650116,6.787268339589145,0.987,0.9901,0.9986,0.9986,17.740173988019986,17.682457184039443,15.727587166278315,17.74841557709946,0.965,0.9699,0.975,0.9756,6.00908216411301,6.188959678822309,5.600936067818682,6.00786016621386,0.9692,0.9878,0.9989,0.9989,11.80843871560108,11.692771299645182,10.692839448317503,11.819796278338526,0.9471,0.9503,0.9822,0.9821,0.6549184501729586,0.6194546454801311,0.6169289834935132,0.654916021530595,0.9633,0.9849,0.9998,0.9998,32.21533171254163,32.27168495514869,22.562496857917,32.18919615463954,0.9586,0.9722,0.9726,0.9726,5.215659766453204,5.181170974401303,4.306906716105041,5.220049649975692
665,0.9886,0.9945,0.9911,0.9912,5.156163414676671,5.387247820601094,4.999729566947044,5.148827523005803,0.9891,0.9896,0.991,0.9911,22.970378412374963,22.005278065999445,21.88358142475645,22.89060770445965,0.973,0.9847,0.9892,0.9892,3.870218631467667,3.88624232768488,3.5565754322701446,3.870407147330863,0.9625,0.9659,0.9707,0.9709,6.630292404142517,6.523439012558794,6.143829046533948,6.644715779843557,0.9814,0.9859,0.9847,0.9849,6.181720017747871,6.4846706274680965,5.95203769461321,6.190845646211189,0.9838,0.9898,0.9911,0.9911,7.199544573272148,7.102270863132966,6.280627558606717,7.216633511783431,0.99,0.9945,0.9994,0.9993,0.8908176741947826,0.878660751499597,0.7619820336565424,0.8872024805747073,0.9756,0.9815,0.9938,0.994,15.389995171326753,15.172345421025929,14.75639010601354,15.475253141564504,0.9333,0.9438,0.994,0.9941,12.32469479379492,12.25806835898419,10.99490970228551,12.339701155343374
666,0.9697,0.9772,0.9751,0.9749,4.532656202927618,4.58563039446088,4.360579057620697,4.511123740228471,0.9927,0.9943,0.9966,0.9966,24.8768115997851,24.049431484342083,23.613828947136945,24.860622982034748,0.9256,0.938,0.9351,0.9368,2.5161000578343105,2.493079915168538,2.367486105584075,2.529854969825609,0.9642,0.9774,0.9798,0.9798,7.601576180288884,7.66519935213771,6.726775086428938,7.6150769066011375,0.9899,0.9919,0.9907,0.9906,6.370209023637804,6.60609014018026,6.248833964871785,6.390117525830272,0.9731,0.9805,0.9907,0.9907,7.142903842738439,7.026940461169007,6.079923818592254,7.155791050684663,0.9594,0.9787,0.9911,0.9911,0.733773181438286,0.7235530959821215,0.6759011739814116,0.7318601241101629,0.9492,0.9581,0.961,0.9615,10.039335401150591,9.592833334957708,9.42766190047134,10.068633043415668,0.9948,0.9975,0.9988,0.9988,30.344000316773183,30.208221125256717,19.38016339861109,30.35141297400961
667,0.9759,0.9769,0.9804,0.9805,4.644953874023804,4.5256993581757765,4.494168530565657,4.650287396835892,0.9743,0.9763,0.9786,0.9789,19.96166279925733,19.389141769627845,19.0605676975342,19.95972354622611,0.982,0.9912,0.9973,0.9973,5.217295521286118,5.2603003141006734,4.940222238804879,5.212893690199831,0.9707,0.9731,0.9928,0.9928,11.1249273358481,11.07984091866808,10.706698272526522,11.126020317783468,0.9903,0.994,0.9916,0.9917,6.499103390038975,6.926189613377638,6.314640367257633,6.53758268204263,0.9592,0.9689,0.9807,0.9807,5.838750555866136,5.7677061418812885,5.200840259202417,5.851700588406289,0.9752,0.9775,0.9848,0.9846,0.6762709926910722,0.6399998783252182,0.6381188270463689,0.6752020813146098,0.9887,0.9929,0.9913,0.9913,14.476847857815525,14.39014739390935,13.253609418869669,14.472753433451,0.9886,0.9923,0.9988,0.9988,30.27727892566725,30.205133945441546,19.70675265672974,30.27383272767964
668,0.9748,0.981,0.9833,0.9831,4.76734842294431,4.731183427498975,4.467220717763588,4.741235547935744,0.961,0.9693,0.9692,0.9694,18.527026216458005,18.834936496702767,17.629077271780186,18.53046689063269,0.9973,0.998,0.9998,0.9998,8.098467328316788,8.087515019378788,6.580140495151181,8.086379855455037,0.9688,0.9753,0.9857,0.9857,8.755491578645948,8.706889942417037,7.524337077468416,8.757995012958038,0.9677,0.9796,0.975,0.975,5.382408871606955,5.637462375235852,5.146379033515637,5.431721056644037,0.9768,0.9793,0.9852,0.9852,6.2940054711584,6.199022938588229,6.031059715152381,6.305340148092872,0.9735,0.9878,0.9867,0.9867,0.6931934135894338,0.6811995264079242,0.6388183441774298,0.6917420474076412,0.9459,0.9538,0.9734,0.974,11.07323861031798,10.926530284460924,10.371817634538267,11.0981383554204,0.9942,0.996,0.9998,0.9998,58.90109959698839,58.65602425252896,39.95820626227976,58.92809981604357
669,0.9914,0.9956,0.9943,0.9942,5.4235098607279735,5.507370546671204,5.225592933235298,5.419494797669049,0.964,0.9709,0.9729,0.973,18.92590113061853,18.67070346633377,18.058602204462535,18.86779569970613,0.9565,0.9622,0.988,0.988,3.684272881480582,3.626158071675676,3.5122965250628027,3.7052527810611946,0.9695,0.9707,0.9987,0.9987,18.023800213821467,17.92794851983625,17.399592003039217,18.032269850973837,0.9753,0.98,0.9775,0.9779,5.413889965798333,5.4923821018275305,5.317232676162824,5.421201788862974,0.9669,0.9715,0.9799,0.9802,5.790889991329437,5.673825896280273,5.5561584274501135,5.808243840026611,0.982,0.9946,0.9972,0.9971,0.8172562962590817,0.812288919020519,0.7017049355152731,0.8165350711807456,0.9817,0.9849,0.9865,0.9868,13.096001712676753,12.914148271100556,12.291603114811124,13.135110791678596,0.9797,0.9901,0.9934,0.9934,11.351298068290609,11.30679562088257,8.263969372552317,11.354965704625572
670,0.9387,0.9529,0.9585,0.9598,4.126215360511644,4.103507609202014,3.826327856874851,4.132507530659813,0.9781,0.9844,0.9869,0.9872,21.415301728919932,21.20605462520729,20.077215788588862,21.49907917870293,0.9745,0.98,0.9945,0.9945,4.395739397518168,4.389538450566006,3.738507517623436,4.410529890571232,0.9538,0.9563,0.9715,0.9717,6.571848686242636,6.458738329820066,6.320973940687324,6.598320121046954,0.9902,0.9946,0.9928,0.9922,6.639682053598529,6.866760282061163,6.287546582624604,6.588643103211702,0.9641,0.9834,0.989,0.989,6.739212768471944,6.642888698480045,5.956295747783964,6.752216468709326,0.9703,0.9737,0.9847,0.9845,0.6826300636891366,0.6343612381182399,0.6323624938343202,0.6795887887100738,0.9845,0.9902,0.9949,0.9949,15.893863905093598,15.86579406169101,15.103069334427136,15.891832556969264,0.9762,0.992,0.9998,0.9998,58.82797954791048,58.65378864478582,36.881462820656985,58.849745616745686
671,0.9596,0.9651,0.9724,0.9723,4.4356828988799055,4.279455998003279,4.1941528246563164,4.439117550245376,0.9717,0.9749,0.9759,0.976,19.697198984873207,19.14365661270695,18.73482458174045,19.561003469625824,0.983,0.9877,0.9962,0.9962,4.925284951599331,4.897655709732286,4.396932279781973,4.93820430443554,0.9667,0.9733,0.9953,0.9953,12.923529509462735,12.921208467379676,9.75901253029036,12.918043204433705,0.9861,0.9939,0.9892,0.9904,6.313820687571752,6.789135868064706,5.937949150864232,6.364908000671708,0.969,0.9787,0.9896,0.9899,6.917863231183465,6.8349655607398905,6.363707643511798,6.929857040111791,0.9534,0.9683,0.9953,0.9953,0.7705423652990615,0.7699248317749331,0.6875007845267892,0.7701523368859965,0.9662,0.9677,0.9994,0.9994,22.267707886595552,22.07827691796644,19.37146059999897,22.28239291573916,0.9456,0.9538,0.9934,0.9934,11.341644518017382,11.289020143490308,7.866112203727473,11.344545896525698
672,0.9781,0.9807,0.9807,0.9812,4.651475198064582,4.647907883665416,4.568161542878683,4.659336453686833,0.9671,0.9798,0.9831,0.9836,21.057904956844254,21.432351151364934,19.048923541102923,21.106781310708342,0.9632,0.9752,0.985,0.9851,3.566730091686582,3.567924272345049,3.227597136795429,3.568792094738817,0.984,0.9859,0.9909,0.9909,10.239736131817777,10.24440023456723,9.868733982889037,10.243448079470935,0.9744,0.9803,0.9809,0.9801,6.128545959992792,6.306923329056545,5.457842050897385,6.132427899809123,0.9329,0.9474,0.957,0.9572,4.30370195161411,4.254629169101883,3.908984862706254,4.312556439830881,0.988,0.9972,0.9968,0.9968,0.8120589985896431,0.8034069892506004,0.757485579065152,0.8123958118804864,0.9929,0.9942,0.9998,0.9998,32.12068703739624,31.89607603744265,21.058581257203656,32.19117267079847,0.9669,0.9844,0.9977,0.9977,21.332960783877876,21.24245595588316,17.547960308080906,21.332035990559824
673,0.9465,0.9517,0.9666,0.9652,4.453864610918511,4.353912399085358,4.156901431615236,4.425641258103275,0.9863,0.9946,0.9936,0.9934,23.541398400362358,24.09179948760204,22.13634142607994,23.54010606879997,0.9597,0.9735,0.9672,0.9678,3.0455768154027067,3.033067681818965,2.8068646310561416,3.0504927789733958,0.9894,0.9929,0.9953,0.9953,13.008316984588484,12.999588069322929,11.267327165175075,13.016090637688023,0.9854,0.9914,0.9899,0.9894,8.050576996205068,8.421993047147343,7.031775693015819,8.073477333182835,0.9647,0.9723,0.9719,0.9721,5.130732009163168,5.070297285316904,4.831243017175382,5.138358955371696,0.9656,0.9857,0.99,0.99,0.7115746959688993,0.7072365574831813,0.6404199143287155,0.7096746910588942,0.937,0.9534,0.9688,0.9696,10.697613572673992,10.444530773786587,10.01352300177693,10.75616357561644,0.9732,0.9815,0.9833,0.9833,6.852386354426666,6.796937624273182,5.596275554136499,6.847152949266378
674,0.9912,0.9943,0.9922,0.9927,5.191810807319088,5.328010703949202,5.113895654976782,5.203208722917919,0.9858,0.9935,0.9937,0.9939,23.581971188188007,23.63613124982896,22.02653077942144,23.73672491580623,0.989,0.9951,0.9951,0.9951,4.587678418357127,4.629538931359195,4.222014636164035,4.587095806793174,0.9545,0.9637,0.9862,0.9863,8.839916345613423,8.81951672611954,7.74979176600976,8.844925895207476,0.9747,0.9781,0.9788,0.9783,5.52544200614275,5.556479405574219,5.301446651093207,5.503117941863915,0.9667,0.9812,0.9926,0.9926,7.489621019363872,7.412216455357818,7.16851440951643,7.506897065266008,0.9712,0.9779,0.9904,0.9903,0.7233951552794211,0.712984719969181,0.665984550565949,0.7226215470675892,0.9534,0.9557,0.9865,0.9865,12.937749134402642,12.42609597812209,12.301823155539996,12.948783518234174,0.9682,0.9828,0.9841,0.9841,7.009958839976292,7.0044280181728285,5.517717064873305,7.00977359987769
675,0.9858,0.9926,0.9893,0.9897,5.040212951363238,5.298606264260089,4.828272722507686,5.096733175747895,0.9453,0.9504,0.9586,0.9598,17.336831725205844,16.63129907117091,16.322834861926513,17.40046998295033,0.9667,0.9755,0.9786,0.9795,3.296148220693479,3.2523554536420187,3.1067997667149494,3.313904721336738,0.9827,0.9862,0.9999,0.9999,39.29376003623041,39.1632839356649,29.098243300990347,39.30448106011695,0.9856,0.993,0.9898,0.9903,6.249423066440917,6.642762588285743,5.835238109768774,6.264469819697369,0.9612,0.9649,0.9642,0.9645,4.698568216303105,4.58714899963845,4.461539766975129,4.725484900000644,0.9667,0.971,0.9835,0.9833,0.6665845916019094,0.6358585379956493,0.6262890363203296,0.6644176402339544,0.9554,0.968,0.9798,0.9804,12.014894729733964,11.853728520066404,10.639622393412829,12.057438446210243,0.9925,0.9947,0.9996,0.9996,52.55295853009745,52.32513531026533,30.156056261890843,52.56001202623719
676,0.9868,0.9902,0.9923,0.9925,5.551770317135212,5.41306019955686,5.300374988027815,5.552192596489331,0.9609,0.9737,0.9827,0.982,21.68020626685373,21.257175841871263,20.753703420400548,21.65917807631437,0.9449,0.9556,0.9882,0.9882,3.78259665106587,3.791235038119996,3.476024114749733,3.785100143205229,0.9835,0.9948,0.9942,0.9942,12.174269285048728,12.22086306485592,8.973966314531731,12.16070750555341,0.9871,0.9941,0.9916,0.9913,6.48331242977811,6.821968653753608,5.956531836753724,6.444145531082519,0.9683,0.9821,0.9824,0.9824,5.964726099222351,5.89183015331645,5.743186535341771,5.975146112835792,0.9814,0.9828,0.9967,0.9967,0.8028871825291701,0.7857032317823613,0.7586808462426733,0.8026053873992993,0.959,0.9701,0.9709,0.9713,11.005075586574224,10.84750614899829,10.133339119112344,11.0179965387182,0.9897,0.9915,0.9949,0.995,13.07062562771268,12.997662774961324,11.955832258028364,13.084212429596462
677,0.9523,0.9729,0.9663,0.9667,4.226984771820208,4.390936082299865,3.995344117754052,4.235301952265628,0.9939,0.9966,0.9981,0.998,26.871560592189542,27.508980214859903,24.04289381608001,26.78881097821617,0.9502,0.955,0.9782,0.9788,3.190047020851887,3.1789147680594025,3.014346541000928,3.20857304154533,0.9684,0.9715,0.9876,0.9876,9.07494778434354,9.073110109033376,8.615047233014744,9.067643091099283,0.9865,0.9908,0.9883,0.9881,6.114388063484073,6.347286513621589,5.95280589466488,6.1011473204086375,0.9869,0.9902,0.9943,0.9943,8.063807095845489,7.958005035404945,7.455781541627689,8.079461088627186,0.9831,0.9882,0.9905,0.9905,0.7380110877795051,0.7066982758557168,0.6934472757855429,0.7373502543748345,0.9827,0.9892,0.9981,0.9981,19.083904778509527,19.02580182558096,15.130630126339234,19.116936218992613,0.9954,0.9974,0.9985,0.9985,25.182167610312806,25.0684789731831,17.589206042990213,25.18489447616132
678,0.9756,0.9869,0.9838,0.9828,4.8223918092871845,4.960813214200951,4.4936913839122,4.783597695370656,0.9436,0.9502,0.963,0.963,18.232631355461454,16.65557346333852,16.159597151824595,18.191064082952654,0.9731,0.9827,0.9999,0.9999,9.311593387583075,9.346604561739628,6.181155652650366,9.294115644472056,0.9895,0.9919,0.9929,0.9929,11.272285928780596,11.26502642290651,10.810097030318689,11.279000556640897,0.9909,0.9955,0.9928,0.9928,6.594196720552116,7.082485388075234,6.353634079554942,6.618320537137912,0.9871,0.9973,0.9984,0.9985,11.099781859771069,11.008937056960685,8.309356626000499,11.112832332434522,0.983,0.9836,0.9894,0.9894,0.7097743231430327,0.6759799881491843,0.6726136335947216,0.7093794957340422,0.9689,0.9828,0.9871,0.9873,13.270746721514843,13.156665867568377,11.388032214236976,13.3173877128874,0.9319,0.9388,0.9854,0.9855,7.524029051456218,7.498158436169216,6.309845810938247,7.523622863703447
679,0.9675,0.9726,0.9748,0.9751,4.533040040470034,4.5205674545734,4.34977987968877,4.537226269029301,0.9829,0.9881,0.9947,0.9942,24.528188218443525,24.973847945125364,22.918220195422244,24.612957335484115,0.9856,0.9906,0.9947,0.9947,4.5259125986658,4.554970137944063,4.313579387632924,4.535324169019216,0.9752,0.9823,0.9827,0.9827,8.137002131507966,8.2064502619178,7.652832911935955,8.132128580071676,0.9811,0.9859,0.9871,0.9868,6.169557314260389,6.330087228630481,5.8232676164192165,6.155688896416483,0.9656,0.9745,0.996,0.996,8.541087472104945,8.46448855181314,7.346326487744271,8.550353626631463,0.9821,0.9947,0.999,0.999,0.8637870854347571,0.8615728843201332,0.7560518522046757,0.8623553224665609,0.9648,0.9717,0.9933,0.9934,15.275963033775346,15.113659589746696,13.628717012487538,15.28107440172452,0.9802,0.9903,0.9983,0.9983,22.85601421776247,22.76148223178494,18.07079752680509,22.86704039998676
680,0.9853,0.9965,0.9931,0.9937,5.499086339383778,5.960604081299975,5.113925433796389,5.516357785464458,0.9916,0.994,0.9936,0.9936,23.418889588692323,23.69518337718275,22.610227800978635,23.462150858066625,0.9778,0.9801,0.9846,0.9848,3.566153638259705,3.4828636690432857,3.3806172698483405,3.5775857353823306,0.9655,0.9734,0.9761,0.9763,7.149461229397803,7.130969901759587,6.322188536019551,7.141863178349748,0.9858,0.9879,0.9884,0.9891,6.471943444407938,6.475399327918236,6.360788830154451,6.487939523077198,0.9326,0.9385,0.9799,0.9801,5.800829240170069,5.602506732292376,5.552808377497391,5.808263148391764,0.9935,0.9969,0.9998,0.9998,0.932223746104606,0.921545281130172,0.8237764536208905,0.9304638778266826,0.9796,0.9841,0.9884,0.9884,13.525654335169346,13.43890222879849,12.64955485968991,13.533569882240226,0.9753,0.9771,0.9898,0.9899,9.436111087111543,9.368235089643694,9.183488084647191,9.439740009603424
681,0.9691,0.9735,0.9778,0.9781,4.553980100974632,4.45306464015578,4.350023001206792,4.554334146524877,0.9668,0.969,0.9784,0.9784,19.8245501879106,18.912213026388876,18.646864040525926,19.88082556594578,0.9382,0.9545,0.9772,0.978,3.169501136264742,3.156479720206221,3.0120778280858107,3.1970794553020307,0.988,0.9935,0.9986,0.9986,17.733045255235226,17.700515812754265,16.255420574399455,17.737726661802125,0.9824,0.9869,0.9848,0.9847,6.120094813770016,6.306414391951188,6.0108821286283165,6.134343010873438,0.9614,0.9714,0.9911,0.9911,7.156762426880615,7.099683470710566,6.808475135234355,7.159961672553197,0.9659,0.9737,0.9799,0.9797,0.6598261187874905,0.6203248756532004,0.6052649301755222,0.6594972993137624,0.9749,0.9883,0.995,0.9951,16.050389073761604,15.907068450920278,13.261716054324545,16.09810882433357,0.9538,0.9573,0.9795,0.9795,6.229533984221062,6.152290836932175,5.748553552760309,6.241168701793836
682,0.9782,0.986,0.9847,0.9846,4.84218530231219,5.005895316203194,4.573661325399441,4.8742279604355705,0.9756,0.9798,0.9947,0.9945,24.63829830548201,24.60003485346865,22.4991222565677,24.7227455179128,0.9736,0.9756,0.9832,0.9834,3.528094699189403,3.34943598019702,3.303919055428052,3.53529226684974,0.9716,0.9747,0.9921,0.9921,10.58611267562102,10.570152102042623,9.424988533532789,10.580245108931107,0.9926,0.9956,0.9935,0.9935,6.981622088142329,7.316103804575707,6.707031226544443,6.986476550488474,0.991,0.9943,0.9978,0.9978,9.66533115331458,9.589709645485764,8.28659696008492,9.672776611016468,0.9889,0.9936,0.9929,0.9929,0.7421415175747564,0.7462428934725016,0.7044780995627522,0.7418934147176256,0.9518,0.9703,0.9746,0.9748,11.35574211582735,10.724995944008928,10.515016842741202,11.381633770831437,0.9796,0.9843,0.991,0.991,9.638191757418513,9.580163120716634,8.25631776150817,9.648209475004071
683,0.9813,0.9891,0.9904,0.991,5.050301700912341,5.091744243833581,4.673843507787356,5.080295656754011,0.9868,0.9935,0.997,0.9965,34.294533468887046,35.1321901438958,29.02824371215305,34.338277588263566,0.9871,0.9957,0.9973,0.9973,5.246920277654372,5.2656878433557655,4.290208576868545,5.245092262291052,0.9818,0.9865,0.9889,0.9889,9.4889714413837,9.481352898013109,9.07057342137104,9.49234525369413,0.9586,0.9678,0.9625,0.9626,5.15772333427865,5.474442068539631,4.892623680963364,5.183195476266578,0.9824,0.9881,0.9986,0.9986,11.1684735290499,11.053107484651555,8.318043776130832,11.179522634690288,0.9812,0.9877,0.9973,0.9973,0.8169679338816729,0.8132884629056316,0.7125891853591435,0.8150339958302517,0.9529,0.9598,0.97,0.97,10.846888511359174,10.128592320347757,10.10489622494335,10.87067722140994,0.9879,0.9962,0.9963,0.9963,15.429774800000365,15.366538032742056,13.859201658355584,15.435852978741048
684,0.9912,0.9962,0.9955,0.9946,5.47403322016072,5.712990768477575,5.119935674008175,5.411854891126217,0.9613,0.9621,0.9799,0.9802,20.115561728637644,18.609807004296904,18.5785957128997,20.179725519903727,0.957,0.967,0.9767,0.9768,3.146171735523569,3.1146804065821727,3.009765549841376,3.157647666258557,0.9395,0.9478,0.9588,0.9588,5.607428953594071,5.59414199115503,5.286984110343674,5.615274281776913,0.9623,0.979,0.9725,0.973,5.215396375860488,5.561867964674008,4.834378475295162,5.22777533730355,0.9552,0.96,0.9806,0.9807,5.93554193985618,5.784729552625346,5.60395688452597,5.9580336410720784,0.9925,0.9946,0.999,0.999,0.8745978508526563,0.8650410657107115,0.8173696579031424,0.8719875787676437,0.9908,0.9956,0.9949,0.995,15.956475731543724,15.881928349392522,14.035474651893624,15.966606242507986,0.9665,0.9693,0.9725,0.9725,5.18046150518446,5.144567918798115,4.796239194861514,5.180437543923054
685,0.976,0.9787,0.9885,0.9882,4.965664687592984,4.586935986535899,4.504814254583112,4.95581954845904,0.9896,0.9966,0.9941,0.9941,23.991341183984325,24.86271417766943,21.97966836682889,23.996579716690643,0.966,0.9704,0.9813,0.9813,3.3969509852378126,3.2980648680981464,3.17837562663292,3.39893998474086,0.9806,0.9838,0.9953,0.9953,12.881358385439476,12.840315265305936,11.220461821896915,12.873597137198455,0.9423,0.9592,0.9569,0.9579,5.167861294908273,5.2010841590364,4.958839212468458,5.169126667186022,0.9841,0.9851,0.9866,0.9866,6.526990383378517,6.339591589877237,6.335048005362672,6.531945724796456,0.9915,0.9953,0.9979,0.9978,0.8462992105468393,0.8116602280107892,0.7864422534144715,0.8426741967174607,0.9877,0.9919,0.9955,0.9955,16.273374299928875,15.82537353802425,15.777874038776991,16.285927414431992,0.9902,0.9967,0.9969,0.9969,17.430842579757787,17.336005777021434,13.628292349036345,17.441587945169324
686,0.9637,0.9676,0.9709,0.9711,4.412314488586679,4.320472893989402,4.219025066874,4.417637252158951,0.9387,0.9531,0.9625,0.9635,17.74498836512547,17.587303485516646,16.195178562486916,17.812714331645005,0.9717,0.9851,0.9911,0.9911,4.032084276232717,4.06454069252893,3.672618795859106,4.037487210954878,0.9675,0.9759,0.994,0.994,12.087694112655184,12.06287349118137,10.716956879606162,12.068463338985753,0.9832,0.9876,0.9869,0.9873,5.930502768622146,6.041620970917512,5.669561674131037,5.949629141376477,0.9631,0.9733,0.977,0.9772,5.509483267603686,5.4254759948260425,5.101673677942207,5.524989142392972,0.9813,0.9853,0.9864,0.9859,0.688728439634076,0.6585529586500445,0.6445853153800312,0.6861239373530803,0.9633,0.9711,0.972,0.9722,10.978630864172567,10.48520271351276,10.42084323064554,10.988487846735506,0.9826,0.9938,0.9948,0.9948,12.889616358392171,12.83711297834996,12.544319514794358,12.889670277831076
687,0.9581,0.9618,0.9735,0.9744,4.54390084856232,4.3414237830497004,4.265617705676968,4.550168316715864,0.9819,0.9866,0.9955,0.9947,24.71251138271968,24.935367546324624,22.0523765709641,24.86360215839333,0.9822,0.9927,0.9927,0.9927,4.239384751877003,4.253248934841711,3.6434762204209448,4.237691675804656,0.9916,0.9975,0.9983,0.9984,17.206238906684558,17.25391303443563,16.585953229734482,17.210070228787213,0.9391,0.9453,0.9625,0.9617,5.682548529161472,5.662546988937454,4.839615209891161,5.678808011287234,0.9912,0.9944,0.9992,0.9992,12.291375852203322,12.169799215698006,9.002599205631,12.307357225398372,0.9869,0.9924,0.9962,0.9962,0.8026736319085326,0.7669333895980178,0.7590949534577047,0.8026355545342359,0.9762,0.9901,0.9941,0.9941,15.647658493074212,15.592022047243118,13.737087827953555,15.645838655809078,0.9524,0.9588,0.9772,0.9772,5.758057525508925,5.722049866033454,5.260097724304959,5.760579387110851
688,0.9823,0.9842,0.9835,0.9836,4.875886825532127,4.934937914055468,4.799480949344053,4.888678025298615,0.9645,0.9722,0.985,0.9841,28.13074786059105,28.480216293806123,24.962356157917466,28.078910349944387,0.9757,0.9828,0.9894,0.9899,3.929237116716112,3.8739209433396513,3.692137416498442,3.9632655852534926,0.9611,0.9794,0.9944,0.9944,12.20223910982364,12.17335919505684,9.371647410795486,12.222665513413649,0.9617,0.9688,0.964,0.9638,4.999982710726347,5.107517753087596,4.923172775035084,5.005381854577456,0.9841,0.9959,0.9998,0.9998,13.773081425628076,13.700055249615614,10.237199460003716,13.775352150539105,0.9845,0.9973,0.9968,0.9968,0.8076679438682486,0.8048785731970538,0.7365557761169912,0.8080075501557559,0.9761,0.982,0.9945,0.9945,15.970153621878644,15.572138153433883,15.21156568150538,16.029874948339856,0.9666,0.9727,0.9899,0.9899,9.41290975221644,9.366387915509987,7.238109013226121,9.41886350626644
689,0.982,0.9925,0.9894,0.988,5.072506108717289,5.285243831184022,4.7718933059752136,5.049458400475867,0.9842,0.9893,0.991,0.9912,22.40520415857689,22.229383765516825,21.51304057636872,22.452387270330146,0.9836,0.9863,0.9956,0.9956,4.75383926402437,4.767560848896258,4.28098716442704,4.754857406786952,0.9719,0.9776,0.9785,0.9788,7.413466147484909,7.388063890363119,7.218644544626509,7.440639934884075,0.9799,0.9812,0.9832,0.9835,5.69567436240742,5.652794490910216,5.53574043186588,5.695575595317676,0.9822,0.9911,0.9954,0.9954,8.198577580539622,8.131765055573444,7.239915688675029,8.207009696544958,0.9867,0.9883,0.9929,0.9929,0.7566742355103808,0.7252009442618362,0.7176706139448432,0.7559768317044662,0.9766,0.9861,0.988,0.988,13.345859162029802,13.30979873412069,12.027833175806462,13.339400535098438,0.9641,0.9687,0.9777,0.9777,5.8815137441407295,5.829041224882858,5.205708631024704,5.886762352633469
690,0.9832,0.9878,0.9887,0.988,4.966022844606279,4.9186748499035176,4.733915512517108,4.943555352828926,0.9831,0.9927,0.9967,0.9959,26.442841264060824,26.881516618954425,22.4760308131803,26.407542635462143,0.9767,0.9843,0.9918,0.9918,4.142178044270602,4.117409929872413,3.674396781419882,4.138601174119909,0.984,0.9925,0.9994,0.9994,21.938829760923237,21.89012347785749,14.418263738232447,21.94130863182089,0.9691,0.9863,0.9791,0.98,5.916377089470942,6.448798981959495,5.202125095720993,5.963027208016333,0.9548,0.9618,0.9617,0.9619,4.552626072978313,4.485177820335735,4.18813512229308,4.562545741919721,0.9846,0.991,0.9998,0.9998,0.9299449017646229,0.9199525309215564,0.8181418667425393,0.9276435672686948,0.9951,0.9986,0.9988,0.9988,20.604667598944488,20.451514576613537,19.149199367733,20.61317718415274,0.9783,0.9874,0.9876,0.9876,8.136015815634819,8.108781734423456,6.103688450918996,8.137934288333868
691,0.962,0.9683,0.976,0.9751,4.93206889592072,5.032799327406035,4.593518054845129,4.94635960942668,0.9909,0.9926,0.9941,0.9943,24.066752596869385,23.48841183600237,22.83567835009868,24.084698347920025,0.9845,0.9884,0.9973,0.9973,5.210338569344081,5.207278245828276,4.897326471526444,5.214637249811848,0.9704,0.9819,0.9955,0.9955,13.20846033244102,13.198358140342052,12.81253044061322,13.20964579197552,0.9663,0.97,0.9759,0.9763,6.6533885296131245,6.853464188459798,5.885227208813548,6.638958327294954,0.9625,0.9819,0.9806,0.9806,5.8675660960303135,5.785363810186334,5.472719925091397,5.878384042192892,0.988,0.9955,0.9953,0.9953,0.7875608348778563,0.7525296440047926,0.7489224223488457,0.7888221573795887,0.9862,0.9899,0.9956,0.9959,16.506408179034874,16.246977710367,15.738221686811965,16.580625181906882,0.9923,0.9955,0.9979,0.9979,21.702800305618403,21.61656336031519,17.028212852309295,21.70125441379843
692,0.9886,0.995,0.9918,0.9917,5.499552832842438,5.866507968309397,5.1821302739514365,5.519297549510355,0.9716,0.9843,0.9805,0.9817,20.37887655349044,20.78618941608785,18.93793726291083,20.541798233434942,0.9878,0.9894,0.9946,0.9947,4.490730465767922,4.465816399890458,4.332157790788201,4.517325332453822,0.9839,0.9914,0.9944,0.9944,12.194922968832124,12.223780028132644,9.787724482882872,12.191587906708843,0.9749,0.9806,0.9787,0.9795,5.520131058944156,5.690449610443332,5.306460597107703,5.508026697903839,0.9755,0.9782,0.9899,0.99,6.919216286680269,6.837348310937172,6.650633836220213,6.936832825502758,0.9858,0.9919,0.999,0.999,0.8684626048129072,0.8620327215086749,0.7379171945553671,0.8678880109874558,0.9794,0.9893,0.9912,0.9912,14.440060751450224,14.350103251247118,12.345178322748133,14.464882996757671,0.9772,0.9851,0.9911,0.9911,9.675422796660488,9.630792224233131,8.75602125449934,9.675655693866709
693,0.9886,0.9952,0.9906,0.9904,5.153924699198865,5.426613685109944,4.9876690690933705,5.157568633320075,0.9885,0.9959,0.997,0.9969,25.26738200316953,25.669392913478745,22.82121368714395,25.22437597949072,0.9856,0.9951,0.9961,0.9961,4.851579274612553,4.900551702502579,4.395558766244376,4.858307365775987,0.9731,0.9792,0.9826,0.9826,8.20286438756564,8.182805902656142,7.73493811244767,8.206823898626686,0.9907,0.9953,0.9923,0.993,6.527497454867019,7.017881679207576,6.370363426277374,6.628281141404251,0.9797,0.9864,0.9945,0.9945,8.091786197826801,7.986706422512363,7.380663791273113,8.103482607462224,0.9834,0.985,0.9879,0.9877,0.7058052262335889,0.6627668572945971,0.65939167867807,0.7044284106582029,0.9906,0.9969,0.9994,0.9994,22.172029538253117,22.09193712064769,19.542037949183307,22.22233556004528,0.9749,0.9911,0.9912,0.9912,9.75283982549788,9.703167308764383,8.053527178175134,9.763680028874967
694,0.9748,0.9832,0.9825,0.9829,4.885869127690205,5.056052978132824,4.639150377833821,4.939770557975182,0.9616,0.9654,0.9693,0.9697,18.499226435422784,17.9385667769751,17.659926713879138,18.568375569940287,0.9714,0.9745,0.9749,0.9751,3.2129117217461918,3.07086511165362,3.0111579738231065,3.222973125773983,0.9786,0.9884,0.9921,0.9921,10.76824985322351,10.770955492624894,9.040953582716886,10.775761987450576,0.945,0.9613,0.9604,0.9591,4.7841972888333935,4.791376507088216,4.395580257340404,4.758546575082658,0.9506,0.9856,0.9862,0.9864,6.455343745527098,6.352583901457073,6.24332295194076,6.481575322376033,0.96,0.9676,0.9986,0.9985,0.8445724406886991,0.8362052175123248,0.7517929812452643,0.8434010959059712,0.9534,0.9636,0.9726,0.9732,11.065844221678937,10.93869400113386,10.26588633628772,11.123686953831214,0.9632,0.9718,0.9958,0.9958,13.940080640913616,13.86256475623086,10.973705606878251,13.944642379317948
695,0.9799,0.9845,0.9881,0.9884,4.939110257086574,4.754821554710882,4.618692652223029,4.941367207575718,0.9852,0.988,0.9944,0.9941,25.820870157777296,26.35152462328464,24.029960145772893,25.84041684507542,0.9818,0.9851,0.9902,0.9904,4.004714681318522,3.954242751420458,3.775040638496564,4.030928586639364,0.987,0.9958,0.9992,0.9992,20.57791771705267,20.581718173585354,16.577207125920697,20.58453740290296,0.987,0.9927,0.9888,0.9903,6.371337485246382,6.78608886229742,6.240820814285486,6.454746372557137,0.9631,0.965,0.9986,0.9986,11.113900290845123,11.013519609904622,8.826305726638122,11.133313674802377,0.9857,0.9918,0.9937,0.9937,0.7682832261253105,0.7324614346184353,0.7269127040396945,0.7655705293600397,0.9719,0.9753,0.9907,0.9907,14.371967987030748,14.234766780999571,13.152783784264663,14.392164808649046,0.9501,0.9627,0.9987,0.9987,25.410509174594004,25.29890558668245,19.69526599571566,25.41455552911735
696,0.9357,0.9431,0.9641,0.9637,4.17962081018053,3.776607577803017,3.6671886999527032,4.1864364606964735,0.9849,0.991,0.9937,0.9941,23.92958465422649,24.039630158188167,22.703871809440088,24.054631756573244,0.9896,0.9959,0.9991,0.9991,6.462416960541675,6.459627029745022,4.867245942440894,6.460973295205684,0.9634,0.9665,0.9986,0.9986,17.69124089982793,17.61588500600391,14.744492438379524,17.69615795014086,0.9664,0.9703,0.973,0.9736,5.513006138905,5.674516367914588,5.2295588612169865,5.513327662601309,0.9754,0.9818,0.989,0.989,6.703540893898066,6.560170060193887,6.525773529881064,6.71883211990052,0.9738,0.9751,0.9946,0.9946,0.7716604397253497,0.7436045000554719,0.7322871812481274,0.7700938051215537,0.9709,0.9744,0.9997,0.9997,29.65416024225599,29.492653030281858,24.29651237043812,29.68724077190808,0.9828,0.9874,0.9946,0.9946,12.627509792115507,12.562833243020677,9.767418441092698,12.629247943272455
697,0.9833,0.9926,0.9885,0.9882,4.976926242866908,5.201336330945996,4.774873324574074,4.974086873965767,0.9751,0.9901,0.987,0.9873,21.642533605029552,22.245736024861348,19.469327661071524,21.677313825939947,0.9216,0.9466,0.957,0.9578,2.749384171978475,2.7718464710249675,2.459697015148957,2.76118329202139,0.9873,0.9892,0.9904,0.9904,10.282011374839035,10.249992033447429,9.722559744783265,10.280809557487974,0.9371,0.9474,0.9515,0.9505,4.531547998229266,4.468908629956303,4.22933768362007,4.505023418679841,0.9866,0.9903,0.9925,0.9925,7.457899662739225,7.374284199872648,6.884788481488592,7.467677769535154,0.9803,0.9913,0.9935,0.9932,0.7519535600594388,0.7515880199285015,0.6866194841977707,0.7505178887451511,0.9688,0.9884,0.9902,0.9902,14.003638701558614,13.677359287574731,13.392124455359426,14.01075726780054,0.9895,0.9933,0.9965,0.9965,16.207869541927188,16.109978366692467,14.270855364615167,16.224952676068728
698,0.9737,0.9828,0.983,0.9831,5.057950155669909,5.278222085020118,4.551214870131253,5.103850358704976,0.9923,0.9941,0.999,0.9988,33.731257257823,34.17334337679468,29.76362933898057,33.770201598455635,0.9788,0.982,0.9886,0.9886,3.8847861192416735,3.7127698709169423,3.684907567302085,3.883068061271077,0.9818,0.9841,0.9969,0.9969,15.305783792123524,15.239679675292097,12.751371035102482,15.309075958698632,0.9849,0.9864,0.987,0.9873,5.924397991610049,5.89272522286779,5.763154685242968,5.945701069977884,0.9782,0.9896,0.9974,0.9974,9.382595436835947,9.31450221580127,8.941145161008246,9.39754848009192,0.9822,0.9867,0.9857,0.9856,0.6841118974897185,0.661806654715751,0.6437813819995342,0.6824957340968147,0.9788,0.9833,0.9865,0.9865,12.80787714077724,12.793958269200749,11.989177594827485,12.80965612635772,0.9671,0.9715,0.9735,0.9736,5.283346394699358,5.2582077395007465,4.88223189735242,5.2869397303349706
699,0.972,0.9772,0.9787,0.9779,5.205768712066993,5.347929595160148,4.676569155313496,5.19921932595704,0.9464,0.9503,0.9598,0.9579,18.01404818087247,17.837314536786007,17.530032803943246,17.996586432492208,0.9709,0.978,0.9888,0.9889,3.806100379767208,3.7421832031633433,3.6650153097959217,3.8065875050748734,0.9831,0.9926,0.9966,0.9966,15.117816368817763,15.08447686937464,12.38356516850884,15.110808787567656,0.9837,0.9944,0.9923,0.9925,6.598537243288929,6.954868999668357,5.952043311280969,6.627817678351692,0.9723,0.9816,0.9924,0.9924,7.395318726102829,7.2999177106040705,6.536144997465231,7.407973019111003,0.9813,0.9941,0.9974,0.9973,0.8190604556724951,0.8184681189261309,0.7351542957900805,0.8166126852630831,0.9835,0.9945,0.9938,0.9939,15.439496154117904,15.248336382799668,12.60848518844498,15.495683860335523,0.9798,0.9897,0.9988,0.9988,30.283441631561185,30.203845634508568,17.67133215176214,30.28482046954168
700,0.9856,0.9866,0.9888,0.9879,4.9723880301964885,4.861770943502358,4.804299297735863,4.947574404038649,0.9699,0.9857,0.983,0.9842,20.975611349888663,21.27900298609636,18.596814879939576,21.05835916389026,0.9854,0.9891,0.988,0.9883,3.844520317211528,3.846535512077575,3.521654090970864,3.8726943266519385,0.9466,0.9559,0.9825,0.9825,8.098149224542665,8.09009795066559,7.353285705442982,8.08770430773833,0.9261,0.9367,0.9336,0.9331,4.160780773442413,4.223063420371407,4.018493211738521,4.1533509172774,0.9474,0.9495,0.9984,0.9984,10.976584712444897,10.870323707890794,8.892891360833291,10.987633651407778,0.9763,0.978,0.9904,0.9904,0.7318866467382492,0.6935502357630781,0.6860738116576458,0.729293256599969,0.9748,0.9851,0.9888,0.9888,13.567949015511934,13.475225843541953,11.522558698452706,13.565528252366065,0.9796,0.983,0.9895,0.9895,9.288816208016454,9.246786400120827,7.989801338992327,9.29806669253596
701,0.9706,0.9805,0.9827,0.9825,4.893856047299558,4.831616642562701,4.534740620427659,4.892551305870668,0.9857,0.9935,0.9966,0.9959,26.954052385669623,27.767445107331675,23.73820012565857,26.94131740273168,0.9782,0.9866,0.9883,0.9883,3.834819833536634,3.8410730417662378,3.320512221694916,3.830639334931095,0.9721,0.9825,0.9962,0.9962,14.541877183347005,14.524120942699453,11.5335774027859,14.540247804304869,0.9749,0.9801,0.9789,0.9785,5.48929289634806,5.609054765540694,5.307422831830765,5.466899954473645,0.972,0.9823,0.9969,0.9969,8.933871231125375,8.849175971605186,7.464234691694057,8.944788765685148,0.9904,0.9924,0.999,0.999,0.8758625495336403,0.8610345709772029,0.815092435571521,0.874502373977939,0.9523,0.9596,0.9941,0.9941,15.418874357493076,15.331644477921117,14.73582509055656,15.44844535303116,0.9557,0.9692,0.9887,0.9887,8.71769982517636,8.681369238254208,7.35279800984526,8.718710936298056
702,0.9896,0.9916,0.9918,0.9918,5.1652975131738375,5.224846267565262,5.01405313564585,5.185693966130476,0.9731,0.9794,0.9873,0.9871,22.59537186854259,22.29934777658,21.68748730651544,22.647946028262904,0.9701,0.9726,0.9738,0.974,3.067344854482017,3.0224625184634597,2.9951508626777943,3.071621384161352,0.9591,0.9628,0.9615,0.9624,5.856558124135591,5.784659343678048,5.603227926184644,5.891755942721916,0.9838,0.9901,0.9867,0.9868,5.996849263601526,6.27039553930871,5.842681887801419,6.006166106842444,0.9679,0.97,0.97,0.9702,5.029882269805848,4.872787886213941,4.826117670805752,5.042404492538892,0.9658,0.9752,0.9824,0.9824,0.6628020019247034,0.6505825706969288,0.6145010493733576,0.6617472047469231,0.9871,0.9943,0.9941,0.9941,15.78614671198425,15.604967369002036,13.883796815619748,15.827430330288731,0.9747,0.989,0.9911,0.9911,9.685543769364948,9.647776232410582,7.849333711212078,9.691533861794358
703,0.9697,0.9822,0.9807,0.9804,4.649894790336636,4.676873665885587,4.312915700538688,4.638929885653793,0.9692,0.973,0.9918,0.9922,23.319118514260577,22.532636181804044,21.669777571744763,23.431709486546847,0.9875,0.9927,0.9962,0.9962,4.9335910212553,4.944110101819685,4.046645732547169,4.93022624725373,0.9553,0.974,0.9879,0.9879,9.206986744949416,9.19459208322181,7.2125206785142,9.209986899831993,0.975,0.9816,0.979,0.9792,5.6493849926354525,5.896038590477736,5.364473278597099,5.627304022463642,0.9824,0.9855,0.9893,0.9894,6.848474564359692,6.609449932492413,6.566926396132154,6.868959080430177,0.9768,0.9937,0.9942,0.9937,0.7754411286872198,0.7657888238011751,0.6807656624605186,0.7724235848075269,0.9643,0.9751,0.9788,0.9794,11.700493382804172,11.5861532960006,11.214460372191796,11.759579632568904,0.9767,0.9776,0.9886,0.9887,8.642432023847945,8.564787803782176,8.445252611390556,8.654522923185912
704,0.9704,0.9892,0.9793,0.9804,4.645179140862929,5.022782403953416,4.362405925588199,4.681266940242695,0.9785,0.9805,0.9866,0.9856,22.15445617852467,22.30774004716424,21.438553606533397,22.19104525930777,0.9652,0.9682,0.9965,0.9965,4.906851737296329,4.858088535314589,4.697423382618227,4.9164700638885765,0.9831,0.9966,0.9966,0.9966,14.883027597090878,14.998033523758396,11.494425542190832,14.868138184454722,0.974,0.9801,0.9821,0.9806,6.015934836385416,6.222871803233282,5.673787724407377,6.024160238164518,0.9853,0.9956,0.9984,0.9984,10.976192404150728,10.864730345596964,9.661539759548267,10.984315874495888,0.962,0.9743,0.9962,0.9962,0.7921618711118256,0.7863046674863453,0.6925521121725354,0.7907177189766981,0.986,0.9916,0.9932,0.9933,15.024722169375522,14.912701261065797,14.217872526600742,15.088193420042993,0.9799,0.9876,0.9895,0.9895,9.33310324796314,9.316419720304092,8.159243013068522,9.337348023551677
705,0.97,0.9758,0.9781,0.9771,4.561813034122057,4.480185311700327,4.318342623769319,4.535705875456461,0.9764,0.9781,0.9858,0.9853,21.05927032268505,20.455632870429984,20.044281382217587,21.03901675109457,0.9831,0.9851,0.9997,0.9997,7.169048664829761,7.142802400634545,6.787256806326579,7.158161166506848,0.9776,0.9866,0.9929,0.9929,11.190612309864932,11.213913567677762,9.235118581510925,11.187641477084584,0.9634,0.9722,0.9698,0.9701,5.235217631192712,5.362960271679148,5.071276832092757,5.2529749874549,0.9602,0.9706,0.985,0.985,6.187310893711519,6.12579463726861,5.481887283005702,6.192403576065316,0.9695,0.9846,0.9889,0.9885,0.7013615747022943,0.6873148353305742,0.6568983021244397,0.6979546997173206,0.952,0.9709,0.9734,0.9744,11.137029217235607,10.886110833475898,10.411983044819786,11.223710912857753,0.9897,0.9923,0.9994,0.9994,41.90765535839016,41.74144575063684,26.59456316713684,41.90530509796255
706,0.986,0.9899,0.9872,0.9871,4.911786180463798,5.016357937616451,4.821531707510808,4.905668979706012,0.9874,0.9923,0.9938,0.9939,23.751206185988664,22.977282095196077,22.299118033772668,23.84348732611658,0.9914,0.9974,0.9974,0.9974,5.355933556092951,5.373184047723241,4.976611605752593,5.367540696610586,0.9832,0.992,0.9936,0.9936,11.653173708193076,11.670874743516915,10.79242393970446,11.655882390290364,0.9484,0.9574,0.9624,0.9618,4.910161974077348,4.746711786505626,4.522757495656002,4.915198555567002,0.9977,0.9983,0.9984,0.9985,11.154970049005591,11.015012375589276,10.337999914433578,11.182585122301084,0.9503,0.9591,0.9869,0.9868,0.6842534239124337,0.6533531890223865,0.64040612273741,0.6829330224899988,0.9811,0.9843,0.9865,0.9865,12.976847615466967,12.492815775848374,12.410142136479989,13.00519751561682,0.9907,0.9933,0.9935,0.9935,11.36591442170163,11.32504779336001,10.891823322154425,11.368895598707406
707,0.9849,0.9921,0.9904,0.9902,5.148042117955335,5.333754484163839,4.822525747819611,5.1571783169249015,0.981,0.9825,0.9895,0.9888,21.964661713057787,21.225227561861647,21.073284473881507,21.9276089748424,0.9421,0.9511,0.9926,0.9927,4.115449233266239,4.104072475111514,3.4605543675138573,4.12362873391355,0.9868,0.9936,0.9958,0.9958,13.713636091218234,13.714108034373249,10.40778689892114,13.714761495923131,0.9699,0.9729,0.9723,0.9727,5.228267845135111,5.241081544981227,5.134606472317083,5.226412842039334,0.9799,0.9917,0.9984,0.9984,10.972678621390834,10.873865479329096,8.527262260199064,11.001985334666344,0.9726,0.9775,0.9898,0.9898,0.718055198951828,0.7037752085722937,0.6591963714145477,0.7162958432583375,0.9577,0.965,0.9751,0.9752,11.264204208015808,11.110123826792137,10.359868377379984,11.286352381857272,0.98,0.9906,0.9911,0.9911,9.67902862503391,9.64833853715349,9.012485077187565,9.68778118591486
708,0.9745,0.9821,0.982,0.9815,4.698612333426565,4.7144996786390365,4.446058061254299,4.699696739730623,0.9654,0.9717,0.9736,0.9736,19.418417454694637,18.74477011500055,17.945189202469354,19.350469282381454,0.9864,0.9915,0.9974,0.9974,5.243764133565189,5.263431340576069,4.5485957455621335,5.246063197746426,0.9928,0.9955,0.9993,0.9993,21.384168755311684,21.33050179272448,16.62746691352169,21.382109337265668,0.9866,0.9897,0.9904,0.9906,7.588801344610673,7.922859548044686,6.873001093864602,7.604529869793744,0.9757,0.9802,0.9854,0.9854,6.276379171229499,6.207018357269209,5.789889042332439,6.285561108541621,0.9686,0.9773,0.9758,0.9753,0.6415116220235939,0.6078310065849615,0.5878421559255405,0.6382054454134832,0.9579,0.9651,0.9761,0.9765,11.542031873481225,11.335578593096605,10.5995685893914,11.585154318334698,0.9768,0.983,0.9967,0.9967,16.805370290974967,16.723084053927302,14.41189839978912,16.813753463197735
709,0.9342,0.9526,0.9613,0.9606,4.099942916682293,3.917269777355236,3.673773051446614,4.088156681627485,0.9773,0.9797,0.9906,0.991,22.453254089860152,21.294149280159296,21.04300650222615,22.48318022888048,0.9389,0.9433,0.9592,0.9593,2.8531871472025903,2.650813724545161,2.597831467314181,2.860967309118715,0.9903,0.9937,0.9933,0.9933,11.440213558342696,11.466852841875568,9.999272401157352,11.424868452135213,0.9869,0.9942,0.9929,0.9927,6.618978515085221,6.836835049735919,6.006709419215808,6.621303613419737,0.9674,0.9713,0.9894,0.9895,6.759024149453068,6.682706976267292,6.575445694038487,6.77782597132665,0.9788,0.9849,0.9946,0.9944,0.7711952847237495,0.7633328417278463,0.6946873124563864,0.7692156086431565,0.9916,0.9969,0.9987,0.9988,20.3795391312213,20.200467467929467,19.010513310556053,20.39745754647201,0.9869,0.9884,0.9988,0.9988,30.567590922123845,30.459607113533867,20.81190245945574,30.563086785671175
710,0.979,0.9819,0.9824,0.9829,4.9372830414696685,4.917221706056601,4.847909948067167,4.945720307039572,0.9934,0.9962,0.9977,0.9976,27.219391625782883,27.861128694092915,24.092193492846185,27.2121248491065,0.9817,0.9854,0.9853,0.9854,3.6558196366564912,3.5472533766512937,3.452776641406893,3.659727179758108,0.9773,0.983,0.9888,0.9888,9.390459249827346,9.257191384699652,9.148213441594455,9.392827822833976,0.9345,0.9409,0.9449,0.9449,4.820705574033915,4.864768797456461,4.612985404905716,4.8401088063475495,0.9755,0.9852,0.9954,0.9954,8.31904874228279,8.241269232945813,6.291267518414077,8.328519662048075,0.9937,0.9945,0.9959,0.9959,0.8001189621630114,0.7601969934285273,0.7578280855049012,0.8003195138267574,0.9868,0.9878,0.9964,0.9964,17.351452013952645,17.159340104238897,16.223796275284624,17.4015538507913,0.9739,0.9786,0.9852,0.9853,7.553304586341788,7.491110793412719,6.807462014624986,7.558320858245212
711,0.9752,0.9798,0.9788,0.9784,4.597877775110392,4.619573909669701,4.459626601999361,4.584752293927195,0.9845,0.9889,0.9935,0.994,23.60082217526084,23.12173823669421,22.538893669357837,23.718437193600625,0.9883,0.9904,0.9984,0.9984,5.708779631943097,5.69602678379163,5.082898307046694,5.701666377503428,0.928,0.9499,0.9969,0.9969,15.16653467760398,15.161868062798655,10.677035903879316,15.162618285705776,0.9873,0.9893,0.9884,0.9885,6.123133791687021,6.269186096948566,6.002483327982706,6.15522948928076,0.9891,0.9902,0.992,0.9922,7.377901969943712,7.258395822072832,7.115712946505914,7.397660774139143,0.9411,0.9565,0.9685,0.9682,0.6112557887382006,0.5880532226111194,0.5610667920112353,0.6102566511855283,0.9385,0.9517,0.959,0.9592,9.792270226953004,9.73281123926522,9.18079140835,9.805276945767432,0.9581,0.968,0.9999,0.9999,140.47417720925887,139.8707901874416,91.6057270735791,140.52960675342626
712,0.9909,0.9959,0.9934,0.9936,5.344128488361297,5.652281806510897,5.125922313963335,5.408301774069047,0.9675,0.9742,0.9708,0.971,18.76617351791968,19.102079396877983,18.19600112564573,18.78797196416597,0.9692,0.9787,0.993,0.993,4.235822985303767,4.141778165819173,4.004989666899339,4.248225186627276,0.9799,0.983,0.9986,0.9986,17.69234348514547,17.656906574645365,13.760439946190752,17.694016884737234,0.9878,0.9892,0.9884,0.9885,6.098553687759092,6.158357632842797,6.027265772862919,6.107107910379346,0.9738,0.9878,0.9974,0.9974,9.359846145329398,9.277878436815373,8.175418845015766,9.366347965943334,0.9517,0.9659,0.9642,0.9641,0.6006880201177947,0.5907075962756606,0.5487538445059391,0.599393081255069,0.9872,0.9954,0.9945,0.9945,15.851815035100843,15.75480366093834,13.909271821707646,15.885021180887318,0.9874,0.9987,0.9988,0.9988,30.29968909720505,30.208525900905503,18.991717153797087,30.303488226384875
713,0.9663,0.9778,0.974,0.9753,4.471747016189372,4.604247978279783,4.299463793219063,4.495844796928351,0.9859,0.9962,0.9938,0.9939,24.146874103653197,24.591964994290574,21.07629305776449,24.373601376531077,0.9791,0.9867,0.988,0.9883,3.80244434665561,3.7927809823460086,3.56697472639427,3.815860952569075,0.9254,0.9288,0.9937,0.9937,11.540440967078696,11.511894245016572,10.10794397750604,11.54386544152268,0.9731,0.9767,0.9812,0.9816,5.567967626462243,5.3865424202463785,5.234067775467518,5.574302783212477,0.9553,0.9752,0.9803,0.9804,5.772580247856828,5.714706259961328,5.416126799698607,5.78075172722279,0.9703,0.9778,0.9833,0.9833,0.6692573479301505,0.6507959219205128,0.6218412136755236,0.6672679709803879,0.9793,0.9817,0.9944,0.9945,15.9462537187768,15.570866601087276,15.00972123289482,16.070750061574014,0.9895,0.9936,0.994,0.994,12.264770729388564,12.201241596824955,11.49077329702494,12.282705981793804
714,0.979,0.9836,0.9877,0.9871,4.893355370555803,4.757767879678553,4.602386452804036,4.876681228817398,0.9715,0.9752,0.9867,0.9866,22.583462364034997,22.70887737328079,21.35842342686105,22.69470338405972,0.9812,0.9837,0.9982,0.9982,5.570626375730474,5.5493155417598485,5.348538683207028,5.592568485094448,0.9786,0.9879,0.9962,0.9962,14.525547440088138,14.53388879440171,11.781615661327328,14.51884555831366,0.9665,0.9743,0.9752,0.9755,5.413034145074347,5.291532536935357,5.016202607468685,5.428203176963748,0.9908,0.9952,0.9948,0.9949,8.08986445266472,7.986794625373784,7.000708062603188,8.106647182698083,0.97,0.9712,0.9998,0.9998,0.9260433048535462,0.9148256498825686,0.8349652961100793,0.9256626629486868,0.9872,0.991,0.9933,0.9933,15.258992202043771,15.000546044945123,14.19789171372555,15.2660219136897,0.9894,0.996,0.9993,0.9993,38.46074837700544,38.28444807148316,23.324673830986136,38.474739395096414
715,0.9618,0.9735,0.9679,0.9674,4.25398777770811,4.41532798573757,4.128029432604216,4.253775491747106,0.9602,0.9721,0.9729,0.9729,18.88273197580019,18.80095094921918,17.565784196469828,18.905235300875187,0.969,0.9757,0.9746,0.975,3.1576350704041154,3.0993208904983143,3.0153909311655696,3.166103027873237,0.9578,0.9644,0.9857,0.9857,8.779635025221257,8.576886112055139,8.462050768288169,8.799308800490557,0.9321,0.9415,0.9467,0.9463,4.450902829773881,4.338490008957944,4.1497343465947765,4.446168519245232,0.9689,0.9807,0.9865,0.9866,6.551127677704457,6.4589036715445305,6.150649824721509,6.563668588246438,0.9868,0.9948,0.9968,0.9968,0.8041637225382202,0.7889167359898281,0.7648238166104723,0.8033079654157801,0.9965,0.997,0.9998,0.9998,32.01982465733155,31.9036734383959,25.268788476004403,32.00760027318675,0.9902,0.9964,0.9975,0.9975,20.246297458759237,20.18260173054316,13.659647039568592,20.246105017535605
716,0.9907,0.9983,0.9967,0.9974,5.699916519695142,6.193937705719669,5.111321599290352,5.771397399757726,0.9804,0.9875,0.987,0.987,21.37279341668096,21.47784036661664,20.41982572682666,21.376170007779724,0.9777,0.9805,0.988,0.9883,3.807768880594848,3.706050817403372,3.6003350276105,3.8151866007728334,0.9545,0.9621,0.9898,0.9898,9.791103804326744,9.701520698651288,8.46440862522694,9.797334429839433,0.9439,0.946,0.9558,0.9545,4.740156247116506,4.526628507762085,4.454846985650063,4.715178020264703,0.9658,0.9702,0.9792,0.9793,5.692024898006193,5.602510399254222,5.282294609970782,5.700856746211155,0.9549,0.9667,0.9753,0.9742,0.629135588323609,0.6064030035318565,0.5802609390433675,0.6263067605351622,0.9902,0.9939,0.9958,0.9959,16.53001963158915,16.33005645499237,15.38332664142542,16.56117043216565,0.9633,0.9669,0.9897,0.9898,9.37850786234349,9.311705056863072,8.070409807142635,9.394657246054974
717,0.9706,0.9775,0.9817,0.9816,4.748165206756607,4.617676518048552,4.389831192011467,4.747656795122856,0.971,0.9765,0.9803,0.9809,20.31888338735427,19.87493280015609,19.00005850475784,20.358082746466245,0.9775,0.9842,0.9867,0.987,3.6806002427073694,3.56308127906416,3.4754247430793046,3.681000238844493,0.9728,0.9802,0.983,0.9832,8.339120118614723,8.318296584657114,7.795806772189708,8.353962805930953,0.9849,0.9894,0.988,0.9879,6.134296019497495,6.341900909384084,5.891129385650202,6.124159060107052,0.9874,0.9936,0.996,0.996,8.572469356830187,8.475148541633596,7.460730229491966,8.586611209288272,0.989,0.9943,0.9986,0.9985,0.8510677044806363,0.8433176441444602,0.7964842217834607,0.8505877638676462,0.9817,0.9906,0.994,0.994,15.59908004246384,15.41770272278371,12.722963277145045,15.608611563190124,0.9734,0.9781,0.9977,0.9977,21.16037083316337,21.07162416077704,15.325119246764888,21.16454620524118
718,0.9606,0.9803,0.9748,0.9756,4.683040284409684,4.750434224328695,4.430377309170804,4.679206654135593,0.9631,0.9742,0.9795,0.9799,20.2562235982,19.880867687087843,19.11248174934056,20.30054560486849,0.9875,0.9908,0.9959,0.9959,4.775597887471171,4.790787057973689,4.410981914583104,4.767775079279009,0.9748,0.9771,0.9995,0.9995,24.9281826295312,24.87090777385577,20.27716769210815,24.927768112839548,0.9768,0.9855,0.9811,0.9822,5.904421828669367,6.253645809879043,5.548121241866604,5.927401077543081,0.9596,0.9664,0.9869,0.9869,6.608963865266514,6.343246030818917,6.342862474373328,6.610795762118783,0.9783,0.9819,0.9904,0.9904,0.7340573852916978,0.7108062212207863,0.6867079149194468,0.7342305620765627,0.9707,0.977,0.9851,0.9852,12.55936450698644,12.405666795699528,11.97738346476412,12.61519441078715,0.9793,0.9878,0.9902,0.9902,9.504930828027897,9.467028753184694,7.516038963532996,9.512584639995296
719,0.9815,0.9881,0.9843,0.9847,4.954104363140149,5.087613211438058,4.859939768177704,4.966381913723798,0.9938,0.9952,0.9996,0.9995,32.719327519949374,33.08287500002259,29.32884383818216,32.79928183535763,0.9908,0.9972,0.9984,0.9984,5.702625209034826,5.731863658818127,4.62489725633086,5.691126456022146,0.9942,0.9971,0.9982,0.9983,17.226377581777182,17.205438332658048,13.780469473520466,17.224803642031357,0.9828,0.9869,0.9875,0.9871,6.104055669526309,6.2689310871268695,5.805307969995675,6.150451662760983,0.9536,0.9583,0.9759,0.9761,5.411942200831288,5.328417590625877,5.077349947370743,5.422228179458967,0.9667,0.969,0.9755,0.9753,0.6249156568362916,0.6032949767290983,0.5953567461458962,0.6236376650602824,0.9734,0.98,0.9939,0.994,15.523255485018694,15.400581842309377,13.995126808344056,15.56645568368636,0.966,0.9927,0.9951,0.9952,13.161320748597737,13.06923184256814,11.332638452927858,13.181533905880752
720,0.9779,0.991,0.9857,0.9856,4.82804912403428,5.088809768790105,4.573794538363845,4.808162217947357,0.95,0.9608,0.9681,0.9681,18.27278268982572,17.55297556533573,16.71058005727892,18.239138586314684,0.9698,0.9763,0.9852,0.9853,3.600050950710864,3.572722728829154,3.278702365983573,3.599707199476547,0.96,0.9706,0.9727,0.9734,6.8323265047788055,6.745416037734379,6.523160977534496,6.868137157483531,0.9889,0.9965,0.9939,0.9943,6.775784769546961,7.43048268766465,6.166025313926599,6.85876523329296,0.9758,0.9889,0.9954,0.9954,8.347699613115696,8.241358913977038,7.394351759949587,8.35722961192006,0.9832,0.9848,0.9901,0.9901,0.7253956930526433,0.6975029483404884,0.676701773246543,0.7239814476496086,0.9952,0.9976,0.9978,0.9978,18.902693013510092,18.233367526600052,18.089188305931717,18.965916326466207,0.9795,0.9894,0.9951,0.9951,13.034470498878214,12.996126926679173,9.251600707216138,13.033449149998548
721,0.9601,0.975,0.9711,0.9724,4.356050244586269,4.468654701511039,4.112322268299152,4.393389867821095,0.9897,0.9975,0.9964,0.9964,25.191852908189087,26.20692590231228,22.25867871750957,25.323540128435003,0.9823,0.9974,0.9995,0.9995,6.781524073653326,6.841708570053927,5.724568566500189,6.772438872789965,0.991,0.9923,0.9977,0.9977,16.134450291972986,16.099629760452277,15.172496132977615,16.152432485631046,0.9673,0.976,0.9748,0.9749,5.546943668848804,5.733816579192976,5.296569916131921,5.559395909959418,0.9672,0.9811,0.9961,0.9961,8.628779352461287,8.529079537057127,7.944257364388671,8.645217860551922,0.9798,0.9881,0.9985,0.9983,0.8525887733752888,0.8416571801899315,0.7365076577135151,0.8485602037992954,0.9383,0.9481,0.9537,0.954,9.481403767806029,9.198972462921091,9.029830701117092,9.489562644876823,0.9828,0.9878,0.9949,0.9949,13.023632683419724,12.934787805845763,11.284646494164592,13.035488519497646
722,0.9853,0.9871,0.9877,0.9879,4.972286125701924,5.003729506507487,4.88950765925167,4.983123608947692,0.967,0.9739,0.979,0.979,19.915199222894543,19.04795746309707,18.40634950745393,19.976412509393707,0.9353,0.9391,0.9491,0.9493,2.693085068280143,2.523244101975957,2.497103309659219,2.687464907896374,0.976,0.9803,0.9876,0.9876,9.124323119783954,8.901141697593332,8.87191560576636,9.12549295040633,0.9896,0.9983,0.9975,0.9971,7.823431733990633,8.226996083420035,6.178002013665713,7.796974611337815,0.948,0.9511,0.9852,0.9852,6.324632555545337,6.252834795556859,5.864077129777162,6.3393971015318575,0.9832,0.989,0.9911,0.991,0.7441032778106496,0.7111540698574348,0.6937668840615032,0.7420388531487357,0.9556,0.9673,0.9683,0.9687,10.674851088416196,10.529460701290118,9.846407634707129,10.70198338601041,0.9884,0.9928,0.9995,0.9995,42.58479521299622,42.43356367561183,28.701832881733505,42.58627007366035
723,0.965,0.9731,0.9778,0.9782,4.552690927464138,4.400678209275311,4.176474785500061,4.5644096068845945,0.9859,0.99,0.9962,0.9957,33.351530902717855,33.78535545733128,30.449034544597453,33.32319146194115,0.9767,0.9815,0.9848,0.9848,3.5830085713146693,3.446502129765339,3.4116925323530505,3.589728660069869,0.9714,0.9743,0.9794,0.9794,7.637520761969686,7.590239269199516,7.295754714102749,7.659375748195163,0.9923,0.9946,0.9931,0.993,6.657341570478124,6.978128174980279,6.545326179965766,6.668190961417973,0.9878,0.9907,0.9911,0.9912,7.30817352571038,7.151282728525813,6.942237357748883,7.326144131076436,0.9818,0.9882,0.9902,0.9902,0.7173913999921522,0.6976839495598777,0.6836009895238077,0.7167498777915797,0.9879,0.9927,0.9945,0.9945,15.854747620334171,15.746165342924227,14.604993421693932,15.871784401615628,0.9955,0.9969,0.9979,0.9979,21.679374359419477,21.61709583652942,16.481827168591177,21.67593298318616
724,0.9794,0.9827,0.9835,0.9838,4.818379091108644,4.7791189446302536,4.685764680529271,4.81660570595715,0.9614,0.9684,0.9843,0.9836,21.146936941978325,20.987017948631625,19.41023595690924,21.128891878307943,0.9717,0.9788,0.9806,0.9807,3.309137344914769,3.328742980246085,3.139518553853037,3.3150343326367997,0.9548,0.9573,0.9801,0.9801,7.692668046953695,7.655506722211041,7.357301866219598,7.7040541193959635,0.9538,0.9581,0.9702,0.9701,5.742117750878419,5.698074797449914,5.084978067367148,5.714960750548691,0.9614,0.9837,0.9961,0.9961,8.59005823955985,8.474952487975639,8.343305548950203,8.610113846530103,0.9843,0.9906,0.9983,0.9983,0.8485766476757477,0.8389624257590723,0.7266799531839068,0.8479112388335773,0.9893,0.9938,0.9998,0.9998,32.01415159431156,31.895938346089316,25.708783658329924,32.011662959617496,0.9824,0.9875,0.9963,0.9963,15.421275778094136,15.362034211921436,12.514417581675808,15.424237659453832
725,0.9321,0.9376,0.9597,0.96,4.079522620900853,3.712164137076064,3.6330495736054855,4.082549315476352,0.9747,0.9876,0.9877,0.9879,21.56090601850889,21.953372828733052,19.67298679669407,21.5971852307791,0.953,0.9628,0.9851,0.9852,3.500552899267478,3.443483744729919,3.3338578706045965,3.5113204874151784,0.9899,0.9918,0.996,0.996,14.202831033441129,14.156156509857924,12.568293326472167,14.207642217795046,0.9664,0.972,0.9703,0.9697,5.464210624558462,5.600823179518374,5.3276183964032935,5.467682175629854,0.9817,0.9901,0.9907,0.9908,7.203521365852311,7.102272335600738,6.746099480913291,7.218628898773593,0.9634,0.9691,0.9836,0.9836,0.6637525935150754,0.6531295570191549,0.6202377450296761,0.6626151019909521,0.9777,0.9799,0.982,0.9821,12.155534464886165,11.758724138145098,11.650712062135142,12.194456716273727,0.9597,0.9728,0.9729,0.9729,5.202821768594657,5.181569822126227,4.370110654389047,5.204077204510969
726,0.955,0.9695,0.9705,0.9713,4.465030615984782,4.479982724122047,4.175663920652759,4.465887594907975,0.9804,0.9854,0.9851,0.9856,21.067784474635356,20.98307698422269,20.23365333926247,21.14399265910521,0.9803,0.9938,0.9946,0.9946,4.505961083979719,4.5660460908266485,3.6970629927510994,4.503041968591265,0.9626,0.9725,0.9921,0.9921,10.75589196819194,10.708757068778858,8.823849983657588,10.767446353935751,0.993,0.9938,0.9939,0.994,7.962051823448204,8.197062358997904,7.087289003933282,7.920150990427698,0.9638,0.9685,0.9832,0.9832,6.003805260721871,5.934028732007865,5.58450368301891,6.016326766679004,0.9845,0.9898,0.9894,0.9894,0.7277605278820507,0.6975794678863714,0.6543132542181129,0.7261306274183155,0.9753,0.9776,0.9908,0.9909,14.27142217342831,14.134814675532818,13.614383739162744,14.309735745478276,0.9733,0.9867,0.9869,0.9869,7.901101294291847,7.8546804164510196,6.641442165119143,7.906186506440223
727,0.9429,0.9559,0.9612,0.9607,4.137274115201611,4.080478006091688,3.8199378053496194,4.137196611897158,0.9784,0.9866,0.9938,0.9936,23.60153836574188,23.53835764272256,20.76257723681389,23.66703262840715,0.9847,0.9876,0.9973,0.9973,5.247917604721654,5.243939568208317,4.943377594435274,5.247805300425782,0.9574,0.9737,0.9719,0.9718,6.624065688117442,6.697111807479863,5.764099042774697,6.61924163464144,0.9663,0.9699,0.9724,0.9725,5.207477987126668,5.120172153494069,5.01677106863157,5.216098496813908,0.9712,0.9768,0.9954,0.9954,8.292054657196363,8.198101910974096,7.205578144967842,8.30596968211684,0.9729,0.99,0.9944,0.9944,0.7624829531237715,0.7545825061100145,0.727692265976113,0.7619889761834353,0.9658,0.9829,0.986,0.9862,12.81489415518328,12.792629950678496,11.891290796248956,12.83383651038184,0.9632,0.9658,0.9951,0.9951,13.051661984546984,12.98501499568818,12.5654229912852,13.056741426407546
728,0.9588,0.9644,0.9718,0.9723,4.421422194384394,4.280963211635252,4.139081391362652,4.435444770632325,0.9691,0.9848,0.9891,0.9899,22.206366306791235,22.76577180239864,19.676344023229376,22.34893209418401,0.9924,0.9973,0.9991,0.9991,6.426206625587914,6.431417092174549,5.2353006515117775,6.413338835611507,0.9805,0.9914,0.9981,0.9981,16.88745385104307,16.885593676096175,12.941383785065002,16.896111805201997,0.9923,0.9949,0.9937,0.9939,6.787303237696873,7.1593125963780055,6.576481521440065,6.82596239677817,0.9752,0.9832,0.9974,0.9974,9.522287930541314,9.378811618156726,8.046395983625752,9.53547455461387,0.9851,0.9914,0.993,0.9929,0.7617092730314401,0.7557314623535607,0.6889879562463039,0.7609806342550416,0.9753,0.985,0.9965,0.9965,17.287563837298922,17.236366858769166,14.084270243772083,17.3033403172075,0.9866,0.9887,0.9991,0.9991,32.672083267681664,32.536609279643535,29.103599433796575,32.68003509453701
729,0.9801,0.9887,0.9862,0.9862,4.9303135736713966,5.092804422422073,4.695683490606438,4.964046727498594,0.9631,0.9699,0.9852,0.9847,21.052196332760555,20.445097199673597,19.65173151045057,21.09329998194841,0.9778,0.9807,0.9924,0.9926,4.142060393451741,4.0481861103321,4.001008223143125,4.151439298248473,0.9833,0.9885,0.9936,0.9936,11.667885787612873,11.657526047663334,9.942907574378422,11.66629238799631,0.9763,0.9875,0.9817,0.9826,5.619999577446787,5.969480912492042,5.368191268677162,5.681802782250395,0.9654,0.9726,0.9915,0.9915,7.245644611932011,7.165589865074705,6.501361040332164,7.258552014046419,0.986,0.9925,0.9953,0.9953,0.7810130314338957,0.7552098188524724,0.7466450399800084,0.7798441401095371,0.9619,0.9744,0.9879,0.9879,13.334926533896352,13.238132656560587,11.15553793857839,13.318581773281853,0.9861,0.9884,0.9982,0.9982,22.51141180842585,22.43853797128852,14.395286727233804,22.51435166252724
730,0.9714,0.9789,0.9778,0.9782,4.609124192803559,4.662808382512236,4.3954785611020615,4.6291607352484485,0.971,0.9817,0.981,0.9814,20.32618161325888,20.421970349920585,19.230108402642927,20.39887801396471,0.9738,0.9793,0.9813,0.9817,3.423909361829105,3.3648440555259422,3.2176684977461383,3.436349107081073,0.9703,0.98,0.9844,0.9844,8.547857883734416,8.50863139227232,7.969232750231782,8.556046041577947,0.9734,0.9751,0.9754,0.9747,5.404444064292334,5.39527496236539,5.338931721156117,5.39054072317766,0.9654,0.9679,0.9761,0.9761,5.446575670375076,5.34917320823859,5.208080536208736,5.462279022417393,0.949,0.9666,0.9833,0.9833,0.6479456340437103,0.6401895952744663,0.6217781346691973,0.6472799048851009,0.9738,0.9747,0.9973,0.9973,18.049294762772504,17.53414269799013,17.332088653820275,18.07425801494516,0.9817,0.9845,0.9911,0.9911,9.700552577890043,9.645078865402194,8.765856094640574,9.706150173273118
731,0.9849,0.9851,0.9917,0.9912,5.902762216332201,5.874624749088362,5.619639173466048,5.946576823893006,0.9831,0.9878,0.9921,0.9922,23.08854915682295,23.02354195977654,22.05116806164129,23.178501217983406,0.9807,0.9856,0.988,0.988,3.7016743711583606,3.733640811908401,3.529801015340749,3.7158363417538895,0.9892,0.9952,0.9976,0.9976,15.928610640176048,15.909504714190575,12.108215279723304,15.91746848454096,0.979,0.9891,0.983,0.9833,9.973531520867311,10.469131489604177,7.9366497114362495,9.977782742535412,0.8901,0.9185,0.954,0.9547,4.235092007582711,4.158503627880043,4.045669402764641,4.25334658522236,0.9744,0.9868,0.993,0.993,0.7540698910847703,0.7503148059821491,0.7005578937876282,0.7534531524986545,0.9929,0.9946,0.995,0.995,16.08889680633486,15.555638569399918,15.525320803070832,16.0978726775005,0.9825,0.9868,0.989,0.989,9.033819342631496,8.956591896414004,8.042032114383387,9.042949390339704
732,0.9792,0.9855,0.9837,0.9838,4.831111936940277,5.002164652024639,4.669581994501485,4.828800432874475,0.9883,0.9931,0.992,0.9921,22.92214176684015,23.05137726048157,21.80971429423633,22.933194846906023,0.9453,0.9471,0.9932,0.9932,4.177001303177431,4.149808556362477,3.9644950877701657,4.18584276487108,0.9655,0.9707,0.9756,0.9756,7.059291318028136,7.022025550658723,6.684904792814292,7.05178363675691,0.9934,0.9937,0.9938,0.9935,7.159501437992857,7.2599064310842785,7.05676169135115,7.180416329115744,0.9864,0.9903,0.9935,0.9935,7.662308109217717,7.5854502211089025,6.72526378176393,7.674760566431929,0.9803,0.9822,0.9921,0.9917,0.7527487423070602,0.7147882669099161,0.705921394287633,0.7483365320800061,0.9591,0.9739,0.9962,0.9962,16.713431200970852,16.69682596285639,15.43170950106716,16.73053263937103,0.9938,0.9954,0.9967,0.9967,16.918492521705318,16.804976128255735,13.247839863969237,16.941152776608206
733,0.9826,0.9911,0.9888,0.9886,4.995113772986177,5.189435567275753,4.713711388655581,4.98017857347413,0.9856,0.9915,0.9985,0.9985,32.48388307627128,32.735514331768044,30.763685838742195,32.666318141596875,0.9836,0.9904,0.9949,0.9949,4.59556649667868,4.6108007783509874,4.035483967228995,4.602050538015749,0.9874,0.9923,0.9953,0.9953,13.106727119053176,13.060857385977442,11.740586244041856,13.09095890522898,0.9962,0.9982,0.9976,0.9974,7.805341435336746,8.12876916836246,7.508062519401737,7.800658988582576,0.9764,0.9843,0.9961,0.9961,8.739093851079167,8.57878470976144,8.024386653263539,8.75198669766742,0.9915,0.9954,0.9946,0.9946,0.7729971608342467,0.7676910603940951,0.7216812560120409,0.771285283107292,0.9765,0.9801,0.9978,0.9979,18.80007291728553,18.64608653782201,17.865164836292287,18.832669751644165,0.9684,0.977,0.9932,0.9932,11.149652220038762,11.083386597767053,10.048482081467313,11.163127318291458
734,0.9576,0.964,0.972,0.9721,5.4406472674511335,5.522414409534672,4.706413000438834,5.468565623680387,0.9667,0.9787,0.9883,0.9881,21.950737821359198,22.18572052925421,19.584597115576702,22.108148172948795,0.9848,0.99,0.9982,0.9982,5.5855516376442615,5.557173014798287,4.409782404405029,5.596720184083226,0.9563,0.9742,0.9928,0.9928,11.098363112806734,11.08391194491548,9.101366930492638,11.103251869146217,0.9707,0.9809,0.977,0.9778,5.37834135723895,5.540252428832945,5.138443362926802,5.395840131527663,0.9894,0.9954,0.9989,0.9989,11.818945198141767,11.721526275447411,10.181686008919142,11.831895882929212,0.9729,0.9777,0.9824,0.9821,0.6611759440451338,0.6271217013043883,0.6154280203315372,0.6589772027461838,0.9805,0.9846,0.9887,0.9889,13.60531178731499,13.43928955502171,12.508962655930988,13.642163210495614,0.9547,0.9596,0.9846,0.9846,7.266692369330304,7.188759024729149,6.732673687401667,7.274682884737419
735,0.9725,0.9803,0.9824,0.9823,4.83115196083729,4.81809787222006,4.523194645001544,4.837989702744682,0.9824,0.986,0.9957,0.9955,25.80846844887972,24.91698079982769,24.638382146262312,25.83238550131513,0.9734,0.9807,0.9973,0.9973,5.173238112478084,5.198450031393921,4.157343100244998,5.175154472026115,0.9743,0.9778,0.9924,0.9924,11.017528703084926,10.97031260468776,10.488395654892262,11.018064826082346,0.9785,0.9835,0.9804,0.9809,5.668417588551145,5.753674747157213,5.564144657757404,5.671901928677288,0.9746,0.9866,0.9887,0.9887,6.756980511154431,6.520011193020822,6.5046348454988925,6.764966412438851,0.9777,0.9868,0.99,0.9898,0.709346977200451,0.6973595019305012,0.6676549653927544,0.7073978503235496,0.9636,0.9701,0.9801,0.9804,11.960577228298408,11.764816742588252,11.139359508980563,12.01554295966747,0.9814,0.9868,0.9932,0.9932,11.142041147128374,11.10542685911306,8.221297464344845,11.14374323595505
736,0.8936,0.899,0.9289,0.9272,4.025088958096676,3.893492285270413,3.7807135449110025,4.02037269446853,0.9815,0.9927,0.9891,0.989,21.843006604845257,22.765624263304264,20.560432441500907,21.82551636611873,0.9828,0.9871,0.9897,0.9897,3.900797478370582,3.9346449019724754,3.604026942526095,3.909962235724738,0.9824,0.9928,0.9965,0.9965,14.96741348166667,14.962637809393597,13.61824522247892,14.981540631862574,0.9603,0.9759,0.9659,0.9663,5.1427389927188525,5.475751490741114,4.992536832093778,5.17916432214038,0.9874,0.9922,0.9961,0.9961,8.583778711626206,8.47514105335942,7.872001559643954,8.601989642315312,0.9824,0.9917,0.9971,0.997,0.8172516743984256,0.8115548635222757,0.7073568148161353,0.8157954330691632,0.9728,0.9838,0.9837,0.9838,12.505204653828596,12.42157537576612,11.13424961666749,12.513524544478312,0.9749,0.9789,0.9787,0.9787,5.991456426781645,5.955879972491117,5.633805982814883,5.994931883359618
737,0.9836,0.9882,0.9877,0.9877,5.037634986222988,5.173380526467025,4.761669830422836,5.047796242407324,0.9328,0.9386,0.9672,0.9658,18.856965434650174,17.68324398252973,17.43456637367118,18.77985420864507,0.9426,0.9452,0.9995,0.9995,6.71661327488432,6.691350906026665,6.159723979810679,6.7127304999239366,0.9722,0.979,0.9967,0.9967,15.037988898952223,15.03020073030824,12.19859677866263,15.039427099841827,0.9921,0.9967,0.9947,0.9947,7.753739208564447,8.287912237427467,6.754677485945971,7.765400783192617,0.9827,0.9846,0.986,0.986,6.403346328028941,6.330038816643146,6.099960701009728,6.409954563440245,0.9668,0.9781,0.9967,0.9966,0.7974095202702096,0.7785799976456755,0.7565224688794947,0.7974546822858323,0.9858,0.988,0.991,0.9911,14.413064306307833,14.291275164937677,13.549427866486916,14.4532807503391,0.9399,0.9535,0.9806,0.9806,6.300245488533781,6.261709656987413,5.816736989733108,6.299055100076078
738,0.973,0.9841,0.9812,0.98,4.6576174850085446,4.801988967966178,4.399776196553786,4.619612654161148,0.9765,0.9809,0.9839,0.9839,21.28772266163848,21.483755077474814,20.62947666632823,21.37438441533947,0.9891,0.9933,0.9962,0.9962,4.850206631809858,4.901675928744996,4.431567244103276,4.850368124129193,0.9814,0.9835,0.9857,0.9857,8.760746881278404,8.645062611559299,8.582540504685753,8.784958339590462,0.9795,0.9906,0.9855,0.9856,5.8018509379551135,6.309442775193221,5.488517748182527,5.844150500778103,0.9794,0.9862,0.9906,0.9906,7.061624314139824,6.963565755228837,6.125152178843479,7.0730580686008135,0.9809,0.9886,0.9976,0.9975,0.8220970092046602,0.8167852999412194,0.7176112406549572,0.8212550922168794,0.9791,0.9863,0.9965,0.9965,17.259395436227763,17.24752476606159,15.470935126739574,17.27069398696435,0.9565,0.9646,0.9854,0.9854,7.536000451893523,7.497881445507603,5.959552387204624,7.539965433503325
739,0.9668,0.9737,0.9759,0.9753,4.4953948233495655,4.423854450558257,4.21678331583373,4.481063700977375,0.982,0.9879,0.9884,0.9884,21.782690577073662,22.06824015834475,20.539080363871904,21.802935118035183,0.9571,0.9749,0.9944,0.9944,4.329813067479951,4.372028808897841,3.742615454815653,4.330675919747371,0.9776,0.9808,0.9825,0.9825,8.1962191078777,8.174035745866762,7.641107960237713,8.191390698025156,0.9835,0.9897,0.9884,0.9882,6.679009072947817,6.9554253964296,5.77439427287611,6.710076758409271,0.9873,0.9902,0.9939,0.9939,7.847309155144459,7.770302520177205,7.276441944497112,7.85963391349664,0.9518,0.9577,0.9805,0.9799,0.6552390787870683,0.6251399512022016,0.6083175664270098,0.6522722536873133,0.9681,0.9737,0.9878,0.988,13.414763522057765,13.236546163409416,12.630905534835035,13.442208963756702,0.9866,0.9937,0.9983,0.9983,22.964021659396693,22.85805441384679,15.915931891846263,22.96809041126117
740,0.9782,0.9857,0.9874,0.9869,5.193650364362428,5.360594830860848,4.840246630180893,5.254068970590777,0.9809,0.9856,0.9952,0.9949,24.3882157557866,24.19962191957473,22.74740638634318,24.545610316152143,0.953,0.9668,0.9867,0.9871,3.579620361573077,3.5122457041038504,3.404751060349968,3.586543240987023,0.9804,0.9851,0.9902,0.9902,10.004729521692694,9.979805502214797,8.784886150362974,10.006326658300493,0.9908,0.9912,0.9924,0.9923,6.582079693459273,6.444574065645553,6.377121832498295,6.576496935828979,0.9956,0.9983,0.9993,0.9993,12.37028873575225,12.287886683214158,9.698964122509352,12.377994326868697,0.9648,0.9928,0.9947,0.9946,0.7617407769913238,0.765457433013664,0.698120201674035,0.7614578183340379,0.9747,0.9827,0.995,0.995,15.979270415625429,15.890767339140446,13.372543544326147,15.984081107668814,0.9645,0.9751,0.984,0.984,7.02561649854214,6.976760389199247,6.297899689284827,7.030165116134673
741,0.9977,0.9986,0.9982,0.9982,5.952004781759969,6.155610840559392,5.743756041479174,5.95661669498377,0.9855,0.9864,0.9861,0.9862,21.586879468251087,21.62353971802516,21.217793660300536,21.571169261541037,0.9932,0.9976,0.9982,0.9982,5.598175074491871,5.599763698108669,4.594365226896365,5.602410612059719,0.9741,0.9846,0.9888,0.9888,9.342409899667995,9.359226206491874,8.39319913469312,9.340594786213249,0.9847,0.9852,0.987,0.9868,5.992412938749176,5.8180836805976455,5.7917029738084285,5.98436272117857,0.9822,0.9892,0.9912,0.9912,7.24745220078362,7.141269082035361,6.35988677191845,7.256432762127984,0.9911,0.9927,0.9939,0.9937,0.7685058311222587,0.7324804502839335,0.7202470457984058,0.7670904070265027,0.9304,0.9382,0.9936,0.9936,15.388473676695336,15.26569494212579,13.771080548219585,15.411054787707284,0.9882,0.9959,0.9999,0.9999,140.3370558440826,139.88455684006604,88.89183782678742,140.3778875000759
742,0.9681,0.9729,0.974,0.9732,4.429346375671808,4.421990293050363,4.314425879934831,4.416594429639371,0.9904,0.9949,0.9957,0.9959,24.468896732398697,24.36238948347515,23.20746288915126,24.521375588959245,0.955,0.9739,0.9891,0.9888,3.890877592143168,3.930143670742247,3.392997913360772,3.8882261943597416,0.9785,0.9825,0.9873,0.9873,9.150126138315873,9.124170291049586,8.389438823081669,9.153203282508429,0.9959,0.9983,0.9968,0.9968,7.890255647865779,8.518600678725736,7.432814888993409,7.888836536266068,0.9588,0.9786,0.9806,0.9806,5.800859705316406,5.653393548309616,5.628690061802098,5.80658672637234,0.9777,0.9905,0.996,0.9959,0.7885393004654855,0.7757629478939451,0.7485746812669285,0.7860958028233245,0.9812,0.983,0.9892,0.9896,13.682061217375471,13.471626938173532,13.17155192786706,13.770644699798543,0.984,0.9846,0.9999,0.9999,140.34646021031895,139.87854166655904,77.81020092227718,140.39711729074244
743,0.9836,0.9924,0.9908,0.99,5.201797430327325,5.452376206365434,4.912382604480453,5.253113398944724,0.9732,0.9851,0.9819,0.9829,20.50541294751585,21.01725471206944,19.076245007691774,20.58200263932155,0.9555,0.9674,0.9715,0.9724,3.0706002308455806,3.006075205460961,2.8896310953410462,3.089646588310812,0.9834,0.9914,0.9946,0.9946,12.34857780580352,12.171902522845128,12.030874764896796,12.357805102342102,0.9635,0.9772,0.9714,0.9714,5.187551651743196,5.394278813349191,4.901220695610864,5.179869512121631,0.9704,0.9783,0.9915,0.9915,7.237584521349652,7.165839411892195,6.082143024246227,7.249884956000718,0.9679,0.982,0.9824,0.9818,0.665992585219394,0.6464147126139796,0.6135294888158225,0.6644745503585548,0.9563,0.9634,0.9945,0.9945,15.811442412247786,15.667424218745635,13.89157927192376,15.840413947097234,0.9758,0.9854,0.9923,0.9923,10.41932869412351,10.349004148253224,7.190599035100904,10.42275978934623
744,0.9751,0.9772,0.9835,0.9832,5.244597458965327,5.347929595160148,4.923751703829051,5.283003017500379,0.9775,0.9811,0.9906,0.9903,22.692623800372456,22.731324580053624,21.292344835173985,22.775208460745304,0.9842,0.9941,0.9948,0.9949,4.556075374878088,4.593055842891637,3.805970619600492,4.569342865968512,0.9838,0.9933,0.9938,0.9938,11.635658902802824,11.691195659033385,9.082504429060045,11.62905016594666,0.9947,0.9952,0.9947,0.9947,7.171413629328505,7.439054511970925,7.078171212511472,7.187484815988617,0.9808,0.9896,0.9983,0.9983,10.738820933761456,10.636104904452845,8.66500565603327,10.746060178843477,0.9705,0.9826,0.9889,0.9886,0.7074019822882881,0.6866919338185873,0.659521560099946,0.706126998599032,0.9887,0.9894,0.9954,0.9954,16.188017706314117,15.738223142372188,15.588124913422996,16.229476403216584,0.954,0.96,0.9702,0.9703,4.890875216921128,4.86931985384456,4.401052009700033,4.895244689211356
745,0.9683,0.9778,0.9775,0.9776,4.540544630621425,4.621501261570259,4.279440647145504,4.5422202393854665,0.9869,0.9952,0.9941,0.9946,23.826181772804706,24.393872911237118,22.608728957258208,23.995903935322573,0.9937,0.9976,0.9999,0.9999,9.424093735916133,9.413314787507751,6.775226436879284,9.415337233401534,0.972,0.9807,0.994,0.994,12.029893828818162,12.008776761814168,10.520471948017256,12.034187980465996,0.9929,0.9942,0.993,0.9931,6.69033390090838,6.825715960389736,6.6252854949856985,6.694403005099922,0.9573,0.9619,0.9862,0.9864,6.483815273425485,6.338800579699681,6.253762109926531,6.506137829159491,0.9717,0.9847,0.9959,0.9959,0.7941390420186538,0.7636622039805573,0.7450795283227457,0.7927095506463746,0.939,0.9491,0.9792,0.9794,11.867254630412884,11.83351637770493,10.746659006229144,11.9017817798953,0.989,0.9924,0.9967,0.9967,16.79894167144684,16.72814517611435,12.523180954412132,16.804621133618724
746,0.9814,0.9819,0.9881,0.9882,4.939396040101608,4.67356898611115,4.657720240610514,4.9316807422515,0.9913,0.9983,0.9972,0.997,27.160309617861927,28.357949509749112,24.60751183245161,27.224057378800147,0.9783,0.9869,0.9858,0.9864,3.690938270196875,3.6171912359358136,3.415590408192818,3.7118063394707352,0.9631,0.9713,0.9937,0.9938,11.65661362481301,11.594362571844211,10.540770714091984,11.675185942984657,0.9775,0.9849,0.9804,0.9806,5.52179059388174,5.76261117713271,5.376115933846565,5.514461898322576,0.9719,0.9837,0.986,0.9861,6.422473652836371,6.3525732548196565,5.160275874018326,6.434682600114946,0.9749,0.9833,0.9856,0.9856,0.6847096887793064,0.6590734460066535,0.6438404302868148,0.6830736550858101,0.9906,0.9925,0.9933,0.9933,15.136970634470352,14.4308006107379,14.389812302247224,15.17150978560496,0.9652,0.9782,0.9848,0.9848,7.372455689048531,7.333280166793976,6.034656293508461,7.379144848916442
747,0.9817,0.9907,0.9871,0.9867,5.31448373361372,5.666118807881272,4.868399511377646,5.3410164576906105,0.9854,0.9915,0.9976,0.9974,34.262191317757164,34.92545825849707,30.41716329187521,34.26415331303812,0.9711,0.984,0.9949,0.9949,4.582213449726146,4.581912651042188,3.684619690289396,4.584418759982783,0.9502,0.9603,0.9595,0.9595,5.667006604348326,5.680633453841974,5.322987342849002,5.669105944694429,0.9818,0.9834,0.9869,0.9859,6.371273037384282,6.481767563365972,6.04463334783908,6.386454516239921,0.9688,0.9805,0.9819,0.9819,5.93691582702792,5.857539278730464,5.6062860579041285,5.945079415123665,0.9473,0.9597,0.9643,0.9642,0.5945683278708873,0.5666809495419234,0.5604467812877094,0.5932958881080417,0.9764,0.9827,0.9998,0.9998,32.46180377296846,32.26569033988422,22.93377402538825,32.501141720242266,0.9556,0.9579,0.9848,0.9848,7.374176610076963,7.32520305160791,6.5864720899760165,7.376606249167182
748,0.9851,0.9893,0.9893,0.9892,5.002853182667504,5.005730461584714,4.800238875651639,5.000948410766863,0.9764,0.979,0.9878,0.9876,21.60671459894922,20.46763610251187,20.037821650720858,21.52631657253453,0.9829,0.9844,0.9949,0.9949,4.582477877157047,4.57139057778994,4.350650553891067,4.577768411889464,0.9352,0.9446,0.9826,0.9826,8.111570619426985,8.101756244597166,7.552656302739109,8.112461155687319,0.9455,0.9516,0.9537,0.9533,4.741701366438585,4.693073485470556,4.613529961707637,4.740991854888479,0.9835,0.9889,0.9894,0.9894,6.778467386425367,6.711207347077829,6.305710863333951,6.790285299708758,0.9876,0.9933,0.9983,0.998,0.8521907535546995,0.8281561015823478,0.7837838463004555,0.8487989914330926,0.9386,0.9506,0.9749,0.9752,11.181674820352148,11.044449663808797,10.530186950803593,11.255565614675357,0.9904,0.993,0.9985,0.9985,25.021438098206307,24.92903428665524,15.70792939228017,25.01983510500931
749,0.9629,0.9693,0.9746,0.9724,4.481761466030637,4.382198659977293,4.1986400397586765,4.441260162042655,0.9934,0.9973,0.9971,0.9969,25.492854662388837,26.07977483632676,23.921962495489097,25.511722134022964,0.9538,0.9588,0.9699,0.9701,3.0336240000007466,2.92456482904052,2.8560459885753318,3.03959243461411,0.9794,0.9798,0.9857,0.9857,8.740153180220625,8.633717978319183,8.523295021421905,8.738138410942724,0.9623,0.9657,0.9662,0.9663,5.087137404349489,5.147257535763024,4.990853802343758,5.088390017904551,0.9604,0.9733,0.9979,0.9979,10.053217050235997,9.892113887430796,9.221715434030193,10.086161885591324,0.9227,0.9325,0.9655,0.9646,0.5972557723355715,0.5698387561908889,0.5484709213475105,0.5931274109605071,0.9817,0.9854,0.9922,0.9923,14.944431222082894,14.328407361586036,14.187833921092466,15.00586794205796,0.9816,0.9868,0.994,0.994,12.279228152686258,12.22933074922897,9.87663402886056,12.283206588468182
750,0.9787,0.9839,0.9847,0.9842,4.777106857526476,4.7413742582196665,4.582361422934624,4.756081228090137,0.9477,0.9564,0.9843,0.9841,23.43827217755722,23.438733393294324,20.98369043965147,23.442829621922392,0.9905,0.9965,0.9995,0.9995,6.913782805864893,6.927835130151419,6.470457157839984,6.917256761814146,0.9662,0.9693,0.9806,0.9806,7.878054303483259,7.58856769817804,7.553852581949272,7.888123857904937,0.9693,0.9702,0.9792,0.9788,5.528177348649523,5.226622429984979,5.189212487168133,5.526494426763077,0.9773,0.9882,0.99,0.9902,6.961525038751111,6.84634020329838,6.691142362912714,6.984504093768748,0.9724,0.9914,0.9929,0.9929,0.7465735523096396,0.7448317576011152,0.62406477157285,0.7450710387941647,0.9537,0.9672,0.9871,0.9873,13.043319268979062,12.979631548498654,12.454686873869084,13.074135553873148,0.9777,0.989,0.9967,0.9967,16.817397429018346,16.72632554764863,11.962934324645955,16.827049818537326
751,0.981,0.9819,0.9846,0.9838,4.771330481280478,4.67356898611115,4.647008762430553,4.767966229515433,0.9879,0.9899,0.9933,0.9933,23.33052500045197,23.222208093084785,22.25358544034469,23.392740805484124,0.9685,0.9745,0.974,0.9748,3.1912525422590217,3.102479313554275,2.976811591063833,3.212042362714438,0.9774,0.9835,0.9947,0.9948,12.42565639498174,12.185206908839032,12.0944706475307,12.448459011986136,0.9947,0.9962,0.9964,0.9958,8.850994165682845,9.157246084943653,7.664599748667808,8.844832204286373,0.9876,0.9963,0.9983,0.9983,10.729398912180631,10.636177431704896,9.139473648901284,10.747313928990827,0.9854,0.9928,0.9942,0.9941,0.7715453202671093,0.7433280957253694,0.7288476687914329,0.7716408035712153,0.966,0.9809,0.9877,0.9878,13.429868947730842,13.240085536986811,11.4021792286668,13.465858245718566,0.9587,0.9636,0.9637,0.964,4.406973273932687,4.320025882605125,4.228508470693861,4.41707979635461
752,0.9437,0.9507,0.9569,0.9564,4.369845766056251,4.41645153903884,4.207784553423577,4.397246290017247,0.9889,0.9924,0.9941,0.9942,23.81151180516657,23.387040400534136,23.053392342615687,23.78973788407263,0.9579,0.9723,0.9737,0.9746,3.1022231982434403,3.1345201112619394,2.834746354938886,3.1113962685262964,0.9454,0.9524,0.9777,0.9778,7.245586454832416,7.22534562361779,6.568125025567585,7.259642415613746,0.9648,0.9735,0.9755,0.9758,5.639038644407247,5.765970469713427,5.262823987985088,5.639937616268073,0.9908,0.9936,0.9947,0.9947,8.051163521429288,7.969789159144463,7.281145972613495,8.063308032937112,0.9888,0.9954,0.9934,0.993,0.7642342119670154,0.7553870569281897,0.7081489402887523,0.7633054742699792,0.9705,0.9797,0.9877,0.9878,13.222134370192004,13.11118423857389,12.145341794150244,13.24407031873274,0.9641,0.9741,0.9925,0.9925,10.612426498410754,10.527496993576747,9.731138498903537,10.625812338910125
753,0.9678,0.9795,0.979,0.9788,4.613169173728743,4.705638435893887,4.282188055079882,4.5847166342580525,0.9647,0.9727,0.9812,0.9814,20.73878382419927,20.52793197279905,19.71139478018693,20.80634782270752,0.9758,0.9858,0.9973,0.9973,5.15072994993973,5.148287103019702,4.978790984493458,5.172401696362723,0.988,0.9933,0.9965,0.9965,14.847416254628726,14.835472306033653,13.573095255653778,14.840832137197385,0.9807,0.9834,0.982,0.9821,6.788740647528505,7.128381263091227,6.352930719002464,6.787182278489299,0.9276,0.9288,0.9658,0.9662,4.794011717251501,4.628655254568416,4.602473145088426,4.806424947018068,0.9725,0.9856,0.9901,0.9901,0.7091819915317085,0.6981727154953723,0.6752296947564651,0.7080421428179762,0.9649,0.9712,0.9729,0.9732,11.06390158390706,10.684069998588097,10.528895850084584,11.093094645409495,0.9874,0.9964,0.9983,0.9983,22.85164080546901,22.764736373442712,14.058465066882556,22.854510608010603
754,0.9833,0.9942,0.9882,0.9893,5.304939199825752,5.760111844018192,4.975425057714016,5.344016408845584,0.9689,0.9841,0.986,0.9854,21.936612678748237,21.820491162810796,20.801660744312414,21.87293813957175,0.9818,0.9849,0.9916,0.9919,4.1341943637157,4.063842351017662,3.911847679330272,4.159304254702207,0.9847,0.9869,0.9879,0.9879,9.29569049672135,9.123400464212516,9.021095169763267,9.293569618743852,0.9813,0.9828,0.9842,0.9841,6.023058092974609,5.993627412234124,5.859477173474701,6.014102459401121,0.9839,0.9912,0.9938,0.9939,7.850263245865924,7.780666729012394,6.631101443839684,7.866601623432433,0.9677,0.977,0.974,0.9734,0.6264204305288444,0.6154506246531717,0.5838683121193631,0.6246535849536878,0.9838,0.9908,0.9949,0.9949,16.025145149994763,15.8898331604359,13.166864031711054,16.041231419435825,0.9666,0.9772,0.9916,0.9917,9.94938399661807,9.906681267621186,8.988217198368286,9.96041715191727
755,0.9717,0.9731,0.9788,0.9782,4.590207909942426,4.426139307920783,4.382360710415689,4.567932833866637,0.972,0.9777,0.9912,0.9911,22.67260504712589,22.35964634261952,21.06749425472495,22.854885165028257,0.9826,0.9914,0.9984,0.9984,5.646453774564084,5.7013793616814,4.45746562257933,5.638641097279826,0.9348,0.9383,0.9553,0.9554,5.399624824101104,5.236911992107112,5.184597252560255,5.4003069446941305,0.981,0.9846,0.9856,0.9855,5.921816581144775,6.002482083373115,5.636045816427226,5.905093673900502,0.9218,0.9355,0.9438,0.944,3.807295591515048,3.7676816718378894,3.385351815941718,3.814952616318015,0.98,0.987,0.9968,0.9968,0.8114190996475998,0.8019514290114598,0.7157884669955886,0.8091872622349026,0.9939,0.9957,0.9964,0.9964,17.438190251820252,17.273179938377144,15.653885523630674,17.48367597724931,0.9922,0.9954,0.9993,0.9993,38.39530588390163,38.28408367628144,24.54564501703109,38.40127107412462
756,0.9833,0.9928,0.9901,0.9908,5.326611774179012,5.379258658691726,5.086350482323399,5.328269607682595,0.9499,0.9617,0.9693,0.9694,18.529279863507952,18.022047837759168,17.391161459677843,18.56455738093304,0.9538,0.9624,0.9627,0.9635,2.95231673741606,2.8644853156820598,2.7568119085452456,2.9644077936541526,0.9761,0.9821,0.9819,0.982,8.147818845804851,8.101224688487306,7.343447554039836,8.158124451770671,0.9858,0.9893,0.9886,0.9881,6.369425173504067,6.595654723846032,6.057298688997623,6.38367720391677,0.9724,0.9796,0.9984,0.9984,10.992053319970749,10.873446701634968,9.782978385811424,11.006517632798904,0.9761,0.9827,0.9902,0.9901,0.7129866362873527,0.7111285249365902,0.655454252422697,0.7125639213313237,0.9706,0.9766,0.977,0.9772,11.725992139339311,11.51580454433811,10.986061968873058,11.774573240337952,0.9345,0.9405,0.9457,0.9458,3.4169737230789385,3.3769509917525267,3.235781833214558,3.426815430580236
757,0.9817,0.9875,0.9887,0.9886,4.972464402638936,4.997273581971797,4.730643109914785,4.965342773803124,0.9594,0.9688,0.9804,0.9803,20.851648334485603,20.795613072968344,19.773804923823672,20.971613703076976,0.9701,0.9757,0.9999,0.9999,9.34471739493823,9.327542439083633,6.223620717073869,9.342630460683068,0.9845,0.986,0.987,0.9871,9.06006512760411,8.921994707629478,8.826339435342078,9.05288161327776,0.9886,0.9922,0.9911,0.9913,6.48349276888815,6.7335938926005365,6.236476371354755,6.548226616643199,0.9765,0.989,0.9961,0.9961,8.548427259543221,8.475103872448448,7.501735508112663,8.560256094139985,0.9832,0.9881,0.9906,0.9905,0.7417557786996175,0.7102722044539215,0.6928732235048095,0.7408462272552561,0.9779,0.9825,0.9811,0.9812,12.121606096433206,11.92785768043844,11.41939232182225,12.15934892195158,0.9682,0.9775,0.9791,0.9791,6.126402417593212,6.070866944295725,5.615366801187675,6.139118631912196
758,0.97,0.977,0.9799,0.9801,4.6128047354467725,4.523608048032195,4.342905185797413,4.627793083447616,0.9832,0.9869,0.9879,0.9882,21.7435640110598,21.45194129238884,20.606740368642715,21.810236190887316,0.9618,0.9777,0.98,0.9806,3.298572757436331,3.306675469323036,3.0992759402568177,3.328139066905761,0.9351,0.9504,0.9879,0.9879,9.143742833053132,9.138972598631518,8.374869252636552,9.143745487589609,0.9521,0.9531,0.9654,0.9635,4.963489735226728,4.5957780755362165,4.552993966806307,4.90920570801514,0.9767,0.9847,0.9835,0.9835,6.04310866137845,5.975995617364629,5.301854566058413,6.05387379049424,0.9597,0.969,0.9901,0.9901,0.7132578490726826,0.6937225206290867,0.6744326161735155,0.7120103284712738,0.9805,0.994,0.9973,0.9973,17.957207525668178,17.935160557759243,16.21489621904443,17.98764424643375,0.9776,0.9949,0.9983,0.9983,22.825348015233843,22.76407571649844,17.21093333492572,22.830688659491774
759,0.9793,0.9817,0.9856,0.9855,4.88080787697304,4.738417695576949,4.626189036526863,4.881650258165498,0.9788,0.9841,0.9898,0.9902,22.143044617413068,21.63784173628255,20.980626422767383,22.24858217868946,0.9797,0.9821,0.9911,0.9912,4.072918323050113,3.9697713557616927,3.87242889921226,4.075868561277676,0.9894,0.9983,0.9986,0.9986,17.958021183120653,17.999243030180015,13.343370578129122,17.95925079657605,0.9562,0.9658,0.9653,0.9659,5.439134258036184,5.673724739573961,5.074307740333079,5.419809895060965,0.9705,0.9725,0.9732,0.9733,5.221930315589758,5.056046243017977,5.003639797839009,5.238555197401389,0.9762,0.9845,0.9874,0.9872,0.6922398538949229,0.6872810905746378,0.6365091232486558,0.6903922833759715,0.9822,0.987,0.989,0.9892,13.598523406338067,13.480871278571462,13.036442391052608,13.656733063120734,0.9925,0.9962,0.9965,0.9965,16.229267212457295,16.111129039328304,13.419795991964117,16.250765161214296
760,0.98,0.9902,0.9851,0.9852,4.775687319120054,5.050256674297406,4.630242911330333,4.775483103576086,0.9829,0.9895,0.9873,0.9877,21.79613012199092,21.94294221987544,20.56032778435012,21.92445732352176,0.9162,0.926,0.9671,0.9678,2.928768590073205,2.8148505081314656,2.7110749589576355,2.9403229884659003,0.9776,0.9883,0.9905,0.9905,10.274840450977802,10.269913443375488,7.825640359963264,10.270516018549896,0.9814,0.9895,0.987,0.9869,6.090550648623927,6.371729448048524,5.607537715101069,6.095192645710716,0.9439,0.9494,0.9715,0.9717,5.101646540045386,5.03267597394832,4.885878352282991,5.11009831478623,0.9805,0.988,0.9879,0.9879,0.684836253692719,0.668183452726596,0.6615939135178979,0.684958120321985,0.9915,0.9954,0.9965,0.9965,17.401650088566775,17.264218445413253,15.447643212530863,17.425006675956705,0.9716,0.9869,0.9971,0.9971,18.159408062747364,18.105901348595577,12.114784289770451,18.157228267511982
761,0.994,0.9977,0.9966,0.9968,5.573034307267761,5.745925232259509,5.305642936363662,5.593134399302245,0.9704,0.9787,0.9857,0.9864,21.38018379681496,21.38139647207751,20.22333313606923,21.548702329325213,0.9549,0.9579,0.9685,0.969,3.0251746583953385,2.8808806717437,2.843492097877009,3.0397341702700142,0.9846,0.9858,0.9908,0.9908,10.287932801760432,10.24435030876958,9.77655672672064,10.29188216353806,0.9591,0.9658,0.973,0.9735,5.460465962473336,5.510469947441955,5.005674466914042,5.44144038816322,0.957,0.959,0.9847,0.9848,6.207846012865601,6.108334469991769,5.926852624626385,6.221691693234117,0.9891,0.9927,0.9951,0.9949,0.7930631373490886,0.7547389182294153,0.7317379496078389,0.7910958852758108,0.9773,0.9881,0.9934,0.9934,15.272396735802143,15.159101992022082,13.778282697237945,15.280384268233671,0.9694,0.9836,0.989,0.989,8.996071323266994,8.954591223133678,8.313270702075396,9.00728045305425
762,0.9867,0.9911,0.9919,0.9922,5.236317115438163,5.399191002039383,4.98774032756325,5.237441654312262,0.9684,0.9719,0.9836,0.9836,20.89276686886506,20.079126633893715,19.645036696581425,20.9018619319783,0.963,0.9705,0.9946,0.9946,4.463561291383603,4.474873367667634,3.9806104417627513,4.460009901725682,0.9794,0.99,0.994,0.994,11.971220993627162,11.986687149319993,10.948247894808318,11.970415690433285,0.9705,0.9802,0.9802,0.9797,6.280311232083173,6.309031233669572,6.030753442658758,6.278970909981581,0.9239,0.9365,0.969,0.9691,4.956577489871176,4.871260266008004,4.320883885851496,4.964806023864186,0.9323,0.9424,0.9714,0.9713,0.6060689982271171,0.5803769959043572,0.5713332910818667,0.6034872116277323,0.9758,0.9784,0.9882,0.9882,13.426492443836995,13.300162951059344,12.681358943546105,13.45551874161064,0.9648,0.9708,0.9847,0.9848,7.385858245246366,7.329636440694119,7.071252668482309,7.393366577258319
763,0.9791,0.9954,0.9895,0.9892,5.06691331496256,5.479416495175478,4.607015605382754,5.039317032397927,0.9419,0.9538,0.9539,0.9537,16.90889223620484,16.894670573009908,16.03843464359457,16.902325981306735,0.9808,0.9839,0.9899,0.9899,3.995985439910474,3.791546053373674,3.776818990733227,3.989029237996065,0.9832,0.9882,0.9896,0.9896,9.733334245915708,9.49336731112855,9.46016279653622,9.730585372116987,0.9599,0.9638,0.9663,0.9666,4.925292994093606,4.869318308599965,4.779522038697172,4.939077984072872,0.9907,0.9918,0.9915,0.9915,7.3325279371560015,7.102274099943554,7.041890307636447,7.342818371291911,0.9752,0.978,0.9824,0.9821,0.6694766295524508,0.6166916613947755,0.6150745957766451,0.6673150512229232,0.9766,0.9887,0.9885,0.9886,13.545411333947976,13.475035884140782,12.320630579388672,13.559479162080349,0.9813,0.9879,0.9916,0.9916,9.87464926680123,9.857423827974843,8.140753308695139,9.876244309797888
764,0.9888,0.9974,0.9939,0.9937,5.351733768524365,5.783278792928945,4.991657186568691,5.387021703973026,0.9895,0.9921,0.9908,0.991,22.94982326669721,23.03318857819349,22.05608931508224,22.937832623319828,0.9648,0.9709,0.9878,0.9879,3.6799176500638775,3.675226605810861,3.379897908570516,3.68913841632145,0.9667,0.9799,0.9824,0.9825,8.121805134820152,8.140443841985226,6.712964240262173,8.118154436886586,0.9856,0.9875,0.9867,0.9868,5.892766211292767,5.98014594339287,5.839456121060627,5.901891968776049,0.9549,0.9637,0.9647,0.9649,4.772699328226489,4.574842506490346,4.542179512844937,4.785910132271171,0.9772,0.9811,0.9911,0.9911,0.7347466230491169,0.7240473881004079,0.6871845182205227,0.7326085224951715,0.9545,0.9695,0.9835,0.9837,12.388452356788363,12.26394573585053,11.157407243427263,12.414888634237682,0.9745,0.989,0.9948,0.9948,12.867896650704196,12.814793528377976,9.689245123542475,12.886355570948025
765,0.987,0.9955,0.9939,0.9939,5.54448727878978,5.816719298337013,5.185621370867098,5.532994238433068,0.9962,0.9995,0.9993,0.9993,29.765819752632847,30.821812279228627,25.273120238614865,29.65949563878601,0.9694,0.9758,0.9913,0.9913,4.00961698723516,4.014115813688832,3.473203231335819,4.007040744895546,0.9805,0.9863,0.9879,0.9879,9.117536997597366,9.165532558743529,8.44983180325689,9.113796321394842,0.9688,0.9815,0.9785,0.9763,6.371426180462554,6.664546694449124,5.697313955282157,6.341288353959587,0.9574,0.9728,0.9733,0.9733,5.191519402043755,5.1331138073948255,4.897888970422264,5.202808711081864,0.9751,0.9895,0.9937,0.9935,0.7601226529464045,0.754496586608192,0.6827541703195859,0.7573648253425955,0.9749,0.9834,0.982,0.9821,12.26560894702839,12.15609768485286,11.424519967925145,12.290869684665058,0.9345,0.9389,0.9476,0.9476,3.4943467681492177,3.4797218056434067,3.3096762651044136,3.4909222455981967
766,0.9599,0.9658,0.973,0.9727,4.503928956580539,4.385842635548968,4.258865404603036,4.49928868109455,0.9735,0.9849,0.987,0.9879,21.40588472654411,21.82037808951429,19.770152479186194,21.60670805164565,0.9868,0.9895,0.9936,0.9936,4.26051713598703,4.168947655810332,4.155450227636407,4.258175096791066,0.9874,0.9907,0.9986,0.9987,17.98833299600277,17.94304750119429,16.658704309087188,17.99067240798447,0.9738,0.9813,0.9773,0.978,5.640130034139888,5.858716350346576,5.427692692630437,5.684330896808143,0.9842,0.9911,0.9972,0.9972,9.15463160520824,9.05400471912236,7.811447917475267,9.169546988748635,0.9938,0.997,0.9974,0.9973,0.8248683386249716,0.81574361275273,0.7630866153680876,0.8234492932770877,0.9684,0.9721,0.9996,0.9996,28.469812705135976,28.44136069134841,25.414231105333062,28.475296647937512,0.9797,0.9809,0.9895,0.9895,9.310130720310118,9.20736840058946,9.09988024803767,9.33198027954282
767,0.9792,0.9837,0.9872,0.9872,4.924824069036084,4.765910090058769,4.6228203905313805,4.934955196084234,0.9601,0.9721,0.974,0.9739,19.49990274558288,19.292763748537624,18.48850147485112,19.50506822364179,0.9721,0.9813,0.9919,0.9918,4.096647049005198,4.112240981024389,3.682673637753578,4.092853384974357,0.9856,0.9927,0.9995,0.9995,25.33060452565885,25.260899423119582,19.430031296960266,25.34721331810933,0.9908,0.9917,0.9911,0.9911,6.402125374567934,6.466767477923593,6.381764907027854,6.4064546701865,0.9402,0.9617,0.9756,0.9757,5.352616224798701,5.307794413945083,4.962975616627661,5.363875664676164,0.9764,0.9824,0.999,0.999,0.8789947222327762,0.8433320555104975,0.8317028023577392,0.879046021723906,0.9811,0.9847,0.9847,0.9851,12.665822096243827,12.30953583191008,11.97312572667332,12.730206414669716,0.9849,0.9906,0.9964,0.9964,15.723547678708384,15.654354288114796,10.984226213281008,15.732259928696962
768,0.9751,0.9812,0.9764,0.9772,4.515432660593342,4.66462995297667,4.471094495418596,4.54105825124436,0.9797,0.987,0.9854,0.9857,21.20598934427317,21.48817808025753,20.15518569731277,21.213248129392383,0.9346,0.9359,0.987,0.987,3.5914071696305143,3.444563756032588,3.423612780894976,3.597798955827917,0.9534,0.9619,0.9666,0.9666,6.148549109750992,6.018330942102673,5.905955814998204,6.1420690261578095,0.9793,0.9815,0.9819,0.9819,5.912922304224768,5.882687202902085,5.717009405750959,5.905773766547709,0.9615,0.9758,0.989,0.9893,6.7505316717023,6.67841159022586,5.948012994765455,6.763102806180728,0.9965,0.9983,0.9998,0.9998,0.9300676168272354,0.9218385355449752,0.8198943337312654,0.9281295518111076,0.9809,0.9932,0.998,0.998,18.988770261991636,18.822891136975127,15.432377989480626,18.99723747600655,0.9564,0.9879,0.9911,0.9911,9.66876328408434,9.63262780818467,8.602169158946463,9.681948017735609
769,0.9851,0.9898,0.9894,0.9887,5.26998230161029,5.487010334302184,5.053358443197528,5.3046381154908,0.9597,0.9713,0.9852,0.9849,22.15990549503004,21.077402173265902,20.686805890437437,22.214487843461583,0.9729,0.9813,0.9904,0.9904,3.971696350173042,3.966752629065701,3.615900292928524,3.970476199904154,0.9747,0.9802,0.9904,0.9904,10.215079244543452,10.204936376808446,9.77322949763629,10.209344977291744,0.9892,0.9925,0.9914,0.9913,7.014026546757675,7.364922920333315,6.418181122467701,7.025739837230024,0.9619,0.9673,0.971,0.9711,5.060066260400969,4.993007425379144,4.740464467351192,5.072182202486537,0.9673,0.9754,0.9827,0.9827,0.6601964108400784,0.6466439904719696,0.6204125534472592,0.6592213876726412,0.9657,0.9675,0.9686,0.9688,10.642110870397794,10.308701921244792,10.14919490540493,10.652372533519989,0.9759,0.9805,0.9888,0.9888,8.822852767086442,8.759240821170046,7.479814677325655,8.82899192491946
770,0.9704,0.9786,0.9785,0.9782,4.590646893467934,4.571657010122765,4.329391148159852,4.570889846604421,0.9585,0.9597,0.9693,0.9685,18.405125251393404,17.55552337409585,17.40880157572919,18.362911543184826,0.9877,0.9957,0.9973,0.9973,5.21019362548145,5.245861722719353,4.445773168380276,5.218403345121389,0.9915,0.9964,0.9999,0.9999,39.24802859746902,39.20955442299464,28.972118825977425,39.24054461917118,0.9859,0.9887,0.9868,0.9868,5.962516214279638,6.122404028709212,5.88299373471431,5.969353229598885,0.973,0.9828,0.9915,0.9915,7.208451649339758,7.14052984670013,6.467244241199572,7.217261034371713,0.986,0.9924,0.9936,0.9936,0.7637002695267721,0.7517123898126836,0.7110083522711866,0.7632655582793677,0.9242,0.9398,0.9385,0.9393,8.82875481779183,8.647273694245074,8.16415524054915,8.871360659888147,0.9765,0.9767,0.9988,0.9988,30.301601530026996,30.197616352646445,25.698746349754018,30.305218514143093
771,0.9703,0.9809,0.9817,0.9814,4.7054605621674455,4.80417967925249,4.40806329096062,4.70940669027306,0.9833,0.987,0.9956,0.9959,26.26977433768073,26.67099776791625,24.57665023987014,26.485288379656907,0.9752,0.9862,0.9991,0.9991,6.388674574038358,6.413980463331913,5.175043536539158,6.378894812429784,0.9772,0.98,0.9844,0.9844,8.48885406481195,8.47744885069901,8.08080183978447,8.492543299717227,0.97,0.9758,0.9733,0.9733,5.245724255083308,5.437745417514914,5.103563903252564,5.244294482175317,0.9802,0.9861,0.993,0.9932,7.659135703806736,7.529340981144342,7.289792751001546,7.6795161070397135,0.983,0.9888,0.9905,0.9906,0.7266990642677514,0.7229737622997812,0.6868399481945986,0.7266499372587821,0.9636,0.9738,0.9752,0.9753,11.367684081692254,11.233390190488446,10.14439701092322,11.390767157125298,0.981,0.9934,0.9946,0.9946,12.602278329900871,12.566181508606345,11.16731616561454,12.60576690376326
772,0.9703,0.9791,0.9784,0.9781,4.580955156495518,4.620403371219831,4.3918625530511,4.584853951173729,0.9938,0.9963,0.9979,0.9978,27.012491383796345,27.43012443108069,24.51641325278912,27.037542306283736,0.9518,0.9582,0.9682,0.9685,2.923315917429397,2.9148502519987307,2.828853551521073,2.9336979427249275,0.9687,0.9707,0.9742,0.9744,6.917782066254237,6.769520575180607,6.6719984060182425,6.916456742072893,0.9391,0.953,0.9478,0.9477,4.478408786103436,4.637368980797464,4.303319175602535,4.466759793378833,0.9794,0.9798,0.9954,0.9954,8.397650374525735,8.194683166772634,8.095772326686513,8.41737215116481,0.9442,0.9505,0.9727,0.9724,0.621487195589714,0.5903745920388839,0.580398884754059,0.6190901399003466,0.9862,0.9872,0.9869,0.987,13.120710788166727,12.7425547919973,12.443955971639832,13.162371778694196,0.9889,0.9917,0.9997,0.9997,53.5260764209377,53.26725843486695,32.9670244449705,53.54514544907849
773,0.9807,0.9865,0.9843,0.9843,5.039585410302318,5.12435528828782,4.927516587710166,5.040263704431303,0.9877,0.998,0.9966,0.9964,25.0273195293551,26.620473764633516,21.99279880865605,25.06294665246948,0.9678,0.979,0.9751,0.9756,3.1997732341588128,3.212022152325414,2.9818998436219526,3.219567913422631,0.9478,0.9563,0.9722,0.9722,6.602745380941342,6.60639877972547,5.996932265020038,6.6008692089722425,0.9802,0.9807,0.9856,0.9855,5.871176485362013,5.673328716286225,5.645642712867565,5.866717293718674,0.9712,0.9851,0.985,0.985,6.2567525502476204,6.161075182044036,5.998239918383144,6.260808396357551,0.9651,0.9696,0.974,0.9734,0.6252430757945224,0.5958275485730047,0.5877753316892611,0.6234644324281247,0.9886,0.9971,0.9965,0.9965,17.51414570581419,17.39709916506928,14.894823901155457,17.519598493969465,0.9867,0.9886,0.9967,0.9967,16.872123377794406,16.801280288934482,13.295356770324029,16.877745827010678
774,0.956,0.9664,0.9709,0.9711,4.354961418482883,4.2320691297057085,3.9855694068400456,4.352626085840147,0.9642,0.9712,0.9747,0.9758,19.186536216790437,18.89469233564692,18.01645647360815,19.31650620784497,0.9619,0.9647,0.9829,0.9833,3.445124076795977,3.3693512633939164,3.2654272960955417,3.460415934036698,0.979,0.9884,0.9899,0.9899,9.982819256647971,9.998856025230909,8.784312187391164,9.979526853218127,0.96,0.9631,0.9703,0.9706,5.490880156392461,5.461437202970913,5.148206173001231,5.474642730300081,0.9602,0.9613,0.9979,0.9979,10.02200073920472,9.890963583643444,9.14951274991267,10.038223463651,0.9914,0.9981,0.9987,0.9987,0.854443850325922,0.8410185865746819,0.8153095827361324,0.8537405572743427,0.9868,0.9923,0.9981,0.9981,19.1629898624384,19.0324991608544,16.171924039895508,19.187220410082524,0.9565,0.9758,0.9877,0.9877,8.238381164670672,8.20669198622343,6.331256964275467,8.239016929076406
775,0.9642,0.97,0.9739,0.974,4.550938265886529,4.399567835977549,4.295625965262886,4.5541570514736245,0.9887,0.99,0.9911,0.991,22.69721066506313,22.05422417223409,21.69874645547497,22.66994475099494,0.9914,0.9983,0.9989,0.9989,6.047416255771224,6.100038052253541,4.76057660098597,6.044879142564731,0.9854,0.997,0.9987,0.9987,18.008308530922648,18.022061491923623,13.145643053543818,18.00259299658677,0.9569,0.9675,0.9667,0.9661,4.984726083464016,5.046522434710257,4.744508006896592,4.962085981734274,0.9546,0.9711,0.986,0.986,6.479560137120692,6.357231706905378,6.118974817012192,6.497234992958864,0.9582,0.963,0.9606,0.96,0.5869322817754863,0.5612621290656236,0.5506163651239881,0.5858057716178303,0.9786,0.98,0.9935,0.9935,15.384718300918871,15.16816822507154,14.531040730709588,15.41586593362122,0.9882,0.9925,0.9923,0.9923,10.450276888307558,10.414732409253904,8.412751211743489,10.453550876399476
776,0.9834,0.9868,0.9876,0.9877,5.030102222589878,4.937884172942536,4.83241895923242,5.031419038313047,0.9579,0.9738,0.9817,0.9815,21.440813919311356,21.227439850570388,20.39378393040252,21.505232278344856,0.9848,0.9886,0.9897,0.9899,4.004118761625732,3.9773506208906895,3.701533540106,4.027556969276656,0.9834,0.9899,0.997,0.997,15.382346320858431,15.38814767058104,11.89353665123668,15.377501888216427,0.9958,0.9976,0.9967,0.9969,7.689983076240705,8.237486733230327,7.147435085500286,7.729596522709389,0.9693,0.9811,0.9806,0.9806,5.803156207479446,5.751995093132066,4.845420033258582,5.807803596319041,0.9783,0.9924,0.9903,0.9902,0.7240037033440628,0.718232200409958,0.6703263955526327,0.7245673297761923,0.9811,0.99,0.9942,0.9944,15.768767137884415,15.591462068182851,14.980765562121675,15.777379600827071,0.9564,0.9622,0.9905,0.9907,9.570300464813403,9.521876831901924,8.498240241664842,9.579614528604257
777,0.9545,0.9641,0.9721,0.9712,4.4078927573497335,4.332902012519135,4.052273829162709,4.378961038405791,0.9773,0.9833,0.9873,0.9872,21.46706500310917,20.904617017546823,20.054303122467942,21.42213948119089,0.9547,0.9603,0.9843,0.9844,3.4532041602320453,3.404501704952543,3.321521279342445,3.4649249038644485,0.9768,0.9889,0.9921,0.9921,10.819470405597729,10.823858224525829,9.753830389601612,10.81967556460006,0.9908,0.994,0.9921,0.9927,6.546586843417058,6.777717922680461,6.418099547420481,6.589778111382005,0.9725,0.9754,0.996,0.996,8.567969515950626,8.464530498079576,8.179430563492229,8.582312412605553,0.9638,0.9661,0.9716,0.9713,0.6287223002369997,0.5773827395918014,0.5719651000640805,0.625346907017987,0.9817,0.9882,0.9936,0.9938,15.528868992616289,15.410986747459289,14.017877847291254,15.552613362885536,0.9326,0.9412,0.9487,0.9488,3.5785560504352816,3.551949569523173,3.2447938858718133,3.585197041607439
778,0.9784,0.986,0.985,0.9851,4.783403653919027,4.834850903311615,4.569493235828711,4.796012940577295,0.9888,0.9893,0.9967,0.9966,28.82921096073164,29.232394595540107,27.71125092580724,28.94244890730972,0.9814,0.9872,0.9954,0.9955,4.71404832581587,4.696691969174133,3.873649061768564,4.721281351370774,0.9987,0.9989,0.9999,0.9999,39.28883485079344,39.230865652419965,32.45361907001087,39.286951305309366,0.9987,1.0,0.9997,0.9997,12.936877744683953,13.5851781999549,9.15600848676358,12.929092183126816,0.9776,0.9811,0.9989,0.9989,11.848815510091985,11.721114983768643,9.525881711823308,11.86372650032424,0.9768,0.9853,0.9967,0.9965,0.8037503088374948,0.7958438578194809,0.6748157205836793,0.8018124587527734,0.9851,0.9928,0.9994,0.9994,22.282418263196,22.08200444210066,17.41705999281277,22.317223694726344,0.9783,0.9846,0.9899,0.9899,9.489236995049415,9.42212797257481,8.50326583694442,9.499694593897146
779,0.9864,0.9875,0.9921,0.9921,5.548633819278544,5.702223609275735,5.096388293409181,5.539484039279296,0.9503,0.9581,0.9694,0.9695,18.48396738293706,17.28117314788484,16.713844550012876,18.484235238368328,0.9582,0.9618,0.9617,0.9622,2.902675184407476,2.8289046031172767,2.76411882061637,2.9090980709466328,0.981,0.993,0.9969,0.9969,15.231109625394987,15.278079793868466,12.623469894844684,15.227062761088872,0.9548,0.9665,0.9709,0.9716,5.188929878145697,5.281187091264104,4.765273630293066,5.250446298237717,0.9404,0.9593,0.9657,0.9657,4.778480001207962,4.706357630593618,4.426847433871832,4.784580147455141,0.955,0.9624,0.9598,0.9595,0.587220470620438,0.5612056356200894,0.5445078859410879,0.5848798205079107,0.9493,0.9566,0.9805,0.9809,12.077438551938275,11.894142995692016,11.141073002559864,12.102513954182877,0.9721,0.9815,0.9967,0.9967,16.859724549947057,16.797669100807475,12.731015367656884,16.860865964267834
780,0.9631,0.9676,0.975,0.9748,4.465073605512475,4.259600491507463,4.151624650965999,4.451199362993513,0.9684,0.9744,0.9822,0.9815,20.4796736072214,19.75862689463797,19.25283220473508,20.39572901410252,0.9748,0.9792,0.9809,0.9813,3.4343878881837244,3.3452492314129167,3.201008376350666,3.4565499252148792,0.9786,0.9858,0.9857,0.9857,8.853306413647635,8.848646208750294,7.725276112202736,8.85306635110067,0.9874,0.9906,0.9908,0.9908,6.704844452131556,6.887398991505558,6.0667361636478425,6.718048716587875,0.9576,0.9837,0.9824,0.9824,5.988986033073172,5.905428646468081,5.287224453805763,5.998123049867782,0.9824,0.9931,0.9911,0.9911,0.7448260668061835,0.735336366345622,0.6569814193489141,0.7413056434358019,0.9536,0.9569,0.9606,0.9607,10.2248747996495,9.456408169956283,9.431472039609856,10.239293173077876,0.9714,0.9844,0.9911,0.9911,9.694618744978282,9.6450369597576,8.715469789803905,9.705029998201478
781,0.9884,0.9916,0.9926,0.9925,5.897318543713492,6.081026192535481,5.3970305810558346,5.923465546991412,0.9789,0.9877,0.986,0.9863,21.11517404861654,21.647866464140485,20.097510861231942,21.157491322959675,0.9867,0.9912,0.9973,0.9973,5.224919192047104,5.24296243477817,4.939846316584604,5.225677831184678,0.9845,0.9917,0.9965,0.9965,14.926023284988885,14.954441413305108,11.594949779486251,14.924359515860218,0.9811,0.9881,0.9846,0.9856,5.787926182584222,6.067390555557122,5.625433716570545,5.840789368756663,0.9802,0.9836,0.9984,0.9984,10.940433227335468,10.86445552494386,8.42408391557158,10.945972443415146,0.9678,0.9892,0.999,0.999,0.856531499968918,0.8599343609354255,0.7553280330999091,0.8543191094659797,0.9711,0.9812,0.9788,0.9788,11.834119451940284,11.763125358740645,10.9864176589034,11.849870944935166,0.9902,0.996,0.9958,0.9959,13.9492534237565,13.874651143689965,11.077740816215735,13.970990029836484
782,0.9888,0.9943,0.9907,0.9904,5.15704136732843,5.351561774010632,5.004261532685,5.144532043822686,0.9826,0.9869,0.9944,0.9939,31.749406963780665,32.421990187118794,27.490525645151195,31.685133014810123,0.9841,0.9884,0.9984,0.9984,5.698529235360335,5.695773535199798,4.630323859151479,5.695242545260385,0.9781,0.9868,0.998,0.998,16.55799975344198,16.536760030628354,13.3494762381644,16.568090984531228,0.9623,0.9713,0.9668,0.9677,5.02673469171328,5.173884660830224,4.883867278096943,5.06233992895665,0.9835,0.9867,0.9974,0.9974,9.461588142698153,9.314420958330372,8.400907242819672,9.489519750677491,0.9927,0.9972,1.0,1.0,0.958756061381504,0.9215765788372134,0.9204099873523824,0.9589489621411575,0.9572,0.9658,0.9907,0.9907,14.210087527805223,14.138163103901691,12.412013185431372,14.233850523249457,0.9667,0.9742,0.9753,0.9754,5.461440896097979,5.431479736262299,4.983854783821825,5.467434073980034
783,0.9671,0.9798,0.975,0.9757,4.512776533119955,4.694737048393447,4.298669271778257,4.514554106187299,0.9716,0.9789,0.9886,0.9886,23.6479789149288,23.840507782839264,20.828364595271427,23.72770309798093,0.9826,0.9891,0.9922,0.9922,4.169857757163871,4.1677788122703205,3.6389544939648575,4.173197411953895,0.988,0.9949,0.9997,0.9997,25.76052730066205,25.741031498627937,17.678899719150778,25.754159395610547,0.9904,0.9967,0.9942,0.9942,7.156798373330175,7.714372630275438,6.532203294994407,7.166153512789528,0.951,0.9557,0.9939,0.9939,7.876136614315384,7.778460314198842,6.801107499925132,7.89273325808757,0.9602,0.9625,0.9767,0.9763,0.6387823982010341,0.5870734827121632,0.5852048149181155,0.6383581940762364,0.969,0.9737,0.9909,0.991,14.49948533331392,14.30037859122068,12.887887020224056,14.575416261329089,0.9605,0.9671,0.9794,0.9794,6.134071331278072,6.090395700572622,5.380048517761924,6.1394661581502765
784,0.9804,0.983,0.9907,0.9913,5.1342354957199365,4.806271500057082,4.7277276873456575,5.1519285734723255,0.9794,0.9882,0.9876,0.9881,21.74251815856277,21.960891078535784,20.25425185393641,21.7957416628747,0.9666,0.97,0.982,0.9823,3.444878570584624,3.334567162973872,3.241720295264276,3.447936600478818,0.9812,0.9882,0.9938,0.9938,11.933721849906393,11.896467847304386,9.471839914314325,11.94873222237777,0.9512,0.9552,0.9647,0.964,5.151756705735428,4.967063853604781,4.886788578176241,5.146497851725204,0.9499,0.9637,0.9899,0.9899,6.896432977655628,6.83421863273621,6.443028578890059,6.910820933321788,0.9874,0.9914,0.9962,0.996,0.8008365294338395,0.7797282756392198,0.7479595615544579,0.7971268139868699,0.9907,0.9929,0.9938,0.9939,15.648880362357904,15.49545236486411,14.46263317100345,15.702452894883171,0.982,0.9877,0.9971,0.9971,18.218496053030947,18.106281453833056,12.458620036528496,18.2233836722116
785,0.9711,0.9755,0.975,0.9746,4.573791897665512,4.564582260612444,4.457692526762966,4.574415531602154,0.9345,0.9479,0.976,0.976,23.225161532128105,23.542696647475463,20.726657411258955,23.26495204614128,0.9849,0.989,0.9962,0.9962,4.901506342811418,4.90392781389507,4.392789029621065,4.897625893810251,0.9844,0.9909,0.9924,0.9925,11.063917440360242,11.030265421991237,9.538673482977009,11.075003355849404,0.9757,0.9849,0.9845,0.9842,5.767612888722564,5.93312987898452,5.315651059944951,5.742911205790195,0.9724,0.982,0.9862,0.9862,6.449196470645027,6.38779094095447,5.868782504929968,6.458681591817295,0.9781,0.982,0.9868,0.9867,0.6932284039039249,0.6632863155006137,0.6474599870415384,0.6915345366755026,0.9706,0.9769,0.9767,0.9768,11.662512685354926,11.48676558797788,10.853989691082926,11.680523003739896,0.96,0.9815,0.9973,0.9973,19.43208874699508,19.354817762281098,17.584920924306445,19.439429627767822
786,0.9508,0.9681,0.9604,0.9618,4.098533174223553,4.330126077074612,3.881852472961052,4.134422632673138,0.9854,0.9926,0.9989,0.9988,34.36600746481471,35.03874754563188,30.55789001328453,34.30887040304546,0.9775,0.9809,0.9879,0.988,3.748654180189585,3.722596104225894,3.5080412779222025,3.779392314819424,0.9674,0.9869,0.9963,0.9963,14.766433463268134,14.53056644116445,14.400595625895717,14.794498496032029,0.9667,0.9729,0.9693,0.971,5.063511746101652,5.211085154032987,4.955045581296295,5.133194350113361,0.9938,0.9963,0.9984,0.9984,11.207848633917443,11.008931337935932,9.80537550743134,11.221302199188834,0.98,0.9872,0.9866,0.9862,0.6995243542867227,0.6714443100656985,0.6431474552351284,0.6976301652454119,0.9774,0.9868,0.9884,0.9887,13.504882829470915,13.321618018508412,12.911776408838625,13.595095924396828,0.9836,0.9892,0.9895,0.9895,9.373454421226011,9.2164706562822,9.128778279771067,9.382348489528498
787,0.9779,0.9824,0.9853,0.985,4.8649495881726095,4.690349412446622,4.556647678799091,4.847547963091312,0.9378,0.9559,0.9564,0.9553,17.241599873513472,17.112863182818742,15.681389026620732,17.07195736398591,0.9644,0.966,0.989,0.9893,3.821020234105104,3.726594593981605,3.6772850020536327,3.8310083240250856,0.9886,0.9925,0.994,0.994,12.126827706644706,12.065052452181597,11.71501611449714,12.123815831690017,0.9794,0.981,0.9809,0.9808,5.730525078031927,5.854508597157992,5.618226470477326,5.762472896935388,0.9664,0.9736,0.9938,0.9938,7.896324200050202,7.801614655084309,7.108603011401842,7.909944843608269,0.983,0.9928,0.9967,0.9967,0.8035210286891873,0.7980184358233056,0.7102300162177598,0.803043700801477,0.9754,0.9827,0.9892,0.9892,13.83606377116375,13.410980412037404,13.12385597378043,13.847564070421546,0.9816,0.9929,0.9949,0.9949,12.93988719205767,12.898502034802524,9.669057708853474,12.94571409478426
788,0.9727,0.9758,0.9848,0.9846,5.062661535840178,4.908622807188626,4.733501626108555,5.07799721715632,0.9394,0.9433,0.9544,0.9556,16.940912495674645,16.32584394968342,16.09915598946086,17.06609979298647,0.9792,0.9823,0.982,0.9823,3.4826338408102604,3.38255385166505,3.287494026440388,3.497098387726965,0.9832,0.9884,0.9895,0.9895,9.678113183205037,9.672849688262511,8.974332425827184,9.684093042502424,0.9661,0.9845,0.9782,0.9778,5.421528763559184,5.790835231509545,5.013938718463876,5.4738737496358585,0.9964,0.9972,0.9974,0.9974,9.359094210347928,9.27797783739952,8.589521566059446,9.369907631692646,0.9583,0.9631,0.9713,0.971,0.6134322832275727,0.579362880690787,0.5747447841106883,0.6123545469058604,0.9697,0.9814,0.9884,0.9884,13.385748888270523,13.298145955072156,12.789976529052687,13.437885619911668,0.9804,0.9825,0.984,0.984,7.067215959751792,7.00425597826501,6.589456396286463,7.078903639136662
789,0.984,0.9867,0.9908,0.9906,5.201537567195906,5.249393767780365,4.91136873136832,5.21903686228994,0.9697,0.9832,0.9859,0.9862,21.286528737472924,21.741143133374717,19.79357948051721,21.328618332300348,0.9661,0.9818,0.9875,0.9877,3.67624217676716,3.71189884903598,3.2673468735722704,3.681789256975651,0.9415,0.9543,0.9591,0.9593,5.689032509283931,5.673271895332068,5.125530708365681,5.691445120111937,0.9465,0.9477,0.9616,0.9616,4.812037040832839,4.441907052953124,4.428827630224212,4.806992502848686,0.9825,0.9842,0.9894,0.9894,6.808232957439751,6.71117526743462,6.53663796932007,6.818297573465202,0.9817,0.9913,0.9937,0.9937,0.7691492763511532,0.7594498793053668,0.7150351884188724,0.7686987522829472,0.9793,0.989,0.9964,0.9964,17.209584153810404,17.15525732469971,15.725255507692594,17.22527730305517,0.9674,0.9719,0.9988,0.9988,30.314843852296224,30.19550181717944,20.09975474688417,30.31035393879845
790,0.9666,0.9708,0.9767,0.9758,4.534545583314033,4.330780602320838,4.218325380194544,4.506050447528679,0.9813,0.9913,0.9953,0.9949,25.27002389842054,25.31129355352407,23.833993813395598,25.33558720425196,0.9725,0.976,0.9776,0.9781,3.286424043590744,3.1862975411911587,3.079651902158855,3.3046469729615007,0.9515,0.9591,0.9633,0.9634,5.957427431096474,5.765205113542585,5.691192785772883,5.972057617192046,0.9823,0.9861,0.9861,0.9861,6.341223920575014,6.500680644408951,6.123140614530594,6.366124499468545,0.9929,0.9951,0.9954,0.9954,8.307764722634232,8.200842548978166,8.00125614712941,8.322828981730558,0.9332,0.9443,0.9743,0.9739,0.6248930845704872,0.6039387345962854,0.5749740276351394,0.6231602949968783,0.9828,0.9867,0.9988,0.9988,20.501570426480136,20.4193314675375,17.027420949550223,20.52978751453976,0.9598,0.9708,0.9812,0.9812,6.338453244083409,6.303600274815132,6.130952305037084,6.344932943452306
791,0.9885,0.9962,0.9916,0.9918,5.233903134429605,5.54900520975984,5.037830970260023,5.243098006022829,0.9598,0.9761,0.9799,0.9808,20.354189110158703,20.57987623195733,19.009058725404014,20.54888795889813,0.9922,0.9946,0.9959,0.9959,4.777109155313151,4.810669814496628,4.365954638301375,4.791240930238009,0.9837,0.9899,0.9969,0.9969,15.210948664299345,15.183838837859517,12.83560976186962,15.22143690329868,0.9837,0.9839,0.9886,0.9885,6.197132366103775,5.946557758846247,5.915696499894867,6.187835853222657,0.9968,0.9981,0.9991,0.9991,12.17342671887826,12.056768070087324,11.494910622553167,12.194904675469608,0.9457,0.9635,0.9949,0.9949,0.7737565768317034,0.73563992778677,0.7310156620233066,0.7725922961656388,0.9893,0.9939,0.9977,0.9978,18.67000092824211,18.48929793792771,15.779704718495244,18.71576790171968,0.9783,0.988,0.9995,0.9995,42.55290056648535,42.43123859252213,25.973046060547205,42.56681512057292
792,0.9728,0.981,0.9834,0.9831,4.8366882031098655,4.712274832844104,4.471908779971631,4.819413520692296,0.9861,0.9899,0.9908,0.9912,22.845402208171524,22.295105282435003,21.30997865528808,22.99138477796425,0.957,0.9614,0.9758,0.9762,3.1975350217330645,3.014730306287976,2.933628115309677,3.2065319812946385,0.9423,0.9476,0.9717,0.9718,6.612921176907365,6.581295747383327,6.272409839823856,6.625904650396696,0.9815,0.9889,0.986,0.9862,5.938938666889669,6.196233508244498,5.565586926803894,5.943346630934552,0.9866,0.9951,0.9972,0.9972,9.18098073467774,9.065530137235148,7.09389503628237,9.198703563705555,0.9801,0.9816,0.9941,0.9938,0.768632761070947,0.7296809722407467,0.7166507754414062,0.7666447241784112,0.984,0.9975,0.9985,0.9985,19.60541524338378,19.52260555198361,17.8083108363412,19.600410675984637,0.9851,0.9924,0.9965,0.9965,16.151983015701997,16.109277191992394,11.79579178985087,16.15075605712931
793,0.9638,0.9687,0.9757,0.9746,4.494775195184655,4.295499468457858,4.194897987548339,4.464602727144282,0.9722,0.9793,0.9856,0.9847,22.33317536558141,22.790224085422203,21.004611145107724,22.295836531658697,0.9765,0.9818,0.9921,0.9922,4.180107555203797,4.153815803500328,3.710375946413199,4.189901824241107,0.9898,0.9964,0.9969,0.9969,15.287130250033211,15.306723673659304,12.8830660294746,15.277649951188987,0.9747,0.9842,0.9794,0.98,5.795392201318218,6.195343778045408,5.462828902502634,5.8264805608096255,0.9926,0.9951,0.9951,0.9952,8.208021507819316,7.969790922688808,7.952854761208245,8.216524467189355,0.9632,0.9804,0.9846,0.9845,0.6704509786577453,0.6522675127367104,0.6333848721251429,0.6695410637974435,0.9845,0.9968,0.9965,0.9965,17.344554507767565,17.26818725125844,14.148033232213193,17.367507964079472,0.9674,0.9791,0.9791,0.9791,6.090174342701478,6.05854290516704,5.054896103005066,6.094297785324929
794,0.9729,0.9817,0.9805,0.9793,4.657202858160476,4.677633933680983,4.4492290563270736,4.618830831548873,0.9884,0.9907,0.9952,0.9952,24.26105219045556,23.65929136636823,22.894311817240823,24.34879709831384,0.9718,0.978,0.9799,0.9801,3.338908189169641,3.252980478555342,3.162408712431986,3.3459299433973206,0.9741,0.9836,0.9844,0.9845,8.450531021703542,8.256845064202743,8.194300435641281,8.481020443729403,0.9521,0.9558,0.9661,0.9659,5.211648751292611,5.218898948168937,4.879732383704521,5.291136919268699,0.9803,0.9893,0.9908,0.9909,7.188222659756458,7.092741944692483,6.466535543047858,7.201313222524646,0.9656,0.979,0.9901,0.99,0.7012237687224019,0.7063375304975429,0.6547135762873983,0.7011680583415179,0.9749,0.9782,0.9792,0.9793,11.717350397042534,11.401870452508756,11.321725741045134,11.73182716930231,0.9873,0.9927,0.9973,0.9973,19.45245213650062,19.36072279475607,17.813378979586368,19.45626424538863
795,0.9689,0.9764,0.9791,0.9781,4.592641802957958,4.581593008525449,4.314792476501021,4.559980362503959,0.9717,0.9871,0.9833,0.9843,20.684079377256257,21.4030348842334,19.424639035726628,20.8017770149605,0.9787,0.9893,0.989,0.989,3.889624267967411,3.910520387534077,3.316958972950881,3.8846493281260592,0.9526,0.9567,0.9644,0.9647,5.974855441479988,5.964069026261627,5.715510422459536,5.979964063847476,0.9771,0.9802,0.981,0.9797,5.609630288436144,5.592098075403617,5.436455550859058,5.590399587032676,0.9718,0.9743,0.9859,0.986,6.418095847478244,6.339398271613583,6.076109148375828,6.429144873634085,0.9329,0.951,0.9762,0.9758,0.628776473996731,0.5910880956487027,0.5797661314058591,0.6258982458682931,0.9914,0.9961,0.9994,0.9994,22.299696534462285,22.155823071040647,16.067546440795017,22.32753045468252,0.9604,0.9633,0.9911,0.9912,9.6832523271695,9.635045533911017,8.754708762773665,9.696344593372848
796,0.9732,0.9772,0.9812,0.9813,4.663176216800544,4.535008210864008,4.406890709595969,4.668862314168662,0.9708,0.9792,0.994,0.9942,24.17708995751433,24.13653333015382,22.30964681554472,24.39430981857138,0.9722,0.9776,0.9951,0.995,4.584211780990764,4.558005007309728,3.824887224699912,4.582179449133871,0.9917,0.9993,0.9997,0.9997,25.7751838588452,25.77982873896892,18.27047060018854,25.780988457197097,0.9877,0.989,0.9884,0.9886,6.189176358531004,6.223927996771832,6.157646761721031,6.192918240992074,0.9797,0.9842,0.9978,0.9978,9.672327350786617,9.589475259162604,7.748833195122507,9.680375918258644,0.9836,0.9863,0.9873,0.9873,0.6889112697311781,0.6616020310662873,0.6580188911565252,0.6889279800142977,0.9809,0.9914,0.9913,0.9914,14.68716633922957,14.50769967079292,13.315997928614,14.72964869627913,0.9936,0.9948,0.9977,0.9977,21.158721251963385,21.08038101727628,17.760776004945413,21.15272412471525
797,0.9756,0.9772,0.983,0.9834,4.737750122279853,4.529432034696599,4.483051034431359,4.731622131159767,0.9695,0.9791,0.9783,0.978,19.7693973324758,19.94659250046793,18.5782794927275,19.749565660732195,0.9722,0.9817,0.9899,0.9904,3.941183112756647,3.935670411161156,3.3804980744634263,3.965144255386567,0.9745,0.9837,0.9899,0.9899,9.981202920767084,9.971285964113704,8.742290065621809,9.982284031333815,0.9703,0.973,0.977,0.9771,5.703095916480432,5.57210153575349,5.465175845043994,5.693582618680426,0.9848,0.994,0.9983,0.9983,10.727119736668843,10.63616312202119,8.135795737341164,10.739713037253733,0.9768,0.9871,0.9915,0.9913,0.7510555334219322,0.7418593625041985,0.684462277326529,0.7488067915000802,0.9798,0.9924,0.9986,0.9986,19.84547905168044,19.637801894555277,19.14657570400849,19.922877644629104,0.9724,0.9849,0.9956,0.9956,13.589707710256878,13.52645412716995,12.226525844116544,13.593985028548628
798,0.9776,0.9873,0.9847,0.9849,4.802432769236358,4.969932847054288,4.55256201627714,4.819825955552341,0.9848,0.9899,0.9941,0.993,25.986747468830995,26.61348434828967,24.79598804396024,26.03387004745754,0.9932,0.9973,0.9984,0.9984,5.701433152255453,5.732995763851003,4.43730244722724,5.703365572645749,0.9616,0.9658,0.9688,0.9689,6.263735904151668,6.201390646786035,6.068750265065297,6.280110668645233,0.9755,0.9816,0.9818,0.9821,5.824734373814714,6.0291129866807465,5.419900962634166,5.815209407806385,0.9914,0.9941,0.9996,0.9996,13.29003480448375,13.178593287466844,9.807606150184242,13.30077707365935,0.9814,0.9896,0.9985,0.9985,0.8364255084424038,0.8386417157549386,0.7929471997790136,0.8358995453457958,0.9715,0.9802,0.9926,0.9929,14.847190753757836,14.398498505860696,14.26755764686148,14.888831305009624,0.9637,0.9846,0.9932,0.9932,11.161593433091776,11.104427156360648,9.120033347819886,11.17510901417276
799,0.9639,0.9688,0.9774,0.9764,4.706117174090071,4.6299490479635255,4.410527660877824,4.705813588442705,0.9904,0.9937,0.9973,0.9975,32.17851079197297,32.95598870898875,28.38945322590471,32.23118406837045,0.9679,0.9691,0.9701,0.9702,3.0876305685262637,2.960059406651593,2.9362952633065915,3.086422223221744,0.9804,0.9846,0.9837,0.9838,8.430280858761728,8.426436253731904,8.086443476790722,8.440824968702298,0.9614,0.9685,0.9675,0.969,5.011984645807914,5.071353772412152,4.791756295253446,5.076088723570976,0.96,0.9666,0.9902,0.9903,7.029116442421691,6.845595450740758,6.7656615385091445,7.039403941137251,0.974,0.9848,0.9959,0.9958,0.7814593325404189,0.7758923473663912,0.7081144202169125,0.7795395718568119,0.9802,0.9929,0.9933,0.9933,15.264261656394032,14.980016952246173,14.439223288637445,15.3221749751054,0.97,0.9803,0.9809,0.9809,6.306528961911987,6.286399092706224,5.211397426224421,6.310652543657941
800,0.9612,0.9704,0.9786,0.9769,4.625845980118704,4.528245432857107,4.201855847237439,4.599865410704674,0.9584,0.9659,0.9909,0.9911,27.439666446844907,27.704117285240063,23.5046392768274,27.867988246521925,0.9581,0.968,0.983,0.983,3.398326351771293,3.4331801132476456,3.1663031162504103,3.4026679495002643,0.9948,0.9985,0.9996,0.9996,25.314542407591645,25.29893011081179,19.07337663193022,25.31524149789155,0.9799,0.9824,0.985,0.9854,6.080308841992483,6.007751639378412,5.821272479875072,6.069658296566626,0.963,0.9902,0.9936,0.9937,7.693728851365602,7.627229689516589,5.834013920840625,7.705447925307942,0.9904,0.9937,0.997,0.997,0.82228671280566,0.8049286032405514,0.7694231428629078,0.8209250957637002,0.9812,0.9897,0.9955,0.9956,16.496680203299306,16.31798006481138,15.545777392090145,16.536371652679065,0.9606,0.9705,0.9849,0.9849,7.404983247093448,7.376744404545817,6.19774081951401,7.408932610667396
801,0.9948,0.9988,0.9975,0.9976,5.8444151317974455,6.309078932379265,5.363685105843587,5.8661356328339735,0.9499,0.9529,0.9655,0.966,18.217048186928057,16.849937454940786,16.66280368435268,18.26349883285008,0.9876,0.9936,0.9991,0.9991,6.41520779650186,6.458577807054579,4.779869581492917,6.414548837878186,0.9512,0.9564,0.9681,0.9682,6.208369885146486,6.182330862794742,5.862262918013326,6.212193724127367,0.9667,0.9739,0.9724,0.9723,5.204940775960695,5.232879766477325,5.020491608772236,5.20071077403006,0.9455,0.9622,0.9816,0.9816,5.917969087306137,5.845128315249409,5.115346437638596,5.925720585261431,0.9722,0.9834,0.9873,0.9872,0.6906658234336304,0.6695951860963569,0.6440520078614604,0.689142753254683,0.981,0.9868,0.9972,0.9972,17.840797343513824,17.69934122154372,14.98758661568125,17.859617658893363,0.9798,0.9828,0.9856,0.9856,7.59440808113772,7.550532777674115,7.289811609868809,7.599188786675987
802,0.967,0.9766,0.979,0.9782,4.600862418502979,4.510257649012253,4.255957144104345,4.582766683933105,0.9695,0.9805,0.9872,0.9877,23.014887053137542,22.988618554927864,21.79787483607214,23.177932327881788,0.9809,0.989,0.9879,0.9879,3.780733790311402,3.7962073044803457,3.316773561823197,3.776700889522447,0.9921,0.9964,0.9969,0.9969,15.320577141122351,15.306700319172586,12.95102611878997,15.32316276808116,0.9374,0.9649,0.9578,0.9564,4.939256349105834,5.285324842783068,4.4609527396903,4.939480612151295,0.9693,0.9745,0.9907,0.9907,7.097747796347391,7.026553289381024,6.861043644471107,7.114849283014637,0.9921,0.9934,0.9993,0.9991,0.8852243737115528,0.8784482314196511,0.817918829486603,0.8852549546854257,0.9894,0.9932,0.9947,0.9949,16.056346146920795,15.874708762367511,15.159578064540383,16.082270996018934,0.9888,0.9957,0.9962,0.9962,15.230237135816294,15.16091567356686,10.761741979449509,15.243596061709686
803,0.9639,0.9799,0.9761,0.9758,4.521700188662358,4.668816612207418,4.215373800562412,4.494965701685748,0.9859,0.9925,0.9928,0.9928,22.88681370720477,23.197945721514017,21.876018624735128,22.891008352286114,0.9631,0.965,0.9813,0.9817,3.385291250380308,3.178506757780778,3.1615359685186446,3.4025749891994344,0.9664,0.9757,0.9879,0.9879,9.214317499354443,9.199640024161232,7.45345399196345,9.208469736417891,0.9406,0.9474,0.9597,0.9575,7.515887310599309,7.676791420380653,6.076096214477731,7.5265617389476605,0.9821,0.9946,0.9974,0.9974,9.42611529561254,9.314553545549805,8.227764381803281,9.438156645193594,0.9337,0.9379,0.9368,0.9362,0.5332851013542286,0.5044306132335472,0.495865461805793,0.5313971249062396,0.9672,0.9721,0.9701,0.9709,10.892164348406537,10.632058101684338,10.278443008026546,10.96112737043803,0.9707,0.9941,0.994,0.994,12.162418925967174,12.118325941027932,9.218887767002508,12.180738718110668
804,0.9655,0.9776,0.9827,0.9824,4.73830336018877,4.55983690690608,4.256613462015856,4.724938085297239,0.981,0.9855,0.9913,0.992,22.548381435804902,22.26003016575777,21.075842324684917,22.777421669704516,0.9806,0.9897,0.988,0.9881,3.892075610335402,3.861583669723276,3.312733933596381,3.885499461960331,0.9718,0.9793,0.986,0.9862,8.95528903573163,8.870593886858412,7.612710519752672,8.980814530747809,0.9569,0.958,0.9682,0.9674,5.097974621643379,4.833773447263433,4.809346911635567,5.084142410649345,0.973,0.9771,0.9791,0.9793,5.671054848929601,5.585598762791273,5.462153559906181,5.686987160698471,0.9794,0.9915,0.9996,0.9996,0.8950289627599803,0.895483167743053,0.8303878865827095,0.8949989175136513,0.9332,0.9395,0.9457,0.9459,8.975346232026444,8.748194512992775,8.556705791282706,8.999582749742249,0.9498,0.957,0.9787,0.9787,5.994713755195194,5.959483068064609,5.3263749958167,5.997000771705222
805,0.9631,0.9643,0.9749,0.9744,4.452547503475163,4.188698536386897,4.162185530325154,4.438779005254952,0.9794,0.9817,0.981,0.981,20.91046149533286,20.68560046681976,20.09097020807524,20.98446888726183,0.9754,0.9768,0.9863,0.9863,3.610256838631901,3.466520042601684,3.4507833573971154,3.6156587710271495,0.9931,0.997,0.9981,0.9981,16.9362461501076,16.92325215771567,13.381543014342236,16.92446269272697,0.9905,0.9972,0.9951,0.9949,7.00496633142888,7.629428639358434,6.354024070267057,7.0107265093348,0.9745,0.9873,0.9947,0.9947,8.052877418513956,7.957966538554421,6.906334334800906,8.065697555948331,0.9767,0.9916,0.996,0.9959,0.7950202323242687,0.7889232379978826,0.7160357063733153,0.7931051553613707,0.9933,0.9968,0.9998,0.9998,32.371574829293074,32.30315567448668,21.900852921876737,32.332188403522,0.942,0.9502,0.9823,0.9823,6.496387094156638,6.454459133796789,5.839451262244095,6.495380150180559
806,0.9709,0.9778,0.9811,0.9803,4.719771048187689,4.7555794187217,4.37304412042927,4.691110286471004,0.9874,0.9897,0.9936,0.9936,23.44698554407056,23.095371323656057,22.104201510044067,23.547526285122284,0.9779,0.9858,0.988,0.988,3.713947413431249,3.7340369186617166,3.5353315750747694,3.724402507299473,0.9868,0.9948,0.9987,0.9987,17.974174937679347,17.964712118909155,11.829364873096852,17.975411958683907,0.9861,0.9892,0.9875,0.9873,6.052879152436447,6.230421034345729,5.909811046529928,6.027114384356604,0.991,0.9955,0.9984,0.9984,10.991660443320509,10.873905900641647,9.604155680480275,11.006308091039305,0.9645,0.9765,0.9823,0.9818,0.6565236740558208,0.6330014501363561,0.615349169414274,0.6548656193670023,0.9681,0.9709,0.9945,0.9945,15.785451629279658,15.373599330754065,15.2577076861407,15.829141505315803,0.9642,0.9718,0.9846,0.9846,7.235778517642179,7.1944458000725175,5.91814584114192,7.23748807730491
807,0.9732,0.9771,0.9838,0.9831,4.878815839064544,4.694752513955066,4.522985758257882,4.847539805414128,0.9746,0.9806,0.9851,0.9856,21.601572666890245,20.428246747938697,19.52524902093392,21.619972670144197,0.9866,0.9917,0.9995,0.9995,6.790612387436423,6.810210278421314,5.866659935961105,6.792213945158991,0.9874,0.9915,0.9932,0.9932,11.401448526985009,11.365266623936751,11.018377739183288,11.409532181224009,0.9893,0.9924,0.9904,0.9903,6.297421171289956,6.596114472096973,6.160304118396393,6.307621812211417,0.9362,0.9367,0.9477,0.9478,3.921133333039275,3.771571289047589,3.770920429289125,3.920703943951512,0.9738,0.9779,0.9986,0.9985,0.8450428830721288,0.838934019936801,0.7749301710389508,0.8432595217743655,0.9815,0.987,0.9945,0.9946,15.851898290256154,15.813699531826954,13.726119538012563,15.90910760748031,0.9916,0.9957,0.9993,0.9993,38.4044064106204,38.28421524311136,22.272396067085868,38.4151248640973
808,0.9797,0.9861,0.9865,0.9863,4.854618452841649,4.834820592750031,4.623311785701944,4.850188672720517,0.9564,0.9638,0.9866,0.9858,33.379258088268415,33.777490771384,27.442408881982896,33.348366470860626,0.9716,0.9785,0.9955,0.9955,4.7003168085500775,4.5995792276942575,4.4782209507474775,4.694297671206468,0.9774,0.9848,0.9936,0.9936,11.683891148894382,11.632537803152855,10.07967850747949,11.67963978464481,0.9879,0.9912,0.9888,0.989,6.141666669118671,6.4882630448649286,6.011370153019408,6.168855066145013,0.9643,0.9711,0.9732,0.9732,5.201082163196738,5.14396259645081,4.730634504858894,5.210530430504727,0.9736,0.9843,0.9894,0.9894,0.7084036491410295,0.6967504058751282,0.6315637056709514,0.7105555436922404,0.9949,0.9963,0.9998,0.9998,32.423604500794866,32.30254423317563,23.257514403712364,32.40974992236702,0.9924,0.9942,0.9977,0.9977,21.172775702513228,21.079990666321912,15.359249655646227,21.1755987164234
809,0.9684,0.9777,0.9751,0.9751,4.477252455915567,4.540824162162589,4.317764131692154,4.477716942586948,0.9554,0.966,0.982,0.982,20.72350172977824,20.61414545042124,19.01621223405823,20.76138410701867,0.9562,0.9611,0.9628,0.9635,2.9421344471236464,2.812563983754181,2.7770199617447413,2.950286127260973,0.9737,0.9891,0.9902,0.9902,10.034538267787164,10.060894637228184,7.941488478752245,10.034523147818732,0.9829,0.9878,0.9868,0.9867,5.970725958490029,6.000716980917154,5.706500432408246,5.967828077749566,0.9826,0.992,0.9961,0.9961,8.576181430571753,8.483957864904868,8.149698126155451,8.591417028114282,0.965,0.9821,0.9911,0.9911,0.7333088873026983,0.6966412010213785,0.6917947784603398,0.7308198766611461,0.9877,0.994,0.9933,0.9933,15.124494430519,15.00991332245034,12.943867667370853,15.147653872663744,0.9951,0.9963,0.9989,0.9989,30.627200965728196,30.4642134616053,23.64575298148097,30.636026776295164
810,0.9924,0.9961,0.995,0.9949,5.410019741992052,5.560480056764426,5.190526054322433,5.407101240900298,0.9937,0.997,0.9969,0.9969,25.6537845631468,26.00656668724676,23.68526777352132,25.700991036407768,0.9915,0.9957,0.9949,0.9949,4.612645208686075,4.648572892796822,4.07661747460703,4.612539255946512,0.913,0.9146,0.9473,0.9475,4.947899299571399,4.726581402372024,4.673653851634751,4.954034158143382,0.9849,0.9939,0.9892,0.9898,6.280430660330445,6.789135868064706,5.869986868770754,6.310222269947504,0.9666,0.9723,0.9961,0.9961,8.68291498095433,8.578208825694462,8.23883269884753,8.700436891082258,0.9615,0.9729,0.9841,0.9836,0.6668804478404617,0.6424442227021474,0.6204550308483792,0.6645041112600724,0.9893,0.9933,0.9922,0.9924,14.915096441073109,14.75035132517714,13.84926375191781,14.948949069293944,0.9865,0.9905,0.9987,0.9987,25.44338272578877,25.31203352258559,20.398126466274807,25.456478292300677
811,0.9892,0.9926,0.9918,0.992,5.501476498645699,5.692648565680472,5.330858178666777,5.556499070432697,0.9824,0.9922,0.995,0.9944,25.91133973229159,26.714505776156884,24.342691089716496,25.97680541466332,0.9566,0.967,0.9824,0.9826,3.4304940306757867,3.433888766882661,3.048202872743601,3.4425896699934717,0.9813,0.9879,0.9938,0.9938,11.920190784581102,11.86130358412902,11.338120970589776,11.940398080486435,0.9837,0.9901,0.9873,0.9871,5.963991201079368,6.292043504978155,5.748355388184866,5.961198082936418,0.9715,0.9834,0.9907,0.9907,7.211353232393393,7.102203091209435,6.762449961707396,7.2173703211064515,0.9687,0.9828,0.9911,0.9911,0.7287345873030416,0.7185522697045568,0.6888509374460838,0.7271835453743167,0.979,0.9823,0.9846,0.985,12.68838634983583,12.248642173238691,11.909978769155249,12.708453974015123,0.9674,0.9773,0.9852,0.9853,7.52969056136874,7.477977987672918,7.09954629681419,7.539515495803456
812,0.9723,0.9786,0.9773,0.9777,4.732850526962855,4.82699834146224,4.6145620139211605,4.738822032304574,0.9885,0.9902,0.9971,0.9969,25.596636962365466,25.05553530410617,23.675124648966303,25.689516615385536,0.9619,0.9698,0.9706,0.972,3.084954979600073,3.021380859339679,2.887874329833678,3.098364192855699,0.9877,0.9949,0.9987,0.9987,18.029849810680744,18.0086753145719,13.279767151071832,18.029311424481143,0.9952,0.9965,0.9959,0.9959,8.883195558472643,9.1741391702942,7.774803254070651,8.877064729611233,0.9849,0.9955,0.9954,0.9954,8.241957779462647,8.195020970786949,6.702142124753717,8.256414558259543,0.9809,0.9915,0.9902,0.9901,0.7226850481020467,0.7154828619832396,0.663315635221257,0.7221484112383317,0.9646,0.9668,0.9965,0.9965,17.337837344731753,17.099814171470303,16.659368538677683,17.398532565993147,0.9734,0.9838,0.9965,0.9965,16.17625248497228,16.10447539281672,10.649063141261188,16.177552707571817
813,0.9761,0.9906,0.9848,0.986,5.165671792244565,5.626656505963838,4.654272929976298,5.204890065663577,0.9708,0.9779,0.9802,0.9802,20.19952461141437,20.024632294841368,18.959502429277528,20.272887288669764,0.9845,0.9874,0.9901,0.9902,3.945637652422294,3.874427338296112,3.814334539481639,3.944404613529321,0.9702,0.9838,0.9889,0.9889,9.436701783121414,9.463312328530009,8.622060609000375,9.438454749270791,0.9661,0.9692,0.9742,0.9739,5.2780981619148495,5.103215046557784,5.007825082263135,5.280419780396736,0.961,0.9758,0.9755,0.9757,5.367785974064161,5.297009820630556,4.57644429700647,5.375092312835389,0.9736,0.9851,0.9901,0.9901,0.7096126503869574,0.7095182535778152,0.6415928369695273,0.7086070605942736,0.9744,0.9797,0.9816,0.982,12.028940503757076,11.916964894906975,11.525842019058908,12.061471094433935,0.9544,0.9702,0.9971,0.9971,18.16945645753512,18.098126850728463,17.140360508206154,18.169953149385865
814,0.97,0.9727,0.9835,0.9839,4.793701487463017,4.465411322768188,4.355954739000117,4.804319847650779,0.9868,0.9896,0.9933,0.9931,23.19137845850485,22.653005599701757,22.05169532050385,23.19522404341944,0.9871,0.9877,0.998,0.998,5.424457362517151,5.244540669084558,5.243288790416804,5.422286042894322,0.9488,0.9592,0.9783,0.9784,7.338648420539156,7.326025990904542,6.193151933277347,7.345776839742484,0.9465,0.9566,0.9636,0.9637,4.861506513024488,4.646858674398168,4.413160813531485,4.868991593695863,0.9882,0.9924,0.994,0.994,7.914528631618455,7.828591365597292,6.920982304687497,7.920827358522223,0.9665,0.9699,0.9785,0.9782,0.646185860469504,0.6112176590288048,0.601658943025712,0.6437185620069834,0.9736,0.9873,0.9862,0.9863,13.07401335446388,12.88422111233347,12.047284543431443,13.088188306278589,0.9529,0.9642,0.9885,0.9885,8.504196339942954,8.46047381850164,6.096493526934905,8.51167659548346
815,0.9572,0.9663,0.9697,0.9682,4.335269614068787,4.25834667496548,4.026525673272353,4.313778303573168,0.9777,0.9858,0.9822,0.9821,20.924696272562183,21.285210253791963,20.49074806896587,20.95569959744785,0.9922,0.9981,0.9974,0.9974,5.365087322356191,5.382565437904114,4.180367729276381,5.367507885516352,0.9441,0.9517,0.9656,0.9661,6.024059438928516,5.968411226562663,5.8003528192743605,6.047001928787809,0.973,0.9806,0.9801,0.979,5.770894865208696,6.0752257870635145,5.325307451994084,5.796876119293164,0.9933,0.9952,0.9954,0.9954,8.241988301046076,8.13178407232427,8.008422994213737,8.268104978214703,0.9839,0.9921,0.9946,0.9944,0.7729335791456885,0.7626726961128939,0.7031413560119435,0.7704253672413568,0.9217,0.9364,0.9932,0.9933,14.92533745512856,14.844179808690765,14.05940980787104,14.973725040126189,0.9624,0.9635,0.9789,0.979,6.071872942268522,5.962506659685037,5.848753188627257,6.091541772452674
816,0.9915,0.9962,0.9933,0.9931,5.3193767438970365,5.545396577226372,5.226969087437994,5.314505475945855,0.9834,0.99,0.9933,0.9933,23.3288188144449,23.418495143508583,21.482180465376228,23.31748144762865,0.9738,0.9866,0.9982,0.9982,5.539127452322241,5.560762181470011,4.714900660563067,5.548004212727519,0.9757,0.9881,0.9892,0.9892,9.482146113307984,9.523804356104543,7.681037540958903,9.484032170644836,0.9807,0.985,0.9821,0.9831,7.716825532389436,8.032132547022607,6.64454988116773,7.720920481329025,0.9913,0.9934,0.9969,0.997,8.923166320064388,8.845287115876523,8.016370309334736,8.933345124926976,0.9668,0.9713,0.9937,0.9937,0.7614857256927169,0.7267774354172782,0.7233337359265171,0.7605585608880919,0.9635,0.9713,0.9749,0.9752,11.36692505852745,11.189065463816892,10.336460466941029,11.426960036615895,0.9835,0.9872,0.9982,0.9982,22.52838713413827,22.43802135121909,14.476313799793676,22.531453161012465
817,0.9254,0.9264,0.9514,0.9506,4.339699694733236,4.009802962673874,3.992984349996111,4.334382693553993,0.9837,0.988,0.9857,0.9862,21.03049934900165,21.670162680888712,20.742076965037263,21.13744369004177,0.9803,0.9867,0.9911,0.9911,4.109646780872867,4.068187384042074,3.528870450832871,4.113875284673127,0.9837,0.9854,0.9941,0.9942,12.189804116076417,12.028184949751193,11.840201429760508,12.227761244758758,0.95,0.9512,0.9618,0.9623,5.13397015886841,5.024198277523256,4.936160199866952,5.1427237633704745,0.9834,0.9912,0.9972,0.9972,9.136427529572318,9.054006278873045,7.581584552459898,9.146660835566434,0.9704,0.9755,0.9933,0.9932,0.7628357252778843,0.727479939399484,0.7175187601508273,0.763593128157062,0.9577,0.9785,0.9798,0.9801,11.974224513971976,11.467346645579962,11.2752523575953,12.001462706132598,0.9539,0.9678,0.9841,0.9841,7.070372032185582,6.973281264943955,6.879881863736497,7.088044454070434
818,0.9852,0.9912,0.9883,0.9888,5.119983736532265,5.179767882338453,4.961955530404149,5.146684265693876,0.9947,0.9982,0.9983,0.9982,27.601513952498184,28.34624784530873,25.83900711353488,27.566934870309947,0.969,0.9723,0.9782,0.9785,3.2894293200057443,3.179448719330627,3.1036418383867828,3.2977095175878506,0.98,0.9837,0.9933,0.9933,11.410797893469438,11.326641725289557,11.068761708627486,11.439996933633552,0.9903,0.9923,0.9924,0.9925,7.126855999170971,7.410119892047753,6.514168403511642,7.170723890006624,0.9641,0.9805,0.9828,0.9828,6.030527193085399,5.953087893328113,5.314803295077462,6.045440037908566,0.9801,0.99,0.9948,0.9949,0.7823696466794061,0.7674663229386138,0.7314633855727749,0.782444046809952,0.9332,0.9561,0.9902,0.9903,14.002329441185122,13.813971220212752,12.311366032701397,14.069641365126298,0.9842,0.9907,0.9907,0.9907,9.59187357158514,9.53571829935238,7.310413367176208,9.593022810267492
819,0.9888,0.9977,0.9939,0.9935,5.429315182036044,5.913319382812846,5.08558522055392,5.424751190256575,0.945,0.9635,0.967,0.968,19.57524143140654,20.02118318435044,18.612094005414477,19.789253011531773,0.9674,0.9746,0.9883,0.9883,3.784314585365802,3.786608463948314,3.378265887444265,3.7935711122176192,0.9789,0.9858,0.996,0.996,14.391654434100191,14.372087479423248,10.442705151997634,14.383450424253908,0.9661,0.9722,0.9738,0.9728,5.273500202306012,5.183325289312519,4.968441610807576,5.212850923984901,0.9597,0.9894,0.9965,0.9965,8.81078865492736,8.675087115843814,7.94965654222437,8.82616572346518,0.9742,0.9792,0.9799,0.9799,0.6583843461241408,0.6244137516088603,0.6106331681425556,0.6562234611320987,0.9621,0.9789,0.9965,0.9965,17.36626786020223,17.133145645426403,16.520640542385486,17.41825796642617,0.9615,0.9696,0.9757,0.9757,5.5198503213342,5.466056412322764,4.966707857950689,5.52841073331745
820,0.988,0.992,0.9915,0.9923,5.128788492596376,5.1625271580802,4.945290579552028,5.143636206535748,0.971,0.9738,0.9756,0.9755,19.545388873214357,18.95743424784521,18.63509301298793,19.47818514678385,0.9844,0.9899,0.9991,0.9991,6.398090285793109,6.39276298384011,5.951236794010797,6.395557533860549,0.9768,0.9804,0.9806,0.9806,7.818953706205399,7.806830700920875,7.450759109420144,7.829034418448478,0.9778,0.9868,0.982,0.982,5.673455513185224,6.0070125613764365,5.48538306768834,5.675912470884157,0.973,0.9841,0.9911,0.9911,7.187011381027243,7.100157595082927,6.273668689325273,7.195446135747676,0.9892,0.9983,0.997,0.9968,0.8118840690329625,0.8059424689503081,0.7144647684335954,0.8099103696303842,0.9788,0.9803,0.9853,0.9856,12.754153841709034,12.420345401935114,12.12954391353317,12.785687675708756,0.9765,0.98,0.9848,0.9848,7.396232236976022,7.335908022430503,6.574400988745516,7.403287948234568
821,0.9742,0.9887,0.9836,0.9857,4.772753168185293,4.953633296232658,4.448310733758917,4.830456387487606,0.9816,0.9876,0.9908,0.9905,22.399783392315825,22.13512451565571,21.168087601419984,22.3863170614529,0.974,0.9834,0.9901,0.9904,3.999618810440561,3.976096922061108,3.695542552699088,4.017606272678036,0.9744,0.9862,0.9868,0.9868,9.09851363375492,9.095464629507026,7.371242626213569,9.094215910368872,0.9803,0.985,0.9848,0.9848,6.203800484555103,6.436179430594114,5.664961644806908,6.216110064666245,0.9727,0.9764,0.9885,0.9885,6.704178660242953,6.609246745575076,6.41424196939686,6.715059415982183,0.9798,0.988,0.99,0.99,0.7035652282562728,0.6865781724414306,0.6765621419109857,0.7035214686043705,0.9825,0.9908,0.9898,0.9898,13.931189827221148,13.808122375764436,12.51776203957552,13.967620739526886,0.9794,0.9804,0.9952,0.9952,13.090445005440182,12.89187685685145,12.891330704991454,13.087005637525175
822,0.9518,0.9545,0.9741,0.9733,4.628527010468706,4.3539264465120375,4.301096726082204,4.596715539328035,0.9663,0.9692,0.9821,0.9825,20.64936596146816,19.12718969984196,18.762047107314284,20.686233789337408,0.9952,0.9972,0.9997,0.9997,7.158976201570424,7.196714058687016,5.63678175226608,7.144902579810922,0.9876,0.9953,0.9994,0.9994,21.958787352855516,21.904933197470957,14.65866913641039,21.94548082298857,0.9873,0.9905,0.9885,0.9885,6.2822011502139326,6.632849548995085,6.172411985968344,6.318023271378315,0.9749,0.9881,0.9986,0.9986,11.117385872968647,11.014871048300058,8.753130170257446,11.125513368542284,0.9808,0.9901,0.9959,0.9959,0.7854923286302024,0.7817053157124455,0.6694405609217875,0.78427032978771,0.9924,0.997,0.9978,0.9979,18.880668442148355,18.693523371103726,15.742462116321098,18.91908479264152,0.9849,0.9919,0.994,0.994,12.311594541770946,12.243090594284176,10.586737618765104,12.32266244799888
823,0.9368,0.9385,0.956,0.9551,4.000627181625481,3.7649988389082463,3.7223214548892334,3.983677513796195,0.9845,0.9926,0.9964,0.9962,25.046668952415807,25.402579479592543,22.558210640440645,24.891532327584407,0.9414,0.9532,0.9754,0.9755,3.124832512507266,2.9541582895031286,2.888462586172441,3.1259166156450413,0.9421,0.9561,0.9617,0.9625,5.8333185375303,5.749376929973076,5.502610354770073,5.869853013703918,0.9883,0.9943,0.9914,0.9915,6.494212222186086,6.833991519464286,6.099757373242213,6.479858480617329,0.9539,0.9606,0.9717,0.9719,5.127259712064375,5.052084249156722,4.684914216246614,5.136426444164397,0.9696,0.9763,0.991,0.9907,0.7303630735631991,0.720960555813937,0.6813892430608866,0.7294666257958691,0.9782,0.9861,0.9941,0.9941,15.67488787938558,15.393133389720688,14.866273194581373,15.74909240793748,0.9604,0.9855,0.9941,0.9941,12.365442282573234,12.320199763292385,11.371947209164986,12.381313003177798
824,0.9851,0.9886,0.9908,0.9907,5.228135910148204,5.157133066947436,5.05136138171455,5.232527198987858,0.9745,0.9804,0.984,0.9848,21.033224267817307,20.37228605901757,19.51262604583686,21.16526489629444,0.9714,0.9786,0.9844,0.9844,3.502183195288601,3.457303386652724,3.356920677703741,3.501778073000648,0.985,0.9938,0.998,0.998,16.67792796740425,16.676829912759718,14.059147510291792,16.674635782813485,0.991,0.9953,0.9925,0.9926,6.716046685487587,7.25638712947403,6.45984153641874,6.749432489855917,0.9909,0.9941,0.9984,0.9984,11.027291305187967,10.864722612881495,10.411173105700636,11.051002546346645,0.9791,0.9871,0.9894,0.9894,0.7082626565745798,0.6720683427378333,0.6683588387647355,0.7054179103451591,0.9701,0.9842,0.9908,0.9909,14.36610185221354,14.153859249914763,12.007702477348202,14.454482607812006,0.9859,0.9874,0.9993,0.9993,38.44164851345376,38.27965648964037,24.348242587037145,38.44469273969983
825,0.9737,0.9865,0.9832,0.9827,4.905337469419584,5.019812411929058,4.595945485273671,4.894160990483185,0.9681,0.9759,0.9914,0.9909,31.55865904685421,31.949907252722383,26.87022871382209,31.55753418626224,0.9807,0.9882,0.989,0.9895,3.874462748135398,3.8484922545059055,3.703612034094965,3.892528892722292,0.9442,0.9535,0.9657,0.9662,6.064359894129449,5.999093278647602,5.806043244769184,6.086866793625893,0.9376,0.9427,0.9506,0.9503,4.590672137778769,4.4427578833961245,4.3393506092696885,4.580574677783671,0.9635,0.9693,0.9678,0.9679,4.870811723888181,4.800403703169478,4.513358548970173,4.876534919416477,0.9781,0.9837,0.9976,0.9977,0.8326825061554256,0.8223310857988495,0.7382572814650583,0.8331523436643663,0.9777,0.9862,0.9945,0.9945,15.825689192851517,15.730701803588618,12.767995237334606,15.880936210946,0.9817,0.985,0.9956,0.9956,13.562051076189208,13.482036804812784,11.46885531305275,13.56588940839067
826,0.9762,0.9794,0.9807,0.9805,4.673126624054344,4.631491149936973,4.554901592599057,4.6718862096498,0.9575,0.973,0.9833,0.9841,20.64863622309741,20.701996847542937,18.56482486512057,20.757361801137723,0.9768,0.9899,0.9899,0.9899,3.952993340053667,3.971387497749704,3.1919608302419977,3.956772740411428,0.977,0.9795,0.9814,0.9815,7.9913467534424445,7.935527894136259,7.624503852815583,8.008346200186727,0.9838,0.9894,0.9858,0.9869,5.958620603503517,6.256995269449125,5.870908086956021,6.027419556957467,0.9659,0.9788,0.9819,0.982,5.97894111826524,5.8918108489043854,5.566059917516302,5.989913073881028,0.9898,0.9963,0.9985,0.9985,0.8544832817043382,0.8440199595590774,0.7859954915319487,0.8535730352311299,0.9467,0.956,0.9612,0.9617,10.035159668740862,9.904369004735976,9.388257026774216,10.063630764382989,0.9712,0.9737,0.9977,0.9977,21.319306827578693,21.237346263044525,14.628493592141028,21.32130939110188
827,0.941,0.9562,0.9601,0.9599,4.110252228817465,4.049870031719799,3.837131828257081,4.101565740667502,0.9548,0.9564,0.9878,0.9876,31.29912840770688,31.413556345910536,26.662205956412585,31.35027044815496,0.9914,0.9925,0.9983,0.9983,5.706932120059131,5.569380250541484,5.456840417652712,5.715610809928146,0.948,0.9654,0.9885,0.9886,9.283267241312004,9.290081665723342,7.614129622727713,9.286034470445635,0.9919,0.9931,0.9939,0.9939,7.367743200151173,7.513686614714285,6.860144714947571,7.451929916345757,0.9749,0.9788,0.9873,0.9874,6.614965733738982,6.4550669607597175,6.384730504532078,6.622522403355446,0.9581,0.9623,0.9904,0.9904,0.7177967872611769,0.6982395232702869,0.6806552746293477,0.7167201870580313,0.991,0.995,0.9964,0.9964,17.215194261744458,17.068341404523714,15.511244070828084,17.213494092007746,0.9726,0.9775,0.9809,0.9809,6.304747517165899,6.281059214402993,5.753916518782105,6.305950591288072
828,0.9936,0.9966,0.995,0.9955,5.460712944065344,5.755210906686488,5.3002704828329135,5.472824096813213,0.9386,0.9507,0.9532,0.9529,16.96535708055144,17.055568749510652,15.701034874502025,16.84678724183076,0.9909,0.9992,0.9997,0.9997,7.153392697826076,7.212492006210212,5.572627309541394,7.160407567348831,0.9616,0.9758,0.998,0.998,16.622589534852853,16.61028749186135,12.841339682489911,16.622317337624942,0.9858,0.9926,0.9892,0.9896,6.219226691530936,6.585195037470102,5.93252340815139,6.23756389497599,0.9863,0.997,0.9984,0.9985,11.09015853295761,11.008936567517791,9.246826892734669,11.102170503746326,0.9835,0.9879,0.9926,0.9924,0.7505934722932166,0.7070930522397205,0.7057059083449047,0.7492074347742418,0.9862,0.9909,0.9967,0.9967,17.87052907594525,17.561612426657504,15.11692938587308,17.95875913797883,0.9635,0.9707,0.978,0.9781,5.932841148887476,5.8902011954580535,5.222978084777437,5.946496979502569
829,0.9601,0.9691,0.9699,0.97,4.303719807421232,4.286289561342572,4.090235084665451,4.314848370050161,0.9899,0.9938,0.9975,0.9975,27.130703158738253,27.188540914135643,26.0649310028419,27.185818666754184,0.9631,0.9642,0.9867,0.987,3.5944079451028434,3.4740739287042093,3.4358489196813093,3.602647437676899,0.9935,0.9976,0.998,0.998,16.71904216464506,16.713820167621012,14.521475883875414,16.718023782093535,0.9832,0.992,0.9871,0.9879,6.983194010364183,7.486926627163157,6.376893777118758,7.015832658721042,0.9763,0.9808,0.9796,0.9797,5.745373806912636,5.673915264786943,5.333503111099144,5.755000729811685,0.95,0.978,0.9901,0.9901,0.7056062167916355,0.7043021799833884,0.6632983076655371,0.702928655342277,0.9852,0.9905,0.9963,0.9963,17.102085837216574,16.888877226116993,14.521066713352344,17.12082378396038,0.9685,0.971,0.9749,0.9749,5.450887964294807,5.404158582907055,5.158095731002828,5.456996208113375
830,0.942,0.9535,0.9539,0.952,3.98505140320897,3.9603300357682274,3.753249977640955,3.950256345355815,0.9824,0.9922,0.99,0.9892,24.709145782962967,25.397683497111327,23.84650957717103,24.76042092741276,0.9611,0.9672,0.9965,0.9965,4.919541367758056,4.901806968618422,4.127635649478399,4.920095171585857,0.9859,0.9951,0.9992,0.9992,20.59039830962169,20.577830180744535,13.93199039543316,20.60122302913749,0.9272,0.9339,0.9527,0.9517,4.581254490168231,4.204156661457839,4.0865156932166204,4.554706639384946,0.9804,0.9844,0.9997,0.9997,13.537763154502924,13.429876922635094,10.033043611372188,13.554933781392942,0.9777,0.9858,0.9868,0.9868,0.6920083233610028,0.6540676940459891,0.6440929674380151,0.6912436475666506,0.9893,0.9913,0.9992,0.9992,21.50561017673893,21.353629763747044,19.3565110891908,21.50938425010027,0.9908,0.9926,0.9958,0.9958,13.860814034982354,13.746070247164775,13.267435139502393,13.883532639307845
831,0.9586,0.9637,0.9686,0.9683,4.276164527760322,4.170321336083755,4.056522292016839,4.268948089979525,0.9844,0.9888,0.9924,0.9922,23.57938589662312,22.99665110784475,22.639354891954557,23.556518854946724,0.9555,0.9631,0.9761,0.9762,3.1444391371710303,3.0332240965012964,2.9382421260250005,3.147374312771912,0.9835,0.9891,0.9963,0.9964,14.841044080218063,14.81301782911906,13.171357233264208,14.838729975770445,0.9965,0.9993,0.9985,0.9985,8.759708214455067,9.190620156905348,7.368651406801418,8.775004281628222,0.9914,0.9987,0.9991,0.9991,12.068347375262686,11.936544898990793,9.7776029267633,12.081978326252884,0.9778,0.9835,0.9865,0.9862,0.6940178801633692,0.6529929560639596,0.6472312464992063,0.6927469764506662,0.974,0.9847,0.9986,0.9986,19.7636232498028,19.61774811796139,17.58540701810515,19.812967596197115,0.9832,0.9891,0.9899,0.9899,9.517226118582435,9.435358307088402,7.501738265787614,9.52049856165333
832,0.9821,0.9832,0.9882,0.9889,4.9778801637123,4.800677048666299,4.755490176589811,4.985424854844178,0.9671,0.9809,0.9841,0.9848,21.18182226808461,21.52139328065208,19.968770727212227,21.36091431774915,0.9617,0.9686,0.9702,0.9706,3.098124929732857,2.929520255616928,2.874911673723934,3.101340013464311,0.9548,0.9681,0.9648,0.9648,6.095146734634534,6.101565492885928,5.335481046532186,6.100211599055555,0.9898,0.9923,0.9909,0.9913,6.524041650978322,6.736383009198574,6.408778565364498,6.534388466739431,0.9791,0.9826,0.9941,0.9941,7.993569178231931,7.864958097677941,7.465976508427313,8.010296195729858,0.9871,0.9935,0.9978,0.9978,0.8370639030588689,0.8281847152452545,0.7184587101901461,0.8367010457896156,0.9849,0.9911,0.9988,0.9988,20.31469183950285,20.185422436247084,19.095232568937305,20.36312828694254,0.9867,0.995,0.9958,0.9958,13.799720125258512,13.746999372921508,9.437912306785554,13.800367124697026
833,0.9836,0.9854,0.9883,0.9881,5.001895322921358,4.891195674919641,4.7772041699895365,4.992956755107106,0.9732,0.9773,0.9945,0.9945,24.5198890879733,24.51937561499221,21.83946383210461,24.59572673858559,0.9732,0.9836,0.988,0.988,3.732141333109243,3.767592390001529,3.2985509703357856,3.7350211287338246,0.9666,0.9837,0.9833,0.9834,8.284656078702259,8.34719632529584,7.471044813841232,8.283541671558071,0.983,0.9875,0.9857,0.9867,9.97017545221198,10.40789670693287,7.789716339186685,9.973126489209935,0.9734,0.9777,0.9761,0.9761,5.4882543900180885,5.366659387120046,5.197380793488075,5.504203678563188,0.9905,0.9948,0.994,0.994,0.7535602362281313,0.7486484370525446,0.7286118180744205,0.7538277052838891,0.979,0.9833,0.9977,0.9977,18.183281503083723,18.19412667795777,16.532255677416547,18.199012336452384,0.9793,0.9942,0.9982,0.9982,22.508929039226796,22.441993564297757,16.21451504057417,22.511438837159535
834,0.9713,0.9721,0.978,0.9783,4.563210373206402,4.38522164005469,4.372164181189923,4.570535045889188,0.9862,0.9902,0.9905,0.9909,22.53561558426244,22.194682842602308,21.287329705855377,22.630320951052337,0.9686,0.9743,0.9989,0.9989,5.932320228088383,5.948990703941138,5.560987065286778,5.925821694567237,0.988,0.9947,0.9976,0.9976,15.99770686148921,15.976618175561018,12.826415381856306,15.99525776701701,0.962,0.9674,0.9693,0.9691,5.059229741693171,4.975275807080717,4.794052537229975,5.043701648496789,0.9853,0.9886,0.9986,0.9986,11.09574046122938,11.01489952830762,8.196550653338942,11.109511693811994,0.9701,0.9711,0.9962,0.996,0.7996441371754649,0.7540084792482737,0.7480777806046046,0.7967346158798515,0.9813,0.9915,0.9937,0.9938,15.316500632119956,15.238152623831036,13.669795417979532,15.336306452218643,0.9517,0.9644,0.9676,0.9676,4.6493255457802665,4.627855399570537,3.850062548953448,4.651218959327813
835,0.9884,0.9962,0.9924,0.9919,5.210055530223057,5.540617503292817,4.9364449978865945,5.209620125136304,0.9321,0.9501,0.9674,0.9677,20.139772063457254,20.544366030522887,18.791573489501918,20.20160505495736,0.9536,0.9592,0.9788,0.9794,3.2360436136909216,3.177677765842237,3.0756847601519954,3.247952030454976,0.9854,0.9911,0.996,0.996,14.16995630066385,14.15466658267022,10.41328608794175,14.163505628017964,0.9734,0.9761,0.9781,0.978,6.102146400407393,6.306262364250161,5.828479609251758,6.099339071496157,0.9656,0.9766,0.9772,0.9773,5.458420478645319,5.399036582069051,5.003790582502094,5.467642588296594,0.9665,0.9838,0.9911,0.9911,0.7398672524994436,0.7327649508425478,0.6838808551437157,0.7393808688946311,0.9733,0.9787,0.9941,0.9942,15.635454307145515,15.511883115730722,14.432962909467925,15.661779516516956,0.9792,0.9855,0.9967,0.9967,16.98770352974531,16.79963856588733,16.640879511564595,17.01450468966075
836,0.9847,0.9958,0.9918,0.9915,5.455110539497236,5.911065947190628,4.920785497757089,5.451221724192459,0.97,0.9734,0.9884,0.9885,21.7493008998043,20.63378889932346,20.093833380845805,21.73956254303139,0.9843,0.9859,0.9995,0.9995,6.849928863179666,6.878693843035752,5.408554402093595,6.838570172904503,0.9646,0.9711,0.9709,0.9712,6.543507153129145,6.380202871437044,6.273166538529073,6.548853842934991,0.9651,0.9691,0.9686,0.9691,5.065642112798848,5.100948147586802,4.918905919088439,5.083350335436299,0.9892,0.9941,0.9979,0.9979,9.87519856761448,9.777278563236694,7.90607274684606,9.883140487024615,0.9732,0.9914,0.9901,0.99,0.7216486335345375,0.7108567623418924,0.6638354173905172,0.7206632634246872,0.9828,0.9899,0.9992,0.9992,21.52253292536779,21.455991541928384,17.645078663894164,21.52652997754921,0.9934,0.9945,0.9969,0.9969,17.363106434617144,17.274451947897962,15.598470640049667,17.364159549237243
837,0.9491,0.9531,0.9732,0.9725,5.356058461116962,5.398232920577083,4.742830717878031,5.347964030916124,0.9848,0.9886,0.9969,0.9964,29.07366320185898,29.52511796930575,25.682902523890085,29.034343975896977,0.9606,0.9692,0.9947,0.9947,4.470965775791687,4.471654163019758,3.891736535638039,4.466126727693616,0.9871,0.9929,0.9942,0.9942,12.177101554841949,12.181845960289955,11.251730509039827,12.173571029325004,0.979,0.9835,0.9814,0.9816,5.777302889434518,6.041032770252197,5.558644445482583,5.763278053993202,0.987,0.9904,0.9955,0.9955,8.334286535662526,8.241381633631129,7.663734231705515,8.349245788313873,0.9951,0.997,0.9976,0.9976,0.8408812701274938,0.81574361275273,0.7835511660247602,0.8398281695471237,0.9818,0.9898,0.9965,0.9965,17.28546999858483,17.15698824793752,14.091188394502892,17.303177002519398,0.9747,0.9781,0.982,0.9821,6.477598108362701,6.32030081764026,6.301703252600273,6.490600019854367
838,0.9813,0.9888,0.9859,0.9865,5.231764942461465,5.560202978149569,4.961183819420628,5.233933287276019,0.9666,0.9727,0.98,0.9795,20.16965486405992,19.333183739942665,18.785721765888624,20.06285563045953,0.9833,0.9973,0.9973,0.9973,5.200294022290432,5.298760240739527,4.889897492601593,5.213528482921219,0.982,0.9862,0.9967,0.9967,15.065422762909986,15.05614055081353,14.189482061572631,15.088718298869216,0.9905,0.996,0.9928,0.9926,6.788433746160198,7.357378678045074,6.410667868395973,6.780567277823536,0.9845,0.9927,0.9972,0.9972,9.133380913257724,9.054023167942468,7.925699421290046,9.143778167831558,0.998,0.9988,0.9995,0.9995,0.8927154191444018,0.863899994961655,0.8630032952502542,0.892794295423546,0.9719,0.9768,0.9862,0.9863,13.066180479792791,12.46943863476788,12.240679618232493,13.080199006448028,0.9702,0.9789,0.9961,0.9961,15.003503129472694,14.965744794985753,14.43916915751219,15.015084543889683
839,0.9803,0.9874,0.9856,0.9859,5.009809526020446,5.070231246286141,4.811776269187355,5.011180614816499,0.9823,0.9913,0.9925,0.9925,23.506565404645,24.079625503419287,21.92074865692443,23.593714973259157,0.9746,0.9772,0.9949,0.9949,4.548636134966657,4.557038366276455,4.155185556091059,4.55448669372109,0.9797,0.9827,0.9996,0.9996,25.312796650473857,25.22370960809212,21.7430982281492,25.31173038038632,0.9556,0.9633,0.9604,0.961,5.0167931604416,5.209115692589057,4.889356972338621,5.0587501483606285,0.9653,0.9839,0.9862,0.9863,6.50631536186466,6.409975931070617,5.7557575967064665,6.518583366769674,0.9868,0.9879,0.9951,0.995,0.7798801057327516,0.7504738436775328,0.7412390716325872,0.7780668631107136,0.9798,0.9853,0.9889,0.9891,13.73505849830016,13.250526793700375,13.082998908875904,13.794521511199196,0.9283,0.947,0.9729,0.9729,5.213192555826526,5.182346615980593,4.4662277000228,5.218165256275216
840,0.9845,0.9962,0.9896,0.9902,5.060376796002238,5.54900520975984,4.794059477570945,5.138820357033231,0.9764,0.9858,0.9875,0.9878,21.549468203608512,21.926152057297365,20.1484011976694,21.598320313279523,0.9794,0.9875,0.9982,0.9982,5.515530544477849,5.546775974055193,4.491283861503563,5.525928245391208,0.9613,0.9734,0.9768,0.9768,7.162884397648389,7.176721072983235,6.391842518650294,7.176156534017709,0.9846,0.9902,0.9877,0.9877,6.075869806417368,6.362006849311575,5.861497344493146,6.079865142306296,0.9741,0.9812,0.9816,0.9816,5.931898891987012,5.854846179439106,5.641580022317253,5.941165736347813,0.9783,0.9849,0.9903,0.9903,0.721491387456183,0.714179063027327,0.6705082944803997,0.7207362568754805,0.9943,0.997,0.9979,0.998,18.848069440918927,18.693523371103726,18.012777095021228,18.878642656755968,0.9791,0.9842,0.9938,0.9938,12.000660656261564,11.9553103144709,10.666060804761395,12.014120184863485
841,0.9721,0.9759,0.9833,0.9831,4.805552647612922,4.69879333526001,4.500478397648886,4.801695125259544,0.9392,0.9517,0.965,0.9651,19.056395636591382,19.265058929134213,17.57948048904862,19.059343654804785,0.9821,0.9877,0.9917,0.9918,4.1369515884504064,4.116314323935386,3.647991300288493,4.138773753015402,0.9833,0.9868,0.9899,0.9899,10.022153004057326,10.007106231244371,9.450019526090824,10.011790828565935,0.9503,0.9569,0.9596,0.9592,4.868388449825643,4.918797638567784,4.622466432723899,4.857837856264144,0.9791,0.9815,0.9941,0.9941,7.94897590163186,7.871850898534548,7.355307322776813,7.957619793332276,0.9753,0.9794,0.9877,0.9875,0.6987751188919661,0.6666846981535414,0.6512177833644603,0.6972838267640333,0.9924,0.9946,0.9998,0.9998,32.504478708042065,32.29645566957702,22.15727802182975,32.54278640237689,0.9572,0.9637,0.9876,0.9876,8.165983745067418,8.122192364166269,7.1317175736118905,8.171275926936325
842,0.9785,0.9841,0.9867,0.9864,4.988609261267083,5.080417115196108,4.577194759647167,5.002622544412663,0.973,0.9757,0.9916,0.9918,27.874727914391634,27.998134620432023,25.08062531826437,27.983820541405827,0.9832,0.9929,0.9918,0.9921,4.141719137821474,4.171411126690146,3.72433087513864,4.1617617437181895,0.983,0.9863,0.9964,0.9964,14.906527484118635,14.528516754300194,14.514322018371198,14.902679394180383,0.9765,0.98,0.9828,0.983,5.771185309534269,5.650553000641938,5.4637009130747,5.765324383642652,0.9829,0.987,0.9989,0.9989,11.822016488428826,11.721357076925718,9.756615501848916,11.842235119700556,0.9568,0.9847,0.9976,0.9976,0.812442809818763,0.8158199072076796,0.7688258214087813,0.8117411217514353,0.9784,0.9824,0.9967,0.9968,17.62435956854037,17.538916901924136,16.745015113853132,17.6591004993365,0.9865,0.9935,0.9987,0.9987,25.42399519680956,25.313623764035704,16.770697525736317,25.430165745871253
843,0.9808,0.9929,0.9883,0.9884,4.920930315377016,5.279146917590847,4.650620010202946,4.988539292701885,0.9876,0.9891,0.9959,0.996,24.525917512098744,23.445329428257185,23.15046739250325,24.459214441895064,0.9867,0.9924,0.9963,0.9963,4.926748862350363,4.9564148981147,4.173406075305395,4.92605217130112,0.996,0.9984,0.9994,0.9994,22.022209769875133,21.93001354307415,21.28029653635869,22.03757506423605,0.9505,0.9653,0.9628,0.9645,4.9639338792688,5.139846067214102,4.662255916078605,5.033451460032098,0.9666,0.9823,0.9812,0.9816,5.945116688822571,5.84567706121458,5.18541781974398,5.956446710957172,0.9911,0.997,0.9949,0.9947,0.7899094303215396,0.7772746803381352,0.7110541366685967,0.78656629531185,0.9902,0.9949,0.9976,0.9976,18.323266191117757,18.22434125511323,14.536827924150932,18.326644324235502,0.9733,0.9779,0.9839,0.984,6.987741766406157,6.9454459591431545,6.41153729632008,6.991141769578847
844,0.9917,0.9952,0.9954,0.9951,5.540218192699748,5.732563429833567,5.258016849163641,5.535043147829523,0.996,0.9977,0.9997,0.9996,34.15259011067635,34.56434262522711,27.68578745549532,34.25159797590446,0.9928,0.9976,0.9973,0.9973,5.25009444873199,5.265602377172441,4.762692223043576,5.239495558044284,0.9935,0.997,0.998,0.998,16.603551380374356,16.593394395707318,14.247995695384567,16.59878890740489,0.9736,0.9755,0.9792,0.9788,5.648802639202523,5.46875564924643,5.41544552349971,5.651174357965589,0.9659,0.9737,0.9739,0.9741,5.319518307760547,5.151420147851766,5.060145638406845,5.333227679776941,0.9777,0.9796,0.9962,0.9962,0.7926464382961773,0.7789507221574594,0.7517433546686314,0.7926835317892622,0.9842,0.9903,0.9965,0.9965,17.246141844582898,17.1572432164807,14.194713958301437,17.25479847512761,0.9811,0.9944,0.9967,0.9967,16.87610957511691,16.804541870405004,13.24411794962188,16.888479876720663
845,0.9831,0.9871,0.9885,0.9885,5.298110990398872,5.488808061582773,5.010590896255732,5.343126618417913,0.9943,0.9955,0.9971,0.9971,25.96346925238432,25.739415251539768,24.446108643739617,26.112968856074662,0.9727,0.976,0.9767,0.9768,3.2308379791127937,3.154598254141458,3.053817136699205,3.2396800373427785,0.9854,0.9908,0.9932,0.9932,11.354450742681852,11.360467444398198,10.820500481693896,11.352833147913833,0.9517,0.9589,0.9617,0.9612,4.810181559029135,4.736791738762613,4.535745763754986,4.793718241556599,0.9722,0.9759,0.9872,0.9872,6.588954197373222,6.487977936172843,6.332535388850099,6.600093392623965,0.9747,0.9793,0.9903,0.9902,0.7226356469602051,0.6957938080596139,0.681560338393308,0.7227766756071078,0.9898,0.994,0.9933,0.9933,15.108801595751409,15.00991332245034,13.52765129630914,15.154144227161291,0.9902,0.9926,0.9963,0.9963,15.512188591823175,15.365048852221438,13.918880194020936,15.536321226876108
846,0.9768,0.9899,0.9853,0.9847,4.850463798653665,5.016357937616451,4.571287932041743,4.838335031518401,0.9882,0.9949,0.9974,0.9974,26.14712744480213,26.92885865694159,23.427108747200982,26.194700472307765,0.9622,0.9662,0.9705,0.9707,3.106881534383995,2.9772379761336274,2.9094723994787084,3.110135588245103,0.9886,0.9952,0.9988,0.9988,18.293527541763517,18.2581483406058,13.447733826652058,18.30996822819076,0.968,0.9723,0.9744,0.9744,5.272158475728536,5.187147394218304,5.039726384762579,5.257711117840722,0.9827,0.9883,0.9929,0.9931,7.611788480818852,7.485402415551381,7.340298442053311,7.633720022990574,0.9794,0.9829,0.9904,0.9904,0.730609316628384,0.7074614995960792,0.6855493186780552,0.7287936724280091,0.9789,0.9837,0.9951,0.9951,16.089686655223957,15.575595266680187,15.539386385343883,16.11110162718641,0.9584,0.9838,0.9932,0.9932,11.14745663096325,11.103942648522963,10.278636794670106,11.161824212263792
847,0.9709,0.9931,0.9845,0.9856,4.792651678200193,5.216626796158402,4.35463932635658,4.8189457603773125,0.9891,0.9939,0.9934,0.9938,23.46547136785608,23.68086974197078,22.05147980916035,23.68793514699177,0.9612,0.9652,0.9886,0.9888,3.7989804195200696,3.807089928594026,3.4814469120006293,3.8131164836379994,0.9868,0.9921,0.9939,0.994,11.87113359623618,11.884890503313509,9.98102112975822,11.862864675967456,0.9827,0.9914,0.9879,0.988,6.022629169589538,6.431730759984461,5.629808486029294,6.026889370514111,0.9937,0.9973,0.9984,0.9984,10.994040475763011,10.864740823770733,9.307070052849864,11.016221043330354,0.9834,0.9927,0.9924,0.9923,0.753685286113869,0.747650732268385,0.6779351318789291,0.7522367767502097,0.9796,0.9816,0.9892,0.9894,13.824114555979897,13.659955230743984,13.065032015130765,13.881865705900973,0.9799,0.987,0.9969,0.9969,17.408302894634136,17.33082235539602,12.57900390343011,17.410695788296223
848,0.9865,0.9923,0.9899,0.9896,5.098312846070167,5.2511950931412095,4.889161722295775,5.096982735582756,0.9628,0.9716,0.9759,0.976,19.310688671180607,19.094031505843496,18.141283341278143,19.387680138204736,0.9732,0.9775,0.9833,0.9834,3.404508453992872,3.406612138560995,3.3231305619204727,3.408132633464591,0.9906,0.997,0.9983,0.9983,17.21985202427612,17.20462154843709,13.892492434643126,17.215743972510023,0.9866,0.9933,0.9894,0.9902,7.21635157752489,7.683648254034733,6.913176651862143,7.245279652620518,0.9618,0.9792,0.9811,0.9814,5.927761515281964,5.845661596375838,5.583875477502699,5.938317013597346,0.9284,0.9343,0.9845,0.9845,0.6637725299372589,0.6483483344674602,0.6217701458080247,0.6644922288361809,0.9862,0.9901,0.9932,0.9932,14.937332077213744,14.855546441328569,14.286592585515018,14.943175560473016,0.9655,0.9683,0.9973,0.9973,19.38617498236027,19.281561469669917,13.481925538455489,19.399157085576448
849,0.9544,0.9634,0.9711,0.9707,4.366276058471083,4.183989907413824,3.999468365287808,4.362227228249358,0.9687,0.988,0.9843,0.9849,20.810587534004284,21.656709340653244,19.245094147386656,20.92510277663897,0.9631,0.9645,0.9989,0.9986,6.290994006875177,6.317037808900754,5.592515068704505,6.284503606174605,0.9877,0.9899,0.9964,0.9965,14.845571028542013,14.815597453436215,12.14725833699657,14.84854298424978,0.9791,0.9906,0.9876,0.9866,6.27716894536648,6.699161917163252,5.767073022628686,6.296900183089638,0.983,0.9875,0.9901,0.9901,6.905693370453183,6.83511876467638,6.532966923605667,6.917193085745335,0.9871,0.9895,0.9983,0.9983,0.8581424721943314,0.8418609451959443,0.7814549897472501,0.8565776162431427,0.973,0.9733,0.9823,0.9824,12.212682968292334,11.729887758624283,11.728289689973378,12.23307528991252,0.9748,0.9839,0.9899,0.9899,9.485928818897328,9.436786245635645,7.499235442235115,9.485542482195768
850,0.941,0.9424,0.9545,0.9541,4.070601687906398,3.9317323491407374,3.889319691448079,4.067061353695255,0.9584,0.9646,0.9645,0.965,18.19041317281683,17.890144362118527,17.33983671166534,18.189802627886188,0.9778,0.9828,0.9974,0.9976,5.2413842256638885,5.302090466146751,4.413791440316071,5.256374219587784,0.9729,0.9892,0.9921,0.9921,10.608214168333063,10.663618875398456,8.258880177636723,10.608969584202251,0.968,0.9758,0.9761,0.9757,5.358864464160657,5.333027672041933,5.09574656198847,5.331221306807159,0.9761,0.9915,0.9954,0.9954,8.297485234334792,8.200824733350272,7.087580194695454,8.310125799010544,0.936,0.9443,0.9929,0.9929,0.7499053264624047,0.7394691763815416,0.6830935021193831,0.7505344871776413,0.9837,0.9909,0.9933,0.9933,15.033437865315012,15.000522723986728,12.945816617733325,15.039496104372253,0.9817,0.9853,0.9948,0.9948,12.86628844641612,12.813000538794697,9.832178717788404,12.871991287349635
851,0.9788,0.9918,0.9875,0.9865,5.068563032048593,5.420411689948535,4.726632406950402,5.078536613283159,0.9829,0.9859,0.9925,0.9922,23.249624787328035,22.728070115809683,22.14812811394209,23.17929894809778,0.9813,0.9904,0.9982,0.9982,5.561133141454619,5.575297031842298,4.758206112348689,5.560594721663558,0.9928,0.997,0.9995,0.9996,25.325794645981297,25.284826222305355,23.660950549526817,25.34726992025356,0.9654,0.9704,0.9719,0.9717,5.871750607041819,6.130323483955946,5.576680374253487,5.921977827426666,0.996,0.9991,0.9993,0.9993,12.371024211189749,12.249652793028863,9.173975536672543,12.383699578032942,0.9736,0.9775,0.9949,0.9948,0.778809878309868,0.7512056816813766,0.7294334707108252,0.7775081785741154,0.9873,0.995,0.9997,0.9997,29.66389639170092,29.548146006724565,19.99437056451757,29.71569604678737,0.9871,0.9935,0.996,0.996,14.182175635144288,14.092594221636292,11.259513635796717,14.200134085647836
852,0.9761,0.9795,0.979,0.9792,4.6136480186639295,4.688113350846384,4.525379007804718,4.624864086416274,0.9751,0.9884,0.9868,0.9868,21.333903198434182,22.073707406874654,19.48691721675424,21.37380807300029,0.95,0.9616,0.9657,0.9672,2.958165016069773,2.9342564130050475,2.765424793994512,2.9822501029249247,0.9602,0.9696,0.9794,0.9797,7.649500223987143,7.595943316742533,6.8277950979852085,7.672092177860921,0.9818,0.9868,0.9857,0.9857,6.074856821722081,6.371233311708629,5.670676991353067,6.088622210064262,0.9816,0.9981,0.9991,0.9991,12.01148186118125,11.936544392767368,9.068404330613472,12.028063889678103,0.9866,0.9906,0.9901,0.9901,0.7246950156234719,0.7177098223912971,0.6710574928876438,0.7246752637979639,0.9173,0.9264,0.9455,0.9465,9.06719765217258,8.83749024514842,8.462928276903542,9.135973631135148,0.9832,0.987,0.994,0.994,12.169711827258212,12.114684947318414,9.545936720344054,12.185122522446504
853,0.9804,0.989,0.9888,0.9877,5.116534708726588,5.231682695453896,4.769523019553371,5.123429895698903,0.9711,0.9787,0.9859,0.9856,22.06539024141397,22.28471460027455,20.92778065539135,22.095300658984765,0.9789,0.9824,0.9901,0.9904,3.98476318450923,3.9095728327178674,3.770371164652808,4.005421887277066,0.9864,0.9922,0.9993,0.9993,21.31281373621139,21.31249464339077,16.04148185522078,21.30658361247236,0.9754,0.9765,0.9796,0.9794,5.636646422369869,5.4691232918251735,5.390189424464045,5.626447424963782,0.9505,0.9771,0.9813,0.9816,5.921229665155787,5.845640676388889,5.071862631670908,5.935588419232084,0.9614,0.9651,0.9841,0.9836,0.6624380660393352,0.6271178118859595,0.6238927795794588,0.6612080577268563,0.9531,0.9603,0.9986,0.9986,19.772517639569035,19.548977556944266,16.31914608422904,19.823710553824668,0.9789,0.9846,0.9879,0.9879,8.370203347896444,8.317834399538501,6.886273344524587,8.373139558528507
854,0.992,0.9977,0.9968,0.9962,6.0237982511707,6.411635061122168,5.548110029536727,6.045257539797492,0.9659,0.9703,0.9918,0.9918,25.695834721818244,25.484973890161505,21.97817125823757,25.77144116176295,0.9932,0.9965,0.9962,0.9962,4.944670596303712,4.981467682615417,4.39718207693388,4.946759386828736,0.9757,0.9857,0.9921,0.9921,10.774193326102884,10.80579018819883,10.28257637153759,10.77061702982363,0.96,0.9622,0.9741,0.974,5.453627069608983,5.299428697436648,5.042755177142411,5.4237198295910645,0.979,0.9846,0.9907,0.9907,7.176437399297804,7.100165994228162,6.637372375278753,7.172526075258839,0.9753,0.9768,0.9872,0.9868,0.69879210156531,0.6550843768893497,0.6498681276976201,0.6955338131955032,0.9439,0.9496,0.9922,0.9923,14.779688418068478,14.564575289170625,13.446309616048785,14.81736436189545,0.9781,0.9907,0.9899,0.9899,9.471702305077605,9.42533384483766,8.016771129142082,9.479102711145243
855,0.9898,0.9957,0.9935,0.9928,5.433445142395468,5.548338437387237,5.21822593968214,5.410663466097125,0.9966,0.9987,0.9981,0.9981,26.97503225976048,27.99107297025512,25.249725963924647,27.000642259093585,0.951,0.9546,0.9706,0.9715,3.0673336081262934,2.903592166374984,2.833703771531697,3.075265028889315,0.9502,0.9659,0.9921,0.9921,10.710455705652087,10.581109258418884,10.409792393945478,10.731880750893348,0.9605,0.9706,0.9709,0.9715,5.18611675304628,5.291372874119576,4.9138157559771365,5.238950503323999,0.9326,0.9684,0.9817,0.9817,5.923500404425936,5.8574989628136,5.246000773202585,5.929174874054326,0.9819,0.9947,0.9937,0.9937,0.7620678101532898,0.7456055262595305,0.7207296441144746,0.7625827471808794,0.9261,0.9454,0.9555,0.9562,9.593314195482163,9.395805531329517,9.080872723156066,9.65258714847553,0.9784,0.9861,0.9956,0.9956,13.581975292860877,13.482645235175536,11.53649821789959,13.597356486355508
856,0.9775,0.9789,0.9832,0.9827,4.763165812482892,4.583862585857871,4.539453359782703,4.741755365911505,0.991,0.9975,0.9983,0.9982,28.9694773533777,30.028030047056284,25.89294099770613,28.93822382536989,0.9723,0.9852,0.9922,0.9922,4.14015174558163,4.145412003882707,3.559167631050297,4.157477386491357,0.9514,0.9566,0.9573,0.9581,5.596823398973418,5.492183521892998,5.325778732356867,5.61517404882072,0.9906,0.9943,0.9923,0.9923,6.515734920861572,6.849777141299193,6.350852981649709,6.552273174913426,0.9752,0.9771,0.986,0.986,6.404257768972191,6.329946860305178,6.141559146204591,6.415730124817115,0.9808,0.99,0.9909,0.9906,0.7306608085522648,0.7246379238178536,0.6556183854657066,0.7296022666846276,0.9527,0.955,0.995,0.9951,16.049311543742096,15.874079548100102,14.962086994955683,16.062685255895694,0.9774,0.9858,0.9932,0.9932,11.155859062642197,11.10507043267548,9.097638946669,11.166436692910978
857,0.987,0.9947,0.9922,0.9922,5.222588700431986,5.488501077455695,4.901383199088091,5.23346426619368,0.9695,0.9735,0.9819,0.982,20.505570102357748,19.61423915933794,19.115786305500414,20.49439544274272,0.994,0.9967,0.9962,0.9962,4.921961494364132,4.922791796725381,4.740765620332279,4.932868147649152,0.9613,0.963,0.9958,0.9958,13.64315392632884,13.61181006644151,11.979548555274492,13.62136141556039,0.9111,0.9163,0.9328,0.9314,4.133880564635179,3.9100810724787207,3.8348434381397407,4.105309542958378,0.9949,0.9973,0.9991,0.9991,12.05990299405209,11.936542906138843,8.952043837109994,12.068973827255776,0.9644,0.9672,0.9717,0.9713,0.6211191445419761,0.5784653932628424,0.5769715351589109,0.6180892729871992,0.9536,0.9716,0.9877,0.9878,13.19124280418245,13.073416793381709,12.573421162851243,13.226133513171684,0.9866,0.994,0.9937,0.9937,12.024854520040156,11.960450511354784,9.338770971800628,12.026055755811024
858,0.9808,0.9874,0.9851,0.9846,4.996131281192866,5.27056403591968,4.792418155100837,5.004240142881375,0.9904,0.9954,0.9931,0.993,23.20960335483336,24.212262608967716,22.26070980317469,23.22139246074828,0.9752,0.9837,0.9957,0.9957,4.65344199829463,4.684697797916668,3.7940833227866713,4.650179457034147,0.9862,0.9885,0.9924,0.9924,10.99772867538934,10.957487846985048,10.607239898386398,10.996894726631892,0.9446,0.9505,0.9587,0.9587,4.759457723255083,4.666143625720522,4.445585678288692,4.76020771621816,0.9614,0.9789,0.9861,0.9862,6.491849028021551,6.387747706672311,5.633310521005404,6.505399001067084,0.9583,0.9645,0.9906,0.9906,0.7249609328641546,0.6912920608058635,0.6892229934080945,0.7245650582039749,0.9934,0.9963,0.9961,0.9961,16.65477293489186,16.337180624188196,15.981602141274582,16.746800206782552,0.9833,0.9881,0.9975,0.9975,20.24013743071895,20.178004878937283,12.82528330064055,20.236439859357866
859,0.9702,0.9765,0.9774,0.9784,4.546682842647391,4.519349699554782,4.322831835071316,4.567770222392015,0.969,0.9751,0.9899,0.9882,26.398056596305093,26.71352458561726,23.84911154107706,26.48113025365302,0.9761,0.978,0.9946,0.9946,4.429377888200952,4.4173635469331725,4.128193930233078,4.4342543370903815,0.9828,0.9952,0.9958,0.9958,13.622199068630396,13.63795837574454,8.921126643528082,13.618632952110332,0.9738,0.978,0.9791,0.9793,5.474246123969948,5.417354393260018,5.262949694472012,5.479572921438404,0.9869,0.9933,0.9928,0.9928,7.5043557184862575,7.410612805861699,6.693689457781568,7.517557765577869,0.9439,0.9501,0.9883,0.9882,0.6917763474463412,0.6594293773126683,0.6531254035907231,0.6899748926117859,0.9351,0.9468,0.9472,0.9475,9.210063255294791,9.050944218841872,8.594424831049627,9.210009808279944,0.9892,0.9967,0.9972,0.9972,18.91997328309776,18.8235628525424,15.49801271784753,18.92170447014185
860,0.9734,0.9786,0.9815,0.9822,4.749920158606955,4.698602279869689,4.5002612529823285,4.765042069469617,0.986,0.9871,0.9928,0.993,23.251038529881328,21.933803032683752,21.74814841098691,23.252348150374495,0.9793,0.9929,0.9931,0.9934,4.227070563170175,4.245839833758993,4.062430059613092,4.251108781737523,0.9652,0.9742,0.9822,0.9821,8.01877001100369,8.050772579489294,7.454169356448375,8.002217609377537,0.967,0.974,0.9747,0.9745,5.601791076983481,5.571754655677772,5.425405436071236,5.592940728322561,0.9638,0.9754,0.9912,0.9915,7.261977119070149,7.1797216080172985,6.58753948844107,7.273665586945415,0.9863,0.9916,0.999,0.999,0.8669505974867462,0.8606510646952736,0.7875573412621598,0.8643714347462121,0.9744,0.9889,0.9934,0.9935,15.17608999604268,15.160151886275225,12.054809513725449,15.185829787368904,0.9958,0.9979,0.9997,0.9997,53.47686898340477,53.27051505609068,33.09907970562093,53.476119433654176
861,0.9175,0.9302,0.9339,0.9335,3.95718884343848,4.001233093377639,3.811882334912213,3.96562711317744,0.984,0.9903,0.9935,0.9941,23.62896416177171,23.67633754959136,22.370470663974466,23.78245020463696,0.9734,0.9877,0.9906,0.9906,3.9762695047287777,3.9379995649034094,3.799899070939327,3.982189568835936,0.9727,0.9748,0.9981,0.9981,16.985970387460206,16.88437819616302,15.29039847796472,16.98724479448773,0.9842,0.9863,0.988,0.9882,6.087788116815179,5.900847840017235,5.776980335093784,6.099746308655933,0.9475,0.9665,0.9698,0.9698,4.964417890508289,4.909652795105596,4.529990099243656,4.971421315620372,0.9711,0.9745,0.9999,0.9999,0.9355266546385252,0.9155680122716372,0.8947561986821961,0.936229259149567,0.9846,0.9868,0.9912,0.9912,14.564885279641128,14.111616583206436,13.90031776785736,14.59604602682737,0.9761,0.9784,0.9855,0.9855,7.545632328591306,7.50474347490991,6.894269412555963,7.554731169021643
862,0.9488,0.9602,0.9684,0.9684,4.265848553535226,4.083210349505494,3.859589563337253,4.264769303862165,0.981,0.9839,0.9901,0.9903,22.20351658769521,21.2458716006497,20.85275308449277,22.229785905908656,0.985,0.995,0.9959,0.9959,4.791480442573742,4.816546147181835,3.837813566825514,4.779086176916896,0.9388,0.9503,0.9511,0.9513,5.1686084355776885,5.181324215028989,4.721753396318231,5.189687909545129,0.9448,0.95,0.959,0.9587,4.927591248785443,4.865221803324152,4.71495956873261,4.920220007615962,0.9805,0.9865,0.9974,0.9974,9.37693338584859,9.27783388441237,7.77378180121655,9.387807779292222,0.9853,0.9893,0.9917,0.9916,0.7441220138407947,0.7345771541332966,0.6957715020445723,0.7429166690949187,0.9456,0.9498,0.961,0.9619,10.035714093971071,9.65680535473592,9.408808053526222,10.102650534085663,0.9667,0.9794,0.9919,0.9919,10.264069423473572,10.204532821022172,7.613163193847148,10.2724107032841
863,0.9682,0.979,0.978,0.9782,4.702693030897889,4.806333790154289,4.487535365562787,4.731658660563506,0.9671,0.9716,0.9776,0.9776,19.660374185656572,18.805033982091015,18.387695807488598,19.64219406837723,0.9579,0.9658,0.9751,0.9759,3.128087068290715,3.1131846238359757,2.944794285441724,3.15479985047543,0.9935,0.9958,0.9969,0.9969,15.31396503510264,15.300519378252678,12.79863570138454,15.304028325583008,0.9829,0.9884,0.9888,0.9889,6.66304742200088,6.948771861336106,6.123473407294551,6.669558892261378,0.9729,0.9795,0.9807,0.9807,5.860921963845912,5.768125156790985,5.574498489388022,5.877623442397084,0.9826,0.9854,0.9942,0.9938,0.7832858699713963,0.7497077839073969,0.7150879886434993,0.7819099108758465,0.9793,0.9846,0.9941,0.9941,15.664844188628251,15.577791835632656,14.243075057363347,15.685332168450632,0.9646,0.9713,0.9795,0.9795,6.1953008092386215,6.127335014186,5.67370810774029,6.209727316489638
864,0.9816,0.9909,0.986,0.9857,5.098563449097245,5.392693509563323,4.8940205213701775,5.142947966514065,0.9935,0.994,0.9969,0.9969,25.53870157510015,25.21931221226309,24.284549959038664,25.551201990809787,0.9826,0.9889,0.9944,0.9945,4.422108699394171,4.426353285782622,3.843233954913959,4.437534162439803,0.9387,0.9453,0.9594,0.9595,5.625522395110033,5.58573405931196,5.256407047707362,5.628364970196745,0.9636,0.9779,0.9767,0.9771,5.3790866913048205,5.604972212888174,4.889151503191609,5.410047904055809,0.9857,0.9903,0.9937,0.9937,7.75102234027482,7.667878753401601,6.690256234366056,7.764899201980638,0.9673,0.9748,0.9717,0.9716,0.6155393399208806,0.604393873337026,0.5797830196015222,0.6143144067479263,0.992,0.9935,0.9965,0.9965,17.497293080267866,17.266951794984713,16.39269269949153,17.5475722159893,0.9607,0.964,0.9962,0.9962,15.207993525476654,15.145468074483643,11.549150308405538,15.20889091694434
865,0.9693,0.9748,0.983,0.9829,4.797171275343657,4.815912784564487,4.386628261478852,4.82370296084069,0.9833,0.9871,0.9967,0.9969,26.90184660696222,27.23001246334436,22.999546421083743,26.95080393460828,0.9756,0.9837,0.9991,0.9991,6.369323471797432,6.403564574630005,5.165624719912061,6.366584646452577,0.9635,0.9767,0.9996,0.9996,25.219522969928985,25.205776543428637,17.938316314580888,25.212375764002772,0.9163,0.9193,0.9363,0.9365,4.247938737091,3.992313732333465,3.9481425031699473,4.257539588999197,0.953,0.966,0.9688,0.9691,4.996701710780536,4.902399069510659,4.68502811733746,5.006782006998197,0.9773,0.9902,0.9974,0.9973,0.8319488968756301,0.8239961588545804,0.7159285129453546,0.831674187661577,0.9676,0.9685,0.9981,0.9981,19.04595389369748,18.968022560981037,18.02802079915052,19.067635274263534,0.9733,0.9786,0.9961,0.9961,15.040298817200714,14.965619141941422,13.469702322175005,15.047318877081596
866,0.9728,0.9797,0.9813,0.9811,4.690609628574262,4.709303825852722,4.434514233831205,4.693754494504332,0.9818,0.988,0.9888,0.9888,21.78742106233553,21.57663598321038,20.874881121886197,21.78793539242488,0.9891,0.9921,0.9995,0.9995,6.790802937718866,6.812381011578796,5.14924519443364,6.788065045810668,0.9626,0.9719,0.9785,0.9785,7.42375938270415,7.425499458263427,6.822238663404151,7.432523357397694,0.9711,0.978,0.9787,0.979,6.621864402628512,6.902508735941924,6.212186185381519,6.610611111074395,0.9849,0.9927,0.9936,0.9937,7.759006990909112,7.667891566400286,6.324572630172321,7.766838552690015,0.9702,0.9826,0.9824,0.9824,0.6618422411344347,0.6515366553953911,0.616009110342489,0.6598746329010114,0.9425,0.9537,0.9542,0.9549,9.61123714372854,9.399498920950386,9.03194676103382,9.662890817958012,0.964,0.9767,0.979,0.9791,6.043531874972609,6.005553822170713,5.591049472946491,6.047165050199931
867,0.9916,0.9978,0.9942,0.9937,5.720836274668384,6.079003442790555,5.503218987356547,5.741937148453947,0.9499,0.9576,0.9704,0.9694,19.282722745659264,18.968173293442067,18.351698408572588,19.28338532123735,0.9865,0.9919,0.9945,0.9945,4.489497009304526,4.4434112360946,4.231090580466847,4.508378533880722,0.9938,0.9968,0.9983,0.9983,17.17032296618548,17.199395554683356,13.533361352572044,17.162653035511322,0.9964,0.9989,0.9979,0.9982,8.67333952360073,9.267265240353115,7.584222530785313,8.725011651372228,0.9729,0.9881,0.9969,0.9969,8.97824449363483,8.849373832173217,8.540628169121165,8.994379035857685,0.9624,0.9713,0.979,0.9783,0.6492849489596507,0.6119476935279925,0.6029646721821018,0.6455635985589071,0.9738,0.9815,0.9885,0.9885,13.635899984943771,13.543977185511872,12.73399942236051,13.63777844875175,0.9848,0.9892,0.9982,0.9982,22.55124442391101,22.43899837800431,17.045346943364148,22.55708900727429
868,0.9503,0.9549,0.9684,0.9679,4.2973965936953205,4.056061963718506,3.96439616635529,4.295247863154092,0.9615,0.9689,0.9668,0.9676,19.01643157555689,18.966830055157487,17.852297647086615,19.06878684492585,0.977,0.9794,0.9841,0.9845,3.604823299044783,3.43429466119984,3.376552086441145,3.624486081808192,0.9751,0.9777,0.9953,0.9953,13.076709715243336,12.99964602849663,12.549042518724796,13.076699673936687,0.9876,0.9909,0.9904,0.9905,6.661758614852507,6.9250719939767205,6.063507878016383,6.710575861336199,0.9779,0.9879,0.9915,0.9915,7.287443356498479,7.166078903764971,6.565176695506381,7.307686429550002,0.9593,0.9641,0.9758,0.9753,0.6347913821999037,0.5942567283650029,0.5859472456670043,0.632258232396475,0.9362,0.9457,0.9862,0.9863,12.87102097729736,12.671916545620658,12.034840857177745,12.933696706465792,0.972,0.9759,0.9969,0.9969,17.353836560742625,17.26470415359436,11.757647859774115,17.367565123682592
869,0.9831,0.9917,0.9938,0.9934,5.273875962133664,5.328529822524626,4.763315595145356,5.223802078627411,0.9841,0.9873,0.9902,0.9904,22.34302749111057,21.62620960175464,21.165952970662108,22.3872407733974,0.9858,0.9921,0.9937,0.9937,4.335716483631132,4.338210486175604,3.883617686407195,4.345395687281584,0.9759,0.984,0.9871,0.9872,9.104682462206895,9.066320335559244,7.84084605514725,9.115043397646843,0.9616,0.9716,0.9702,0.9712,5.11629365798251,5.172685275072587,4.80877250993153,5.14789448480858,0.9652,0.9802,0.9986,0.9986,11.159623007955451,11.052790964468931,9.312611655357315,11.169706298907478,0.9645,0.9696,0.9903,0.9903,0.7244396780002627,0.7115566124544171,0.6719276023014845,0.7218401616661181,0.9801,0.9859,0.9985,0.9985,19.56019807832098,19.491556448110785,16.957275742050317,19.570372804395262,0.9783,0.9803,0.9993,0.9993,38.4109568184075,38.27643607470841,26.178140545563373,38.41870060332492
870,0.9797,0.9873,0.989,0.9891,4.979015643666447,5.035394330136944,4.622167692961639,5.030209066480401,0.9736,0.9796,0.976,0.9771,19.580273752680164,20.162402527794573,19.083630713663773,19.722650092103628,0.9903,0.9938,0.9991,0.9991,6.407945148849388,6.413315000738441,5.809284350870557,6.40385907928554,0.9633,0.9783,0.9785,0.9785,7.415086468180893,7.46591355772522,6.446339580291533,7.425718891602888,0.9795,0.9855,0.9819,0.982,5.5687523302851,5.795402761744144,5.462539352383006,5.585962765167834,0.9635,0.9712,0.9743,0.9744,5.294609435800516,5.216794205267665,4.965958921555456,5.307347414641413,0.9898,0.9932,0.9966,0.9963,0.7999246553987532,0.7801565945261408,0.7564717334493839,0.798598188249648,0.9804,0.9887,0.9992,0.9992,21.4227193820353,21.345900795425425,18.69477073343518,21.442795371980225,0.9913,0.9926,0.994,0.994,12.323432028464987,12.232552934627112,10.9511873526662,12.3380150123558
871,0.9563,0.9664,0.9666,0.9659,4.241246894668593,4.23127035875511,4.047704043584935,4.221399043142016,0.9715,0.9808,0.9833,0.9842,20.75901473620411,20.80431345327425,19.207994239423385,20.920402438824567,0.9846,0.9889,0.9921,0.9921,4.144708822955633,4.1571650356951535,3.872643296609884,4.146252519454091,0.987,0.9886,0.9879,0.9879,9.380311874404946,9.302036412357875,8.944976401612646,9.400361467430717,0.9882,0.9933,0.9902,0.9908,6.306787735285233,6.708981362287648,6.042742572854413,6.347564139448231,0.9967,0.9995,0.9998,0.9998,13.80195469170733,13.70007112866821,10.260544584969782,13.81837937747351,0.9762,0.9908,0.9901,0.9901,0.7139994007782293,0.710789795116054,0.6565844099831835,0.7114782571751952,0.9598,0.9732,0.9794,0.9801,11.77376789256352,11.729663362144649,11.184072554226075,11.879297332850577,0.9797,0.9807,0.9983,0.9983,23.00121211250587,22.851470372919163,22.26095258184469,23.012672181370323
872,0.9693,0.9807,0.9793,0.9794,4.880232273559385,4.872243686033146,4.67985518733578,4.875176824298694,0.9877,0.9918,0.9956,0.9954,25.797645471429327,25.38590435231739,25.011287225772392,25.765212584586955,0.9834,0.9862,0.9986,0.9986,5.728809093272044,5.764156670940472,5.478949172390843,5.7302048618558885,0.9695,0.9793,0.9921,0.9921,10.839023996037737,10.784370042487875,8.29671399567401,10.842566484783667,0.9886,0.9897,0.9899,0.99,6.232886851733182,6.240611563079126,6.113845418376109,6.232760230198231,0.977,0.98,0.9954,0.9954,8.236070515425864,8.131458406530516,7.520836706676223,8.255207371585227,0.9797,0.989,0.9877,0.9875,0.6971780288495883,0.6912653701487967,0.6389827915086327,0.6953604316221138,0.9865,0.9948,0.9951,0.9951,16.188685284769722,15.605693621241183,15.534264819546191,16.180900020514247,0.9897,0.9943,0.9962,0.9962,15.252015751118124,15.16033927844768,14.650709030120968,15.258777713946278
873,0.9958,0.9973,0.9968,0.997,5.591098634129274,5.714643144912121,5.518781179141115,5.625925672133844,0.9726,0.9849,0.9832,0.9842,20.6790937943251,21.402178243977712,19.343348575474764,20.82025458243368,0.9624,0.9768,0.9896,0.9899,3.863887961371676,3.8828702730981446,3.529745212169153,3.873537722025224,0.9706,0.977,0.9756,0.9757,7.080606449823849,7.090263257837413,6.548300288230575,7.081808082476958,0.9565,0.96,0.9621,0.9623,4.94171750593506,4.865146019954295,4.789979002663685,4.948402882842879,0.9829,0.9912,0.9911,0.9911,7.226700901502514,7.141278480254834,6.525833283741898,7.238814371934681,0.9743,0.9824,0.9833,0.983,0.6742255998840421,0.6344619158387745,0.6227936810510838,0.6719671263112872,0.9706,0.9786,0.9939,0.994,15.650379380146298,15.455317196620149,13.07431175758351,15.70576888554426,0.9786,0.9858,0.9967,0.9967,16.87421933825528,16.799712061235805,12.381370910596967,16.86982587041815
874,0.9457,0.952,0.9573,0.9568,4.0238303287620685,3.9060772502380416,3.81219366447498,4.02067469243271,0.9921,0.9952,0.9938,0.9939,23.58024786187361,24.37400151543573,22.77954678383672,23.83131156590878,0.9483,0.9504,0.9813,0.9813,3.314651517229043,3.212651922056016,3.159638495508006,3.321175618641376,0.9898,0.9935,0.994,0.994,12.0461346444332,12.015586889958715,11.4359658206964,12.04480570321225,0.9653,0.9791,0.9753,0.9759,5.664595776444056,5.980452488434549,5.081385877705242,5.655713997406,0.9638,0.9803,0.9977,0.9978,9.710750798059088,9.589319277588334,8.443834301303642,9.720571277255493,0.9886,0.9902,0.9921,0.9921,0.7518467516037517,0.7162290818406488,0.7115887975453847,0.7524483553648094,0.9645,0.9769,0.9933,0.9934,15.271272318581936,14.773727932112678,14.55730900556199,15.28716265074129,0.9602,0.963,0.9946,0.9946,12.527857299938484,12.497759507365714,10.075559744316664,12.528890518989671
875,0.9928,0.9942,0.9945,0.9945,5.394040889495577,5.351374204362587,5.236274525166348,5.394872295605809,0.9419,0.9472,0.9568,0.9566,17.535944384817647,16.42271091472469,15.989987377888813,17.502103414277016,0.9591,0.9747,0.9944,0.9941,4.35982321676106,4.40175411978769,3.5770352587905787,4.356207230122791,0.9372,0.9408,0.9722,0.9722,6.659178265436906,6.596924189437609,6.339413233917703,6.660647603361466,0.9854,0.9931,0.9897,0.9904,7.688231894744799,8.135596730782176,7.439806783013848,7.723519146273316,0.9741,0.9857,0.9954,0.9954,8.323659381661253,8.233053461277642,6.609555398711012,8.3329600354648,0.9581,0.9609,0.9726,0.972,0.6175840286683253,0.5851526727314937,0.5814229028430783,0.6143836051810081,0.9431,0.9517,0.962,0.9631,10.098348176733628,9.8926346031506,9.521775698016128,10.153284500289027,0.9822,0.9886,0.9997,0.9997,53.46029971331728,53.26556587906484,32.6683036047422,53.483885036841365
876,0.9774,0.9826,0.9849,0.9848,4.89652675688578,4.925612647617445,4.636251231331348,4.888519040235172,0.959,0.9686,0.9756,0.9751,19.303084005097094,18.462850348742727,17.68185555345097,19.209640369367364,0.987,0.9932,0.9973,0.9973,5.157839626899945,5.18305373669008,4.35625576527146,5.163023393394064,0.9863,0.9923,0.9967,0.9967,15.208213612658929,15.19751855943522,11.989835972303972,15.212247518154944,0.9624,0.9774,0.9701,0.9709,5.103369222586526,5.469971453838254,4.804138133350546,5.1354588617434285,0.9691,0.9712,0.9929,0.9929,7.613533915669658,7.509810493302236,7.097737926277877,7.631469231517619,0.9705,0.9773,0.9901,0.9901,0.7111718943018193,0.7070871867061082,0.6527234050524433,0.7091923068733377,0.9796,0.9916,0.9913,0.9913,14.541011838977637,14.428981023404235,11.984841708801357,14.564954114979734,0.9651,0.9722,0.9839,0.9839,6.984906696168904,6.9426209925923255,6.407946509665532,6.993374992548411
877,0.9669,0.9819,0.9818,0.9813,4.6941090694942,4.711018261882495,4.284650310017316,4.680621322905136,0.9674,0.9722,0.9893,0.9885,22.260275501924657,22.03107568455624,20.758563063977853,22.365592827159883,0.9651,0.9697,0.988,0.988,3.7060704154776656,3.6654904586236072,3.5065949374503744,3.718187930900153,0.9817,0.9906,0.9966,0.9966,15.087585594322686,15.075108198895204,11.128990890930698,15.076092718888706,0.9751,0.9889,0.9825,0.9825,5.989860308682534,6.463778143222914,5.426276521362901,6.038953315112705,0.9717,0.9807,0.9828,0.9829,6.006086843984581,5.933467181038887,5.471312452459621,6.014034204275236,0.9639,0.9669,0.9973,0.9973,0.8185066979393799,0.8048773508240402,0.767768210069615,0.817257126129831,0.9701,0.975,0.9811,0.9815,11.973788080217536,11.873240456704504,11.438689957613205,12.005167546372329,0.9816,0.9899,0.9946,0.9946,12.577312225812936,12.511048558490646,9.158290098425306,12.589919792961137
878,0.9657,0.9803,0.9772,0.977,4.5319422894474375,4.680667979905784,4.20042323687338,4.538146949353068,0.9316,0.9481,0.949,0.9493,17.04388620883884,17.04926183440159,15.456110963029726,17.018012722667773,0.9794,0.9899,0.9884,0.9886,3.805863797095018,3.864119109100365,3.611111693341913,3.822072523048558,0.9684,0.9801,0.9951,0.9951,12.411508117544184,12.447210137377104,10.163410636306535,12.411090108483142,0.9777,0.9791,0.9827,0.9819,7.805007788400569,7.990963158243925,6.450624213271392,7.802800723576998,0.9714,0.9744,0.9758,0.9758,5.356401229875131,5.291849537848064,5.092933456887967,5.364423072671745,0.9828,0.9941,0.9973,0.9973,0.8188997563589719,0.8151355137940591,0.7034694234164325,0.8160189789031707,0.9497,0.9803,0.9811,0.9811,11.980398404363894,11.747570544486834,11.42798798479086,11.991913326957544,0.9835,0.9888,0.9967,0.9967,16.81850844142583,16.72617575784556,13.353346042662196,16.82534277571181
879,0.9494,0.9664,0.964,0.9664,4.168204409783408,4.274957525880896,3.874123436171072,4.245990262050429,0.9565,0.9614,0.9631,0.9632,17.90362777180117,17.926208282617747,17.173655006997006,17.912473359592067,0.9578,0.982,0.9832,0.9827,3.410158737581512,3.514882933999112,3.230485916042481,3.405743012124094,0.9918,0.9952,0.9962,0.9962,14.639743176292273,14.589875427943554,14.15519457189173,14.651143728765188,0.9447,0.9524,0.9541,0.9549,4.618384210992748,4.556276227346374,4.394849984766169,4.617763244578539,0.9869,0.9903,0.9966,0.9967,8.749734793334433,8.67509932593724,7.607068000778582,8.763406425353832,0.9753,0.9822,0.9868,0.9867,0.6895410951253148,0.660297475997593,0.6506482566754855,0.6873022911940829,0.9879,0.9896,0.998,0.9981,19.13857383161367,18.887620681820813,18.259564227562134,19.163885254420983,0.9801,0.983,0.9923,0.9923,10.439041859996866,10.384202542224784,9.901618002248757,10.453510562517872
880,0.9738,0.9807,0.9867,0.9865,4.888425061825274,4.647585070164925,4.451487389752957,4.892214121775687,0.9802,0.9866,0.9886,0.9889,21.797001170726453,21.557234939001944,20.61422413728411,21.75708905441308,0.9844,0.9914,0.9961,0.9961,4.865232612122868,4.883460324920924,3.967125290824816,4.859310582931541,0.9851,0.9891,0.9943,0.9943,12.227097791019222,12.209584131017396,10.713576075088472,12.22253687443503,0.9698,0.9795,0.9759,0.9762,5.377343220984557,5.546357842710377,5.090291050352818,5.368701394719421,0.981,0.9883,0.9961,0.9961,8.676264709925803,8.578906673665166,7.052997909477869,8.68861366207896,0.9557,0.9773,0.9833,0.9833,0.6630243760758897,0.6588376418994664,0.5895250475592835,0.6627695893474248,0.982,0.9973,0.998,0.998,18.720524150856924,18.69450429352745,16.085641083328554,18.71087807344607,0.9831,0.9945,0.9948,0.9948,12.952911392105076,12.899109490666488,11.899582942903644,12.95580639920161
881,0.9821,0.9829,0.9894,0.9896,5.076480752262466,4.868574466506882,4.816141324197115,5.0983121693975,0.9761,0.9831,0.9803,0.9813,20.332732184680705,20.62857901459641,19.388852436747257,20.456441963559765,0.9821,0.9844,0.996,0.996,4.747143524763568,4.75997325658868,4.411268520698088,4.751040033245767,0.9723,0.9829,0.9951,0.9951,12.474057583368216,12.45603407655179,8.71969046806422,12.469246276613523,0.9658,0.9768,0.9742,0.9743,5.29010291263561,5.528821906521225,4.931301534341761,5.287201601080519,0.9713,0.9858,0.9865,0.9866,6.516816625708086,6.455153458870663,6.1216809825816,6.527725666515401,0.9893,0.994,0.9977,0.9977,0.8372180886782735,0.8250725895717039,0.7448976900308266,0.8370573243152176,0.9752,0.98,0.9912,0.9913,14.603638308300704,14.397817989571443,13.793055383119851,14.64608587944194,0.9678,0.9787,0.994,0.994,12.32849637824458,12.274838852035424,9.361304603616196,12.334648444959704
882,0.9898,0.9935,0.9937,0.9934,5.3324746561683405,5.251271102026378,5.021651433507134,5.317153675337073,0.9559,0.9658,0.9726,0.9731,19.32038999608864,18.99068541635457,18.35831304283495,19.39155405949789,0.9509,0.9533,0.9982,0.9982,5.5792843663259015,5.403081192954565,5.316180322171862,5.581886469222217,0.9942,0.9989,0.9994,0.9994,21.957046338825386,21.94049787013664,20.06467563744649,21.96140934962489,0.9798,0.9882,0.9858,0.9865,6.921635983849381,7.350661222893027,5.957541509565678,6.926284781837509,0.9882,0.9992,0.9991,0.9991,12.042870094433743,11.936544992021076,10.468099923073094,12.055448993487614,0.9615,0.9686,0.9805,0.9801,0.6533398963168302,0.6201120803693361,0.6132765839329887,0.6512107385609477,0.987,0.9908,0.9996,0.9996,28.61434824163436,28.49516835020328,20.587029127428245,28.61788977788302,0.9911,0.9982,0.9983,0.9983,22.88974874149144,22.765430565826925,17.081912217559502,22.89637002817611
883,0.9786,0.9807,0.9889,0.9889,4.997797699635456,4.700708715236361,4.654062058060124,4.992193154670336,0.9609,0.9674,0.9904,0.9904,24.30165691915534,24.196561453858497,20.85630448939484,24.30743045283753,0.9776,0.9809,0.9946,0.9946,4.4110387575389725,4.430238342299439,4.09318785345633,4.408518499423844,0.9908,0.9964,0.9987,0.9987,18.26900422021604,18.26490018581047,15.364544391461372,18.26143148811683,0.9858,0.9874,0.9883,0.9884,6.203886054433413,6.227942096029789,6.068960266366298,6.20415399116043,0.9603,0.9791,0.9809,0.9811,5.8730614500979,5.818752186444359,4.852314478177743,5.88875527550091,0.9562,0.9767,0.9797,0.9787,0.652206128804258,0.6309109748677426,0.5978788656670542,0.6484690118287934,0.9803,0.9821,0.9853,0.9853,12.725579322010075,12.299091995177283,12.16240826726459,12.739906919798337,0.9833,0.984,0.999,0.999,32.06433180366218,31.85997178785488,27.5812779735939,32.07937440397799
884,0.9717,0.9778,0.9835,0.9834,4.795911978813972,4.606694045210361,4.447248953129448,4.803958986513422,0.9882,0.9966,0.9927,0.9922,23.288909658289725,24.86271417766943,22.325920812404807,23.327695124271216,0.988,0.9926,0.9965,0.9965,4.976875838069322,4.990352264995637,4.620285827537911,4.978682107076518,0.9885,0.9952,0.9969,0.9969,15.237984889023918,15.292245043440344,12.152886474012051,15.240207122930498,0.9808,0.9868,0.9831,0.9835,5.673704659324301,5.920614708269143,5.5196955459486485,5.68286501285214,0.9722,0.986,0.9911,0.9912,7.227142603450792,7.1412430800545135,6.8482873786435805,7.239837824616381,0.9764,0.9876,0.9894,0.9894,0.7129093490038179,0.7048914056087809,0.6401810009951183,0.711401421301163,0.9902,0.9942,0.9945,0.9949,15.93636522238432,15.497962231511382,15.3524366831356,15.985251333186662,0.9796,0.9919,0.9967,0.9967,16.771143953836543,16.72797028367045,13.749792031752753,16.769802325028323
885,0.9432,0.9571,0.9546,0.9526,4.271483657992733,4.34517978291574,4.147335609503969,4.263283039397315,0.9731,0.9797,0.9783,0.9796,20.07318899166161,20.05749926537091,18.89655697343169,20.240040832799945,0.9734,0.9802,0.9823,0.9826,3.428999231047692,3.4110111976203235,3.265821184314783,3.453241534736211,0.9615,0.9658,0.9898,0.9898,9.734717446844105,9.70793740573521,8.591554472554161,9.72426175384988,0.975,0.9881,0.9815,0.9811,6.16834698256762,6.643321159991797,5.691942049925837,6.177161101526617,0.9701,0.9765,0.9773,0.9774,5.469396647970238,5.421748861772228,5.0865754297156425,5.478402784034646,0.975,0.9805,0.9911,0.991,0.7368644185396133,0.7216755996300573,0.6829968876505274,0.7359675933495959,0.9818,0.9849,0.9864,0.9865,13.028903933625324,12.8772272929857,12.198525312232272,13.065296219653405,0.9868,0.9939,0.996,0.996,14.161992089484894,14.09267452915309,11.001321755126916,14.17395297353626
886,0.9463,0.9577,0.9656,0.9659,4.266859861443829,4.148866517370575,3.9382441345804646,4.279256034984444,0.9824,0.9845,0.991,0.9912,22.67293968248225,22.27828334752917,21.779027412900422,22.79460723452105,0.9709,0.9735,0.9999,0.9999,9.31829699885946,9.322506141171312,7.50954835329007,9.312605957685156,0.9784,0.9792,0.9866,0.9866,9.041986644612544,8.773673722265057,8.710656164325822,9.045798469339037,0.9647,0.9666,0.9726,0.9718,5.276157679761036,5.13527646207657,5.055355112387691,5.271087650409204,0.9545,0.9613,0.9782,0.9782,5.589654826541279,5.400283268992539,5.380900194098514,5.600838518988721,0.9585,0.9643,0.9725,0.9721,0.6289281065145783,0.5938290264901236,0.5764874416001202,0.6275443074221839,0.9915,0.9961,0.9986,0.9986,19.796164393161824,19.64713519797189,16.03804435397715,19.82479074917095,0.9838,0.9899,0.9967,0.9967,16.797272492294642,16.726612783548667,10.786937864400764,16.803639948505403
887,0.9494,0.9719,0.9662,0.9657,4.231727945715886,4.398657529192543,3.939215450959266,4.210652487163949,0.9832,0.9888,0.9957,0.9956,24.47664998155417,24.91917081778573,22.5379369075406,24.48290554145176,0.9797,0.9871,0.9916,0.9919,4.129102866985064,4.137257672692473,3.606264541024452,4.1417476523025245,0.9877,0.9985,0.9994,0.9994,21.910356592477168,21.93179463597061,15.0868671263088,21.9096416918203,0.9961,0.9985,0.9972,0.9975,8.042642922915093,8.573058269266674,7.275906437662452,8.085787585509124,0.9565,0.9579,0.99,0.9901,6.998710929391838,6.899346014948549,6.638943744471328,7.007922617154375,0.9782,0.985,0.9855,0.9855,0.6791396505753453,0.6471552741488329,0.6421791236694556,0.6770917212495409,0.9555,0.9702,0.973,0.9732,10.981233885371228,10.962263051785458,9.914215427869395,10.980628761241828,0.9744,0.9784,0.9941,0.9941,12.383750559251554,12.316849134547564,12.079998716895927,12.392905411872864
888,0.9772,0.99,0.9856,0.9859,4.817834513280793,5.039460571500642,4.534850462677238,4.80887893616976,0.9715,0.9761,0.9774,0.9779,19.67301848232185,19.359755614266184,18.787653350535923,19.700430026086533,0.9646,0.9724,0.9995,0.9995,6.734200268714784,6.748223913032863,5.136435735556325,6.739260496993458,0.9827,0.9872,0.994,0.994,12.129958654285169,12.103258501421324,10.56214108459048,12.126538919722242,0.9879,0.9942,0.9909,0.9911,6.522182849572394,7.1268251708405685,6.194809834893668,6.577797798020214,0.9886,0.9923,0.9915,0.9915,7.256220106304878,7.166097934522072,6.878305678004962,7.272171115135127,0.9884,0.9901,0.9911,0.9911,0.7435494975515247,0.7055654159245168,0.6970792376361354,0.7416162037371397,0.9702,0.9786,0.9837,0.984,12.360914349609818,12.28998816069665,11.488994807731858,12.368539405664698,0.9858,0.9935,0.9991,0.9991,32.70254896373713,32.53926374114071,23.33605425379306,32.7093723463863
889,0.9631,0.9665,0.9722,0.9712,4.416922021885943,4.292374580341372,4.1803748312591935,4.405716051029259,0.953,0.9661,0.9641,0.9636,17.89857322890353,18.25141912554164,17.027942887870815,17.899325217100625,0.9792,0.9854,0.9942,0.9943,4.386640392115017,4.399939563314108,4.072943620618481,4.397015784306234,0.9694,0.9735,0.9951,0.9951,12.467170619040877,12.426038113700509,10.43587857459625,12.46122342855023,0.954,0.9582,0.9704,0.9712,5.341388991841988,5.253583372909907,4.938626361658217,5.339586021320587,0.9737,0.9883,0.9983,0.9983,10.73091016541297,10.636073904951395,8.568098972287897,10.741408583189132,0.9798,0.9835,0.9881,0.9878,0.6973482849935144,0.6628915133964857,0.6609467159053837,0.6951243792539079,0.9296,0.9416,0.9792,0.9795,11.856876790414328,11.712416728006112,10.82573537975794,11.91018178445573,0.973,0.9837,0.9853,0.9853,7.564442161488355,7.481404853822792,6.09867084476735,7.5795223675737
890,0.9667,0.9688,0.9757,0.9754,4.550640665946967,4.368209538421697,4.303646670708681,4.542194355757102,0.9632,0.9704,0.975,0.975,19.550191972902063,19.33322149425153,18.496916830918053,19.58016984895444,0.9604,0.9697,0.9931,0.9934,4.1926251610603495,4.092865915747174,4.03284507624023,4.206578744280876,0.969,0.972,0.9868,0.9868,9.020338573585516,8.84451920331951,8.714110787806709,9.034707763204482,0.9765,0.9842,0.9785,0.9813,5.594588539474309,5.768407109166741,5.48245725899033,5.676615650795064,0.9774,0.9902,0.9972,0.9972,9.143418745280549,9.053990785196149,7.304991695329523,9.155270579926446,0.9458,0.9554,0.9854,0.985,0.6662879208438715,0.637924376354257,0.633089399079735,0.6656743966167189,0.9916,0.9919,0.9997,0.9997,29.71144339102377,29.542537014436245,24.28738344372923,29.753556131815337,0.9762,0.9813,0.9846,0.9846,7.260335139860118,7.199867277539776,6.239872562689006,7.268871196458896
891,0.9696,0.9734,0.985,0.9852,4.785865895132461,4.4243978981110965,4.305354729015615,4.777229506205593,0.9773,0.9848,0.995,0.9947,25.64818546527901,25.865473608187592,21.099478850815537,25.61166267689324,0.9843,0.9881,0.996,0.996,4.750777941960959,4.780566291990975,4.048207997469557,4.747162781226303,0.9777,0.9868,0.9951,0.9951,12.459497667355064,12.47150223243952,10.158819113640034,12.450852044027611,0.9828,0.9918,0.9882,0.987,6.463893159479612,6.79822861390208,6.2199582162401,6.418034835267969,0.9088,0.9531,0.9947,0.9947,8.009302929802727,7.967203192234893,6.7051826943795945,8.015228492540349,0.9679,0.9734,0.9833,0.9827,0.6683762908597914,0.6386147340744176,0.6190782611777289,0.6669757049543088,0.9858,0.9897,0.9964,0.9964,17.128358561296213,17.05445984694685,14.886022418203527,17.154002024776275,0.9721,0.9852,0.9895,0.9895,9.385367312123622,9.321216883631566,8.629265441343707,9.397025289809385
892,0.9906,0.9977,0.9944,0.9947,5.351166911507372,5.745925232259509,5.080824956934603,5.391545839344928,0.9554,0.9629,0.9627,0.9622,17.817567275326386,17.96781478406035,17.069367195139975,17.768880379534743,0.9681,0.9703,0.9762,0.9764,3.1764071922099832,3.058622011390645,3.0436647194650908,3.179819538414009,0.9694,0.9712,0.9715,0.9717,6.607086981328028,6.55845397610183,6.399814688198828,6.632647711976405,0.9845,0.989,0.9866,0.9869,6.2068704455329655,6.549738506573142,5.9026456767264674,6.219116972388966,0.9632,0.9711,0.9769,0.9771,5.488268730245242,5.405090667532967,4.953006779255482,5.49665426023627,0.959,0.9688,0.9746,0.9739,0.633395086972896,0.5992258651065199,0.5790214101082167,0.6292079179857364,0.9749,0.9885,0.9933,0.9934,15.311348004311926,15.189737019243202,12.966204434202698,15.316668969336432,0.9703,0.9794,0.9889,0.9889,8.91245356417558,8.863900735405887,7.395759888042453,8.919668977889076
893,0.9746,0.9851,0.9813,0.9817,4.789595864763762,4.88429754452146,4.564234964654309,4.789972155145854,0.9935,0.9958,0.9982,0.9981,27.06528164025037,27.03892533466518,23.964295833740064,27.10600759776565,0.9684,0.977,0.9927,0.9928,4.194136411849974,4.172408419957196,3.52775241188692,4.203897944499867,0.9429,0.95,0.9924,0.9925,11.01847741628544,10.949504007258048,9.225764312666811,11.034995958383693,0.9768,0.9838,0.984,0.9836,5.722928013645351,5.736392398171521,5.369851682906054,5.691065920722156,0.9642,0.9887,0.9887,0.9887,6.682999929070991,6.609465476571195,5.350350269620936,6.692856856650941,0.9822,0.9843,0.9874,0.9873,0.6896086762167781,0.665253568669437,0.6572893278066587,0.6886375387261644,0.9793,0.981,0.9954,0.9954,16.327432842755588,15.84234649473184,15.521732575685236,16.356509534619846,0.9714,0.9775,0.989,0.989,9.056598876283012,8.980670082269642,7.612573549842478,9.067919397241464
894,0.9846,0.9919,0.9925,0.9924,5.199419032907002,5.17107109816539,4.784633618716232,5.2015918035706585,0.9879,0.994,0.9945,0.9948,23.998785621949526,23.95486001505461,23.120358116093747,24.02370070142848,0.9924,0.9942,0.9991,0.9991,6.408036127318969,6.416953257506467,5.342825493672368,6.414863238262728,0.9809,0.9842,0.994,0.994,12.093093392419256,12.041372233546218,11.413024442545744,12.10256613155616,0.9713,0.9747,0.9779,0.9781,5.744561474561219,5.652071984482075,5.501427610353003,5.750483711241262,0.9698,0.9779,0.9839,0.9841,6.084197792351604,5.953058236734664,5.873182747969577,6.099774505514773,0.9847,0.9971,0.9968,0.9968,0.8112566774412455,0.8057545421214465,0.7128309178052188,0.8102689214150175,0.9809,0.9897,0.9882,0.9884,13.434060325713508,13.36787039381607,11.93967054848561,13.483479537993608,0.995,0.9962,0.9983,0.9983,22.89888145504412,22.764705768113892,20.89227454001625,22.9033629423553
895,0.9716,0.9877,0.9814,0.9811,4.726222097645367,4.959378372906571,4.486287371695241,4.732548354137869,0.9895,0.9956,0.9958,0.9959,24.628562376330738,24.291419473475003,23.22753590986844,24.673931275993617,0.9937,0.9949,0.9998,0.9998,8.071093226624622,8.07427859111922,6.210695610434751,8.06356047279853,0.9782,0.9902,0.9986,0.9986,17.68614060161536,17.682780704610483,13.42679561381195,17.689656915779334,0.9514,0.9557,0.9581,0.9581,5.003562174314068,5.060469669114486,4.851215664509205,4.9830819994197775,0.9613,0.9695,0.9926,0.9926,7.48489318749296,7.398836753799056,6.656821050161059,7.497587451289495,0.9402,0.9472,0.9808,0.9804,0.6477060545197388,0.623339650212382,0.6058580463785246,0.6456420653918695,0.9896,0.9939,0.9967,0.9968,17.6914514233912,17.5871196869277,14.956205782733822,17.729449834805276,0.9843,0.9911,0.9983,0.9983,22.95773522718522,22.856487504482637,22.008216320208227,22.9594331421183
896,0.9639,0.9713,0.9742,0.9738,4.609625216444053,4.705702386162242,4.3524622639576345,4.649399807198888,0.9705,0.9778,0.9893,0.9885,22.6478465050454,22.79239802353709,20.51880385133653,22.587975539093744,0.9889,0.99,0.9962,0.9962,4.885813039863297,4.791225332878658,4.698652476971391,4.893892600687938,0.9528,0.9664,0.9853,0.9853,8.59435774849718,8.603539143142623,7.356136351100814,8.596430799460748,0.9705,0.9777,0.9745,0.974,5.346874479214341,5.432560518087629,5.188459767378136,5.337915078666397,0.9772,0.9932,0.9978,0.9978,9.694534820146965,9.589703072003838,8.068374631950716,9.707200070675054,0.9933,0.9959,0.9986,0.9986,0.8557495067016393,0.8437083602044394,0.8062758616832175,0.8557800746813136,0.9706,0.9779,0.9988,0.9988,20.28191095719858,20.145839441272827,17.329722821164307,20.288552344979397,0.9882,0.9897,0.9923,0.9923,10.461908870560196,10.413721353946023,9.84432882499144,10.466445493943938
897,0.9711,0.9866,0.9813,0.9814,4.663053139921144,4.860790087355106,4.354829189637225,4.670236644546144,0.9888,0.9918,0.9974,0.9976,26.9758159629954,26.999941790445625,25.764652659071988,27.19291868805034,0.9932,0.9955,0.9951,0.9951,4.669573829631679,4.681688618138543,4.407091729936258,4.666522668324443,0.9847,0.9955,0.9967,0.9967,15.186103382341996,15.220161250405338,11.433830413236969,15.176628673628947,0.9542,0.9565,0.9578,0.9567,6.248316773855789,6.448837370451879,5.572625414011855,6.253830359678032,0.965,0.9704,0.9808,0.9809,5.887972570272904,5.8104779035589615,5.410848645011733,5.898129729400824,0.9731,0.9775,0.9855,0.9854,0.6744339772572799,0.6653523108339137,0.6364828205674227,0.6731827069889548,0.9927,0.9953,0.9987,0.9988,20.380805473413727,20.195207584803622,16.650500663347437,20.43736776706597,0.9566,0.9801,0.9876,0.9876,8.172743980545732,8.130419084673504,7.026949941584988,8.181777392492661
898,0.9727,0.979,0.9826,0.9824,4.723003291249247,4.5860496087566265,4.401084008660948,4.712040402902494,0.9876,0.992,0.9971,0.9971,27.331201029876816,27.605515026308552,23.14285337783248,27.324967426515556,0.9624,0.9692,0.9846,0.9846,3.524041089134286,3.4975243492432484,3.3005108858404477,3.5266924246560056,0.968,0.9734,0.9827,0.9827,8.158952307918346,8.175528860223903,7.859683775976956,8.158044436966172,0.9302,0.937,0.9504,0.9498,4.658456142985658,4.423783076651005,4.326915801942114,4.659848431090428,0.9706,0.9922,0.9979,0.9979,9.893751833396996,9.777260295354436,9.042938415105445,9.905155477077102,0.9853,0.996,0.9997,0.9997,0.9114133721293556,0.8968306641251058,0.8670013410973283,0.9115087816313856,0.9856,0.9922,0.991,0.9912,14.612788579574229,14.388804667314025,12.603811992683974,14.6695697832632,0.971,0.9807,0.9823,0.9823,6.478138251911913,6.454831805699303,5.5373626587960105,6.476599459724158
899,0.9759,0.9823,0.983,0.9835,4.74431879371106,4.790334232761114,4.497490601298969,4.7710462357982,0.9744,0.9794,0.9858,0.9862,21.13979062444936,20.17856984847415,19.68348510016325,21.209778574792526,0.9831,0.9871,0.9921,0.9922,4.120248932162293,4.041443688824028,3.9834676057373737,4.125857597703873,0.99,0.9933,0.9953,0.9953,13.039365619779568,13.001575201209825,10.671735756815666,13.032511569285044,0.9567,0.9673,0.9695,0.9681,5.121549942120939,5.086141706247102,4.745983625549677,5.07559592948444,0.9322,0.9522,0.9612,0.9613,4.525307119428868,4.468593651820821,4.0752765373793,4.5377400219585535,0.97,0.9821,0.9901,0.9901,0.7098946597149578,0.7091766215151346,0.6604282866197873,0.7080014454910177,0.9378,0.9397,0.9977,0.9977,18.188915951963075,18.066253023377275,16.521661167574376,18.203531230506,0.9604,0.9756,0.9929,0.9929,10.838557445313356,10.797697202706072,10.465418894037771,10.852293562417868
900,0.9816,0.9918,0.9863,0.9872,4.861991365262048,5.162159511758383,4.68517229186174,4.908295887295527,0.9863,0.9898,0.9929,0.9931,23.205115184039272,23.379486218683475,22.211411381545712,23.380428453677556,0.9837,0.9862,0.988,0.9883,3.826437749946655,3.8052262549218736,3.577733791039811,3.856952926987946,0.946,0.9626,0.9782,0.9781,7.270243201911281,7.293789551438795,6.622973676503658,7.263299754373536,0.9902,0.9951,0.9925,0.9929,6.62682274359925,6.969901519791178,6.429281153408935,6.656671078247747,0.9602,0.967,0.9657,0.9658,4.777026938940743,4.709759116084398,4.45548174265669,4.787538708665489,0.9775,0.9828,0.999,0.999,0.8614270004952934,0.8595732142633354,0.7750421170739697,0.860676599968933,0.9581,0.9659,0.9672,0.9675,10.621332936089456,10.141066781877065,10.006302075672576,10.686416125394324,0.9595,0.9738,0.9854,0.9854,7.531121744703664,7.489343295222159,6.350206887238541,7.537872746281093
901,0.9836,0.9869,0.9891,0.9893,5.002609360472663,4.937019993699852,4.809976751726849,5.005475879566706,0.9677,0.9798,0.9783,0.9785,19.88808968228513,20.09426828114717,18.19357690300486,19.872285960620307,0.9653,0.9664,0.9813,0.9816,3.3858931033731428,3.1938599057736976,3.1790065676641466,3.3886181829784654,0.9855,0.9883,0.9879,0.988,9.330364918297551,9.29394589813531,8.887802267439945,9.339688158485076,0.983,0.9913,0.9881,0.9885,6.327269420172922,6.714846663670594,5.933814206703106,6.33209910329891,0.9695,0.978,0.9811,0.9812,5.870205090713164,5.810643385905262,5.1946066042176335,5.87637835905578,0.9821,0.9895,0.9921,0.9921,0.7441899937832495,0.7322097728512892,0.7053786218991156,0.7433033687025621,0.9586,0.9688,0.9768,0.9768,11.428566619743636,11.09485318616998,11.062183247667424,11.435435125755756,0.9713,0.9823,0.985,0.985,7.434378884039514,7.401472127990677,6.125687693432811,7.441066727396979
902,0.9674,0.9687,0.9789,0.9775,5.03928567672865,4.980750775935756,4.787427620167247,5.04077581771538,0.9754,0.9828,0.988,0.9887,21.667077007807304,21.60760284784801,19.88747848561245,21.760283643377925,0.9826,0.9897,0.9995,0.9995,6.798109962674097,6.800850216552701,5.057777478187879,6.790380109074149,0.9575,0.967,0.9785,0.9785,7.424851638980419,7.415038708277182,6.559185186962231,7.418515158619682,0.9799,0.9834,0.9856,0.9857,5.81466488470812,5.734616393070597,5.537437925862726,5.829130957964702,0.9796,0.9834,0.9872,0.9872,6.5630728815193775,6.488161758263239,6.068670794388337,6.575806098133519,0.9282,0.9392,0.9781,0.9777,0.6371633021378333,0.6131826996685994,0.5885209528034281,0.6350461748690632,0.9524,0.9563,0.9624,0.9627,10.21200123256107,9.736016811126415,9.507331248578064,10.24099629943932,0.9734,0.9844,0.9973,0.9973,19.36049066546769,19.288726606338454,13.626584673689008,19.36602479495713
903,0.9801,0.9835,0.9846,0.9852,4.86398522700329,4.870708263361438,4.691422060475834,4.858514909841247,0.9794,0.9863,0.9881,0.9884,21.700812896150097,21.827915601367717,20.31961457662384,21.77532351743748,0.9719,0.9747,0.989,0.9894,3.935462206112328,3.856442702467083,3.6527026226402217,3.956704254797809,0.982,0.9876,0.9862,0.9862,8.939931209731196,8.955575071764912,8.172992453607522,8.945750475177695,0.9825,0.989,0.9871,0.9878,5.995292661115403,6.108808841965228,5.715286792635613,6.055253138181868,0.9805,0.9873,0.9903,0.9903,6.99990126867622,6.900744687585521,6.351571804952633,7.011895822678352,0.9904,0.9991,0.9985,0.9983,0.8502122423038434,0.8411366444258622,0.7766393509919167,0.8484866695570834,0.9803,0.9876,0.9912,0.9913,14.538758573042813,14.332094304237115,13.826527520968783,14.591169568768136,0.9858,0.99,0.9971,0.9971,18.188005175459228,18.107547372496416,12.752773523109711,18.1958802260974
904,0.9839,0.9842,0.9892,0.9892,5.025099495394581,4.75960992862475,4.752111876125427,5.013448760676175,0.9934,0.995,0.9967,0.9969,25.079030954979288,25.34038912456579,23.870110831766056,25.371172387977552,0.9843,0.9906,0.9899,0.9899,3.974151893639863,4.013843549564298,3.717486860200725,3.987965465383101,0.9482,0.9612,0.9856,0.9856,8.66110231368591,8.643195602790776,7.570206259724306,8.656231251446707,0.9644,0.9732,0.9717,0.9726,5.17960114547867,5.314843326459732,4.917267218356077,5.198746758500682,0.9309,0.9571,0.9619,0.9623,4.568089343047961,4.468709150376054,4.383546771356752,4.586566394195395,0.9778,0.9823,0.9953,0.9953,0.7836459692306743,0.759952242760977,0.7444150213213946,0.7828799138061421,0.9736,0.9811,0.9784,0.9786,11.860312145757948,11.659492718981245,11.049431531826894,11.86962040495906,0.9699,0.9783,0.9878,0.9879,8.321454753567451,8.264649303170742,7.840711761431375,8.325868570789622
905,0.9848,0.9921,0.9878,0.9879,5.00748439329904,5.314033695411926,4.87165756337229,5.0487675597785575,0.9727,0.9805,0.9801,0.9812,20.243794376971845,20.375913036887354,19.119689252371906,20.38504335954886,0.9716,0.9813,0.9883,0.9883,3.766685264471556,3.802345584933825,3.2465991873968,3.7698623461531486,0.9721,0.9769,0.9981,0.9981,17.009558417121635,16.8898003507452,16.082428301632664,17.013809195448136,0.9573,0.9618,0.9641,0.9638,5.046559975624085,4.9643889592579455,4.849576396892863,5.042062478803193,0.9901,0.9909,0.9954,0.9954,8.328425587403617,8.23314258660815,8.013287916902167,8.34610359191576,0.9754,0.9862,0.9985,0.9983,0.8543311356145609,0.84423787058579,0.7492173205772583,0.8516153854226947,0.9721,0.982,0.995,0.9951,16.037860898445828,15.949501092481572,13.107316439662569,16.061397439438945,0.9715,0.9857,0.9875,0.9875,8.15104369790766,8.108081070349256,6.88747644642746,8.158904761775734
906,0.9804,0.9847,0.9845,0.9844,5.209971257442275,5.4171413642009885,4.923492351334441,5.220945427525402,0.9569,0.9716,0.9701,0.9697,18.797177877524238,18.946664403837147,18.00526671166428,18.790065303904115,0.9354,0.9361,0.9507,0.9511,2.7005339202940464,2.542674173343068,2.535265559539907,2.6963476329522384,0.9747,0.9848,0.9834,0.9835,8.391097382819622,8.428289362826646,7.254086477391004,8.380963083856894,0.9728,0.9828,0.979,0.9775,5.464903366632028,5.676100843389698,5.253328685832268,5.4316576927809646,0.9848,0.9967,0.9966,0.9967,8.75263473264685,8.67514562459858,8.121773489467849,8.768698370482317,0.9524,0.9567,0.9953,0.9953,0.7708531113799106,0.7492623045525231,0.7360462650507973,0.7712244645777729,0.9474,0.9639,0.969,0.9692,10.644610569621523,10.56897543909225,9.828891739148125,10.656095978070312,0.9855,0.9917,0.9948,0.9948,12.886921351200987,12.816713922826546,9.494818373735525,12.902011533390745
907,0.996,0.9989,0.9972,0.9978,6.034934871721161,6.619742992529401,5.7144607671368055,6.095131796909872,0.9849,0.9911,0.9906,0.991,22.464957518379254,23.23566775416195,21.472852001111946,22.497020722295368,0.9799,0.9866,0.988,0.988,3.815244114518757,3.775747572798352,3.435206370746267,3.809651643493403,0.985,0.9874,0.9928,0.9928,11.01313596357147,11.05239657978426,10.10415502479784,11.00571964010012,0.9546,0.9657,0.9604,0.9609,4.864367518098321,5.1015264778133655,4.702418199434216,4.862441200118409,0.9854,0.9898,0.9895,0.9895,6.876486145627979,6.683162409750405,6.605652374257232,6.887793307682216,0.9868,0.9951,0.993,0.9929,0.7614018024990203,0.7558792293956952,0.6887847719097433,0.7598379732287466,0.9715,0.9841,0.9978,0.9978,18.64282108742497,18.60243689773284,14.943850836703968,18.67815643711109,0.9766,0.9781,0.9973,0.9973,19.43803473622081,19.353271320192118,17.45419663199101,19.44485690749536
908,0.9881,0.9929,0.9934,0.9932,5.223280620322375,5.270834236556938,4.944486800757597,5.233781932936643,0.9564,0.9639,0.9703,0.9705,19.01578727512596,17.961814774801887,17.191413323406874,18.891634480589204,0.992,0.9941,0.9951,0.9951,4.741117397100696,4.63001076554969,4.5176571749182255,4.745833311774911,0.9698,0.9775,0.9909,0.9909,10.342212447870278,10.20561526090586,10.059142863901611,10.352013668701442,0.9846,0.9934,0.9891,0.9891,6.229950906556245,6.699317977140963,5.89836461314199,6.241086339378292,0.9804,0.9851,0.9996,0.9996,13.308432294114496,13.17834136588868,10.628235496395378,13.33200536226345,0.9855,0.9877,0.9973,0.9973,0.8155207392352228,0.8031583214904892,0.7709063453001057,0.8131548872165972,0.9777,0.9857,0.9912,0.9913,14.537510684191044,14.336939318143786,12.994757132446257,14.593752402869438,0.9551,0.9623,0.9757,0.9758,5.552898807623721,5.424884545744541,5.3821317831998,5.566156481563029
909,0.9547,0.9666,0.9684,0.9679,4.320156421201858,4.251555003234854,3.9760669661931782,4.3063072057987934,0.9834,0.9853,0.997,0.9968,29.969558134702105,28.981079525992318,28.876427418212103,29.917783695337626,0.9775,0.9806,0.989,0.989,3.883035281840107,3.774479644037308,3.699836284977893,3.8877420641845526,0.9972,0.9996,0.9998,0.9998,30.087027940889925,30.113604733322838,19.84855440275733,30.073672158358967,0.9909,0.9939,0.9915,0.9918,6.5094287984302905,6.917814282209729,6.389458084327604,6.537039000388505,0.977,0.9887,0.993,0.993,7.6008031866393075,7.510423416414054,6.675765455246962,7.617698596707815,0.9699,0.9758,0.9761,0.976,0.6328478274020999,0.6183302269773634,0.5966581360735576,0.6326258915332293,0.985,0.9866,0.9986,0.9986,19.70850384541319,19.49330721367173,17.257471833631264,19.7401086203538,0.9467,0.9614,0.9707,0.9707,4.9460511460317065,4.905534005970428,4.756323426781532,4.958729772848935
910,0.9797,0.9834,0.9872,0.9879,4.92617282602698,4.76387653925827,4.612960175127046,4.942105507885519,0.9869,0.9949,0.9929,0.9929,23.198033061072312,24.10473802193551,21.39654292488808,23.17473825466088,0.9495,0.9576,0.9742,0.9742,3.0978058915745192,3.0044909879199144,2.929478877445394,3.0959543538193564,0.9762,0.9819,0.989,0.989,9.466803004152728,9.453165788498314,8.214504260316536,9.458147163711535,0.977,0.9831,0.9813,0.981,5.844316860521502,5.941380711284404,5.547905190373756,5.801604788636667,0.9618,0.9803,0.9857,0.9859,6.399654892368483,6.330003229382401,6.070621610075222,6.413233866528168,0.9768,0.9811,0.9883,0.9882,0.7095069809858621,0.6648139729523639,0.6511033085681932,0.706661701525249,0.9751,0.9892,0.9878,0.9878,13.362522765047595,13.3111104999092,12.314414483613469,13.372738184435493,0.9868,0.9913,0.9963,0.9963,15.44421239593528,15.36440881129415,11.124980042630416,15.447494953939785
911,0.9888,0.9955,0.9913,0.9912,5.219534172488386,5.440536735246617,5.016784610025066,5.211816867574468,0.9568,0.9628,0.9749,0.9743,19.17309422906865,18.09846963333488,17.63371981760122,19.11961682126277,0.9878,0.9907,0.9998,0.9998,8.040407258207527,8.048919063147508,6.106761976381356,8.032093897633754,0.9745,0.9788,0.9859,0.9859,8.870502150196328,8.836706690863148,8.497980879980432,8.867152283616162,0.9665,0.972,0.9741,0.9739,5.501064969274568,5.532839959302578,5.311680207898521,5.516908345315765,0.9794,0.9908,0.9925,0.9926,7.453629466094786,7.374288970242833,6.2552403768921065,7.464448026159786,0.967,0.9748,0.9839,0.9835,0.6619304963882093,0.6303987557531019,0.6256876031273477,0.6599861838425385,0.9902,0.9912,0.9923,0.9924,14.896368619248848,14.301021275696057,14.288698442026387,14.900927456176309,0.9624,0.972,0.9719,0.9719,5.091735795675218,5.05480009097767,4.804758581994613,5.095894450451356
912,0.9937,0.9971,0.9945,0.9954,5.3867086925709,5.665212344427452,5.272468744986767,5.468889403352565,0.9748,0.9863,0.9802,0.9806,20.559682742558877,21.36003757378259,19.279894626538265,20.567136304429315,0.9725,0.9761,0.9825,0.9827,3.470200622387525,3.3726552966810037,3.254275946425819,3.483729379208162,0.9547,0.9579,0.9761,0.9763,7.042446437810676,6.974034185299904,6.779338899328038,7.060352397103287,0.9923,0.9941,0.9929,0.9933,10.334729240906428,10.751771827198285,8.315103322674819,10.343191393153887,0.9899,0.9925,0.9925,0.9925,7.44805260618055,7.343561456300208,6.81879294978534,7.463255998042219,0.9768,0.9813,0.9977,0.9977,0.8252628441578624,0.8150108285032646,0.7824906121182059,0.8250582234407009,0.9922,0.9966,0.9988,0.9988,20.579516436410085,20.490912348551625,16.599353287658236,20.58864379863929,0.9817,0.9862,0.9923,0.9923,10.523502573246816,10.44398756808717,9.381572063919627,10.531516329491556
913,0.9753,0.9914,0.9828,0.9833,4.806970845918057,5.20172758612228,4.520282203392107,4.82440522992124,0.9923,0.9985,0.998,0.9979,27.140393262153648,28.34998987926006,25.41804106772881,27.13934550901582,0.9849,0.9881,0.995,0.9951,4.60880520188457,4.58626268409646,4.3938546550835405,4.6183293643502585,0.9745,0.9815,0.9981,0.9981,16.93215312097909,16.84842528581514,12.862576742155856,16.950697029201226,0.9717,0.9797,0.9846,0.9845,6.138856531884265,6.283584758919303,5.226322847624454,6.188838620742051,0.9803,0.9865,0.996,0.9961,8.587582715558996,8.475057849865227,8.004742241790762,8.60531020315477,0.9803,0.9843,0.9901,0.9901,0.7349305157845889,0.7041141797635779,0.6741037393098288,0.7336389375962742,0.9445,0.9695,0.9744,0.9746,11.230047642238445,10.72270891326428,10.575511231109182,11.247971692468308,0.9572,0.9806,0.9869,0.9869,7.898993890772829,7.875885144815959,7.260603550648692,7.905197999435786
914,0.9775,0.982,0.9859,0.9857,4.840534579848372,4.6822272039922055,4.545646658773547,4.831900122987211,0.951,0.9599,0.9739,0.974,19.80024281064834,19.944515536432508,18.576967894456192,19.87312810951152,0.9826,0.9882,0.9899,0.9899,3.94230400677002,3.963470611187015,3.7374887609490983,3.948169787487789,0.9829,0.9891,0.9933,0.9933,11.396608659218748,11.14195418743263,11.114735380484897,11.388814427190322,0.9769,0.9821,0.9801,0.98,5.663924454814748,5.908125359431654,5.449736955770488,5.664171823338932,0.9755,0.9777,0.9806,0.9806,5.862056721712361,5.720675509112069,5.570790586919954,5.884563737583356,0.9658,0.9739,0.9894,0.9894,0.7060930207707355,0.702929945034835,0.6467077086417263,0.7074005375335972,0.9821,0.9848,0.9853,0.9856,12.822961694434715,12.07943300201014,12.065378085767652,12.883511201678305,0.9797,0.9885,0.9949,0.9949,12.969520994289438,12.93508403076241,9.046688303548654,12.981621273083547
915,0.9683,0.9768,0.9822,0.9816,4.687126834110021,4.530632544962644,4.263614888642139,4.6789621764943465,0.9683,0.9726,0.9813,0.9815,20.314719188744466,19.748748049318404,19.2935394215032,20.35992469537505,0.9787,0.9849,0.9861,0.9863,3.6066122507426543,3.542867756442004,3.465703959945821,3.621359875584505,0.9816,0.9897,0.9932,0.9932,11.367064150091416,11.354636330080226,10.056067563024056,11.359612305986408,0.984,0.9882,0.9884,0.9886,6.222551059780255,6.440193520852029,5.966960137195471,6.29029616546169,0.9735,0.9848,0.9895,0.9895,6.811099756347528,6.730606655006702,6.063168463449093,6.826462048514975,0.9507,0.9624,0.9901,0.9901,0.7119219924461565,0.7057639743070241,0.6301449067100341,0.7101159799690753,0.983,0.9907,0.9909,0.9909,14.238324493324589,14.211150370849603,12.789868763195562,14.253198362613604,0.9719,0.9767,0.9847,0.9848,7.404468257442311,7.334205340458759,6.912859593983677,7.414517541204344
916,0.985,0.9864,0.989,0.9893,4.999022311881114,4.854413925569579,4.768325690132317,5.001389332925411,0.9831,0.9886,0.9896,0.9901,21.980124188070068,22.20958695626868,20.97374306675281,22.1065491899302,0.9746,0.9773,0.9911,0.9911,4.103659000006205,3.883790323023221,3.859592538209994,4.104155702085869,0.9688,0.9726,0.9909,0.9909,10.416466030756387,10.367258059937171,9.632376035062036,10.417458249350876,0.9765,0.9842,0.9807,0.9807,5.538886460566186,5.740262091569599,5.370645767496789,5.538826127692577,0.9841,0.9959,0.9954,0.9954,8.34811916325369,8.241411232115327,6.892023540407254,8.366931115249908,0.9362,0.9422,0.9903,0.9903,0.7235864722301228,0.7029168811177169,0.6595962008349827,0.7214755369310228,0.9761,0.983,0.983,0.9832,12.454797900442657,12.334742189448477,11.519230316616092,12.486102351097554,0.964,0.9734,0.9898,0.9898,9.442275380254602,9.386773382298347,7.957984404642417,9.453429387466713
917,0.9716,0.9753,0.9836,0.9831,4.759492700028517,4.479173299734695,4.36148982492235,4.728517560185255,0.9487,0.9574,0.9571,0.9584,17.230498121070312,17.249971318784507,16.577525061214512,17.31860251740247,0.9851,0.9876,0.987,0.9875,3.725603112791196,3.688473179189209,3.522122097287175,3.7398839747917743,0.9844,0.9882,0.9977,0.9977,16.13953981429069,16.08109884209397,12.526337644512036,16.134691133625036,0.9765,0.9786,0.983,0.9827,6.671787740959185,6.867777690417881,6.105606162531378,6.70349990745802,0.9868,0.9927,0.9961,0.9961,8.662186067939459,8.578962660187937,7.015344517390999,8.674065724732353,0.9592,0.9696,0.9963,0.9963,0.7955457843465811,0.7764191891386709,0.7503751403683457,0.7932587219443519,0.9742,0.9865,0.9902,0.9902,14.00099468125639,13.905951750013408,12.136927318272472,14.025215791000855,0.9688,0.9716,0.9733,0.9733,5.278721523400467,5.145583626749883,5.135862370726374,5.28474487952667
918,0.9867,0.994,0.991,0.9914,5.199900720614984,5.457606552820259,4.877316010671692,5.225571551225658,0.9828,0.9848,0.986,0.9863,21.68728463798455,21.338916021409904,20.562421264220195,21.649700834584703,0.9852,0.9876,0.9959,0.9959,4.79110200199024,4.778308670110761,4.209116069502182,4.809269831248107,0.9817,0.9864,0.9963,0.9963,14.80138697742749,14.803175826757435,10.58884932953104,14.782241290278613,0.9768,0.9845,0.9818,0.9818,5.815722161844613,6.09397278491776,5.5716260504012105,5.8835569718050085,0.9911,0.9991,0.9997,0.9997,13.590523238323366,13.430200005182028,11.356923781313329,13.599664447551891,0.9586,0.9726,0.9801,0.9799,0.6549687251451072,0.6437339071236272,0.5990085289517033,0.6552436298995474,0.9871,0.9945,0.9978,0.9978,18.6373957914657,18.22397427029636,17.894352488916894,18.65382635186745,0.9796,0.9884,0.9932,0.9932,11.11444261848359,11.089377618572534,10.19236034237798,11.118112601316136
919,0.9764,0.9912,0.9852,0.9854,4.80473132996263,5.082847638319998,4.51950761517501,4.81073592296827,0.9802,0.9812,0.9828,0.9827,20.934423838996683,20.340149096026455,20.220128936448667,20.88943926155825,0.9659,0.9693,0.9818,0.9824,3.4082489650541903,3.3545480719200635,3.218563679726906,3.428697220879984,0.9855,0.9913,0.9909,0.9909,10.283351673093463,10.3191011310938,9.711550465516844,10.287328000696188,0.9628,0.9696,0.9709,0.971,5.421432365438479,5.600294836621418,5.126827733930014,5.419385268263595,0.9863,0.9958,0.9992,0.9992,12.250048269237377,12.169809566585265,8.72517930596761,12.260484977146929,0.9695,0.9905,0.9898,0.9897,0.7096200992083185,0.7077762920969359,0.5950695548303196,0.7094594806721628,0.9833,0.9895,0.9992,0.9992,21.590681771624748,21.454226509477387,18.463995552896627,21.727656708192708,0.9463,0.954,0.9798,0.9798,6.211893565991184,6.179833065916744,5.437278172501038,6.212808659500521
920,0.9737,0.9761,0.9802,0.9802,4.89535952157004,4.837272045358122,4.76033636031972,4.898774782737605,0.9568,0.9684,0.9809,0.9814,20.96177471390692,20.894542932129305,19.7195977949282,21.17139601080405,0.9756,0.9804,0.9921,0.9921,4.110611445072849,4.041493311059769,3.940791922682736,4.115561257570223,0.9874,0.991,0.9939,0.994,11.917271463240438,11.911735379923751,10.123254295207833,11.92486428707954,0.9417,0.9451,0.9465,0.9463,4.431130687184446,4.393177815554191,4.316432704310593,4.41794450912673,0.9778,0.9815,0.9944,0.9944,8.047619607129318,7.810030016458656,7.806032719805842,8.05202090208865,0.9782,0.9851,0.9991,0.9991,0.8669624916385512,0.8624210353010409,0.7383028834282911,0.8664679117815678,0.9898,0.9924,0.9929,0.9929,14.814373875516283,14.388951657776598,14.35088925822171,14.82103588916349,0.9752,0.9812,0.9895,0.9895,9.368282196150794,9.31882911740652,7.7297173520698195,9.370273459900616
921,0.96,0.9723,0.9722,0.9726,4.444762173654578,4.496343743475353,4.241466183842601,4.454801254633402,0.9509,0.9583,0.9689,0.9695,18.47814324571863,17.311005328783228,16.684957980013415,18.5672443618148,0.9773,0.9817,0.989,0.989,3.8896648886192176,3.8701487591793073,3.5630671514722656,3.8905605948389175,0.9547,0.9684,0.97,0.9701,6.452564587229968,6.4557699075408586,5.642628480166914,6.458673610973513,0.9909,0.9958,0.9936,0.9935,7.261307268350098,7.848873445230811,6.742274045307315,7.293232259776193,0.9869,0.9907,0.9996,0.9996,13.315977644385253,13.178534682476496,11.473718193118524,13.331301795820686,0.9758,0.9913,0.9904,0.9903,0.7289208654743485,0.7244553904550135,0.6297059316651452,0.7253418298104382,0.9661,0.9736,0.9869,0.987,13.066500753179874,12.9998634160379,11.66317809451403,13.078572500999067,0.9855,0.9879,0.9987,0.9987,25.424241238528968,25.310575822040192,16.11439258911921,25.430044396531773
922,0.9813,0.9897,0.9862,0.9854,4.998791298045638,5.117359888876532,4.748744810687466,4.9857756140763545,0.9827,0.985,0.9928,0.9928,22.796183424646674,22.6656043181527,21.55004206509862,23.107590966424965,0.9906,0.9955,0.9947,0.9947,4.602143099958795,4.605254914852699,4.333452157896595,4.60638782670438,0.9598,0.9696,0.9862,0.9862,8.886171834971076,8.834858957650091,7.406690962567141,8.886672761777215,0.9434,0.9592,0.9579,0.9576,4.674392704526758,4.707430917528368,4.358627833650504,4.6715333949988045,0.9668,0.9893,0.9984,0.9984,10.926797516146085,10.864652606034348,8.402434218232008,10.936012581089676,0.98,0.9875,0.9942,0.994,0.7635721763141887,0.7583917263028219,0.6924023069064105,0.7612236972976918,0.9878,0.9937,0.9949,0.9949,16.019542855976,15.899803398511368,15.147959639964991,16.010200072672795,0.9862,0.9883,0.9948,0.9949,12.98776933700526,12.895754545640232,11.217307920917124,13.006528771305636
923,0.9866,0.9872,0.9896,0.9894,5.051849357905551,4.932911063667484,4.870685624131675,5.046439407383124,0.9797,0.9864,0.9922,0.992,23.48453755607373,23.07247834191222,22.48501392558928,23.520639100970683,0.9604,0.9661,0.9984,0.9984,5.6204689405084665,5.622775971583732,5.089431675131061,5.612071698968058,0.9848,0.9932,0.9958,0.9958,13.635820059050769,13.611563470302128,9.21111175076444,13.643543622874144,0.9723,0.9803,0.9776,0.9773,5.418631931504309,5.55472626296352,5.200094450248347,5.400753779954721,0.9814,0.9915,0.9909,0.9911,7.201784181243872,7.100218311753325,6.785729621509716,7.217370510143429,0.9729,0.9809,0.9904,0.9904,0.7292488111474698,0.7046448994303116,0.6881074962925668,0.7304279455211968,0.9481,0.957,0.9517,0.9528,9.583384061239096,9.373834114008856,8.9240419091337,9.615700356467087,0.9788,0.9865,0.9856,0.9856,7.627014486521979,7.590654519179896,6.3547826770163045,7.62953104154754
924,0.9834,0.9871,0.9886,0.9875,5.085792644172663,5.138847020339161,4.870210053905083,5.086708863633891,0.9769,0.9839,0.9863,0.9861,21.15689297670446,20.738052929686987,19.920415993468158,21.195234121089435,0.9708,0.9751,0.9999,0.9999,9.339990686722722,9.325497219756487,6.204052015658883,9.332586475757038,0.9627,0.9771,0.9977,0.9977,16.039418726535228,16.04248333689824,11.22996982016306,16.03485325692151,0.9802,0.9843,0.9822,0.9821,5.6050284712077225,5.78564562881898,5.513940564746547,5.625362074239219,0.9556,0.9818,0.9907,0.9908,7.183626414850001,7.092648413934665,6.54064044515425,7.197800202069373,0.9887,0.9895,0.9903,0.9902,0.7294640366584493,0.6870942609972575,0.6842928202442842,0.7271461661149914,0.9909,0.9931,0.9932,0.9932,15.039397699919771,14.512147303922225,14.4083039570266,15.077993826676217,0.9811,0.9819,0.9902,0.9905,9.597551190861823,9.391520340801602,9.354008449582556,9.61193769100216
925,0.9915,0.9962,0.9945,0.9942,5.951700954657133,6.331493126724148,5.27465448661711,5.970156994334518,0.9735,0.9824,0.9876,0.9884,21.775365764914604,21.47937430576511,19.627154209918235,22.002107693761918,0.9883,0.992,0.9962,0.9964,4.915063551938777,4.90205793684,4.716440765308026,4.943834176709289,0.9766,0.9922,0.9921,0.9922,10.811981031010871,10.861552252249334,8.544782006017194,10.81806445794532,0.9465,0.9695,0.9641,0.964,4.860865678283835,5.085227622885796,4.430373287867514,4.869222348547968,0.9527,0.9709,0.982,0.9822,5.966782088369137,5.898844578012063,5.386503394728956,5.974850958498008,0.9794,0.9934,0.9924,0.9923,0.7404459410744169,0.7384316359908644,0.7032365646799723,0.7397508880270015,0.9717,0.9781,0.9964,0.9964,17.068354845287157,16.905962581982134,14.381726060693804,17.085932187886492,0.9871,0.9976,0.9992,0.9992,33.26173972426854,33.07951202809092,20.06158507861721,33.274084153214
926,0.9692,0.9743,0.9791,0.979,4.743849207463784,4.609709318145671,4.414752172129521,4.750145576753962,0.9799,0.9924,0.9909,0.9911,22.434920979045074,23.065290729870785,20.1311611863206,22.509857471520235,0.9554,0.9616,0.9741,0.9742,3.0795263437606715,2.971146951241249,2.912181598362649,3.082947301025834,0.9926,0.9948,0.9993,0.9993,21.340609045510394,21.326601069529087,18.290997551223278,21.350794430598786,0.971,0.9816,0.9795,0.9797,5.596438952222362,5.878286301035415,5.270500662642764,5.603779922598683,0.9521,0.9713,0.9864,0.9864,6.519937261844974,6.426286445762414,6.229223193191665,6.532970778368643,0.9942,0.9964,0.9977,0.9977,0.8379363755538369,0.8256018454934649,0.7775244736326091,0.8359991074958963,0.9812,0.9919,0.9996,0.9996,28.59779550496213,28.497763060933103,20.745293399344728,28.59043620236748,0.9631,0.9842,0.9841,0.9841,7.070924087059722,7.0351913360687215,5.689110350559806,7.0777716107555
927,0.9868,0.9936,0.9921,0.9923,5.177033604303801,5.295840884314373,4.876811694138828,5.178817148952732,0.9561,0.9669,0.983,0.9833,21.067238423006053,20.61052689781309,19.685271715494707,21.113896758566955,0.9553,0.9581,0.9726,0.973,3.120787394455282,2.877430725817,2.865102246721665,3.124843823305101,0.9883,0.9912,0.9958,0.9958,13.764560816266997,13.699791802436978,11.929372113478935,13.777075820952598,0.9636,0.9754,0.9723,0.9707,5.197747822346798,5.323488663622038,4.888464206207466,5.150846303207356,0.9927,0.9973,0.9991,0.9991,12.036336952503934,11.936542906138843,9.71440309561866,12.053520881688048,0.9364,0.9575,0.964,0.9638,0.5867485189210415,0.571140553238663,0.5499457725151407,0.5855033374895043,0.9741,0.9917,0.998,0.998,18.91361560717301,18.891646738184747,16.982335347619305,18.933865558329284,0.981,0.9916,0.9923,0.9923,10.457498126289362,10.414398223948318,7.987152956183582,10.466539662382278
928,0.9717,0.9843,0.9769,0.9787,4.527608083401248,4.756541897046786,4.385921023235315,4.582809731701942,0.9782,0.9825,0.9894,0.9894,22.13046057676191,21.492735518236323,20.82356639194416,22.14026475267813,0.9877,0.99,0.9945,0.9946,4.471217851347862,4.392684471501578,4.295822720832265,4.470473249941609,0.9541,0.9594,0.9726,0.9727,6.747423664042911,6.699978770485674,6.432994917905762,6.757875661447996,0.9624,0.9724,0.9749,0.9755,5.420639412927782,5.548116545559371,5.09189148338333,5.485033480795565,0.9817,0.9878,0.9954,0.9954,8.303343792613383,8.198504189340058,7.405436835026601,8.321726382227597,0.9465,0.9655,0.9904,0.9904,0.7171924102382536,0.7182207609608156,0.6617729793273709,0.7159498249293681,0.9889,0.9909,0.9909,0.9909,14.2545194279656,14.17592369252688,13.582675120899143,14.271183424623963,0.9788,0.9868,0.9948,0.9948,12.87711638319266,12.813876141006409,10.207483720479589,12.88894411712717
929,0.9662,0.9693,0.976,0.9753,4.896402637156166,4.990578131821037,4.628228982285179,4.932234289624205,0.9667,0.9782,0.9825,0.9845,20.580934505908424,20.822262545879543,18.960833493178384,20.84178758060596,0.9873,0.9876,0.9912,0.9912,4.057815144128313,3.9011094074744137,3.89645690853791,4.055556069302926,0.9006,0.9174,0.922,0.9223,4.059117301022234,4.100560424268465,3.9069680881283455,4.070839844456566,0.9748,0.9838,0.979,0.9794,5.490950556877809,5.713413932557565,5.307535860394983,5.484845094205965,0.9585,0.9687,0.9961,0.9961,8.56323606083611,8.483020726672152,8.232135338518686,8.5706242176975,0.9916,0.996,0.9967,0.9967,0.8013718870898514,0.7832838396141291,0.7636264294087535,0.8009696124591369,0.9806,0.986,0.9867,0.9868,13.014663089021573,12.917894191092325,12.305357023705657,13.045541511964185,0.9685,0.9749,0.9887,0.9888,8.724161791741016,8.684086562150323,7.615030028448774,8.731013533714757
930,0.9857,0.9915,0.989,0.99,4.991931562011757,5.201470378138124,4.829390189054585,5.060956088020428,0.9802,0.9877,0.9925,0.9924,23.458737746201365,23.61241385594506,22.13544542293257,23.55051682817878,0.9901,0.9929,0.9947,0.9947,4.580780307116471,4.587295606862236,4.242006437381029,4.5789628541300855,0.96,0.9722,0.9785,0.9785,7.337772841949345,7.372497344703018,6.529821347196411,7.333676473005602,0.9749,0.9791,0.9802,0.9799,5.566771684161301,5.633578522923647,5.312450899035321,5.542796109567298,0.9888,0.9985,0.9984,0.9984,11.108402665837996,11.008938331062136,8.847005466179741,11.12056739495448,0.9449,0.9526,0.9762,0.9759,0.637602314148453,0.6011228184563095,0.5816139941639396,0.6353317941403404,0.9777,0.9921,0.9964,0.9964,17.213336908580448,17.16086631698803,14.729014108004156,17.25406967922669,0.9909,0.9962,0.9965,0.9965,16.17154448329062,16.111129039328304,10.409959879293035,16.17793982040933
931,0.9397,0.94,0.9672,0.9657,4.292037690040804,3.773697833744863,3.77063467270286,4.260401928364028,0.9687,0.9802,0.9841,0.9849,20.84679670727449,21.192448122440837,19.527824907634205,20.995272574391937,0.9517,0.9633,0.968,0.9687,3.027909847638655,2.9139859188776223,2.79635586064454,3.033552165909331,0.9577,0.9735,0.9857,0.9857,8.725362980471692,8.783316558922815,8.322455499573563,8.731304700888922,0.9809,0.983,0.9855,0.9852,6.0670604174822405,6.172752195612695,5.805333362585739,6.099407488783405,0.9813,0.9908,0.9913,0.9915,7.243762473074897,7.164051979201442,6.778525545030291,7.247471569461593,0.9583,0.9734,0.9949,0.9947,0.7715603908825177,0.7617990853900297,0.725108441692429,0.7693221050431143,0.9783,0.9907,0.9904,0.9907,14.12068644514144,13.918897062819516,13.499093286065358,14.185770496423904,0.987,0.9932,0.9937,0.9937,12.028283063502228,11.96018936209088,8.653542336192391,12.037663996138315
932,0.979,0.9878,0.9831,0.9837,4.783453733786953,5.0264265518190285,4.587261584131463,4.785704801665098,0.9752,0.9782,0.9854,0.9855,21.205536134767083,20.01017893490984,19.698899545153992,21.191843239734887,0.9682,0.9814,0.9949,0.995,4.5745614511398776,4.612320299234411,3.7977098842332815,4.588649927346802,0.9801,0.9848,0.9975,0.9976,15.78425147762205,15.707540932171424,13.976401950605934,15.784668124737491,0.9936,0.9974,0.9962,0.996,7.289609905551636,7.7018799760367695,6.758845975463911,7.27920868421678,0.9775,0.9813,0.989,0.989,6.764376639089323,6.678779485652005,6.309439972565303,6.777902203984607,0.9689,0.9831,0.9911,0.9911,0.7222797318061442,0.7217452892914685,0.6812338734020846,0.7210809891413588,0.959,0.9642,0.9616,0.9618,10.124049301264394,9.76739775067955,9.531652413412294,10.147061782044863,0.9689,0.9898,0.9994,0.9994,41.88562801001781,41.74016626282722,26.295730911467484,41.90117599878776
933,0.9795,0.9833,0.9849,0.9847,5.017475330965304,4.908600181991934,4.810262638223643,5.00910320289953,0.9906,0.9925,0.9988,0.9988,32.04449653196722,32.834053973196745,29.085978135289587,32.110371595416034,0.9622,0.9665,0.9904,0.9904,3.9156120259661953,3.9206761149246314,3.542599655928988,3.9201616300276023,0.9845,0.9891,0.9933,0.9933,11.43742160245093,11.437305798225902,9.736755721931976,11.44072984909728,0.9619,0.9667,0.9727,0.973,5.218418012837306,5.045442851119756,4.923266998166452,5.230012240739486,0.9677,0.9746,0.9974,0.9974,9.522955481879968,9.397582403548384,7.352319980950792,9.53478853891972,0.9781,0.9895,0.9901,0.9901,0.7217802920284544,0.7104967038865995,0.6401018632860042,0.7195947153644194,0.9899,0.9925,0.9996,0.9996,28.732542198558583,28.498844113935597,20.92987878682556,28.782938937514565,0.957,0.9637,0.9628,0.9628,4.2934450484694064,4.264671290104413,4.063841603566191,4.299183622344269
934,0.9658,0.9721,0.9797,0.9789,4.627313420791023,4.385014392830832,4.210962500552416,4.599596447099547,0.9511,0.9682,0.9676,0.9693,18.27662211356754,18.59007401874176,16.80733436902632,18.47039915890009,0.9838,0.9898,0.9982,0.9982,5.467843884069988,5.501572219633253,4.136316230304904,5.453570904900051,0.9866,0.9917,0.9936,0.9937,11.683127380142825,11.676197741384904,10.032825889864084,11.678466483202138,0.9836,0.9868,0.9887,0.9882,6.39069969223008,6.51525107851174,5.883766886668399,6.419225973754332,0.973,0.983,0.99,0.9902,6.9941043539911405,6.835071690523055,6.687628508858491,7.021830549522808,0.9877,0.9891,0.9967,0.9967,0.8031337251830474,0.7873612581966927,0.760526434322664,0.8028168372118845,0.9634,0.9744,0.9795,0.9798,12.0083416190843,11.63152533557918,11.32728342810981,12.053533252665815,0.9724,0.9797,0.9907,0.9907,9.555273569390028,9.53006245236714,8.558284115817672,9.561868638902611
935,0.992,0.9961,0.9943,0.9943,5.356213121969932,5.5419798120439925,5.133285675737235,5.340040780735232,0.9633,0.9687,0.9893,0.9886,23.590671446825883,23.559079612083632,22.031066894159537,23.632698534931023,0.9838,0.9903,0.991,0.9911,4.064451887037243,4.0127457121372005,3.865327609871161,4.08076806000038,0.9858,0.9948,0.9963,0.9963,14.671005567987269,14.724339494303068,10.800047481943093,14.669417947108087,0.9899,0.9959,0.9931,0.9935,6.844536529628599,7.3932820704221776,6.510910988324287,6.850651964901412,0.9708,0.9823,0.9938,0.9939,7.905618675177463,7.780500543006664,7.551730233106716,7.917016705316008,0.9409,0.9447,0.9516,0.9511,0.5669339413297558,0.5356628049420453,0.5290150105863309,0.5655500300344276,0.9572,0.9676,0.9697,0.97,10.832340444245649,10.499512549059435,10.193954749431033,10.879141357230496,0.9778,0.9862,0.9923,0.9923,10.48053837432843,10.44398756808717,9.039325286387642,10.483768504187449
936,0.9774,0.9878,0.9854,0.985,4.89441222200087,5.080183910848295,4.609311260977046,4.888021302787193,0.9772,0.9822,0.9899,0.9898,23.405965972887785,23.38902925318052,22.290088598023356,23.579859052917485,0.9482,0.9577,0.9564,0.9573,2.7925791690033543,2.7898090992115128,2.633028162137523,2.807975128210608,0.9921,0.9941,0.9965,0.9965,14.863148666970968,14.84115914325209,13.211445584879003,14.871326430794443,0.9835,0.99,0.9877,0.9873,6.217189471497029,6.606352433155029,5.869575743058391,6.21897335487678,0.9172,0.9301,0.9427,0.9434,3.807094004192672,3.7082337195017065,3.592457524204172,3.823826670518024,0.9787,0.9793,0.9906,0.9906,0.7172580648811334,0.6951730311482589,0.6944587605490276,0.7172687014998993,0.9659,0.978,0.9818,0.982,12.238225634624078,11.595021080302027,11.502379389078357,12.264481216949024,0.9814,0.993,0.9937,0.9938,11.995566046592003,11.960093143123558,8.754895047526999,11.998352266584812
937,0.9867,0.9968,0.9927,0.9922,5.412059681284344,5.720453133398356,5.15921008506315,5.399011752559332,0.9821,0.9841,0.9951,0.9951,24.16939653015533,23.03383205905,22.55118866770287,24.149920909482105,0.9826,0.9884,0.9924,0.9924,4.1899685537481774,4.210126057516218,3.8295505665673706,4.18627027014263,0.9699,0.9767,0.9849,0.985,8.60189685048862,8.40448317019653,8.258986311542154,8.608375892102822,0.9635,0.9735,0.97,0.9704,5.245226574787516,5.564012721996235,4.995601818893377,5.247445087855781,0.9908,0.9951,0.9974,0.9974,9.364998501581438,9.277970857481115,8.590043796767569,9.376626248679928,0.9337,0.9432,0.9566,0.9553,0.5692239109287849,0.5356325211992614,0.530735431394657,0.5664288887597642,0.9802,0.9868,0.9977,0.9977,18.32249109378141,18.203552628038818,16.94094057068687,18.352010820261256,0.9835,0.9935,0.9972,0.9972,18.92243642257203,18.822191469286818,14.528634253479666,18.93120348229768
938,0.9918,0.9977,0.9949,0.9944,5.564736981380313,5.913319382812846,5.374214358067902,5.581482776493212,0.993,0.9955,0.9989,0.9988,34.73616883286533,35.31287586593098,29.52752961402692,34.678405538513914,0.9774,0.9829,0.9984,0.9984,5.666738808324476,5.666945067199282,4.739495432903023,5.672371684445897,0.9463,0.9522,0.9833,0.9833,8.28268655827018,8.231474895435507,7.891642130823157,8.286773731424967,0.9853,0.9911,0.9889,0.9884,6.177229041802706,6.469263119201337,5.951550851777889,6.19941561396139,0.9601,0.9629,0.986,0.986,6.4521390266091805,6.343035087106513,6.148486573482844,6.46870337278183,0.972,0.9886,0.9866,0.9865,0.679235927717749,0.6772203299593131,0.612945970352295,0.6792396180682556,0.9675,0.9687,0.9731,0.9733,11.087146634340083,10.630827042476898,10.554695715558656,11.100860759218657,0.9726,0.9811,0.9919,0.9919,10.193276131901918,10.148539419900688,8.414766588929579,10.20425121107914
939,0.9375,0.9387,0.9565,0.9561,4.133254640636913,3.860970265226341,3.819776315725515,4.130454773405303,0.9861,0.9912,0.9899,0.9899,22.11295249063144,22.72256382686297,21.318227236071987,22.12372648388946,0.9903,0.9928,0.9983,0.9983,5.720093171861856,5.716343378524951,5.268005401580726,5.708330818872737,0.9612,0.9717,0.9853,0.9853,8.61454552068715,8.628348589207894,7.585590754190616,8.603096244792676,0.9861,0.9898,0.9914,0.9914,6.8231073347285385,6.979625947575822,6.055305114502717,6.791461858716131,0.9309,0.9808,0.9925,0.9925,7.488876751840165,7.410417723255228,7.059617982129689,7.498615381295218,0.9836,0.9853,0.9937,0.9937,0.7822010424962016,0.7308262727902524,0.7272347154281897,0.7812586203576175,0.9872,0.99,0.9898,0.9898,14.001139298652866,13.565946882087342,13.347235120301724,13.99577397546476,0.9894,0.9919,0.9988,0.9988,30.30651635729313,30.20502568917506,20.53851374086858,30.306764017835366
940,0.9725,0.9804,0.9865,0.9844,4.854735862391838,4.634166025070847,4.393205756849598,4.796040502472133,0.9909,0.9965,0.9955,0.9955,25.03947845793439,25.8886536595347,23.86942667362956,25.07345776070408,0.9749,0.9825,0.9959,0.996,4.7018795943285525,4.752749617039648,4.031251505364063,4.70471387930767,0.9677,0.9743,0.9747,0.9747,6.938280109261322,6.953580868332814,6.589130045290185,6.9363004715516325,0.9941,0.9969,0.9947,0.9948,7.11497251153696,7.616839049015562,6.876924148812988,7.140859241734514,0.9734,0.9836,0.9861,0.9861,6.454772546100629,6.352573102567027,6.1916550472508245,6.4727617684990415,0.9569,0.9663,0.9671,0.9656,0.611879589468729,0.5849407317663117,0.5618263985808744,0.6086625325369357,0.9825,0.9918,0.9955,0.9955,16.3355727198713,16.251240743552838,12.54541842769822,16.337888313608364,0.9644,0.9681,0.9665,0.9666,4.617307503671475,4.580682530778693,4.35824423138809,4.619929210999208
941,0.9754,0.9819,0.9876,0.9877,5.019519555974602,4.89368211668117,4.57774989854396,5.022447874176455,0.9851,0.9883,0.9902,0.9901,22.20795152148162,21.94297784341678,21.37624602837318,22.11164618693412,0.967,0.9712,0.9973,0.9973,5.196664465679926,5.1926904295312895,4.577941187363295,5.197539070445589,0.9805,0.9831,0.9872,0.9873,9.105812172703336,9.078774800908151,8.599905208672457,9.115306180964245,0.9873,0.9895,0.9885,0.9884,6.09513234536275,6.267931402676516,5.968365607186291,6.100256258680493,0.9803,0.9869,0.9868,0.9869,6.519966455709383,6.444602190601694,5.832521672577611,6.527547652552597,0.9857,0.9921,0.9929,0.9929,0.7602054267209463,0.7327404986223468,0.7156323175861158,0.7602205998386748,0.9657,0.9761,0.982,0.9821,12.078138860144668,11.976227775763498,11.488525118943626,12.090129185681205,0.9778,0.9818,0.9946,0.9946,12.572503355058943,12.50645827955858,11.010106603990984,12.57998823151109
942,0.9771,0.9825,0.9864,0.9867,4.86238346245241,4.706890178080126,4.541306367752262,4.880302441996571,0.9792,0.9834,0.9873,0.9874,21.477672181493567,20.92803211896617,20.480921412515904,21.528527519736176,0.9859,0.9904,0.9904,0.9906,4.011953202478704,3.9196563424294575,3.850767100669144,4.017646024601208,0.9659,0.9752,0.9793,0.9794,7.593280912744148,7.575965408700632,6.521656021583855,7.597084166403506,0.99,0.9925,0.9917,0.9916,6.576946885304071,6.884202022002567,6.258676123121347,6.602823723355616,0.9888,0.9938,0.9974,0.9974,9.482285950986675,9.37907390076757,7.473164957225824,9.495768110738302,0.9751,0.983,0.9962,0.9962,0.7953385327974442,0.784872699213482,0.6971082114481544,0.7933468464271297,0.9836,0.9909,0.9935,0.9935,15.204017696368288,15.166248552485404,12.869350061153888,15.213334545657018,0.9751,0.982,0.9965,0.9965,16.17275472179801,16.103828519652076,11.377424827166717,16.174175425233482
943,0.9792,0.9907,0.9876,0.9874,5.010692116857127,5.305774505906301,4.601700140752207,4.9911617873591885,0.9839,0.9886,0.9965,0.9943,33.21202433616223,33.70623138419262,26.339932792062232,33.25802406369034,0.9701,0.9844,0.9818,0.9818,3.4052014303439657,3.4483746375351267,3.1440320736204925,3.409141299077701,0.9705,0.9715,0.9998,0.9998,30.09089799229401,29.99571816341569,19.84640909385013,30.08545693587244,0.9769,0.9806,0.9815,0.9819,6.6988213869423685,6.995810004417391,5.953084604055595,6.707570108982219,0.9724,0.9862,0.9915,0.9918,7.2987126790089984,7.16606110987533,7.066791197450419,7.324760568936426,0.9775,0.9814,0.9877,0.9874,0.6976952736457183,0.6699035040764707,0.6479858148369467,0.694970571712216,0.9797,0.9927,0.9933,0.9933,14.992895792679438,14.979104771990285,12.74141024109871,15.0152089254245,0.9818,0.9878,0.9879,0.9879,8.319488692203965,8.251324361097906,6.724003100128987,8.328960724540384
944,0.9729,0.9787,0.9808,0.9807,4.70838715756547,4.653117680361564,4.479673090332977,4.701603707401873,0.9535,0.9654,0.9802,0.9806,20.373385093525425,20.342281966159277,18.642952363229963,20.445980712307406,0.9779,0.9891,0.9973,0.9973,5.081978865531298,5.100569262482376,4.871295164197716,5.086905378341995,0.984,0.99,0.9948,0.9949,12.382781117542155,12.419029147617364,10.141281308445668,12.372286794093638,0.9683,0.9716,0.9733,0.9732,5.241975395106178,5.206888753709663,5.0782266281924,5.232033112571269,0.959,0.9918,0.9954,0.9954,8.258162858386832,8.131770421657189,8.003307808306984,8.28147989665352,0.9847,0.9872,0.9987,0.9986,0.8530286856662104,0.8444434852850733,0.7910972684035983,0.8500832727950188,0.9787,0.985,0.9978,0.9978,18.65620689325628,18.60509824082299,15.22765173052603,18.68622326853475,0.9791,0.9858,0.9985,0.9985,25.16548798984489,25.06208351671417,17.97564354590293,25.165646101032653
945,0.9793,0.9889,0.99,0.9895,5.04514438717433,4.979521248120811,4.610824923868499,5.043844023421093,0.9628,0.9661,0.9692,0.9691,18.48901961339703,18.152145798075928,17.706525463052856,18.435694601196207,0.9845,0.9903,0.9928,0.9929,4.247019622484526,4.255343526345218,3.836066617254709,4.255552195757741,0.9853,0.9898,0.9998,0.9998,30.06406676052686,30.04888663643119,21.08042869489468,30.06252129437182,0.9867,0.9895,0.9887,0.9883,6.108661631151421,6.215311829953457,5.918235894058286,6.104184649741935,0.9695,0.9768,0.9984,0.9985,11.210203250507949,11.052632858881058,10.266127152384303,11.234011105655194,0.9719,0.9839,0.9981,0.9979,0.8300528559747141,0.8255407424644052,0.7139697192228492,0.8287652142509832,0.9696,0.9805,0.991,0.9911,14.324372051331313,14.263918689558778,12.392764613826888,14.351518757150926,0.9752,0.9885,0.9949,0.9949,13.016349091080162,12.93508403076241,9.453523560402395,13.0277294731225
946,0.9681,0.9822,0.978,0.9782,4.554914030712209,4.715466253312966,4.262698897402205,4.571643416654529,0.9872,0.9974,0.9966,0.9964,25.843241879602036,27.055421631588388,23.94661702399461,25.78439723226392,0.9579,0.9709,0.995,0.995,4.523898324123251,4.5391344423265085,3.681708696845464,4.522220563343797,0.9579,0.9708,0.9783,0.9783,7.352597244615193,7.366711282471016,6.4626432602369945,7.358050607901312,0.9962,0.9981,0.9972,0.9973,8.408666260435453,9.004879548313724,7.776644614643321,8.423053561219255,0.976,0.985,0.9857,0.9857,6.414230126320329,6.283742705839327,5.534509348948893,6.422356331696,0.9695,0.9861,0.9998,0.9998,0.9180338883240882,0.9185967471871236,0.7830648032622162,0.9169752945072877,0.9809,0.9832,0.982,0.9821,12.240221448124208,11.930114924067848,11.59567970585198,12.281450110727622,0.9577,0.9755,0.9812,0.9812,6.360106494615598,6.318557190847872,4.76845662085163,6.36895593524866
947,0.9803,0.986,0.9838,0.9842,4.768976827524726,4.849825165826234,4.648185108263254,4.78474210612134,0.9818,0.9862,0.9956,0.9951,32.117903079805096,32.397594008640624,24.71847317210814,32.08115463449008,0.9648,0.975,0.9973,0.9973,5.158701214134778,5.147070264771232,4.332613475446653,5.167864974118525,0.9778,0.9847,0.9833,0.9833,8.40954158387053,8.405838379863502,7.298257446876592,8.408588632977889,0.9747,0.9778,0.9812,0.982,5.552745358218242,5.420288388899245,5.303516054557663,5.57833477777057,0.9789,0.9861,0.9954,0.9954,8.285807517378664,8.20074332096536,6.585502940410718,8.30162476196261,0.9562,0.9694,0.993,0.993,0.7530668844820465,0.7486209753179653,0.6792719897371191,0.7536311867947353,0.984,0.9907,0.9993,0.9993,22.170073073910103,22.07844338694565,20.415986487796523,22.20089870993542,0.973,0.9822,0.9895,0.9895,9.37349144771817,9.319543118581704,7.789758688664572,9.38077028330255
948,0.9894,0.9922,0.9938,0.9939,5.287897852377897,5.150233616499014,5.018514777946624,5.2879643341562215,0.9844,0.9865,0.9899,0.9893,22.049067135005643,21.748595022943427,21.229498688521566,21.92920512610143,0.973,0.9795,0.9945,0.9945,4.429886913393613,4.417910602216256,3.72900603906422,4.432643239799478,0.9849,0.9909,0.9921,0.9921,10.659053327249524,10.679571945187377,9.783497690726591,10.659565681953168,0.9899,0.9925,0.9908,0.9911,7.025406418489396,7.385716822505264,6.8063911690628975,7.025281063277556,0.9711,0.9919,0.9936,0.9936,7.695699578114469,7.627240117379357,6.0236830463669975,7.701082797583711,0.9793,0.9899,0.9968,0.9968,0.8046014586233516,0.7971603739296305,0.7004744767034112,0.8026825028631794,0.9502,0.9745,0.9794,0.9795,11.755469360143096,11.773774682002148,10.383694685239,11.784032194634188,0.977,0.9848,0.9977,0.9977,21.16182390420001,21.074607520024653,17.752109736023684,21.17211691338873
949,0.9487,0.951,0.9634,0.9631,4.405521779886092,4.22305948965222,4.177095049491436,4.40584674323184,0.9805,0.99,0.991,0.9913,22.697250456757907,23.38599970240808,21.402944627951605,22.902400521535192,0.9265,0.9353,0.9747,0.974,3.553567137807592,3.5699739534305137,3.24846405327774,3.552609048084472,0.9855,0.991,0.9986,0.9986,17.977243657681107,17.945366094304735,11.5270403975378,17.970211789312486,0.9732,0.9779,0.9765,0.9767,5.418118951983326,5.569018666679439,5.242361328317807,5.426082525605005,0.9675,0.9792,0.9918,0.9918,7.381096822603562,7.299823385297422,6.270308873175406,7.39724811851086,0.9645,0.9752,0.9758,0.9752,0.635559921426617,0.6194022616974946,0.5809907049696431,0.6330465795064558,0.9828,0.9868,0.998,0.998,19.04762862312738,18.87844511522706,17.30227963905441,19.05138842533151,0.9896,0.9938,0.9961,0.9961,15.05393937241254,14.973422127556368,10.664369781471986,15.057455555191416
950,0.9879,0.9905,0.9952,0.9949,5.51783913380954,5.468418187332722,5.048601848304495,5.51388401780283,0.9831,0.996,0.9911,0.99,25.194463235882417,25.812907660332986,24.43479381293498,25.07240265478924,0.9825,0.983,0.988,0.988,3.786547189452346,3.65434241039991,3.601264445132516,3.795645790034431,0.966,0.9716,0.9719,0.972,6.696318546575811,6.673443384504287,6.379035773735307,6.721158070745017,0.9413,0.9497,0.957,0.9568,4.728378439754341,4.536015827314616,4.314051371402339,4.732877223947022,0.9575,0.9715,0.971,0.9711,5.097008009355459,5.023887189562458,4.391466060109124,5.102512635996931,0.9856,0.99,0.9911,0.991,0.7353161479314638,0.7318438044353026,0.6791051266760255,0.7342862454394685,0.984,0.9909,0.9965,0.9965,17.202692188976847,17.158812095234225,14.610714226580477,17.207197235742424,0.948,0.9564,0.9565,0.9565,3.889347186622692,3.860538114487895,3.602434390090445,3.8898348830319542
951,0.9728,0.9814,0.9823,0.9815,4.699996586926668,4.683393198986941,4.398621446043226,4.672706121835284,0.9819,0.991,0.9947,0.9945,24.86739886628425,25.13979546479184,23.53596123682056,24.969110893934594,0.9801,0.9812,0.983,0.9833,3.4839357382507434,3.4007335912527474,3.3551210586496008,3.49855124940309,0.9899,0.9932,0.9966,0.9966,15.005919404631346,14.96444718361578,11.77986353074084,15.007797180345614,0.9829,0.9918,0.9869,0.9872,5.9160896130777605,6.468153095964139,5.642170139060735,5.959947685419839,0.9752,0.99,0.9906,0.9906,7.024135892843931,6.958021839386259,6.199096880193169,7.032922531967644,0.9732,0.9876,0.9889,0.9887,0.7019184500614122,0.6973722633588322,0.6555121347044163,0.7010647516752602,0.9721,0.974,0.9998,0.9998,32.05637556631319,31.841584207671705,23.430227988314044,32.11466212495265,0.9639,0.9776,0.9787,0.9787,6.021107534324752,5.980037174711472,5.411085336432987,6.030669626872367
952,0.9711,0.9801,0.9818,0.9821,4.812249512178134,4.716937129369857,4.454771877333134,4.801005175558037,0.976,0.9821,0.9909,0.9908,22.9386775407821,23.00285558653747,21.449826350225724,23.11636633082129,0.9882,0.9938,0.997,0.997,5.131458527396426,5.126595392623342,4.143019119067244,5.119822548115849,0.9646,0.9669,0.9859,0.9861,8.833214130632308,8.795255611816877,8.490605995143822,8.836601852121273,0.9825,0.9867,0.9837,0.984,5.872338211517969,6.075034133329545,5.741313254366007,5.889928129633411,0.9632,0.967,0.986,0.986,6.431012846916864,6.338385832759144,6.132373625996944,6.445143262892814,0.9753,0.9776,0.9855,0.9855,0.689546515771024,0.6365596704893746,0.632975527394321,0.688255112355292,0.986,0.9884,0.9942,0.9944,15.716390185321018,15.587749981029647,14.90806503118077,15.759178383962228,0.9896,0.9975,0.9994,0.9994,41.94396071867884,41.74435512021074,40.09695022255317,41.94993766495454
953,0.9798,0.9814,0.9839,0.9843,4.861772450218739,4.81338655831016,4.718059748493456,4.861064103810662,0.9855,0.9911,0.9965,0.9966,24.86650889092142,25.1489779023701,22.541459246692924,24.868827785539263,0.9922,0.9966,0.9961,0.9961,4.898792306937497,4.91847454109233,4.125882813701374,4.907376788979786,0.9836,0.9922,0.9963,0.9963,14.721332570433775,14.707620156225197,11.65901042052101,14.724995374757386,0.9557,0.9571,0.9698,0.9696,5.156912899494332,4.873030802683742,4.819901372782763,5.141003221276794,0.9797,0.9832,0.9991,0.9991,12.165033169573602,12.056424083005837,8.588438037176385,12.176184056205209,0.9833,0.986,0.9985,0.9985,0.8574513220962737,0.8411416563744862,0.8001612917900305,0.8582968415739477,0.9654,0.9721,0.9757,0.9758,11.485487708418423,11.246080130098912,10.709948586390894,11.51792260981487,0.9712,0.9786,0.9919,0.9919,10.257087596616827,10.204254195403026,8.944088460050976,10.270030264290217
954,0.959,0.9664,0.9719,0.9721,4.370675609159095,4.271061093531825,4.065935129916253,4.376455299335525,0.9804,0.9826,0.9959,0.9957,25.37603683197522,24.6789269099472,23.810708256786977,25.472560693695016,0.9795,0.984,0.9906,0.9908,4.069819875112508,3.893123981868981,3.836878797281317,4.065359701637047,0.9861,0.9875,0.9889,0.989,9.519869339798513,9.37643215703146,9.17773439457183,9.550613545315336,0.9844,0.9877,0.9873,0.9873,6.012784196431801,6.087032823467972,5.777121069797818,6.037416108723427,0.9797,0.9828,0.994,0.994,7.925716086363093,7.732451515226142,7.7015969354761,7.946388725417922,0.9799,0.9889,0.9922,0.9921,0.7439458686063611,0.7344890670207603,0.7026479162481307,0.7430853103055803,0.9777,0.9823,0.9943,0.9945,15.759908367310556,15.572382298276649,14.501944770711432,15.803302174070968,0.9906,0.9968,0.9973,0.9973,19.46466890102246,19.362690316935275,17.27494131214589,19.47328856911523
955,0.9816,0.9879,0.9874,0.9872,4.9430952951293285,5.083555450084339,4.723375992432558,4.938630232567461,0.9801,0.9906,0.9918,0.9919,22.71421875302136,23.15223953759368,20.376356185787397,22.74147728985165,0.9566,0.9632,0.9699,0.9702,3.0434145396408283,2.989581358222799,2.8582628691085628,3.051258226650778,0.9758,0.9829,0.9882,0.9883,9.266164015583916,9.256420862533858,8.584150547622494,9.265922302187075,0.9753,0.9799,0.9786,0.9791,5.444287809138045,5.509992382621914,5.31001158626977,5.462849469233808,0.9721,0.9777,0.9937,0.9937,7.766991854722481,7.667534657615143,6.503832946557078,7.777039892393725,0.9611,0.963,0.9911,0.9911,0.730565914141726,0.7079194101618267,0.6908542899039859,0.7299346507374005,0.9502,0.9713,0.9792,0.9795,11.908299330269404,11.57712665890704,11.144898660249536,11.977776609006993,0.9675,0.9717,0.9996,0.9996,52.47103440171247,52.31374420871085,31.0620742798186,52.47986534348773
956,0.9524,0.9632,0.9636,0.9642,4.490668502054875,4.438625218075366,4.289567311173654,4.4910923277965,0.9593,0.9637,0.9905,0.99,25.646657501999567,25.53233445674544,23.87120063812777,25.83260316992125,0.9771,0.9817,0.9981,0.9981,5.458114494847869,5.438112512275263,4.840120160113121,5.46981016874381,0.9631,0.9672,0.994,0.994,11.890657749641464,11.828316384257716,10.818365538820704,11.903934943580849,0.967,0.9781,0.9712,0.972,5.15358444291142,5.415897394110521,4.9859776236549145,5.1771585049902775,0.9794,0.9949,0.9989,0.9989,11.789007982736065,11.721522482369643,9.400048413872062,11.802108792916735,0.9839,0.986,0.9951,0.9951,0.7763873620972706,0.7528341727878185,0.7429955376339881,0.775802231561119,0.9724,0.9756,0.982,0.982,12.329423829987542,11.587174929486835,11.52049129812453,12.362642842549011,0.9647,0.9673,0.9682,0.9682,4.733922561936415,4.640469067737574,4.579186554419039,4.740982336339021
957,0.9867,0.9902,0.9918,0.9919,5.1228656527539735,5.043671566632559,4.879229783967729,5.128100169881421,0.9482,0.9498,0.9729,0.973,18.92368237149786,16.680134353185693,16.621071327111576,18.935000333449043,0.9666,0.986,0.9973,0.9973,5.188597854859468,5.239141216027016,4.298907416075869,5.197012597792725,0.9647,0.9666,0.9922,0.9924,10.86600581356605,10.75021658979294,10.529557508444912,10.89046164252147,0.9904,0.9944,0.993,0.993,6.662620279781919,6.968156750397169,6.273051557529596,6.6527987184342,0.9592,0.9656,0.971,0.971,5.062653649312866,4.992368610158203,4.704430244732343,5.071414425249087,0.9894,0.9969,0.9994,0.9994,0.8815966701374637,0.8633655979226302,0.8536049146709433,0.8810250498448703,0.9743,0.9801,0.9792,0.9795,12.07137583528725,11.650332683008635,11.279146038992367,12.12469981011349,0.9798,0.9874,0.9979,0.9979,21.687269913794783,21.58940685935828,14.749870176120044,21.690543923807176
958,0.9568,0.9713,0.9716,0.9717,4.491785998908265,4.64837893849774,4.106885784198546,4.51207011069333,0.9465,0.9623,0.976,0.9767,21.51877593623429,21.844939581097588,19.878802574456937,21.65337007247105,0.9711,0.973,0.975,0.9753,3.1262848717244784,3.066222069083833,3.03636425626436,3.1366211183112296,0.9784,0.9881,0.9944,0.9944,12.250670759424253,12.202906529134118,9.623846168305594,12.264408837297148,0.9917,0.9958,0.9936,0.9934,7.018472393505606,7.294113683977255,6.786921657904653,6.991851004038018,0.9535,0.9623,0.9732,0.9733,5.203250315935942,5.121438522677342,4.878157787605462,5.215531295522715,0.9925,0.998,0.9987,0.9987,0.8534735602542698,0.8410093570332026,0.8156104919566826,0.8523764348818104,0.9636,0.9805,0.9882,0.9884,13.366944830254766,13.289053066117068,12.676391909079618,13.380565855072922,0.959,0.9624,0.98,0.98,6.279160810440973,6.214440716685632,5.879333421733419,6.285142205869013
959,0.9826,0.989,0.9899,0.9892,5.5507324488284056,5.813398721652545,5.125268290317333,5.572857670838088,0.9647,0.9713,0.9901,0.9905,23.82853981820656,23.862619394415727,22.09143845311776,23.9836844505445,0.9929,0.9958,0.9962,0.9962,4.9343332869128895,4.921774192800847,4.285517470811442,4.927935194697606,0.9731,0.9771,0.9951,0.9951,12.473842261308825,12.436292538270497,11.634975473436551,12.46476375065997,0.9857,0.9897,0.9872,0.987,6.022383768488593,6.227586644860391,5.886180129290185,6.017611779838022,0.9777,0.9825,0.9939,0.9939,7.883856723166277,7.780511635963522,7.0291646293570125,7.901156002656125,0.9759,0.9939,0.9953,0.9953,0.7849498355651932,0.7765718550263939,0.634188932201562,0.7823319542938358,0.9804,0.9846,0.9845,0.9851,12.415826536272638,12.309459362432492,11.906300122880078,12.485292151596225,0.9657,0.9708,0.994,0.994,12.179423658289112,12.106576157107954,10.846300716810063,12.194930845975623
960,0.9713,0.9765,0.9783,0.9789,4.579206520898341,4.523692256591261,4.385165362999109,4.592925387519305,0.9844,0.9955,0.9975,0.9978,26.24227260595187,26.708426795232395,21.591594445260867,26.49557665828776,0.9855,0.99,0.9973,0.9973,5.187884471666823,5.214299556751261,4.281881563003427,5.184293362975864,0.9587,0.9701,0.9992,0.9992,20.537797016947135,20.496060023241984,14.878794995703826,20.528681214828392,0.9817,0.9926,0.9874,0.9877,6.251847996561623,6.7678482691948245,5.977775877418901,6.269960433875475,0.9857,0.9917,0.9934,0.9934,7.67306284046034,7.585457745455034,6.820946248328984,7.678713645432512,0.9488,0.9619,0.9642,0.9641,0.5956380443713367,0.5715351294920723,0.5551992667608967,0.5946257430097092,0.9914,0.998,0.9994,0.9994,22.16309781084257,22.09642689768076,18.37501826158697,22.154847354464813,0.9872,0.9881,0.9963,0.9963,15.489707694568734,15.362473606549472,15.175651853159414,15.512328258757996
961,0.9357,0.9404,0.9613,0.9608,4.429590889551183,4.381029422947802,4.073315768914863,4.4122352321210565,0.9784,0.9829,0.9865,0.9869,21.251431694228,20.838359221816567,20.211776739777303,21.368116972973,0.9833,0.9915,0.9919,0.9921,4.131956048160145,4.154615622085658,3.4835219687770227,4.141858971902937,0.9675,0.9744,0.9758,0.976,7.073264490566895,7.083126257204496,6.734052494454058,7.077906634918258,0.937,0.9383,0.9523,0.9525,4.555192253326354,4.254224655107828,4.220518258746498,4.553668968921841,0.9677,0.979,0.994,0.994,7.88671543779431,7.801836686859308,5.84994694789328,7.897362871353145,0.9731,0.9854,0.9901,0.9901,0.7241782410486581,0.6969766258470076,0.6773033864003927,0.7223488060346641,0.9683,0.9753,0.998,0.9981,19.103468308113264,18.985828755713573,15.829546433976024,19.14785633468353,0.9687,0.9765,0.9891,0.9891,9.073711760511577,9.031209494705958,8.224985931748547,9.076134021348851
962,0.9867,0.9895,0.9884,0.9882,4.945239706584452,5.006021400935712,4.864778355447264,4.945126139563104,0.9724,0.9822,0.9839,0.9842,20.750112414809944,20.87343743554649,19.75276640405217,20.8120723107776,0.9638,0.9792,0.9973,0.9973,5.114828225475207,5.131771807150024,4.283450036566103,5.117202891678973,0.9857,0.987,0.9902,0.9902,10.0528701911296,9.989748489847564,9.759728508353632,10.07713228798658,0.9405,0.9447,0.9582,0.9578,4.708737282316837,4.42248143993341,4.3625787649003485,4.695390384413864,0.9688,0.9718,0.998,0.998,9.977695248525972,9.909092295061797,8.149016781555755,9.992776231702706,0.9798,0.992,0.9975,0.9974,0.8119987850567627,0.8044962385241712,0.7798862629227674,0.8121075705643839,0.9834,0.987,0.9933,0.9933,15.431514573792072,14.66940901658296,14.47933471510678,15.49139754466409,0.9833,0.9876,0.9923,0.9923,10.500617584355457,10.470387421502656,8.744643298675795,10.508884713028506
963,0.9525,0.9594,0.9695,0.9703,4.477552541410822,4.318953308374379,4.196833312502301,4.481187045023059,0.9813,0.993,0.9908,0.9895,22.78180355792842,23.76089644921176,21.539346302119707,22.82339841892005,0.985,0.9921,0.9947,0.9947,4.551610932510572,4.584207120470073,3.8343977597763783,4.564227016693364,0.9475,0.9619,0.9769,0.9771,7.180913965275492,7.051756147351719,6.869306052685398,7.207660927010184,0.9869,0.9883,0.9882,0.9881,6.03855167155883,6.09570510773033,5.9299652461316406,6.044629577927617,0.97,0.9719,0.9813,0.9816,5.9338533113848,5.803484283758144,5.702257423164084,5.955187783680669,0.941,0.9462,0.9834,0.983,0.659878997584832,0.634586236473344,0.6174120858754424,0.6574545451203162,0.9391,0.9565,0.9746,0.9749,11.025246155211065,10.947074141764007,10.531475650891483,11.093422093958782,0.9749,0.9832,0.9911,0.9911,9.697180780246953,9.62997520995714,7.929385480721186,9.707599334164891
964,0.988,0.9967,0.9929,0.993,5.218531693018946,5.568290435962718,4.950522803760723,5.255279341861854,0.9789,0.985,0.9853,0.9855,21.145237488608178,21.7054321442054,20.288851502581945,21.23583205234049,0.9557,0.97,0.9911,0.9912,3.9629247058282098,3.975094781107839,3.347790925645807,3.9708862323028,0.9492,0.9692,0.9873,0.9873,8.987394713987095,8.89868365877236,8.752643142409392,8.996287354093209,0.9886,0.9893,0.9907,0.9907,6.402603126393626,6.26792761408768,6.232532005419404,6.392743581477898,0.9958,0.9983,0.9986,0.9986,11.138737007467096,11.053249358109047,8.977457066932635,11.154280182447083,0.9764,0.9882,0.9911,0.9911,0.748154839554185,0.7398831210390215,0.6398689727588412,0.7475855932476958,0.9676,0.9692,0.9755,0.9755,11.409860050879404,10.869201146231363,10.867038141160329,11.426324129418822,0.9787,0.9873,0.9877,0.9878,8.27541633776688,8.235049573582955,6.119245633224322,8.286237308543615
965,0.9459,0.9606,0.966,0.966,4.390856867808077,4.497199330095694,4.034122382095615,4.384327427105957,0.9715,0.9774,0.9794,0.9797,20.17505139671402,19.58580687195584,18.802320856967004,20.1957424719941,0.9529,0.9706,0.9805,0.9805,3.303888591531133,3.3356693261762844,3.046251669072387,3.3044047097490274,0.9845,0.9893,0.9909,0.9909,10.416563453592676,10.37365744988652,9.949462351828055,10.431586735292006,0.9814,0.9838,0.9851,0.985,5.827360498772398,5.753221337585677,5.611609388432563,5.813119896583139,0.973,0.975,0.9993,0.9993,12.376958551292802,12.28711422870034,10.91448781444429,12.385491218333136,0.9415,0.9503,0.9836,0.9835,0.6584374570491187,0.6522320933926573,0.6116790915680744,0.6575078711239074,0.988,0.9898,0.9909,0.9909,14.42341849677274,14.159102507136913,13.685803933110098,14.454241041103527,0.9418,0.9511,0.9757,0.9757,5.575314715870128,5.506982848549958,5.253021877927497,5.581017411525316
966,0.9616,0.9669,0.9776,0.9774,4.542857401172675,4.254705669252766,4.14326812923308,4.53610431823919,0.9696,0.9787,0.9881,0.9883,21.761061715398085,21.20631546939836,20.25503479590721,21.85869969367781,0.9809,0.9907,0.9982,0.9982,5.538397252168497,5.559481867866963,4.819510569650632,5.531160053445804,0.9425,0.9541,0.9527,0.9529,5.284947012220549,5.290341701245905,4.793680899332513,5.2976411708264735,0.9791,0.9875,0.9845,0.9844,6.003785950691963,6.253492044413626,5.687826831169387,5.99453936862469,0.9765,0.9796,0.9918,0.9921,7.324727161013878,7.205259559935868,7.120434737205429,7.355130052257607,0.9655,0.974,0.9845,0.9842,0.6652906288124443,0.6424561494781538,0.6273610010720874,0.6639352849531934,0.9884,0.9935,0.9967,0.9968,17.842771488192817,17.568728793470292,14.880138022764257,17.89765881710508,0.9473,0.9511,0.9794,0.9795,6.147415238683169,6.083512578097375,5.727146603473836,6.158201488723828
967,0.9445,0.9526,0.9623,0.9629,4.158280229126402,3.998024299490535,3.7943311508103914,4.171263394827852,0.9657,0.9754,0.9912,0.9917,24.513475697943683,24.293713543164326,23.027134066229376,24.81528692424928,0.9848,0.9911,0.9911,0.9912,4.081565694809285,4.07695174780571,3.834772836030651,4.085281381398786,0.9901,0.9978,0.9976,0.9976,15.983310701384497,16.011783567131545,12.512753667102915,15.988126871527196,0.9652,0.9719,0.9774,0.9763,5.853412792859789,5.998411874348875,5.404409383637381,5.875146740952321,0.9584,0.9787,0.979,0.9791,5.696274782949748,5.578907107910209,5.406959345325801,5.717244274673775,0.9697,0.9772,0.99,0.9898,0.7035892413539658,0.7036278370982596,0.6563119182785249,0.7026034711638902,0.99,0.993,0.9988,0.9988,20.66862672432666,20.43622041838527,17.960868102241577,20.731301540331334,0.9436,0.9638,0.9868,0.9869,7.86692148955354,7.842984340091065,6.680635494513314,7.876289281928259
968,0.94,0.9564,0.9545,0.9531,4.015544717472686,4.071740730807418,3.756614555672371,4.002781499994966,0.9846,0.9891,0.9894,0.9896,21.974029781598126,21.87323790041831,21.22426354437521,22.040640340355445,0.9794,0.9846,0.9931,0.9931,4.253693951421153,4.246293920286234,4.02575217570376,4.25982417087826,0.9679,0.9783,0.9962,0.9961,14.334947417333172,14.344221805590983,12.71564957963528,14.32281144723361,0.9737,0.9801,0.9807,0.9806,5.876439407928384,5.9956648818324165,5.371267983992517,5.8681152495823365,0.9715,0.9762,0.9929,0.993,7.589287609646741,7.399183585806926,7.35149280320016,7.60994584242659,0.9507,0.9648,0.9642,0.964,0.5974443420077916,0.574506928405875,0.5501061390625244,0.5967072449602371,0.9932,0.9937,0.9959,0.996,16.586816512895435,16.257233041550446,15.89428857302503,16.642684056461665,0.9855,0.9915,0.9999,0.9999,140.36358500976178,139.8820845134482,75.45522149907424,140.42680311091203
969,0.9761,0.984,0.9855,0.9855,4.819556940373712,4.826828537743408,4.513048789767982,4.799341397751384,0.9615,0.9733,0.9835,0.9837,21.30153680217716,20.423909346958045,19.86497972599821,21.382805505645788,0.9875,0.9958,0.9953,0.9954,4.703494738684017,4.647651883053939,4.523896375258019,4.699629303721712,0.9756,0.9836,0.9962,0.9962,14.521208994150518,14.51721778469033,12.787904404684731,14.526540203903908,0.9543,0.9621,0.9713,0.9692,5.147437811857692,4.855803029038521,4.597815778122331,5.09734136406404,0.9491,0.9624,0.9645,0.9647,4.730856274618564,4.609774032628335,4.5080393436771535,4.759474463922673,0.9648,0.9757,0.9976,0.9975,0.8234006796491898,0.8134995556921308,0.7252610253394263,0.8210578143791782,0.9695,0.9797,0.983,0.983,12.361064569857245,12.290715220112832,11.475079228854913,12.38228417781782,0.9882,0.9916,0.9967,0.9967,16.86570958111265,16.802870530384595,12.714705508587691,16.86667982801709
970,0.9802,0.9855,0.9891,0.9891,4.995312588164204,4.8409878790754775,4.629206788999633,4.986000675513862,0.9885,0.9891,0.9931,0.9931,23.264706981823025,22.982808827616875,22.38897486541821,23.296908665765187,0.9843,0.9889,0.9933,0.9936,4.285124378269508,4.247479904982654,4.0893851699280885,4.3198834011095215,0.9655,0.9667,0.9895,0.9895,9.595651917129594,9.580477900621313,9.250299345571884,9.588466019959103,0.9441,0.9682,0.9583,0.9595,5.206542861482693,5.561685834493383,4.754763553865951,5.224972273424454,0.9561,0.9684,0.9993,0.9993,12.335231025369508,12.248439984541308,9.478077421574804,12.348402926619292,0.9921,0.9942,0.9963,0.9963,0.8019806873594022,0.7761658050714995,0.7610488081101285,0.8013193355959101,0.9643,0.9735,0.9752,0.9753,11.361368523057743,11.287805937385553,10.370758536553684,11.397308626896011,0.984,0.9899,0.9948,0.9948,12.87585824373376,12.815754367114524,9.69182899097196,12.881482654598903
971,0.9675,0.9712,0.9768,0.976,4.623299836974148,4.606855898059591,4.440981046050542,4.60807419189425,0.9656,0.967,0.9796,0.9799,20.07045427398044,19.043428159298557,18.9370206569074,20.11375952646633,0.9843,0.986,0.9995,0.9995,6.595564787500283,6.4266541989949735,6.419799774528832,6.587353314294109,0.9687,0.9809,0.9879,0.9879,9.206787093276986,9.194216341422692,7.432534703911127,9.209208616943869,0.9597,0.9666,0.9641,0.9644,4.879226647689197,4.950589474304758,4.73873270572642,4.877554913964848,0.9684,0.9731,0.9999,0.9999,14.134697634351928,14.015327090986183,11.663509716176112,14.158133418652902,0.9637,0.9689,0.996,0.9959,0.7880615526921746,0.7822254025385972,0.7257283846195223,0.7851812359371599,0.9666,0.9713,0.9765,0.9768,11.595665439511102,11.284451072739174,10.963482522436523,11.646842024038133,0.9761,0.9815,0.9853,0.9853,7.51104681977165,7.480228205771054,7.103725888683817,7.511073982839086
972,0.9827,0.9898,0.9864,0.9863,4.900334763153344,5.028791762334198,4.744020876853592,4.90003111807358,0.9517,0.9565,0.9728,0.9731,18.96761679602009,17.842212016436132,17.466706652750776,18.99624391010233,0.986,0.9926,0.9965,0.9965,4.916621214294281,4.944031662186717,4.160291931008254,4.912259522766403,0.9795,0.9875,0.998,0.998,16.730727664634937,16.540319496734302,16.292187117958914,16.79054237912564,0.9763,0.9816,0.9815,0.9814,5.594277244542137,5.617534482466802,5.369478787714732,5.607894922871598,0.9818,0.983,0.9996,0.9996,13.31766132974712,13.17824326612988,11.039080122318085,13.331175111125235,0.9785,0.9859,0.9937,0.9937,0.7546830406345547,0.7517929308722748,0.7135730561519291,0.7549685704944851,0.9663,0.9825,0.9795,0.9795,11.906683760011928,11.854150544499396,10.872552762461703,11.916031871455022,0.9897,0.9935,0.9989,0.9989,30.55694632909347,30.46247822740664,20.840669849372794,30.558078246931245
973,0.983,0.9862,0.9899,0.9895,5.100826766744971,4.836211452678189,4.733852639819654,5.078450544623886,0.9631,0.9708,0.9796,0.9802,20.00788908648486,19.503501068021517,18.27760068350834,20.155191114273634,0.9547,0.9681,0.9665,0.9683,3.043397064193534,2.969289282149802,2.7824335482922997,3.0706872562414493,0.9706,0.9867,0.9904,0.9904,10.243671668521204,10.246344000854874,9.42266170349352,10.256937131185753,0.9643,0.9716,0.9747,0.9748,5.309430872277474,5.186341109945914,4.872730659370948,5.310443236280401,0.9432,0.9475,0.9856,0.9856,6.370147330306854,6.170767558197078,6.1480618821015085,6.3750070753523085,0.9672,0.9802,0.9762,0.9761,0.6300235252537856,0.6258849867362938,0.5862849275916767,0.6286185836782481,0.9766,0.9866,0.9898,0.9898,13.874574229475254,13.692533037674004,13.24410448368017,13.945834727842035,0.964,0.9679,0.9847,0.9847,7.264565447321866,7.2234621699364,6.665177451030844,7.26989686054775
974,0.9806,0.9893,0.9856,0.9855,4.827586112645985,5.005730602344409,4.635732590823998,4.814197410572261,0.9439,0.9526,0.9736,0.9734,19.310683801289542,18.546764807185557,17.651597489821363,19.34447318985398,0.9938,0.9961,0.9962,0.9962,4.907619160361749,4.920835332445992,4.476013389463167,4.909527281335371,0.9859,0.9923,0.9933,0.9934,11.454888655711407,11.435517634815248,9.118731101408896,11.469959494523016,0.9752,0.9798,0.9795,0.9792,5.489455160541255,5.486515360990311,5.3064474148304015,5.479409174854678,0.9741,0.98,0.9926,0.9926,7.517904249206948,7.412169238431317,6.931871790136858,7.526205695173841,0.9762,0.9882,0.9946,0.9946,0.7677125605823154,0.7547937323911535,0.7324779462400031,0.7676687626388895,0.9588,0.9664,0.9661,0.9666,10.355117786701989,10.052653002550448,9.872731754623151,10.395240899001228,0.9747,0.9888,0.9898,0.9898,9.39409788618852,9.365535701030815,6.3109608114794105,9.392942340045565
975,0.9739,0.9812,0.9821,0.9827,4.689985056215857,4.660835155755915,4.443299728908169,4.705801827899235,0.9763,0.9837,0.9879,0.9873,21.593635945786342,21.039064680735205,20.208678777921055,21.506710708191456,0.975,0.9936,0.9945,0.9945,4.404576235204183,4.481829922430687,3.567661863530916,4.408071197302717,0.9799,0.9844,0.994,0.994,12.032486136330364,12.024801636237486,10.606678346366731,12.022663475475971,0.9732,0.9793,0.9769,0.9771,5.543776810763119,5.765506813813866,5.341942683381104,5.540728472034857,0.9875,0.9978,0.9979,0.9979,9.979065267318136,9.892893767724324,7.709047922179295,9.986655873265152,0.9525,0.9574,0.9862,0.9856,0.6820069646333764,0.6371967861759921,0.6325620160624967,0.6785777455330451,0.9413,0.9752,0.9782,0.9784,11.705776156937532,11.236058348346829,11.036238659222777,11.72786216735094,0.994,0.9963,0.9993,0.9993,38.42073153553291,38.28464836407004,21.588826341433315,38.43934633119888
976,0.9865,0.9892,0.992,0.9919,5.336925443919279,5.174210826767487,5.05339311158728,5.326849437533364,0.9738,0.9757,0.988,0.9874,22.13186225504463,21.287947046833544,20.83723148828088,22.107951588295343,0.9751,0.9755,0.9921,0.9921,4.098043267148707,3.9462239022057446,3.944726915407863,4.098722051857835,0.9715,0.9776,0.9801,0.9801,7.749619641523244,7.735164645347456,7.020049845413184,7.755692508442242,0.9552,0.9644,0.9646,0.9649,4.970595748735057,5.039566824693088,4.732166500166686,4.964944345968838,0.9826,0.9851,0.9985,0.9986,11.14739917306336,11.014764618202223,9.803473420468,11.161033673815886,0.9594,0.9628,0.9949,0.9948,0.77297644210309,0.7331122172658271,0.7281232244868641,0.7723999504233812,0.9749,0.9804,0.9846,0.9851,12.6714952163308,12.413280664365296,11.81733458481093,12.737809161173464,0.9665,0.9754,0.9869,0.9869,7.904938073390112,7.888721991374355,6.0251960749833495,7.907250382678317
977,0.97,0.9784,0.9798,0.9796,4.657734232153781,4.653919866140472,4.335019873588374,4.640367285297408,0.9745,0.9755,0.9967,0.9962,33.966951250296496,34.144886300397204,27.78684300902418,33.899434405996935,0.9805,0.983,0.9973,0.9973,5.139091212081499,5.138590326670913,4.678867175742262,5.152017985116931,0.9551,0.9649,0.9928,0.9928,11.020998503440026,10.980185962345272,9.223057864976642,11.026055859393924,0.9824,0.9836,0.9851,0.9852,6.345728582397199,6.485576010835215,6.170978960364601,6.3729164893294765,0.9976,0.9991,0.9996,0.9996,13.32348435313262,13.178622760239016,10.25582160051772,13.331982817548225,0.9728,0.977,0.9799,0.9799,0.653405155659369,0.6240228103209298,0.6141770893648097,0.6515279688560753,0.9751,0.9763,0.998,0.998,18.8522956244218,18.63579343034404,17.960253470982106,18.877346891194225,0.9698,0.9755,0.9967,0.9967,16.80138089291621,16.719483259656972,11.471248387880816,16.807271011311155
978,0.9858,0.9905,0.9885,0.9889,4.961332735310094,5.057585595175162,4.8363168628258695,4.97106320732652,0.9729,0.9851,0.9792,0.9801,20.038298931851507,21.289404363654064,18.860891456809306,20.19578796062053,0.9593,0.9665,0.9895,0.9897,3.8318074300359934,3.849854453562618,3.3301458646292,3.84366864123776,0.9825,0.9898,0.9944,0.9944,12.283546930694069,12.191477511353424,11.9049390006005,12.319254908459438,0.964,0.9676,0.9682,0.9683,5.050821983445662,5.023422879411678,4.923233204870407,5.039857740102399,0.9783,0.9948,0.9974,0.9974,9.47909182475042,9.379077013740597,9.07138628242177,9.493916282923196,0.968,0.9696,0.9841,0.984,0.6690772275674814,0.6406387268561241,0.6327801698818951,0.6694912476773427,0.9803,0.9809,0.9912,0.9913,14.539192690548589,14.134448029231375,13.915885541329212,14.57058649880546,0.9667,0.9705,0.9887,0.9887,8.734596834365133,8.682293776935893,7.5193883890794115,8.741462017631802
979,0.978,0.9849,0.9877,0.9878,4.97601011495417,4.837641152722152,4.62554973361997,4.9766678119838375,0.9597,0.9736,0.9708,0.9704,18.92229764739165,19.621676482611026,17.978679892588072,18.994087589283065,0.9718,0.9771,0.9976,0.9976,5.316286546544475,5.284057562596854,4.1943690938683496,5.321220447834581,0.9647,0.9713,0.9908,0.9908,10.194168340060038,10.20440069659445,9.429694533832018,10.196673656293065,0.983,0.9889,0.9874,0.9879,5.980674799945724,6.171821675976714,5.719880347910261,6.0416161511363775,0.9742,0.986,0.9918,0.9918,7.333747250366983,7.258356516537697,6.586975587240675,7.34646836866471,0.9744,0.98,0.9787,0.9783,0.6483215670259934,0.6206344485294655,0.6051776667863344,0.6467138297470922,0.9778,0.9818,0.982,0.9821,12.135597594929774,11.887406273983544,11.62329271084204,12.174748106325923,0.9524,0.9892,0.9988,0.9989,30.574044396922524,30.460029896570752,23.173073343443374,30.58168971930498
980,0.9619,0.9661,0.9715,0.9716,4.466967110161457,4.34136003775401,4.265098702264291,4.471355675628651,0.9464,0.9483,0.9674,0.9679,18.586763164196537,17.59857976415497,17.52838592146083,18.64564409777652,0.9856,0.9959,0.996,0.9961,4.773985357097873,4.822061697497722,3.9053139607664655,4.78011837216249,0.9786,0.9811,0.9898,0.9899,9.9124518991757,9.86423392365622,9.299167762056278,9.926806789803978,0.9458,0.9516,0.9582,0.9586,4.701587663262731,4.543136398549789,4.432372173386661,4.710883745899213,0.9741,0.9905,0.9961,0.9961,8.65457632925338,8.544265509300669,7.987995086476087,8.662265849214311,0.9323,0.9421,0.9479,0.9468,0.5626845732329151,0.5191414290305352,0.5100559610638069,0.5606495386396981,0.9748,0.984,0.9829,0.9832,12.436833518807047,12.254258875320067,11.41499456272652,12.517875989743054,0.9689,0.984,0.9949,0.9949,12.950106943965745,12.8935872105135,10.032301363699068,12.957035747023728
981,0.9826,0.9919,0.9896,0.9894,5.103489721515261,5.231986401892806,4.852359640218236,5.084977283926186,0.9623,0.9696,0.977,0.9775,19.584536243776174,19.255524939672185,18.111876950026065,19.64703899964105,0.9815,0.9879,0.9989,0.9989,6.032745126072914,6.044889700307135,4.902683819855451,6.029752438347976,0.981,0.9887,0.9948,0.9948,12.420266400261518,12.410604500636316,10.605450221706365,12.415259409799416,0.954,0.9594,0.9608,0.9603,4.874022155825075,4.882199037755635,4.676254108118497,4.843147000498636,0.9834,0.9895,0.9937,0.9937,7.764392130208189,7.667873207627531,6.504180267925073,7.773074593109465,0.9534,0.9559,0.9862,0.9857,0.6827608943379386,0.6496409880009211,0.639664270870866,0.6802560426339306,0.959,0.9609,0.9835,0.9837,12.433522173481546,12.000393274633762,11.867646964394469,12.462177306262388,0.9537,0.964,0.9964,0.9964,15.70532833324432,15.641660199149634,13.050224109147855,15.717341326242147
982,0.9715,0.9754,0.975,0.975,4.469035164970864,4.480069892032184,4.36286780575845,4.474558392217197,0.9888,0.9925,0.9957,0.9958,24.49207697396468,24.073478678046545,23.471599996077792,24.53040227820937,0.9732,0.9773,0.9871,0.9872,3.656207108499354,3.5280606381115582,3.462331684756795,3.6549276528852186,0.9771,0.9831,0.9885,0.9888,9.289231500780676,9.23177425465902,9.07344670255394,9.307298189895052,0.9875,0.9929,0.99,0.99,6.270283944327101,6.679474251939197,6.041426351072589,6.2723396532830815,0.9791,0.9793,0.9845,0.9845,6.193271562538524,5.953077251056125,5.944178087567003,6.195691707231905,0.9854,0.9902,0.9904,0.9904,0.7394278001407155,0.723766306237382,0.6818487661002367,0.738841211428134,0.9843,0.9865,0.9951,0.9951,16.129072952739175,16.017782465245144,15.008938915321275,16.12762373230915,0.9899,0.997,0.9987,0.9987,25.40870295651381,25.315453215917348,18.96847632269092,25.409140626979283
983,0.973,0.9863,0.9821,0.9809,5.231303725087988,5.527546039247124,4.631410406039647,5.22601684845211,0.9548,0.9616,0.9786,0.9791,20.105866389592,19.74279138236827,18.552039760369585,20.2157651218322,0.9748,0.9795,0.9806,0.9812,3.3436711813861137,3.3288640145044246,3.2024375183874483,3.36541177932622,0.9829,0.9907,0.9899,0.9899,10.022270373395784,10.069872470519002,8.9590290807174,10.01378888285377,0.9873,0.9911,0.9902,0.9902,6.4787584968562,6.756355203976324,5.958893792802753,6.49943147102273,0.969,0.985,0.9907,0.9907,7.12969796784499,7.025318523332151,6.784767433197328,7.142475276888535,0.936,0.9516,0.9937,0.9937,0.7525314189561627,0.7491934325334257,0.6874537711448356,0.75075373490801,0.9513,0.9635,0.9687,0.9689,10.562180358583356,10.239251852816878,10.084693363278276,10.58380563768096,0.9846,0.9885,0.9899,0.9899,9.491449934497524,9.435219194912092,8.182023846722851,9.497242819429278
984,0.9419,0.9579,0.9565,0.9575,4.302332932785829,4.486406792661375,3.978182493420042,4.314592210314411,0.9573,0.9615,0.9634,0.9635,17.956823112137194,17.58016668922513,17.26758647119344,17.95978849428371,0.9728,0.9758,0.9833,0.9834,3.476925084537992,3.340182889120725,3.305413025054251,3.4782869560571736,0.9768,0.9865,0.9938,0.9938,11.845208211047725,11.853962026887745,10.926271863207,11.839247645591628,0.944,0.9492,0.964,0.9626,5.387690368318684,5.131974409772982,5.044526167361664,5.370317712052213,0.983,0.9918,0.9915,0.9915,7.208436192829024,7.151283989419461,6.404387022759287,7.220882154100666,0.984,0.9888,0.9942,0.9937,0.7653074647665898,0.7319311315622538,0.7215899090908342,0.762358686684893,0.9246,0.9357,0.9392,0.9397,8.721529283416485,8.450631627184677,8.196498925764198,8.75669678658086,0.9755,0.9882,0.9899,0.9899,9.425974605406932,9.395109154295922,6.883980796193885,9.426207369925422
985,0.9808,0.9938,0.989,0.9884,5.016207024563508,5.335010166430372,4.649187643474379,5.006210351853345,0.987,0.9919,0.9953,0.9954,24.218682550850133,24.750496657160596,22.53688457505056,24.269965557408916,0.9753,0.9888,0.9976,0.9976,5.247317781488467,5.323956804577381,4.295463070980665,5.242657449751259,0.9909,0.9941,0.9982,0.9982,17.24813244105927,16.953927887584676,16.807943580627885,17.257034437639863,0.9903,0.9971,0.9953,0.9951,7.077392140765005,7.608749161533677,6.39261681067536,7.079299599712515,0.9845,0.9926,0.9932,0.9934,7.7037161720048815,7.585461646660564,6.763390978626964,7.726796282242966,0.9625,0.9707,0.9905,0.9904,0.7375739532646397,0.7155062489252182,0.6779334190786761,0.7363714220182866,0.9742,0.9782,0.9932,0.9933,15.09464815724176,14.709556568928337,14.340378849881636,15.181218023218268,0.949,0.9633,0.9706,0.9707,4.963874219378078,4.91609608591017,4.46829685578847,4.973197600713168
986,0.9852,0.9881,0.9859,0.9865,5.091969499134461,5.302720382956862,5.026870439303915,5.114300132138096,0.974,0.9781,0.9791,0.9792,20.126485826045453,19.938848386550355,18.993742992194257,20.16292979322237,0.9862,0.9887,0.9885,0.9888,3.909320429467671,3.843251013215714,3.6540510336046337,3.929787436539895,0.9867,0.9906,0.994,0.994,11.905886796488518,11.94955096043857,10.765026262784746,11.90810468013354,0.9782,0.9822,0.9851,0.9851,5.804657940193723,5.597148150644906,5.412503632502132,5.798897762831718,0.9765,0.99,0.9925,0.9926,7.50440600741252,7.412389799491468,6.466672588715448,7.517703994357317,0.9838,0.9866,0.9885,0.9883,0.7040896175227783,0.6878379517570117,0.6611793516086681,0.7026618601796418,0.9675,0.9725,0.9778,0.9784,11.811595967439782,11.480044794369713,11.123710372453605,11.874896158488244,0.9867,0.9892,0.9979,0.9979,21.706648259870796,21.6128646447244,15.82831737064799,21.71310188210128
987,0.9855,0.9914,0.9896,0.9897,5.059450284194466,5.132130805184706,4.8477294798411545,5.066259913070223,0.9741,0.986,0.9865,0.9863,22.062099156573687,22.737385671876424,21.06944254858504,22.145610342313148,0.9753,0.9809,0.9893,0.9895,3.8734420476064377,3.810366778601791,3.714162302699922,3.876791014794895,0.9719,0.9741,0.9727,0.973,6.844997420305397,6.734496163304595,6.563508732510485,6.857454986380882,0.9696,0.9726,0.9743,0.9747,5.323476150293258,5.21009737680631,5.065156980093112,5.341953794683957,0.9835,0.9866,0.9945,0.9947,8.036248693859802,7.9579533430864355,7.236071429468749,8.050889475245908,0.9709,0.9733,0.9901,0.9901,0.7241616317182029,0.7038718726256328,0.6725248770049704,0.7226602254698465,0.976,0.9767,0.9788,0.9788,12.028495085598877,11.33191711292378,11.286638823899604,12.03971274641088,0.9639,0.9738,0.9979,0.9979,21.657371150889805,21.582883451819946,17.91175726393435,21.66096523213078
988,0.9589,0.9732,0.9651,0.9659,4.228162537771688,4.43371103877381,4.062046581490771,4.242214913339452,0.9763,0.9832,0.9939,0.9932,24.45215480123653,24.75486317537983,21.42608024942567,24.429164786726894,0.9913,0.9926,0.9984,0.9984,5.754277584537753,5.715935812554217,5.487436255653499,5.752439237944561,0.9667,0.9781,0.9971,0.9971,15.401471033547743,15.346951878960276,15.108039219252108,15.433951575881965,0.9708,0.9823,0.9784,0.9789,5.632772384424165,5.931836842096814,5.121265748493418,5.656516003252412,0.9845,0.9904,0.9979,0.9979,10.012219724960262,9.909919699921426,8.25524519658497,10.022864281883963,0.9785,0.9867,0.9876,0.9873,0.7042493987466061,0.671798571200025,0.642707859525051,0.701196055861565,0.9584,0.9604,0.9669,0.9669,10.663658097944298,9.992659118839503,9.979465475023597,10.654613286244,0.9796,0.9875,0.9923,0.9923,10.423178981046616,10.412527494397162,8.460146310410634,10.42889624442318
989,0.9749,0.9785,0.9825,0.9821,4.76199297043947,4.630605960373766,4.471953795954796,4.741194362163572,0.9838,0.9906,0.9936,0.994,23.511146318645512,23.575596940860542,21.772982712444485,23.87057267011816,0.9903,0.9957,0.9962,0.9962,4.859373178973124,4.897851451820023,4.299029399842357,4.862183637365288,0.9789,0.9876,0.9987,0.9987,17.955094462507205,17.97526371529864,13.266634920138422,17.961108749482893,0.9739,0.9751,0.9774,0.9772,5.538248984663573,5.4506177696892575,5.35922456703131,5.524775867739283,0.9823,0.9868,0.989,0.989,6.7957444615556994,6.711196056455438,6.271417645881503,6.812540446898162,0.977,0.9801,0.9947,0.9946,0.7757007693418674,0.7621625395756813,0.7301983335344289,0.7752376904451963,0.9597,0.9696,0.982,0.982,12.112650110613425,12.02069818839507,11.294625835671049,12.140308606526853,0.9749,0.9764,0.9828,0.9828,6.649196466257977,6.505629450635518,6.48233031647481,6.651983847793499
990,0.9741,0.9761,0.9855,0.9854,4.855862369001594,4.56162333139393,4.488808663871632,4.858429449262951,0.9761,0.9823,0.9916,0.992,23.259865349762645,23.392630576380693,20.986249181719607,23.34549221681329,0.9879,0.9908,0.9973,0.9973,5.122390319342856,5.176742797942745,4.708892728632127,5.126922679051564,0.9439,0.9532,0.9728,0.9733,6.717344935333083,6.716619748372116,6.478963693820601,6.740788357881687,0.9712,0.9832,0.9788,0.9801,5.462715099270466,5.644164979687631,5.152123093221924,5.498663093304415,0.9608,0.9688,0.9947,0.9947,8.060103596752713,7.968899302909279,6.621370948136634,8.068813076309107,0.9818,0.9912,0.9904,0.9903,0.7291855407314827,0.724539647773796,0.6545855578121198,0.7278352353131543,0.9885,0.9932,0.9988,0.9988,20.540939531607965,20.43632300735492,17.776192481431963,20.56045163286434,0.9769,0.985,0.9924,0.9925,10.582280213076867,10.532806539262443,9.079401094989342,10.588302449582676
991,0.9813,0.9853,0.9852,0.9856,5.050878759154502,5.2515555861250185,4.884520449879237,5.062986737708368,0.9719,0.984,0.993,0.993,23.07019450121634,22.89771499392023,19.523273162327555,23.25594049084516,0.9843,0.9887,0.9917,0.9918,4.101663066111676,4.147801724099748,3.82432033335593,4.112463729953556,0.9838,0.9856,0.9854,0.9855,8.756426074525178,8.699211395323363,8.474065224874217,8.786739252713602,0.9743,0.977,0.9777,0.978,5.673309137105898,5.663477875573348,5.487643269934928,5.67983944955684,0.9898,0.992,0.9962,0.9963,8.73656304171948,8.479886193997794,8.472821658243747,8.747237999963923,0.9546,0.9552,0.9874,0.9873,0.6862478273475208,0.6531403623779732,0.6501713315249051,0.6850291643516981,0.9668,0.9803,0.9845,0.9847,12.55722340165082,12.413258530615272,11.497796477238117,12.561447895509309,0.9904,0.9969,0.9973,0.9973,19.43189128318343,19.36269112936134,14.639677803417005,19.429878309854065
992,0.9795,0.9826,0.985,0.9846,4.800266094175944,4.736534218726403,4.600912393279812,4.790390030775398,0.9729,0.9812,0.9774,0.9783,19.85366906603077,20.63893413381773,18.933594373581297,19.939796367683392,0.9697,0.9722,0.9942,0.9942,4.405514903252137,4.184536778274466,4.080258859595372,4.412165084901072,0.9809,0.9895,0.9909,0.9909,10.42170334927147,10.436871363545029,9.361799789895557,10.414949224563818,0.9861,0.9905,0.9882,0.9884,6.067965965603969,6.348055964854223,5.890647389541801,6.07041505679209,0.9915,0.9928,0.9993,0.9993,12.43250925898434,12.287838550250912,11.503269972969203,12.458739578338571,0.967,0.9765,0.9834,0.9833,0.6664723792259304,0.6561790020192692,0.6083783594388434,0.6660886272791852,0.9827,0.9927,0.9941,0.9941,15.639908650180736,15.55087405634914,14.198125453160008,15.63756527571968,0.9815,0.9884,0.9899,0.9899,9.40346533650379,9.374338431133678,7.831278547223109,9.409197604611476
993,0.9731,0.9788,0.982,0.9818,4.692084972245077,4.583600601347584,4.405178199678554,4.684619474826761,0.9615,0.9632,0.9732,0.9742,19.27057216572837,17.86070778290053,17.65786565218686,19.39373705096375,0.9832,0.9908,0.9945,0.9945,4.386977734565685,4.428669446156519,3.916499234363973,4.380507094320421,0.9506,0.9617,0.9797,0.9798,7.579768126257551,7.56285086579932,6.236559844509161,7.58469324390681,0.9883,0.9935,0.9903,0.9903,6.720585663224847,7.242683645070397,6.540487504711912,6.763597822912441,0.9866,0.9899,0.9974,0.9974,9.471722251190062,9.379026130897152,8.709551333863732,9.485198495855606,0.956,0.9601,0.9688,0.9682,0.6094631863125506,0.5712003694406278,0.5687106999137512,0.6069444010176426,0.9745,0.9761,0.9933,0.9933,15.138757912335723,14.835034174756688,14.491925607730243,15.208527991840963,0.9618,0.9646,0.9965,0.9965,16.21145862045197,16.095720938991303,14.848521244926442,16.224569704434497
994,0.9865,0.9893,0.9904,0.9909,5.092666449152169,5.039713311655628,4.938399901615595,5.104047897764724,0.977,0.9866,0.9877,0.9877,21.702213945818293,21.84744908220493,19.871703020487303,21.676117203620176,0.992,0.9948,0.9965,0.9965,4.994034548148559,4.967118485148064,4.767718234346262,5.009055958153681,0.9859,0.9924,0.9958,0.9958,13.589270122928069,13.606334383570635,10.504494795817925,13.580734966530477,0.9704,0.9801,0.9769,0.9772,5.635906836390242,5.904874509732215,5.219243747410663,5.664659392212769,0.9761,0.9887,0.9949,0.9949,8.070831301550541,7.986747837398836,6.758129560828319,8.078183883658383,0.9697,0.9832,0.9973,0.9972,0.8202002099708847,0.7774265091353262,0.767920069272997,0.8181900067346634,0.9938,0.9987,0.9988,0.9988,20.669906605539403,20.49788966162905,18.910114151098504,20.692858808552536,0.9518,0.963,0.9769,0.9769,5.675232426520315,5.581985320023521,5.5020407452418105,5.691901017567069
995,0.9922,0.9936,0.9938,0.994,5.313457604572757,5.296593858706032,5.159963784868658,5.320541510059055,0.9744,0.9885,0.9932,0.9931,26.573091637295864,27.17853632030724,23.87129595108289,26.67972946373309,0.9758,0.9832,0.9834,0.9834,3.522477635409715,3.4501821178047725,3.335619684634506,3.5166161068765223,0.9794,0.9819,0.996,0.996,14.18589095503671,14.114099037010432,12.431952036059888,14.191028560790947,0.9728,0.9803,0.9758,0.9756,5.347664917176759,5.525240496417855,5.245408072437916,5.328710196819312,0.9236,0.9414,0.9575,0.9577,4.4155221001677925,4.332810368197015,3.826241665413191,4.434395361284019,0.9748,0.9871,0.9834,0.9833,0.6744659223202221,0.661863976393389,0.6179170457893255,0.6719794160694641,0.9712,0.9849,0.9904,0.9904,13.964065795441243,13.902708504948938,12.633917833608072,13.994799848472532,0.9743,0.9782,0.9891,0.9891,9.07245990794199,9.032304100705067,7.741379897743565,9.075310545067454
996,0.9761,0.9851,0.9851,0.9858,4.79969002900138,4.799590520180242,4.499841663766564,4.828075365959116,0.987,0.9982,0.9963,0.996,28.555416458808523,29.902103436560964,25.448457332806733,28.681146753567955,0.9758,0.9822,0.9889,0.9892,3.868415146136586,3.8637825080780983,3.6337415498406407,3.899098565090753,0.9855,0.994,0.9955,0.9955,13.188316184364536,13.257742388174092,10.09493262556075,13.187804905837313,0.9562,0.9706,0.9608,0.9603,4.905342070751836,5.143995142888725,4.798286223705414,4.889668220479215,0.984,0.9914,0.9932,0.9934,7.607036005137557,7.529394893696863,6.885029878748486,7.620049989631637,0.9778,0.9867,0.9915,0.9912,0.7367879145533538,0.7305637718853364,0.6428706604889469,0.7352253540810938,0.9688,0.9768,0.9792,0.9793,11.959429413085283,11.532967601133056,11.30269047342808,11.976904319092274,0.9795,0.9816,0.9967,0.9967,16.88003314273223,16.797793768089445,14.08313727565782,16.888024498437993
997,0.9887,0.9913,0.9913,0.9907,5.157389693642006,5.210887723656009,5.003965421406729,5.155005662064003,0.9708,0.9792,0.9863,0.9869,21.207548358307,20.94635919296599,19.558787924501026,21.322195171468216,0.9687,0.9785,0.9806,0.9813,3.373439185809989,3.3726760063481787,3.1359431444585306,3.4036260946134544,0.9686,0.9759,0.9895,0.9895,9.64970442916298,9.60801902436066,8.237278124719865,9.649651927939424,0.9504,0.9619,0.9631,0.9635,4.84951007607171,4.816630954101359,4.562122144624745,4.8406698635467205,0.984,0.9958,0.996,0.996,8.588899406289073,8.465075773371927,7.455046720330263,8.603612281575437,0.9595,0.9658,0.9833,0.9827,0.6623018296703393,0.627272798446159,0.6180637163061996,0.660497745598847,0.9803,0.9869,0.9939,0.9939,15.56076350421052,15.415016948306262,13.52679363148457,15.57601129476002,0.9362,0.9453,0.9895,0.9895,9.35211820584282,9.301505124596115,8.435928161827984,9.35403425120885
998,0.9498,0.9559,0.9647,0.9641,4.228410387194673,4.043694734411674,3.8962264998398384,4.207499924181239,0.9712,0.9727,0.9925,0.9924,26.02558615511962,25.796196123629592,24.20195354323604,26.007151630518724,0.9691,0.9741,0.9773,0.9774,3.247071566772065,3.1449819105864707,3.061096481262259,3.241196060321976,0.9328,0.9425,0.9794,0.9797,7.565800290439892,7.520641217572663,7.248048733179765,7.577653583655186,0.9698,0.9792,0.9754,0.9764,5.429511347368368,5.70574948772386,5.217746176580128,5.485669711669297,0.9827,0.9872,0.9864,0.9864,6.498878958068405,6.420016438247544,5.879745347210005,6.506027943898279,0.9474,0.9586,0.9678,0.9671,0.6022586721261196,0.5765790992020683,0.5568834178365893,0.5998440911197532,0.974,0.9907,0.9972,0.9973,17.93480287013155,17.59146791216124,17.236670139575676,17.98876345805301,0.973,0.9807,0.9887,0.9887,8.743508108449909,8.687121476741552,7.469123672160496,8.746778920980345
999,0.9477,0.9652,0.9581,0.9561,4.154168438329341,4.270890161113449,4.002487443519126,4.13277851472874,0.9751,0.9778,0.988,0.9882,21.601408978493087,20.92806343488232,20.47818490527184,21.6787055928222,0.9768,0.9852,0.9938,0.9939,4.394215526038487,4.365174985765595,3.620251628942032,4.398373138835094,0.9547,0.964,0.9749,0.9749,6.947613297755163,6.807922842657884,6.67515174756892,6.952776138495317,0.9841,0.9869,0.989,0.9894,6.163480032562848,6.007185330922295,5.789419631835601,6.1785857959055885,0.9517,0.9554,0.9623,0.9624,4.634456149695594,4.428482398047229,4.413216375850821,4.643187136578702,0.9602,0.9676,0.9714,0.9712,0.61967015664728,0.5859875138357491,0.5747240937556006,0.6180483356007334,0.9773,0.9835,0.9988,0.9988,20.47822270364748,20.38537284616937,17.39399558882594,20.489609564284148,0.9633,0.97,0.999,0.999,31.977654175253008,31.853470207850712,22.01718275008284,31.977553728055597
